objective_value,dual_bounds,solution,time,termination,time_limit,thermo_feasible,iter
0.0,"Any[0.0, 0.0, 0.0, 0.0, 0.0, 0.0, 0.0, 0.0, 0.0, 0.0, 0.0, 0.0, 0.0, 0.0, 0.0, 0.0, 0.0, 0.0, 0.0, 0.0, 0.0, 0.0, 0.0, 0.0, 0.0, 0.0, 0.0, 0.0, 0.0, 0.0, 0.0, 0.0, 0.0, 0.0, 0.0, 0.0, 0.0, 0.0, 0.0, 0.0, 0.0, 0.0, 0.0, 0.0, 0.0, 0.0, 0.0, 0.0, 0.0, 0.0, 0.0, 0.0, 0.0, 0.0, 0.0, 0.0, 0.0, 0.0, 0.0, 0.0, 0.0, 0.0, 0.0, 0.0, 0.0, 0.0, 0.0, 0.0, 0.0, 0.0, 0.0, 0.0, 0.0, 0.0, 0.0, 0.0, 0.0, 0.0, 0.0, 0.0, 0.0, 0.0, 0.0, 0.0, 0.0, 0.0, 0.0, 0.0, 0.0, 0.0, 0.0, 0.0, 0.0, 0.0, 0.0, 0.0, 0.0, 0.0, 0.0, 0.0, 0.0, 0.0, 0.0, 0.0, 0.0, 0.0, 0.0, 0.0, 0.0, 0.0, 0.0, 0.0, 0.0, 0.0, 0.0, 0.0, 0.0, 0.0, 0.0, 0.0, 0.0, 0.0, 0.0, 0.0, 0.0, 0.0, 0.0, 0.0, 0.0, 0.0, 0.0, 0.0, 0.0, 0.0, 0.0, 0.0, 0.0, 0.0, 0.0, 0.0, 0.0, 0.0, 0.0, 0.0, 0.0, 0.0, 0.0, 0.0, 0.0, 0.0, 0.0, 0.0, 0.0, 0.0, 0.0, 0.0, 0.0, 0.0, 0.0, 0.0, 0.0, 0.0, 0.0, 0.0, 0.0, 0.0, 0.0, 0.0, 0.0, 0.0, 0.0, 0.0, 0.0, 0.0, 0.0, 0.0, 0.0, 0.0, 0.0, 0.0, 0.0, 0.0, 0.0, 0.0, 0.0, 0.0, 0.0, 0.0, 0.0, 0.0, 0.0, 0.0, 0.0, 0.0, 0.0, 0.0, 0.0]","[9.07409, 6.23473, 8.61038, -18.24315, 1.28722, 0.0, -0.0, -17.49592, 1.83745, -0.0, -0.0, -0.0, 7.42108, 6.52865, 6.52865, 8.39, 0.0, -0.0, 0.18445, 0.18445, 5.98976, 26.19781, 0.0, 0.0, 0.49948, -0.0, -8.55045, 0.49912, 6.52865, -0.7881, 0.0, 28.17047, -0.0, 17.49592, 5.98976, -0.0, 0.0, -5.98976, 0.33972, 0.0, 0.33972, 0.1594, 9.07409, 0.0, 0.0, 0.0, 8.55045, 0.0, 6.23473, -0.0, -0.0, -10.0, 0.0, 0.0, 28.23389, 18.17865, 0.0, 0.0, -2.72359, -14.08523, -1.83745, 0.0, 5.98976, 9.07409, 0.0, 0.0, -6.23473, 0.0, 0.0, 0.0, 0.0, 1.28722, 18.24315, 10.0, 2.72359, -0.0, 0.0, 0.0, 2.59587, -0.0, 1.28722, -18.17865, 6.52865, 0.0, -0.0, 0.0, -0.0, -0.0, 0.0, 0.0, 28.17047, 0.0, 2.72359, 14.08523, 2.16589, 1.0, 1.0, 1.0, 0.0, 1.0, 1.0, 1.0, 0.0, 1.0, 1.0, 1.0, 1.0, 1.0, 1.0, 1.0, 1.0, 1.0, 1.0, 1.0, 1.0, 1.0, 1.0, 1.0, 1.0, 1.0, 1.0, 0.0, 1.0, 1.0, 0.0, 1.0, 1.0, 1.0, 1.0, 1.0, 1.0, 1.0, 0.0, 1.0, 1.0, 1.0, 1.0, 1.0, 1.0, 1.0, 1.0, 0.0, 0.0, 1.0, 1.0, 1.0, 1.0, 1.0, 1.0, 1.0, 1.0, 1.0, 1.0, 1.0, 1.0, 1.0, 0.0, 1.0, 1.0, 1.0, 1.0, 1.0, 0.0, 1.0, 1.0, 1.0, 1.0, 1.0, 1.0, 1.0]",16.941380977630615,OPTIMAL,600,true,197
