{"objective_value":0.7596130044451352,"time_limit":1800,"thermo_feasible":true,"dual_bound":0.7596130044451352,"solution":[0.0,10.554301000424429,0.0,0.0,0.0,0.0,0.0,10.211740447670874,21.071710333357448,0.0,1.4136404135458172,0.0,0.0,0.0,0.0,0.0,0.0,0.0,19.935329278707524,0.0,0.0,0.0,0.0,0.0,0.0,0.0,2.794388359452329,0.0,0.0,0.0,0.0,0.0,0.0,0.0,0.0,11.546011335014564,0.0,0.0,0.0,0.0,0.0,2.1767470255379795,0.0,0.0,0.8195464704958564,0.0,0.0,0.0,0.8195464704958564,0.0,8.39,0.0,-11.546011335014564,0.0,-0.0,0.0,0.0,0.0,0.0,0.0,26.37010055771845,0.0,0.0,11.546011335014564,0.0,0.0,5.583165615434133,0.7596130044451352,-0.0,15.26887528207359,0.0,0.0,0.0,0.396417114768715,0.0,0.8195464704958564,1.0172232987771022,0.0,0.0,0.0,0.0,28.781373375269144,0.0,0.0,0.0,0.0,0.0,0.0,19.935329278707524,0.0,-0.0,0.0,0.0,0.0,0.0,0.0,0.0,0.3353187046867043,10.197119708425099,0.0,0.0,0.0,0.3353187046867043,0.0,0.0,0.0,0.0610984100820105,0.0,10.554301000424429,11.546011335014564,0.0,0.0,15.26887528207359,0.0,0.0,-0.0,-0.0,-11.781101527127944,-0.0,0.0,26.783848204183947,20.80220025165372,0.0,-0.0,-4.142017790638433,-14.390686687634572,-2.794388359452329,0.0,0.0,0.0,0.0,0.0,0.0,10.554301000424429,0.0,-0.0,0.0,0.0,0.0,0.0,0.0,0.0,0.0,0.0,0.0,0.0,0.0,0.0,0.0,0.0,0.0,1.4136404135458172,0.0,21.071710333357448,0.0,0.0,11.781101527127944,0.0,0.19423304523662108,0.0,3.9477847454018122,0.0,0.0,0.0,-0.0,0.0,0.0,0.0,1.4136404135458172,20.80220025165372,0.0,0.0,0.0,0.0,0.8195464704958564,0.0,0.0,0.0,0.0,0.0,0.0,0.0,0.0,0.0,0.0,0.0,0.0,28.781373375269144,0.0,0.0,0.0,0.0,0.0,4.142017790638433,0.0,14.390686687634572,15.212435423569898,0.0,9.902019437662161e-5,0.0,0.0,0.0,0.0,0.0,0.0,0.00023967585434259256,0.00048205254495964215,0.0028832241400609756,0.0,0.0,0.0,0.0,0.001689244254956316,0.0,0.0,4.664724376827739e-6,0.0,0.0,0.0023973043586396404,0.00014949653322231818,0.0,0.0,2.8181310502428812e-5,2.73106177598316e-5,0.0,0.0,0.0,0.0,0.0,4.096001827577114e-5,0.0,0.0001512714700044313,0.0001512714700044313,0.0001512714700044313,0.0001512714700044313,0.0001512714700044313,0.0001512714700044313,0.0001512714700044313,0.0001512714700044313,0.0001512714700044313,2.532261505390963e-5,0.0,0.0,0.0001521818005552685,2.326299427403611e-6,0.0,2.5684703280505852e-6,0.00017454155335846336,0.0,0.0,0.0001093261843704687,0.0001093261843704687,0.0,0.0,0.0,0.0,3.047762662967016e-6,0.0,0.0,0.0,0.0,0.0,0.0,0.0,2.155287487366616e-5,9.641020291218653e-5,9.641020291218653e-5,0.0,6.601998800882767e-6,2.5994524818995487e-6,0.0,0.00018473229597492838,0.0,0.0,0.0,0.0,0.0,0.0,0.0,0.0,0.0,6.41436237059151e-5,6.41436237059151e-5,6.41436237059151e-5,6.41436237059151e-5,6.41436237059151e-5,0.0,0.0,0.0,5.6355339567003806e-5,0.014333040461112279,0.0,0.0,0.0,0.0,0.0,0.0,0.0,0.0,0.00033414226699450653,0.0,0.0,0.0,0.0,0.0,0.0,0.00029490413191464383,0.00025648979796343815,9.037319524044752e-6,0.0,0.0,0.0,0.0,0.0,0.0,0.0,0.0,3.364997767844281e-5,3.364997767844281e-5,3.364997767844281e-5,3.364997767844281e-5,3.364997767844281e-5,3.364997767844281e-5,3.364997767844281e-5,3.364997767844281e-5,3.364997767844281e-5,3.364997767844281e-5,3.364997767844281e-5,3.364997767844281e-5,3.364997767844281e-5,0.0,0.0,4.096001827577114e-5,4.096001827577114e-5],"termination":"OPTIMAL","time":0.022171}