{"objective_value":5.194760330187006,"time_limit":1800,"thermo_feasible":true,"dual_bound":5.194760330187006,"solution":[189.6523862319101,0.0,0.0,338.33150824195735,0.0,0.0,0.0,188.61209892486542,378.4012920488548,0.0,7.713884309689981,161.59249773099432,0.0,0.0,0.0,0.0,0.0,0.0,370.6299305948951,0.0,0.0,0.0,0.0,0.0,0.0,0.0,19.109964826659052,0.0,161.59249773099432,0.0,0.0,0.0,0.0,0.0,0.0,0.0,0.0,151.6654608252494,0.0,0.0,0.0,88.52821668022335,0.0,0.0,5.604626920238761,0.0,0.0,0.0,0.0,5.604626920238761,8.39,0.0,-151.6654608252494,0.0,-0.0,0.0,0.0,75.01396689029332,0.0,0.0,0.0,-0.0,0.0,-0.0,151.6654608252494,82.01420472502784,0.0,5.194760330187006,-0.0,0.0,1.5675939722551355,0.0,0.0,1.4085958144549031,0.0,5.604626920238761,0.0,6.305288495235082,0.0,0.0,0.0,0.0,0.0,0.0,0.0,0.0,0.0,0.0,370.6299305948951,0.0,-161.59249773099432,0.0,0.0,0.0,0.0,0.0,1.6419521468262062,0.0,0.0,0.0,0.0,1.6419521468262062,0.0,0.0,0.23335633237130304,0.0,0.0,0.0,189.6523862319101,151.6654608252494,0.0,0.0,-1.5675939722551355,161.59249773099432,338.33150824195735,-0.0,-0.0,-197.39090910224374,-0.0,0.0,594.2038612907579,-125.31937955403521,0.0,-0.0,-28.32598912844371,0.0,-19.109964826659052,0.0,0.0,0.0,0.0,0.0,189.6523862319101,0.0,0.0,0.0,0.0,0.0,0.0,338.33150824195735,0.0,0.0,0.0,0.0,0.0,-0.0,0.0,0.0,-0.0,0.0,-0.0,7.713884309689981,0.0,378.4012920488548,0.0,0.0,197.39090910224374,28.32598912844371,0.0,0.0,0.0,0.0,0.0,0.0,0.0,26.99768891201489,0.0,0.0,7.713884309689981,0.0,0.0,0.0,125.31937955403521,0.0,5.604626920238761,0.0,0.0,0.0,0.0,0.0,0.0,0.0,0.0,73.64211147803947,0.0,0.0,73.64211147803947,0.0,0.0,0.0,0.0,0.0,0.0,28.32598912844371,0.0,0.0,0.0,0.0019599227299449337,0.0,5.285745533559187e-5,5.285745533559187e-5,5.285745533559187e-5,0.0,0.0,0.0,0.0005477414822683504,0.0009763503251791882,3.8647548145706964e-5,0.00114769978203654,0.000369578138884668,0.0,0.0,2.4584225541589122e-5,0.0,0.0,1.7903296022402504e-5,0.0,0.0,0.00013124711256126735,0.0,0.0,0.0003472714593155735,0.0002634399605151236,7.171238766468274e-5,5.980836412077526e-6,0.0,0.0,0.0,0.0,0.0,0.0,1.4215735673976057e-5,1.4215735673976057e-5,1.4215735673976057e-5,1.4215735673976057e-5,1.4215735673976057e-5,1.4215735673976057e-5,1.4215735673976057e-5,1.4215735673976057e-5,0.0,0.0,6.32611179879157e-5,1.3115287110120789e-5,0.0,0.00023655227948872257,0.0,0.00020082364127918311,0.0,0.0008100581965855901,0.0,0.0,0.0,0.0,0.0,0.0,0.0,6.36857884822021e-5,0.0,0.0,0.0,0.0,0.0,0.0,7.042756463502529e-7,0.0,0.0,0.0,2.7901056294555493e-5,6.425240506498069e-8,0.0005300946644169778,6.373199994191967e-5,0.0,0.0,0.0,0.0,6.889678267732082e-5,0.0,0.0,0.0,0.0,0.0,0.0010145160268058527,0.0010145160268058527,0.0010145160268058527,0.0010145160268058527,0.0010145160268058527,0.0,0.0,0.0,0.00020436307002865808,2.4528031121397156e-5,0.0,0.0,0.0,0.00014798710751375108,0.0,0.0,0.0,0.0,0.0,0.0,0.0,0.0,5.50346214678904e-5,5.50346214678904e-5,0.0,3.136000811811427e-5,0.0,0.004956182483417149,0.0,0.0,0.0,0.0,0.0,1.282670225423e-5,0.0,1.3072163733079129e-5,0.0,0.0,0.0,0.0,0.0,0.0,0.0,0.0,0.0,0.0,0.0,0.0,0.0,0.0,0.0,0.0,0.0],"termination":"OPTIMAL","time":0.015453}