{"cuts":35,"times_sub_problem":[0.18755698204040527,0.0017008781433105469,0.0015571117401123047,0.0015900135040283203,0.0015749931335449219,0.001605987548828125,0.0016422271728515625,0.0015790462493896484,0.0015590190887451172,0.0015749931335449219,0.0015230178833007812,0.001538991928100586,0.0014739036560058594,0.0014650821685791016,0.0015320777893066406,0.0015151500701904297,0.0015721321105957031,0.0015339851379394531,0.0014910697937011719,0.0015399456024169922,0.0015149116516113281,0.0015201568603515625,0.0014500617980957031,0.0015380382537841797,0.0014541149139404297,0.0014698505401611328,0.001764059066772461,0.0015139579772949219,0.0015311241149902344,0.0017230510711669922,0.0015909671783447266,0.001592874526977539,0.0016069412231445312,0.0016291141510009766,0.0015819072723388672,0.22899103164672852],"objective_values":[0.8739215069684304,0.8739215069684304,0.873921506968431,0.8739215069684302,0.8739215069684302,0.8739215069684303,0.8739215069684303,0.8739215069684303,0.8739215069684303,0.8739215069684303,0.8739215069684303,0.8739215069684302,0.87392150696843,0.87392150696843,0.8739215069684304,0.8739215069684302,0.87392150696843,0.8739215069684302,0.8739215069684304,0.8739215069684304,0.87392150696843,0.8739215069684302,0.8739215069684305,0.8739215069684303,0.8739215069684305,0.8739215069684305,0.8739215069684305,0.8739215069684306,0.8739215069684305,0.8739215069684305,0.87392150696843,0.8739215069684305,0.8739215069684305,0.8739215069684306,0.87392150696843,0.8739215069684306],"time":6.22891092300415,"objective_value":0.8739215069684306,"μ":[-5.869541770524172,-13.902175587819704,-15.902175587819704,-11.902175587819704,-13.402175587819704,0.0,0.0,-1.0,-0.5,0.0,-2.5,-13.119580290377321,-14.619580290377321,-5.717404702557618,-7.717404702557618,0.0,-13.434809405115235,0.0,-4.869541770524172,0.0,7.315229114737914,1.0,36.86961881023047,5.815229114737914,37.86961881023047,6.815229114737914,7.217404702557618,4.815229114737914,0.0,-1.0,0.5,-0.5,-7.717404702557618,1.815229114737914,0.31522911473791404,0.0,-16.434809405115235,-4.032633817295531,-3.032633817295531,-9.217404702557618,-22.152214107672854,-4.445687344213743,-23.152214107672854,0.0,-1.5,0.0,7.217404702557618,-1.5,-4.032633817295531,-7.217404702557618,0.5,-5.532633817295531,-7.032633817295531,0.0,0.0,-0.5,6.902175587819704,5.902175587819704,7.217404702557618,-3.6195802903773187,-4.826107053836425,-37.08702351278809,-38.58702351278809,-5.239160580754637,-7.239160580754637,10.032633817295531,0.0,-9.239160580754637,-4.717404702557618,-6.717404702557618,-4.619580290377319,-3.8695417705241724],"time_limit":1800,"x":[7.4773819621602895,-4.3861766240107875e-30,4.86086114649682,-16.02352614316761,4.959984944574657,0.0,-0.0,-14.71613956874284,3.2148950476847578,-0.0,-0.0,7.888609052210118e-31,2.504309470368735,6.007249575350335,6.007249575350335,8.39,0.0,7.888609052210118e-31,0.0,0.0,5.064375661482095,45.51400977451746,-7.888609052210118e-31,1.7581774441067892,0.8739215069684306,-0.0,-22.809833310204972,2.67848185050753,6.007249575350335,-2.2815030940671273,0.0,43.59898531199753,-7.993605777301127e-15,14.71613956874284,0.0,-0.0,5.064375661482095,-5.064375661482095,1.4969837572615667,0.0,1.4969837572615667,1.1814980932459633,7.4773819621602895,-7.888609052210118e-31,0.0,0.0,22.809833310204972,0.0,-4.3861766240107875e-30,-0.0,-0.0,-10.000000000000005,-0.0,-0.0,17.530865429786758,29.17582713556579,7.993605777301127e-15,-0.0,-4.765319193197458,-21.799492655998765,-3.2148950476847578,0.0,0.0,7.4773819621602895,0.0,0.0,4.3861766240107875e-30,0.0,0.0,5.064375661482095,0.0,4.959984944574657,16.02352614316761,10.000000000000005,0.2234617293318277,0.0,-4.541857463865631,0.0,0.0,0.0,4.959984944574657,-29.17582713556579,6.007249575350335,0.0,-7.993605777301127e-15,0.0,0.0,5.064375661482095,0.0,0.0,38.534609650515435,0.0,4.765319193197458,21.799492655998765,9.282532599166618],"times_mis_problem":[0.5681328773498535,0.01026296615600586,1.0013580322265625e-5,1.0013580322265625e-5,1.0013580322265625e-5,1.0013580322265625e-5,9.059906005859375e-6,1.0013580322265625e-5,1.0013580322265625e-5,1.0013580322265625e-5,1.1205673217773438e-5,1.0013580322265625e-5,1.0967254638671875e-5,1.0013580322265625e-5,9.775161743164062e-6,1.0967254638671875e-5,1.1920928955078125e-5,1.5974044799804688e-5,1.1920928955078125e-5,1.2159347534179688e-5,1.0967254638671875e-5,1.0967254638671875e-5,1.0013580322265625e-5,1.0013580322265625e-5,1.0013580322265625e-5,1.0013580322265625e-5,1.0967254638671875e-5,1.0967254638671875e-5,1.0967254638671875e-5,2.09808349609375e-5,1.0967254638671875e-5,1.0967254638671875e-5,1.1920928955078125e-5,1.0967254638671875e-5,1.0967254638671875e-5,1.0967254638671875e-5],"dual_bounds":[0.8739215069684304,0.8739215069684304,0.873921506968431,0.8739215069684302,0.8739215069684302,0.8739215069684303,0.8739215069684303,0.8739215069684303,0.8739215069684303,0.8739215069684303,0.8739215069684303,0.8739215069684302,0.87392150696843,0.87392150696843,0.8739215069684304,0.8739215069684302,0.87392150696843,0.8739215069684302,0.8739215069684304,0.8739215069684304,0.87392150696843,0.8739215069684302,0.8739215069684305,0.8739215069684303,0.8739215069684305,0.8739215069684305,0.8739215069684305,0.8739215069684306,0.8739215069684305,0.8739215069684305,0.87392150696843,0.8739215069684305,0.8739215069684305,0.8739215069684306,0.87392150696843,0.8739215069684306],"times_master_problem":[1.8666009902954102,0.034429073333740234,0.031697988510131836,0.030520915985107422,0.028402090072631836,0.030644893646240234,0.031358957290649414,0.03444504737854004,0.033605098724365234,0.03407597541809082,0.03429889678955078,0.08494400978088379,0.09118890762329102,0.08948612213134766,0.0713200569152832,0.08374214172363281,0.08529496192932129,0.09318709373474121,0.10110902786254883,0.04097700119018555,0.08322596549987793,0.06812000274658203,0.07793784141540527,0.0770268440246582,0.08162093162536621,0.08483290672302246,0.09688401222229004,0.08528804779052734,0.08447098731994629,0.08920502662658691,0.09259510040283203,0.08944416046142578,0.0976409912109375,0.08972692489624023,0.09406304359436035,0.09320187568664551],