{"time":0.06360912322998047,"objective_value":0.8739215069684302,"μ":[-10000.0,-10000.0,-10000.0,-9832.70146593737,-10000.0,-5497.930401458592,-8495.75,-9494.75,-4327.013734791926,-3993.680401458593,-10000.0,-9162.986265208074,-9495.319598541406,-9497.583333333334,-10000.0,-10000.0,-9173.222530416147,-10000.0,-8507.555863749481,-9661.04853406263,-10000.0,-9660.04853406263,-6653.69413625052,-9417.243132604039,-6652.69413625052,-8418.243132604039,-5998.347068125259,-1920.4931326040378,-10000.0,-7748.493132604036,-5830.263734791926,-8080.826465937368,-6995.652931874741,-4663.750000000001,-5996.083333333333,-5498.763734791926,-10000.0,-6830.833333333334,-5831.833333333334,-8327.986265208074,-4329.152931874742,-9678.652931874738,-5328.152931874742,-9829.916666666668,-5501.069598541408,-6166.736265208075,-10000.0,-1503.25,-6830.833333333334,-8577.409799270703,-7419.243132604038,-5831.833333333333,-7164.166666666665,-4837.486265208076,-10000.0,-9998.0,-6659.6108029171855,-7658.6108029171855,-10000.0,-3753.743132604038,-6176.65293187474,-8828.389197082815,-9160.722530416147,-8255.743132604037,-7507.486265208076,-5832.833333333332,-6165.166666666664,-10000.0,-1000.8333333333339,-1666.5,-4752.743132604038,-8254.743132604035],"time_limit":1800,"x":[7.477381962160288,0.0,4.860861146496827,-16.023526143167608,4.959984944574645,0.0,0.0,-14.716139568742836,3.2148950476847697,0.0,0.0,0.0,2.5043094703687334,6.007249575350349,6.007249575350349,8.39,0.0,-0.0,0.0,0.0,5.064375661482094,45.51400977451745,0.0,1.7581774441067912,0.8739215069684302,0.0,-22.809833310204976,2.678481850507522,6.007249575350349,-2.281503094067123,0.0,43.59898531199751,0.0,14.716139568742836,0.0,0.0,5.064375661482094,-5.064375661482094,1.4969837572615627,-0.0,1.4969837572615627,1.1814980932459593,7.477381962160288,0.0,0.0,0.0,22.809833310204976,0.0,0.0,0.0,0.0,-10.0,0.0,0.0,17.5308654297867,29.175827135565775,0.0,0.0,-4.765319193197455,-21.799492655998755,-3.2148950476847697,0.0,0.0,7.477381962160288,0.0,0.0,0.0,0.0,0.0,5.064375661482094,0.0,4.959984944574645,16.023526143167608,10.0,0.2234617293318276,0.0,-4.541857463865628,0.0,0.0,0.0,4.959984944574645,-29.175827135565775,6.007249575350349,0.0,0.0,0.0,0.0,5.06437566148211,0.0,0.0,38.534609650515414,0.0,4.765319193197455,21.799492655998755,9.282532599166622],"objective_function":[0.0,0.0,0.0,0.0,0.0,0.0,0.0,0.0,0.0,0.0,0.0,0.0,0.0,0.0,0.0,0.0,0.0,0.0,0.0,0.0,0.0,0.0,0.0,0.0,1.0,0.0,0.0,0.0,0.0,0.0,0.0,0.0,0.0,0.0,0.0,0.0,0.0,0.0,0.0,0.0,0.0,0.0,0.0,0.0,0.0,0.0,0.0,0.0,0.0,0.0,0.0,0.0,0.0,0.0,0.0,0.0,0.0,0.0,0.0,0.0,0.0,0.0,0.0,0.0,0.0,0.0,0.0,0.0,0.0,0.0,0.0,0.0,0.0,0.0,0.0,0.0,0.0,0.0,0.0,0.0,0.0,0.0,0.0,0.0,0.0,0.0,0.0,0.0,0.0,0.0,0.0,0.0,0.0,0.0,0.0],"sense":"MAX_SENSE","dual_bound":0.8739215069684302,"G":[-998.0000000000027,-998.9999999999991,-1.000000000001819,999.0000000000009,-1.0,999.0,998.9999999999991,999.0,-1.0000000000009095,999.0,999.0,999.0,-997.9999999999982,-1.0,-1.0,-999.0,-1.000000000001819,999.0,-1.0000000000009095,-1.0,-1.0,-334.3333333333321,-998.9999999999991,-996.9999999999991,-999.0000000000005,998.9999999999991,999.0,-999.0,-0.9999999999990905,999.0,-0.9999999999990905,-1.0,-1.0000000000009095,-998.9999999999991,-999.0,-1.0000000000009095,-1.0,333.33333333333394,-1.0000000000009095,-1.0,-769.7293978121079,-1.0000000000009095,-999.0,-999.0,-0.9999999999972715,-1.0000000000009095,332.3333333333321,1.0,-999.0,-1.0,-1.0,-410.0902007292989,-999.0,-997.9999999999982,-1.0,-999.0,1.0000000000009095,-998.0,-999.0000000000009,-166.03479927070384,-999.0000000000009,999.0,-999.0,-999.0,998.9999999999991,-1.0,-164.25,-0.9999999999990905,-999.0,-333.33333333333394,-1.0,-665.6666666666661,-1.0,-1.0,-999.0],"thermo_feasible":true,"max_flux_bound":1000.0,"termination":"OPTIMAL"}