{"shortest_cycles":true,"nodes":1,"num_blocked_cycles":10,"time":0.12333899999999999,"objective_value":0.8739215069684309,"μ":[-2.0,-1.333333333333334,-3.333333333333334,-5.666666666666667,-7.166666666666667,-2.0,-2.0,-3.0,-5.666666666666667,-5.166666666666667,-3.0,-11.666666666666668,-13.166666666666668,-6.666666666666667,-8.666666666666668,0.0,-2.0,0.0,0.0,3.333333333333333,-2.666666666666667,1003.3333333333334,20.333333333333336,-1.0,1020.3333333333334,0.0,0.0,0.0,1.1666666666666665,-1.0,0.0,-0.5,-3.0,-3.0,-4.5,10.166666666666668,0.0,-0.16666666666666674,0.8333333333333333,-4.500000000000001,-12.333333333333334,0.16666666666666652,-13.333333333333334,0.0,0.0,1.5,2.000000000000001,0.0,-0.16666666666666674,-5.666666666666667,3.666666666666667,-3.333333333333333,-4.833333333333333,0.0,0.0,-1.0,-0.6666666666666666,-1.6666666666666665,3.666666666666667,-0.5,-1.3333333333333335,-21.0,-22.5,-1.0,-1.0,-0.33333333333333304,-334.3333333333333,-5.0,9.166666666666668,7.166666666666668,-1.5,0.0],"time_limit":1800,"block_limit":10,"x":[7.47738196216028,0.0,4.860861146496804,-16.023526143167597,4.959984944574668,0.0,-0.0,-14.716139568742825,3.2148950476847755,-0.0,-0.0,-3.552713678800501e-15,2.504309470368735,6.007249575350318,6.007249575350318,8.39,0.0,-3.552713678800501e-15,0.0,0.0,5.064375661482078,45.514009774517504,3.552713678800501e-15,1.758177444106778,0.8739215069684309,-0.0,-22.809833310204937,2.678481850507538,6.007249575350318,-2.281503094067131,0.0,43.59898531199747,0.0,14.716139568742825,0.0,-0.0,5.064375661482078,-5.064375661482078,1.4969837572615703,0.0,1.4969837572615703,1.1814980932459667,7.47738196216028,3.552713678800501e-15,0.0,0.0,22.809833310204937,0.0,0.0,-0.0,-0.0,-10.0,-0.0,-0.0,17.530865429786296,29.17582713556577,-0.0,-0.0,-4.76531919319746,-21.799492655998733,-3.2148950476847755,0.0,0.0,7.47738196216028,0.0,0.0,0.0,0.0,0.0,5.064375661482078,0.0,4.959984944574668,16.023526143167597,10.0,0.22346172933182776,0.0,-4.5418574638656315,0.0,0.0,0.0,4.959984944574668,-29.17582713556577,6.007249575350318,0.0,0.0,0.0,0.0,5.064375661482078,0.0,0.0,38.534609650515385,0.0,4.76531919319746,21.799492655998733,9.282532599166608],"objective_function":[0.0,0.0,0.0,0.0,0.0,0.0,0.0,0.0,0.0,0.0,0.0,0.0,0.0,0.0,0.0,0.0,0.0,0.0,0.0,0.0,0.0,0.0,0.0,0.0,1.0,0.0,0.0,0.0,0.0,0.0,0.0,0.0,0.0,0.0,0.0,0.0,0.0,0.0,0.0,0.0,0.0,0.0,0.0,0.0,0.0,0.0,0.0,0.0,0.0,0.0,0.0,0.0,0.0,0.0,0.0,0.0,0.0,0.0,0.0,0.0,0.0,0.0,0.0,0.0,0.0,0.0,0.0,0.0,0.0,0.0,0.0,0.0,0.0,0.0,0.0,0.0,0.0,0.0,0.0,0.0,0.0,0.0,0.0,0.0,0.0,0.0,0.0,0.0,0.0,0.0,0.0,0.0,0.0,0.0,0.0],"sense":"MAX_SENSE","nullspace_formulation":false,"dual_bound":0.8739215069684309,"a":[1.0,1.0,1.0,0.0,1.0,-0.0,-0.0,0.0,1.0,-0.0,-0.0,-0.0,1.0,1.0,1.0,1.0,0.0,-0.0,1.0,0.0,1.0,1.0,1.0,1.0,1.0,-0.0,0.0,1.0,1.0,0.0,1.0,1.0,-0.0,1.0,0.0,-0.0,1.0,0.0,1.0,0.0,1.0,1.0,1.0,1.0,0.0,0.0,0.0,0.0,0.0,1.0,0.0,1.0,1.0,1.0,1.0,0.0,0.0,0.0,1.0,-0.0,1.0,0.0,1.0,0.0,-0.0,1.0,0.0,1.0,0.0,0.0,1.0,1.0,1.0,1.0,1.0],"G":[-2.0,-1.0,-1.0,1.0,-2.5000000000000004,1.0,1.0,1.0,-1.0,1.0,1.0,1.0,-4.0,-1.0,-1.0,-1.0,3.0000000000000004,1.0,-7.333333333333334,7.333333333333334,-1.0,-1.0,-1.0,-1.0,-29.153450000000007,1.0,1.0,-1.0,-1.0,1.0,-2.5,-1.0,1.0,-1.0,1.0,1.0,-1.0,1.0000000000000009,-1.0,1.0,-1.0,-0.9999999999999998,-1.0,-1.0,1.0,333.5,334.0,1.0,1.0,-13.833333333333336,1.0,-5.666666666666667,-7.833333333333334,-1.0,-2.0,1.0,2.0,1.0,-1.0,1.0,-1.0,1.0,-0.9999999999999996,1.0,1.0,-4.666666666666667,1.0,-1.0,1.0000000000000004,3.0000000000000004,-1.0,-2.0,-1000.0,-1000.0,-3.3333333333333335],"thermo_feasible":true,"termination":"OPTIMAL"}