{"nodes":null,"time":0.2215747833251953,"objective_value":0.8739215069684305,"time_limit":1800,"objective_function":[0.0,0.0,0.0,0.0,0.0,0.0,0.0,0.0,0.0,0.0,0.0,0.0,0.0,0.0,0.0,0.0,0.0,0.0,0.0,0.0,0.0,0.0,0.0,0.0,1.0,0.0,0.0,0.0,0.0,0.0,0.0,0.0,0.0,0.0,0.0,0.0,0.0,0.0,0.0,0.0,0.0,0.0,0.0,0.0,0.0,0.0,0.0,0.0,0.0,0.0,0.0,0.0,0.0,0.0,0.0,0.0,0.0,0.0,0.0,0.0,0.0,0.0,0.0,0.0,0.0,0.0,0.0,0.0,0.0,0.0,0.0,0.0,0.0,0.0,0.0,0.0,0.0,0.0,0.0,0.0,0.0,0.0,0.0,0.0,0.0,0.0,0.0,0.0,0.0,0.0,0.0,0.0,0.0,0.0,0.0],"sense":"MAX_SENSE","nullspace_formulation":false,"dual_bound":0.8739215069684305,"solution":[7.477381962160282,-0.0,4.860861146496813,-16.0235261431676,4.959984944574659,0.0,0.0,-14.716139568742829,3.214895047684762,0.0,0.0,0.0,2.5043094703687343,6.00724957535033,6.00724957535033,8.39,-0.0,0.0,-0.0,0.0,5.0643756614820905,45.51400977451746,0.0,1.7581774441067832,0.8739215069684305,0.0,-22.809833310204958,2.6784818505075316,6.00724957535033,-2.2815030940671273,-0.0,43.59898531199752,0.0,14.716139568742829,0.0,0.0,5.0643756614820905,-5.0643756614820905,1.4969837572615674,-0.0,1.4969837572615674,1.181498093245964,7.477381962160282,0.0,0.0,0.0,22.809833310204958,0.0,0.0,0.0,0.0,-10.0,0.0,0.0,17.530865429786715,29.175827135565797,0.0,0.0,-4.765319193197457,-21.79949265599876,-3.214895047684762,0.0,-0.0,7.477381962160282,-0.0,-0.0,0.0,-0.0,-0.0,5.0643756614820905,-0.0,4.959984944574659,16.0235261431676,10.0,0.22346172933182767,-0.0,-4.54185746386563,-0.0,-0.0,0.0,4.959984944574659,-29.175827135565797,6.00724957535033,0.0,0.0,-0.0,-0.0,5.0643756614820905,-0.0,-0.0,38.53460965051543,-0.0,4.765319193197457,21.79949265599876,9.282532599166613,1.0,1.0,1.0,0.0,1.0,0.0,0.0,0.0,1.0,0.0,0.0,0.0,1.0,1.0,1.0,1.0,0.0,0.0,0.0,0.0,1.0,1.0,1.0,1.0,1.0,0.0,0.0,1.0,1.0,0.0,0.0,1.0,0.0,1.0,1.0,0.0,1.0,0.0,1.0,1.0,1.0,1.0,1.0,1.0,0.0,1.0,1.0,0.0,0.0,1.0,0.0,1.0,1.0,1.0,1.0,0.0,0.0,0.0,0.0,0.0,1.0,0.0,1.0,0.0,0.0,0.0,0.0,1.0,1.0,1.0,1.0,0.0,1.0,1.0,1.0,-1000.0,-1000.0,-331.9999999999982,1.0,-1000.0,1000.0,1000.0,1.0,-1000.0,1.0,1000.0,1000.0,-1000.0,-1000.0,-1000.0,-998.0000000000001,2.0,1000.0,1.0,1.0,-1.0,-333.9999999999999,-1.0,-1000.0,-1000.0,1.0,1.0,-1000.0,-1000.0,1.0,1.0,-1000.0,1.0,-1000.0,-1000.0,1000.0,-1000.0,1.0,-1000.0,-667.0,-1000.0,-999.9999999999964,-1000.0,-1000.0,2.0,-1000.0,-667.0,1000.0,1.0,-1000.0,1.0,-1000.0,-1000.0,-1.0,-1000.0,1.0,1.0,2.0,0.9999999999998863,1.0,-1000.0,1.0,-997.9999999999999,1.0,1000.0,1.0,1.0,-1.0,-999.0,-1000.0,-1000.0,1.0,-1000.0,-1.0,-1000.0,10331.000000000002,-16947.76082012911,-17946.76082012911,-8973.880410064556,-9307.880410064556,1.0,1000.0,999.0,-333.0,0.0,0.0,-668.0,-1002.0,1334.0,667.0,0.0,-2.0,0.0,-3.0,-6971.880410064556,-17996.000000000004,-5971.880410064556,10000.0,-6999.000000000002,10001.0,-6998.000000000002,1668.0,-8999.000000000002,333.0,-10664.000000000002,0.0,-9997.000000000002,-667.0,667.0,333.0,0.0,-2334.0,-335.0,-334.0,-2000.0,-1336.0,3998.0,-2336.0,332.9999999999999,0.0,-667.0,0.0,0.0,-1334.0,-10666.000000000002,0.0,-664.9999999999999,-1998.0,10998.000000000002,-10999.000000000002,2000.0,-330.0,-331.0,333.9999999999999,-5667.0,-4001.000000000002,-1672.0,-3005.0,332.0000000000018,-11334.0,-332.0,335.0,9997.000000000004,1334.0,667.0,-6667.0,664.0],"thermo_feasible":true,"max_flux_bound":1000.0,"termination":"OPTIMAL"}