{"nodes":1,"time":0.069834,"objective_value":0.3958890918632875,"μ":[-38.6654431466111,624.1964868761577,0.0,0.0,-0.6357496507317666,0.0,0.0,-0.6980474448044318,-1.0,-0.9958209565992568,-0.048124658349338933,0.0,193.3796642965291,0.9984286216853095,-0.010519509752200618,-1.0,0.0,-1.0,0.0,0.0,-0.9982843610653699,0.17082707226836913,-138.60093150424805,0.0,0.0,-0.9945260808594049,0.2600139773063841,-0.18395853848826432,0.0,-0.9982843610653699,39.17953763330081,-1.8943664952775494,63.57063167444477,-78.08804480092954,-79.09222384433028,0.0,0.0,0.9728825071582993,0.0,62.56645263104402,-0.698316894188171,2.5685955196006423,-1.5769018207820524,0.0,0.11601863829640746,-0.8798023183028494,0.0,-0.4529054339760558,0.9783954149483298,0.0,0.9982843610653699,0.9156882570003406,1.4525173674031597,2.3100062322463835,0.0,0.0,-2.3494060845581464,-2.83617117340987,0.0,0.0,-36.720569539865046,0.2725438933510467,-0.7316351500496965,38.69454241650539,0.9866688331967828,0.0,0.0,-40.209543845935876,0.0,-1.0273772315081677,0.0,38.23864311583017,-286627.9080647503,-6.894338703201328e6,9.70224319625028e7,0.0,-7.397616770961417e7,-9.662589576403396e7,533380.4705918075,0.0,6634.696694055192,233719.7002731879,-259496.19179811547,57987.72623810449,28907.31070264271,364292.714925657,945558.5186801897,5.10877864419155e6,4137.912143708204,9971.75567174278,668853.3748710118,171786.0059283988,403300.97253909,165679.2270008268,5.336177445320235e6,2.919462073810556e6,358904.46133813146,3.7265558968951083e6,578965.3303000223,60932.31695919453,-6692.731563115505,843317.5039018665,28585.742694085173,-5.934252561645299e6,0.0,0.0,0.0,0.0,0.0,0.0,0.0,0.0,0.0,261925.2196616815,-257397.67742424813,1.4016882739590378e7,1298.9205941004004,-1.7637044992452096e6,-2.8882817024268117e7,2756.2385255382865,99046.98167245171,-247.1870259970167,2686.892842200624,9.476573294763127e6,6654.049098057679,4.902269104962881e7,0.0,95385.15805685883,0.0,1.0519109441420221e8,1.6130336217669875e6,25477.003922574593,14531.17659519719,0.0,0.0,0.0,0.0,235967.60824878645,21079.404872718085,1.0284899241671984e6,0.0,131165.09112052436,824309.5947273457,477904.5579438138,3268.0850256693934,9419.922366521807,651754.1641612614,1949.470443084505,7.921080579075051e6,7.38504531280868e6,39760.94761232137,25447.43158487208,2568.090818168242,0.0,0.0,0.0,0.0,0.0,0.0,0.0,0.0,187739.573749624,22488.153533248475,631.3682825821191,6270.920310747474,293568.6264473371,0.0,0.0,0.0,4.10320739612246e6,2.0367075239959527e7,0.0,0.0,325365.48320784536,9270.05301329749,-2.0936738781564855e6,-2.389206840164838e7,-2.8186926988579348e7,0.0,-5.7641625866721146e7,43104.212955313575,-90.80068797175461,29042.18381559023,107462.46304752349,710022.906358066,4.736942774458238e6,2.962230664729166e6,9984.101065925006,1.3142252534128758e6,42597.46507687585,-475425.14461290545,-2.9730625070657437e6,0.0,0.0,0.0,0.0,6461.077653139218,0.0,0.0,0.0,0.0,0.0,0.0,0.0,0.0,19067.54232757424,206568.43221222793,0.0,670381.7506912358],"time_limit":1800,"x":[0.0,15.686675787009234,27.34751580995151,-0.0,-0.0,-0.0,0.0,15.99930940285367,31.108541360471115,0.0,0.0,13.21607052587261,0.0,0.0,0.0,0.0,-0.0,0.0,24.618425682089132,5.897865596954503,0.0,0.0,0.0,0.0,0.0,0.0,1.4563572022374878,13.21607052587261,0.0,0.0,0.0,0.0,0.0,0.0,-0.0,12.927942444814509,0.0,0.0,0.0,0.0,0.0,1.1344597816434365,0.0,0.0,0.0,0.4271247412113009,0.0,0.0,0.0,0.4271247412113009,8.39,0.0,-12.927942444814509,0.0,-0.0,0.0,0.0,0.0,9.276311396272042,0.0,0.0,0.0,0.0,12.927942444814509,0.0,-0.0,13.095858803128323,0.3958890918632875,-0.0,0.0,0.0,0.28456507923133106,0.0,0.0,0.0,0.4271247412113009,0.0,0.28456507923133106,0.0,0.0,0.0,0.0,-0.0,0.0,0.0,0.0,0.0,0.0,30.516291279043635,0.0,-13.21607052587261,0.0,0.0,-0.0,0.07082455853434214,0.0,0.0,0.0,6.787953957997115,0.07082455853434214,0.0,0.0,0.0,0.21374052069698893,0.0,0.0,0.0,0.0,15.686675787009234,12.927942444814509,0.0,0.0,0.0,13.21607052587261,27.34751580995151,-0.0,-0.0,-16.080466666685645,-0.0,0.0,48.21699343754358,-10.332256025103685,0.0,-0.0,-2.1587040401121342,0.0,-1.4563572022374878,0.0,0.0,0.0,0.0,0.0,0.0,15.686675787009234,0.0,0.0,0.0,0.0,0.0,0.0,27.34751580995151,0.0,0.0,0.0,0.0,0.0,0.0,0.0,0.0,0.0,-0.0,0.0,0.0,31.108541360471115,-0.0,-0.0,16.080466666685645,-0.0,0.10122884078944594,0.0,2.0574751993226914,0.0,-0.0,0.0,7.105427357601002e-15,0.0,0.0,-0.0,0.0,0.0,0.0,10.332256025103685,0.0,0.0,0.4271247412113009,0.0,0.0,0.0,0.0,0.0,-0.0,0.0,0.0,0.0,0.0,0.0,0.0,0.0,0.0,8.881784197001252e-16,0.0,0.0,0.0,2.1587040401121342,-0.0,0.0,0.7073350404321357,0.0,8.35252587947596e-5,2.229238653188446e-5,2.229238653188446e-5,0.0,0.0,0.0,0.0,0.003510843742378234,0.002744921037494489,0.0,0.00012049948816868328,0.0,0.0,0.0,9.6113172075781e-6,0.002842845944038659,0.0,4.119418090354938e-6,0.00015162489531103958,0.0,1.0803641358351739e-5,0.00015401655128052168,0.0,0.0,5.464730102205477e-7,0.0,9.421620974328263e-5,0.0,0.0,0.0,0.0,8.202380673830388e-5,0.0,3.4249140828164414e-5,3.4249140828164414e-5,3.4249140828164414e-5,3.4249140828164414e-5,3.4249140828164414e-5,3.4249140828164414e-5,3.4249140828164414e-5,3.4249140828164414e-5,3.4249140828164414e-5,1.8430421148676161e-6,0.0,0.0,3.486857208093974e-5,2.2305436920731965e-6,0.0,0.0004492889637729235,0.0,5.924224395265877e-8,0.0,0.0,0.0,0.0,0.0,0.0,0.0,0.0009774524120241238,0.0,0.0,0.0,0.0,0.0,0.0,5.357762488954278e-6,0.0,5.131868237278569e-5,5.131868237278569e-5,2.3577213920375827e-5,0.0,0.007793981677190614,0.0,1.3539874488153484e-5,0.0,0.0,0.0,0.0,0.0010746670334388082,0.0,0.0,0.0,0.0,0.00027965826602071876,0.00027965826602071876,0.00027965826602071876,0.00027965826602071876,0.00027965826602071876,0.0,0.0,0.0,0.0,0.00013626935295320584,0.0,0.0,0.0,0.0,3.102393743179715e-6,0.0,0.0,0.0,1.8712872513742205e-5,0.0,0.0,0.0,0.0,0.0,0.0,0.0,0.0006041095619357076,2.442046749703054e-6,0.0,0.0,0.0,0.0,0.0,0.0,0.0,0.0,0.0,0.0,0.0,0.0,0.0,0.0,0.0,0.0,0.0,0.0,0.0,0.0,0.0,0.0,0.0,8.202380673830388e-5,8.202380673830388e-5],"objective_function":[0.0,0.0,0.0,0.0,0.0,0.0,0.0,0.0,0.0,0.0,0.0,0.0,0.0,0.0,0.0,0.0,0.0,0.0,0.0,0.0,0.0,0.0,0.0,0.0,0.0,0.0,0.0,0.0,0.0,0.0,0.0,0.0,0.0,0.0,0.0,0.0,0.0,0.0,0.0,0.0,0.0,0.0,0.0,0.0,0.0,0.0,0.0,0.0,0.0,0.0,0.0,0.0,0.0,0.0,0.0,0.0,0.0,0.0,0.0,0.0,0.0,0.0,0.0,0.0,0.0,0.0,0.0,1.0,0.0,0.0,0.0,0.0,0.0,0.0,0.0,0.0,0.0,0.0,0.0,0.0,0.0,0.0,0.0,0.0,0.0,0.0,0.0,0.0,0.0,0.0,0.0,0.0,0.0,0.0,0.0,0.0,0.0,0.0,0.0,0.0,0.0,0.0,0.0,0.0,0.0,0.0,0.0,0.0,0.0,0.0,0.0,0.0,0.0,0.0,0.0,0.0,0.0,0.0,0.0,0.0,0.0,0.0,0.0,0.0,0.0,0.0,0.0,0.0,0.0,0.0,0.0,0.0,0.0,0.0,0.0,0.0,0.0,0.0,0.0,0.0,0.0,0.0,0.0,0.0,0.0,0.0,0.0,0.0,0.0,0.0,0.0,0.0,0.0,0.0,0.0,0.0,0.0,0.0,0.0,0.0,0.0,0.0,0.0,0.0,0.0,0.0,0.0,0.0,0.0,0.0,0.0,0.0,0.0,0.0,0.0,0.0,0.0,0.0,0.0,0.0,0.0,0.0,0.0,0.0,0.0,0.0,0.0,0.0,0.0,0.0,0.0,0.0,0.0,0.0,0.0,0.0,0.0,0.0,0.0,0.0,0.0,0.0,0.0,0.0,0.0,0.0,0.0,0.0,0.0,0.0,0.0,0.0,0.0,0.0,0.0,0.0,0.0,0.0,0.0,0.0,0.0,0.0,0.0,0.0,0.0,0.0,0.0,0.0,0.0,0.0,0.0,0.0,0.0,0.0,0.0,0.0,0.0,0.0,0.0,0.0,0.0,0.0,0.0,0.0,0.0,0.0,0.0,0.0,0.0,0.0,0.0,0.0,0.0,0.0,0.0,0.0,0.0,0.0,0.0,0.0,0.0,0.0,0.0,0.0,0.0,0.0,0.0,0.0,0.0,0.0,0.0,0.0,0.0,0.0,0.0,0.0,0.0,0.0,0.0,0.0,0.0,0.0,0.0,0.0,0.0,0.0,0.0,0.0,0.0,0.0,0.0,0.0,0.0,0.0,0.0,0.0,0.0,0.0,0.0,0.0,0.0,0.0,0.0,0.0,0.0,0.0,0.0,0.0,0.0,0.0,0.0,0.0,0.0,0.0,0.0,0.0,0.0,0.0,0.0,0.0,0.0,0.0,0.0,0.0,0.0,0.0,0.0,0.0,0.0,0.0,0.0,0.0,0.0,0.0],"sense":"MAX_SENSE","nullspace_formulation":false,"dual_bound":0.3958890918632875,