{"cuts":1,"objective_values":[0.8739215069684304,0.8739215069684305],"time":0.06698107719421387,"objective_value":0.8739215069684305,"time_limit":1800,"dual_bounds":[0.8739215069684304,0.8739215069684305],"solution":[7.477381962160282,0.0,4.860861146496813,-16.0235261431676,4.959984944574659,0.0,-0.0,-14.716139568742829,3.2148950476847693,-0.0,-0.0,-0.0,2.5043094703687343,6.007249575350328,6.007249575350328,8.39,0.0,-0.0,0.0,0.0,5.064375661482089,45.51400977451747,0.0,1.7581774441067815,0.8739215069684305,-0.0,-22.80983331020495,2.6784818505075307,6.007249575350328,-2.281503094067128,0.0,43.59898531199752,0.0,14.716139568742829,0.0,-0.0,5.064375661482089,-5.064375661482089,1.496983757261568,0.0,1.496983757261568,1.1814980932459642,7.477381962160282,0.0,0.0,0.0,22.80983331020495,0.0,0.0,-0.0,-0.0,-10.0,-0.0,-0.0,17.53086542978668,29.175827135565797,-0.0,-0.0,-4.765319193197457,-21.79949265599876,-3.2148950476847693,0.0,0.0,7.477381962160282,0.0,0.0,0.0,0.0,0.0,5.064375661482089,0.0,4.959984944574659,16.0235261431676,10.0,0.22346172933182767,0.0,-4.54185746386563,0.0,0.0,0.0,4.959984944574659,-29.175827135565797,6.007249575350328,0.0,0.0,0.0,0.0,5.064375661482089,0.0,0.0,38.53460965051543,0.0,4.765319193197457,21.79949265599876,9.282532599166611,1.0,1.0,1.0,0.0,1.0,-0.0,-0.0,0.0,1.0,-0.0,-0.0,-0.0,1.0,1.0,1.0,1.0,1.0,-0.0,1.0,1.0,1.0,0.9999999999999973,1.0,1.0,1.0,-0.0,0.0,1.0000000000000004,1.0,-0.0,1.0,1.0,-0.0,1.0000000000000013,1.0,-0.0,1.0,-0.0,1.0000000000000004,1.0,1.0000000000000004,1.0000000000000004,0.9999999999999998,0.9999999999999999,1.0,1.0,-0.0,0.0,-0.0,1.0,-0.0,1.0,1.0,1.0,1.0,-0.0,0.0,1.0,1.0,-0.0,1.0,-1.1102230246251565e-16,1.0,1.0,-0.0,1.0,-0.0,0.9999999999999997,1.0,1.0,1.0,1.0,1.0,1.0,1.0,-3.857142857142857,-1.0,-4.6159945270742515,1.0,-1.0,1.0,1.0,1.0,-1.0,1.0,1.0,1.0,-2.857142857142857,-1.0,-1.0,-3.857142857142857,-1.0,1.0,-1.857142857142857,-1.0,-3.7857142857142847,-1.0,-1.0,-1.0,-1.0,1.0,1.0,-1.0,-1.0,1.0,-2.6428571428571432,-1.0,1.0,-1.0,-1.0,1.0,-26.35485303816283,1.0,-46.55997947652843,-1.0,-1.0,-1.0,-1.0,0.0,0.0,0.0,1.2142857142857144,26.35485303816283,0.0,0.0,0.0,0.0,0.0,0.0,0.0,-15.09371154925141,0.0,-3.857142857142857,-3.857142857142857,0.0,-1.428571428571427,0.0,0.0,-1.0,1.0,-1.0,1.0,-1.0000000000000018,-2.999999999999999,-1.571428571428572,-1.0,-1.4285714285714286,-1.0,-1.0,-5.071428571428569,-18.093711549251413,-11.236568692108552,0.0,-12.950854406394267,-14.165140120679983,0.0,2.142857142857143,2.142857142857143,-1.2142857142857144,0.0,0.7857142857142857,-20.926281609591403,-23.140567323877118,-5.33257006033999,-8.76114148891142,13.236568692108554,0.0,11.807997263537125,0.0,0.0,2.8817156539457227,1.0,49.33028024135996,0.3817156539457227,50.33028024135996,1.3817156539457227,8.118284346054276,-2.7611414889114196,0.0,0.0,-2.357142857142857,-0.2142857142857144,-10.189712917482847,-5.475427203197134,-7.689712917482848,19.09371154925141,0.0,-1.0,0.0,-12.403998631768562,-23.140567323877114,8.569138752448543,-24.140567323877114,-8.975427203197134,-0.21428571428571427,0.0,0.0,-0.357142857142857,-1.0,-8.689712917482847,-0.5,2.2142857142857144,0.0,0.0,0.0,2.7857142857142856,10.379425834965698,9.379425834965698,-1.2857142857142856,-10.569138752448543,-29.564559114488492,-38.59142173027138,-40.80570744455709,-19.99542036203995,-22.138277504897093,1.2142857142857144,0.0,-22.709706076325666,-7.475427203197134,-9.903998631768562,-11.569138752448545,-15.379425834965698],"iter":1,"thermo_feasible":true,"scip_tol":1.0e-6,"termination":"OPTIMAL"}