{"objective_value":0.8739215069684303,"time_limit":1800,"ncalls":2,"thermo_feasible":true,"dual_bound":0.8739215069684303,"solution":[[1.0,0.0,1.0,0.0,1.0,0.0,0.0,0.0,1.0,0.0,0.0,0.0,1.0,1.0,1.0,1.0,0.0,0.0,0.0,0.0,1.0,1.0,0.0,1.0,1.0,0.0,0.0,1.0,1.0,0.0,1.0,1.0,0.0,1.0,0.0,0.0,1.0,0.0,1.0,1.0,1.0,1.0,1.0,1.0,0.0,0.0,0.0,0.0,0.0,1.0,0.0,1.0,1.0,1.0,1.0,0.0,0.0,0.0,0.0,0.0,1.0,0.0,1.0,0.0,0.0,0.0,0.0,1.0,0.0,0.0,1.0,0.0,1.0,1.0,1.0,7.477381962160285,0.0,4.860861146496816,-16.023526143167604,4.959984944574655,0.0,0.0,-14.716139568742832,3.2148950476847746,0.0,0.0,0.0,2.5043094703687343,6.007249575350333,6.007249575350333,8.39,0.0,0.0,0.0,0.0,5.064375661482094,45.51400977451745,0.0,1.758177444106786,0.8739215069684303,0.0,-22.809833310204965,2.678481850507529,6.007249575350333,-2.2815030940671264,0.0,43.59898531199753,0.0,14.716139568742832,0.0,0.0,5.064375661482094,-5.064375661482094,1.4969837572615663,0.0,1.4969837572615663,1.1814980932459629,7.477381962160285,0.0,0.0,0.0,22.809833310204965,0.0,0.0,0.0,0.0,-10.0,0.0,0.0,17.530865429786815,29.175827135565807,0.0,0.0,-4.765319193197456,-21.799492655998765,-3.2148950476847746,0.0,0.0,7.477381962160285,0.0,0.0,0.0,0.0,0.0,5.064375661482094,0.0,4.959984944574655,16.023526143167604,10.0,0.22346172933182762,0.0,-4.541857463865629,0.0,0.0,0.0,4.959984944574655,-29.175827135565807,6.007249575350333,0.0,0.0,0.0,0.0,5.064375661482094,0.0,0.0,38.534609650515435,0.0,4.765319193197456,21.799492655998765,9.282532599166617]],"termination":"OPTIMAL","time":5.723248}