{"cuts":1,"times_sub_problem":[0.024219036102294922,0.11957120895385742],"objective_values":[0.8739215069684303,0.8739215069684303],"time":0.11958098411560059,"objective_value":0.8739215069684303,"μ":[0.0,-756.4321079389911,0.0,0.0,0.0,-1.3999999999999995,0.0,0.0,0.20000000000000018,1.2000000000000002,-0.39999999999999947,-1.7999999999999998,-3.8,0.20000000000000018,-2.8,0.0,-1.0,0.0,0.0,-1.0,4.8,0.0,15.6,2.3,16.6,3.3,0.0,1.2999999999999998,0.0,-2.7,1.2000000000000002,-2.7,-2.4000000000000004,0.0,-2.0,0.0,-4.8,1.0,2.0,-4.4,1.0,1.0,-0.0,0.0,0.0,-1.0,1.4000000000000004,0.6000000000000005,1.0,-0.9000000000000004,-0.5,1.4000000000000004,-0.5999999999999996,0.0,0.0,1.6000000000000005,-2.8,-3.8,-2.8,1.0,-0.0,-0.7999999999999998,-2.8,0.0,-0.7000000000000002,-3.8,0.0,0.0,3.8,0.0,0.0,1.0],"time_limit":1800,"x":[7.477381962160285,0.0,4.860861146496818,-16.023526143167604,4.9599849445746536,0.0,-0.0,-14.716139568742832,3.214895047684781,-0.0,-0.0,-0.0,2.5043094703687334,6.007249575350335,6.007249575350335,8.390000000000015,0.0,-0.0,0.0,0.0,5.064375661482096,45.514009774517476,0.0,1.7581774441067868,0.8739215069684303,-0.0,-22.809833310204972,2.6784818505075276,6.007249575350335,-2.2815030940671255,0.0,43.59898531199753,-0.0,14.716139568742832,0.0,-0.0,5.064375661482096,-5.064375661482096,1.4969837572615656,0.0,1.4969837572615656,1.1814980932459622,7.477381962160285,0.0,0.0,0.0,22.809833310204972,0.0,0.0,-0.0,-0.0,-10.0,0.0,0.0,17.530865429786683,29.175827135565825,0.0,0.0,-4.765319193197456,-21.799492655998765,-3.214895047684781,0.0,0.0,7.477381962160285,0.0,0.0,0.0,0.0,0.0,5.064375661482096,0.0,4.9599849445746536,16.023526143167604,10.0,0.22346172933182762,-0.0,-4.541857463865629,0.0,0.0,-0.0,4.9599849445746536,-29.175827135565825,6.007249575350335,0.0,-0.0,0.0,-0.0,5.064375661482096,0.0,0.0,38.534609650515435,0.0,4.765319193197456,21.799492655998765,9.282532599166618],"times_mis_problem":[2.3583669662475586,0.019482135772705078],"dual_bounds":[0.8739215069684303,0.8739215069684303],"times_master_problem":[2.0473060607910156,0.03049612045288086],"solution":[7.477381962160285,0.0,4.860861146496818,-16.023526143167604,4.9599849445746536,0.0,-0.0,-14.716139568742832,3.214895047684781,-0.0,-0.0,-0.0,2.5043094703687334,6.007249575350335,6.007249575350335,8.390000000000015,0.0,-0.0,0.0,0.0,5.064375661482096,45.514009774517476,0.0,1.7581774441067868,0.8739215069684303,-0.0,-22.809833310204972,2.6784818505075276,6.007249575350335,-2.2815030940671255,0.0,43.59898531199753,-0.0,14.716139568742832,0.0,-0.0,5.064375661482096,-5.064375661482096,1.4969837572615656,0.0,1.4969837572615656,1.1814980932459622,7.477381962160285,0.0,0.0,0.0,22.809833310204972,0.0,0.0,-0.0,-0.0,-10.0,0.0,0.0,17.530865429786683,29.175827135565825,0.0,0.0,-4.765319193197456,-21.799492655998765,-3.214895047684781,0.0,0.0,7.477381962160285,0.0,0.0,0.0,0.0,0.0,5.064375661482096,0.0,4.9599849445746536,16.023526143167604,10.0,0.22346172933182762,-0.0,-4.541857463865629,0.0,0.0,-0.0,4.9599849445746536,-29.175827135565825,6.007249575350335,0.0,-0.0,0.0,-0.0,5.064375661482096,0.0,0.0,38.534609650515435,0.0,4.765319193197456,21.799492655998765,9.282532599166618,1.0,1.0,1.0,1.3339627535913223e-7,1.0,0.0,0.0,0.0,1.0,0.0,0.0,0.0,1.0,1.0,1.0,1.0,1.0,0.0,1.0,1.0,1.0,1.0,1.0,1.0,1.0,0.0,4.369147782457006e-7,1.0,1.0,0.0,1.0,1.0,0.0,1.0,1.0,0.0,1.0,0.0,1.0,1.0,1.0,1.0,1.0,1.0,1.0,1.0,0.0,0.0,0.0,1.0,0.0,1.0,1.0,1.0,1.0,0.0,1.1102230246251565e-16,1.0,1.0,0.0,1.0,2.831124927826778e-7,1.0,1.0,0.0,1.0,0.0,1.0,1.0,1.0,1.0,1.0,1.0,1.0,1.0,-1.0,-1.0,-1.0,1.0,-1.0,1.0,1.0,1.0,-1.0,1.0,1.0,1.0,-1.0,-1.0,-1.0,-3.0,-2.0,1.0,-1.0,-1.0,-1.0,-1.0,-1.0,-1.0,-1.0,1.0,1.0,-1.0,-1.0,1.0,-1.0,-1.0,1.0,-1.0,-2.0,1.0,-1.0,1.0,-1.0,-1.0,-1.0,-1.0,-1.0,1.7000000000000002,-2.0,-4.8,-3.8,1.0,-1.2999999999999998,-3.5999999999999996,1.7999999999999998,0.40000000000000036,6.7,-0.2999999999999998,-758.4321079389911,-759.4321079389911,0.6000000000000005,755.4321079389911,754.832107938991,-1.0,-0.7999999999999998,-0.0,-1.0,-1.0,1.0,-1.0,1.0,-1.0,-4.0,-3.0,-1.0,-1.0,-1.0,-1.0,-1.0,0.0,-756.4321079389911,0.0,0.0,0.0,-1.3999999999999995,0.0,0.0,0.20000000000000018,1.2000000000000002,-0.39999999999999947,-1.7999999999999998,-3.8,0.20000000000000018,-2.8,0.0,-1.0,0.0,0.0,-1.0,4.8,0.0,15.6,2.3,16.6,3.3,0.0,1.2999999999999998,0.0,-2.7,1.2000000000000002,-2.7,-2.4000000000000004,0.0,-2.0,0.0,-4.8,1.0,2.0,-4.4,1.0,1.0,-0.0,0.0,0.0,-1.0,1.4000000000000004,0.6000000000000005,1.0,-0.9000000000000004,-0.5,1.4000000000000004,-0.5999999999999996,0.0,0.0,1.6000000000000005,-2.8,-3.8,-2.8,1.0,-0.0,-0.7999999999999998,-2.8,0.0,-0.7000000000000002,-3.8,0.0,0.0,3.8,0.0,0.0,1.0],"a":[1.0,1.0,1.0,1.3339627535913223e-7,1.0,0.0,0.0,0.0,1.0,0.0,0.0,0.0,1.0,1.0,1.0,1.0,1.0,0.0,1.0,1.0,1.0,1.0,1.0,1.0,1.0,0.0,4.369147782457006e-7,1.0,1.0,0.0,1.0,1.0,0.0,1.0,1.0,0.0,1.0,0.0,1.0,1.0,1.0,1.0,1.0,1.0,1.0,1.0,0.0,0.0,0.0,1.0,0.0,1.0,1.0,1.0,1.0,0.0,1.1102230246251565e-16,1.0,1.0,0.0,1.0,2.831124927826778e-7,1.0,1.0,0.0,1.0,0.0,1.0,1.0,1.0,1.0,1.0,1.0,1.0,1.0],"iter":1,"G":[-1.0,-1.0,-1.0,1.0,-1.0,1.0,1.0,1.0,-1.0,1.0,1.0,1.0,-1.0,-1.0,-1.0,-3.0,-2.0,1.0,-1.0,-1.0,-1.0,-1.0,-1.0,-1.0,-1.0,1.0,1.0,-1.0,-1.0,1.0,-1.0,-1.0,1.0,-1.0,-2.0,1.0,-1.0,1.0,-1.0,-1.0,-1.0,-1.0,-1.0,1.7000000000000002,-2.0,-4.8,-3.8,1.0,-1.2999999999999998,-3.5999999999999996,1.7999999999999998,0.40000000000000036,6.7,-0.2999999999999998,-758.4321079389911,-759.4321079389911,0.6000000000000005,755.4321079389911,754.832107938991,-1.0,-0.7999999999999998,-0.0,-1.0,-1.0,1.0,-1.0,1.0,-1.0,-4.0,-3.0,-1.0,-1.0,-1.0,-1.0,-1.0],"thermo_feasible":true,"scip_tol":1.0e-6,"termination":"OPTIMAL"}