{"time":0.12556219100952148,"objective_value":0.8739215069684301,"μ":[-10000.0,-10000.0,-10000.0,-9747.354731133373,-9996.604731133371,-5160.879503368239,-8748.354731133373,-9748.354731133373,-4195.426799863441,-3945.1767998634414,-10000.0,-8087.475227765133,-8336.725227765133,-9593.765765498394,-10000.0,-10000.0,-9049.532662403299,-10000.0,-8550.032662403299,-10000.0,-10000.0,-9999.0,-4504.290537733266,-9913.81982075559,-4503.290537733266,-8913.819820755589,-6349.806303231654,-2165.4650896222156,-10000.0,-7639.108110514344,-5446.072068730068,-7888.358083517345,-6647.193696768347,-4843.515765498392,-5092.765765498393,-5004.29053773326,-10000.0,-6749.250000000006,-5749.250000000006,-6896.443696768347,-2338.225227765154,-9892.64864824764,-2337.225227765154,-9094.265765498414,-5839.120496631761,-6338.620496631762,-10000.0,-1250.6452688666268,-6749.250000000006,-7733.373876012758,-7913.819820755589,-5749.250000000006,-5998.500000000006,-5397.443696768325,-10000.0,-9998.0,-6700.717337596695,-7700.717337596695,-10000.0,-3605.851351752397,-6177.550675876214,-5582.184690031894,-6832.434690031894,-8321.949324123823,-7211.702703504793,-6749.249999999976,-6748.249999999976,-10000.0,-844.4110343650209,-1343.911034365021,-4605.851351752397,-8190.531530996808],"time_limit":1800,"x":[7.477381962160284,0.0,4.860861146496816,-16.023526143167604,4.959984944574655,0.0,0.0,-14.716139568742832,3.214895047684763,0.0,0.0,0.0,2.504309470368733,6.007249575350331,6.007249575350331,8.39,0.0,0.0,0.0,0.0,5.064375661482091,45.51400977451743,0.0,1.7581774441067848,0.8739215069684301,0.0,-22.809833310204958,2.6784818505075294,6.007249575350331,-2.281503094067126,0.0,43.5989853119975,0.0,14.716139568742832,0.0,0.0,5.064375661482089,-5.064375661482091,1.4969837572615663,0.0,1.4969837572615663,1.181498093245963,7.477381962160284,0.0,0.0,0.0,22.809833310204958,0.0,0.0,0.0,0.0,-10.0,0.0,0.0,17.530865429786758,29.175827135565786,0.0,0.0,-4.765319193197455,-21.79949265599875,-3.214895047684763,0.0,0.0,7.477381962160284,0.0,0.0,0.0,0.0,0.0,5.064375661482089,0.0,4.959984944574655,16.023526143167604,10.0,0.22346172933182756,0.0,-4.541857463865628,0.0,0.0,0.0,4.959984944574655,-29.175827135565786,6.007249575350331,0.0,0.0,-0.0,0.0,5.064375661482092,0.0,0.0,38.534609650515414,0.0,4.765319193197455,21.79949265599875,9.282532599166615],"objective_function":[0.0,0.0,0.0,0.0,0.0,0.0,0.0,0.0,0.0,0.0,0.0,0.0,0.0,0.0,0.0,0.0,0.0,0.0,0.0,0.0,0.0,0.0,0.0,0.0,1.0,0.0,0.0,0.0,0.0,0.0,0.0,0.0,0.0,0.0,0.0,0.0,0.0,0.0,0.0,0.0,0.0,0.0,0.0,0.0,0.0,0.0,0.0,0.0,0.0,0.0,0.0,0.0,0.0,0.0,0.0,0.0,0.0,0.0,0.0,0.0,0.0,0.0,0.0,0.0,0.0,0.0,0.0,0.0,0.0,0.0,0.0,0.0,0.0,0.0,0.0,0.0,0.0,0.0,0.0,0.0,0.0,0.0,0.0,0.0,0.0,0.0,0.0,0.0,0.0,0.0,0.0,0.0,0.0,0.0,0.0],"sense":"MAX_SENSE","dual_bound":0.8739215069684301,"G":[-999.0,-999.9999999999982,-131.4177931270151,1000.0,-1.0,-1.0000000000002274,-1.0,1000.0000000000018,-1.000026996998713,-1.0,-1.0,1000.0,-569.8040552571556,-1.0,-1.0,-1000.0,-430.1959447428453,-1.0,-1.000000000001819,-430.1959447428526,-0.9999999999874944,-1.0,-1000.0,-568.8040552571465,-1000.0,-0.9999999999990905,1000.0,-1000.0,-1.0,1000.0,-0.9999999999990905,-1000.0,-1.0,-999.9999999999982,-749.7500000000009,1000.0,-1.0,286.1925653618282,-1.0000000000009095,-1.0,-1000.0000000000236,-1.0,-1000.0,-1000.0000000000009,-1.0000000000009095,-251.25,-1.0,1.0,-1000.0,-1.0,-1.0,-1.0,-999.9999999999993,-868.5822068729849,-1.0000000000009095,-1000.0,0.9999999999997726,-999.0,-999.9999999999998,-1.000000000001819,-1000.0,1000.0,-1000.0,-1000.0,-0.9999999999990905,-785.6925653618091,-94.2657654983941,-1.0,-999.9999999999918,-500.4999999999918,-999.9999999999989,-499.5,-1.0,-1.0,-1.0000000000156888],"thermo_feasible":true,"max_flux_bound":1000.0,"termination":"OPTIMAL"}