{"shortest_cycles":true,"nodes":1,"num_blocked_cycles":44,"time":0.081326,"objective_value":0.8739215069684311,"μ":[-9.9,-15.0,-17.0,-10.4,-12.4,-6.2,-21.8,-22.8,-10.4,-9.4,-7.2,-8.0,-10.0,-9.4,-12.4,0.0,0.0,-1.0,0.0,972.6,-5.0,1972.6,-8.8,-6.5,991.1999999999999,-5.5,0.0,14.3,-8.966666666666667,-12.9,3.433333333333331,-12.9,-7.2,3.4000000000000004,1.4000000000000004,14.4,0.0,-0.16666666666666674,0.8333333333333333,-9.2,-4.2,0.16666666666666674,-5.2,0.0,0.0,-999.0,6.2,15.600000000000001,-0.16666666666666674,-6.7,0.5,2.5999999999999996,0.5999999999999996,0.0,0.0,-5.2,-11.8,-12.8,-7.2,-0.5,-1.3333333333333333,-15.600000000000001,-17.6,-1.0,-1.0,-4.8,-338.80000000000007,-12.9,13.4,10.4,-1.5,0.0],"time_limit":1800,"block_limit":100,"x":[7.477381962160283,0.0,4.8608611464968146,-16.0235261431676,4.959984944574657,0.0,-0.0,-14.716139568742829,3.2148950476847857,-0.0,-0.0,2.871201773016892e-14,2.5043094703687356,6.007249575350352,6.007249575350352,8.39,0.0,2.871201773016892e-14,0.0,0.0,5.064375661482112,45.514009774517525,-2.871201773016892e-14,1.7581774441067797,0.8739215069684311,-0.0,-22.809833310204993,2.67848185050753,6.007249575350352,-2.281503094067128,0.0,43.59898531199758,0.0,14.716139568742829,0.0,-0.0,5.064375661482112,-5.064375661482112,1.4969837572615674,-8.881784197001252e-15,1.4969837572615674,1.1814980932459638,7.477381962160283,-2.871201773016892e-14,0.0,0.0,22.809833310204993,0.0,0.0,-0.0,-0.0,-10.0,-0.0,-0.0,17.53086542978668,29.175827135565854,-0.0,-0.0,-4.7653191931974614,-21.79949265599879,-3.2148950476847857,0.0,0.0,7.477381962160283,0.0,0.0,0.0,0.0,0.0,5.064375661482112,0.0,4.959984944574657,16.0235261431676,10.0,0.2234617293318278,0.0,-4.541857463865633,0.0,0.0,0.0,4.959984944574657,-29.175827135565854,6.007249575350352,0.0,0.0,0.0,0.0,5.064375661482112,0.0,0.0,38.53460965051547,0.0,4.7653191931974614,21.79949265599879,9.28253259916661],"objective_function":[0.0,0.0,0.0,0.0,0.0,0.0,0.0,0.0,0.0,0.0,0.0,0.0,0.0,0.0,0.0,0.0,0.0,0.0,0.0,0.0,0.0,0.0,0.0,0.0,1.0,0.0,0.0,0.0,0.0,0.0,0.0,0.0,0.0,0.0,0.0,0.0,0.0,0.0,0.0,0.0,0.0,0.0,0.0,0.0,0.0,0.0,0.0,0.0,0.0,0.0,0.0,0.0,0.0,0.0,0.0,0.0,0.0,0.0,0.0,0.0,0.0,0.0,0.0,0.0,0.0,0.0,0.0,0.0,0.0,0.0,0.0,0.0,0.0,0.0,0.0,0.0,0.0,0.0,0.0,0.0,0.0,0.0,0.0,0.0,0.0,0.0,0.0,0.0,0.0,0.0,0.0,0.0,0.0,0.0,0.0],"sense":"MAX_SENSE","nullspace_formulation":false,"dual_bound":0.8739215069684311,"a":[1.0,1.0,1.0,0.0,1.0,-0.0,-0.0,0.0,1.0,-0.0,-0.0,-0.0,1.0,1.0,1.0,1.0,0.0,-0.0,1.0,0.0,1.0,1.0,1.0,1.0,1.0,-0.0,0.0,1.0,1.0,0.0,0.0,1.0,-0.0,1.0,1.0,-0.0,1.0,0.0,1.0,1.0,1.0,1.0,1.0,1.0,0.0,0.0,0.0,0.0,0.0,1.0,0.0,1.0,1.0,1.0,1.0,0.0,0.0,0.0,0.0,-0.0,1.0,0.0,1.0,0.0,-0.0,0.0,0.0,1.0,0.0,0.0,1.0,1.0,1.0,1.0,1.0],"G":[-9.9,-1.0,-1.0,1.0,-0.9999999999999982,1.0,1.0,1.0,-1.0,1.0,1.0,1.0,-4.0,-1.0,-1.0,-1.0,3.0,1.0,-1.0,1.0,-1.0,-3.0,-1.0,-1.0,-41.81998000000016,1.0,1.0,-1.0,-1.0,1.0,997.0,-1.0,1.0,-1.0,-1000.0,1.0,-1.0,1.0,-1.0,-1.0,-0.9999999999999998,-1.0,-1.0,-1.0,8.9,333.0,334.0,1.0,1.0,-1.0,1.0,-5.9666666666666694,-1.0,-1.0,-1000.0,1.0,998.0,999.0,1.0,1.0,-1.0,1.0,-1.0000000000000009,1.0,1.0,1.0,1.0,-1.0,1.0,2.0,-1.0,-1.0,-1000.0,-1000.0,-8.0],"thermo_feasible":true,"termination":"OPTIMAL"}