{"nodes":1,"time":0.052815999999999995,"objective_value":2.5704838434592925,"μ":[0.0,511.7952116102095,0.0,0.8184091141513932,-46.81150724100607,0.0,1.0,1.997221392628262,0.0,48.2194521462589,-0.9471602394950165,0.0,-49.20030703345522,0.10133207186018467,2151.4926702730527,0.0,0.0,0.0,1.0,-0.15017633137873077,-67.21924768794749,0.0,0.0,-130.4123148261277,-0.5307291434548782,-3.9809648383606664,-0.7033040807245641,-132.40687212975814,0.0,0.8105366408292362,-1.5981764732829897,-46.4246261626551,0.1102051691662882,-12.855039979484332,-62.074492125743234,0.0,0.0,-68.3465319623642,-69.34299557191585,-49.10924697709261,0.629994316149136,0.0,0.7432150208251809,0.0,-1.0,46.2194521462589,0.0,-1.0,0.0,0.0,0.0,0.0,0.0,-1.7051776300035897,0.8105366408292362,-0.6810471209900437,-1.0156761623999278,-1.4443813693503202,0.0,-67.07625768633984,-67.411942463871,-0.36079244573601565,-49.58024459199492,0.18593469306393312,-136.01414828098902,15.095184306049928,0.0,91.16998861266318,0.0,6797.701519343866,-68.02978432877671,0.31859195611614266,-3.395720762224041e7,-4.584357950371025e7,457706.93956762674,0.0,1.1774300971441922e8,-222771.82154517935,1.683402476165114e7,0.0,116860.09358237643,8.991762490724461e6,2477.9085833894787,38603.600277446625,24752.799432343363,89161.54108347047,1.4732545575934831e7,3.2600780887830168e7,4.1696162314282395e6,9996.30839136567,29761.52143730051,27655.340455297453,22578.4705325819,163573.28540545888,469104.76884363365,38934.81904078188,335337.19970703346,3.2615565350829955e7,175964.21794789756,125023.96674255743,-2.006034317931074e7,-204116.98826452033,27410.757256362238,0.0,0.0,-3394.6740016642434,0.0,0.0,0.0,0.0,0.0,1.5650649598388512e7,0.0,0.0,4.298330231652852e8,273179.84830363916,266885.47950785153,1.988727166426177e8,1.4079973487811582e7,3.790597234321162e7,1.2597783218598992e7,22457.67907756823,36794.157294817116,27775.490268104666,-7.739172843651815e7,0.0,8.195096909988868e7,0.0,2.3609862396926862e8,21521.659407976298,1.8207431738189606e6,112578.73806413401,0.0,937220.3443665745,0.0,0.0,0.0,0.0,7005.997103677295,88743.24614013691,0.0,0.0,166701.84147502822,228113.05253233007,596693.961648176,13387.88965148626,344738.03789418377,10630.967676989201,4.669206061692968e6,2.1012283297946805e8,-2.6847567222619884e7,-196678.15601416482,0.0,0.0,0.0,0.0,0.0,0.0,7.020247983924437e7,0.0,0.0,303762.86586743005,37533.180004329675,1.0296200659301367e7,6602.250093721712,15624.297391135366,0.0,1.1144353148942612e7,5.922755078187095e7,9.34968739823111e7,2.827825419343731e9,2.982390109464926e6,0.0,0.0,73548.92335205339,-1.0379689148948152e8,-5.813090712255559e8,-4.887993000693556e6,0.0,-4.91788117490469e7,64489.660748961884,-1.036219379662836e6,512230.443642236,553891.9827024192,34191.16873747713,3.2555233974673417e6,147263.11477231362,99717.92239499046,15636.865656647366,16906.027719704056,-2.650194307082772e6,-32609.52006952553,0.0,0.0,0.0,0.0,0.0,0.0,0.0,0.0,3.939690799888771e8,0.0,0.0,0.0,0.0,0.0,807139.0584917837,0.0,1.5079332278788218e7],"time_limit":1800,"x":[0.0,33.6155328174805,0.0,0.0,0.0,0.0,0.0,32.603671906961594,67.03255499292044,0.0,4.562658002548064,0.0,0.0,0.0,0.0,0.0,-0.0,0.0,63.187111163105335,0.0,0.0,0.0,0.0,0.0,0.0,0.0,9.45603891493365,0.0,0.0,0.0,0.0,0.0,0.0,0.0,-0.0,34.79817349917222,0.0,0.0,0.0,0.0,0.0,7.365978501816948,0.0,0.0,2.7732950187082306,0.0,0.0,0.0,2.7732950187082306,0.0,8.39,0.0,-34.79817349917222,0.0,-0.0,0.0,0.0,0.0,0.0,0.0,77.77920032073075,0.0,0.0,34.79817349917222,0.0,0.0,16.793515400729852,2.5704838434592925,-0.0,47.17510238583653,0.0,0.0,0.0,1.1941082150201703,0.0,2.7732950187082306,3.3685497875278942,0.0,0.0,0.0,0.0,88.4067320288265,0.0,0.0,0.0,0.0,0.0,0.0,63.187111163105335,0.0,-0.0,0.0,0.0,-0.0,0.0,0.0,0.0,1.0610264412544874,34.94845702324125,0.0,0.0,0.0,1.0610264412544874,0.0,0.0,0.0,0.13308177376568286,0.0,33.6155328174805,34.79817349917222,0.0,0.0,47.17510238583653,0.0,0.0,-0.0,-0.0,-37.69327909741882,-0.0,0.0,86.36207939896552,65.89953489513135,0.0,-0.0,-14.01633430161483,-44.20336601441325,-9.45603891493365,0.0,0.0,0.0,0.0,0.0,0.0,33.6155328174805,0.0,0.0,0.0,0.0,0.0,0.0,0.0,0.0,0.0,0.0,0.0,0.0,0.0,0.0,0.0,0.0,-0.0,4.562658002548065,0.0,67.03255499292044,0.0,0.0,37.69327909741882,0.0,0.657272718772541,0.0,13.359061582842289,0.0,0.0,0.0,0.0,0.0,0.0,0.0,4.562658002548064,65.89953489513135,0.0,0.0,0.0,0.0,2.7732950187082306,0.0,0.0,0.0,0.0,0.0,0.0,0.0,0.0,0.0,0.0,0.0,0.0,88.4067320288265,0.0,0.0,0.0,0.0,0.0,14.01633430161483,-0.0,44.20336601441325,47.205127866397184,0.0,9.9731947127294e-5,0.0,0.0,0.0,0.0,0.0,0.0,0.00024198644001939852,0.00048493146635199383,0.0029427771162301012,0.0,0.0,0.0,0.0,0.001693158197248343,0.0,0.0,4.991699984688478e-6,0.0,0.0,0.0023362890006379785,0.0001424805527262024,0.0,0.0,3.0156690050600852e-5,2.922496577306774e-5,0.0,0.0,0.0,0.0,0.0,4.0193013822052856e-5,0.0,0.00014109405496222667,0.00014109405496222667,0.00014109405496222667,0.00014109405496222667,0.00014109405496222667,0.00014109405496222667,0.00014109405496222667,0.00014109405496222667,0.00014109405496222667,2.4134206403224247e-5,0.0,0.0,0.0001447517505005773,2.2159344211254567e-6,0.0,2.748508220741225e-6,0.00018277866819658644,0.0,0.0,0.00010619351947372813,0.00010619351947372813,0.0,0.0,0.0,0.0,3.0548242629385113e-6,0.0,0.0,0.0,0.0,0.0,0.0,0.0,2.1566200306653036e-5,0.00010448970079447026,0.00010448970079447026,0.0,6.456039409326309e-6,2.6181372306609683e-6,0.0,0.00018606014349760726,0.0,0.0,0.0,0.0,0.0,0.0,0.0,0.0,0.0,6.489802982598707e-5,6.489802982598707e-5,6.489802982598707e-5,6.489802982598707e-5,6.489802982598707e-5,0.0,0.0,0.0,5.751935874525811e-5,0.014418640458939057,0.0,0.0,0.0,0.0,1.1903390125434114e-7,0.0,0.0,0.0,0.0003575640947460549,0.0,0.0,0.0,0.0,0.0,0.0,0.0003009953748728545,0.0002569467755976162,9.670793831655653e-6,0.0,0.0,0.0,0.0,0.0,0.0,0.0,0.0,3.2685761242495956e-5,3.2685761242495956e-5,3.2685761242495956e-5,3.2685761242495956e-5,3.2685761242495956e-5,3.2685761242495956e-5,3.2685761242495956e-5,3.2685761242495956e-5,3.2685761242495956e-5,3.2685761242495956e-5,3.2685761242495956e-5,3.2685761242495956e-5,3.2685761242495956e-5,0.0,0.0,4.0193013822052856e-5,4.0193013822052856e-5],"objective_function":[0.0,0.0,0.0,0.0,0.0,0.0,0.0,0.0,0.0,0.0,0.0,0.0,0.0,0.0,0.0,0.0,0.0,0.0,0.0,0.0,0.0,0.0,0.0,0.0,0.0,0.0,0.0,0.0,0.0,0.0,0.0,0.0,0.0,0.0,0.0,0.0,0.0,0.0,0.0,0.0,0.0,0.0,0.0,0.0,0.0,0.0,0.0,0.0,0.0,0.0,0.0,0.0,0.0,0.0,0.0,0.0,0.0,0.0,0.0,0.0,0.0,0.0,0.0,0.0,0.0,0.0,0.0,1.0,0.0,0.0,0.0,0.0,0.0,0.0,0.0,0.0,0.0,0.0,0.0,0.0,0.0,0.0,0.0,0.0,0.0,0.0,0.0,0.0,0.0,0.0,0.0,0.0,0.0,0.0,0.0,0.0,0.0,0.0,0.0,0.0,0.0,0.0,0.0,0.0,0.0,0.0,0.0,0.0,0.0,0.0,0.0,0.0,0.0,0.0,0.0,0.0,0.0,0.0,0.0,0.0,0.0,0.0,0.0,0.0,0.0,0.0,0.0,0.0,0.0,0.0,0.0,0.0,0.0,0.0,0.0,0.0,0.0,0.0,0.0,0.0,0.0,0.0,0.0,0.0,0.0,0.0,0.0,0.0,0.0,0.0,0.0,0.0,0.0,0.0,0.0,0.0,0.0,0.0,0.0,0.0,0.0,0.0,0.0,0.0,0.0,0.0,0.0,0.0,0.0,0.0,0.0,0.0,0.0,0.0,0.0,0.0,0.0,0.0,0.0,0.0,0.0,0.0,0.0,0.0,0.0,0.0,0.0,0.0,0.0,0.0,0.0,0.0,0.0,0.0,0.0,0.0,0.0,0.0,0.0,0.0,0.0,0.0,0.0,0.0,0.0,0.0,0.0,0.0,0.0,0.0,0.0,0.0,0.0,0.0,0.0,0.0,0.0,0.0,0.0,0.0,0.0,0.0,0.0,0.0,0.0,0.0,0.0,0.0,0.0,0.0,0.0,0.0,0.0,0.0,0.0,0.0,0.0,0.0,0.0,0.0,0.0,0.0,0.0,0.0,0.0,0.0,0.0,0.0,0.0,0.0,0.0,0.0,0.0,0.0,0.0,0.0,0.0,0.0,0.0,0.0,0.0,0.0,0.0,0.0,0.0,0.0,0.0,0.0,0.0,0.0,0.0,0.0,0.0,0.0,0.0,0.0,0.0,0.0,0.0,0.0,0.0,0.0,0.0,0.0,0.0,0.0,0.0,0.0,0.0,0.0,0.0,0.0,0.0,0.0,0.0,0.0,0.0,0.0,0.0,0.0,0.0,0.0,0.0,0.0,0.0,0.0,0.0,0.0,0.0,0.0,0.0,0.0,0.0,0.0,0.0,0.0,0.0,0.0,0.0,0.0,0.0,0.0,0.0,0.0,0.0,0.0,0.0,0.0,0.0,0.0,0.0,0.0,0.0,0.0],"sense":"MAX_SENSE","nullspace_formulation":false,"dual_bound":2.5704838434592925,