{"objective_value":0.8739215069684304,"time_limit":1800,"thermo_feasible":true,"dual_bound":0.8739215069684304,"solution":[7.477381962160283,0.0,4.860861146496816,-16.0235261431676,4.959984944574655,0.0,-0.0,-14.716139568742829,3.214895047684761,-0.0,-0.0,-0.0,2.504309470368734,6.007249575350333,6.007249575350333,8.39,0.0,-0.0,0.0,0.0,5.064375661482094,45.51400977451745,0.0,1.7581774441067832,0.8739215069684304,-0.0,-22.809833310204965,2.678481850507529,6.007249575350333,-2.2815030940671264,0.0,43.598985311997524,0.0,14.716139568742829,0.0,-0.0,5.064375661482094,-5.064375661482094,1.4969837572615663,0.0,1.4969837572615663,1.1814980932459627,7.477381962160283,0.0,0.0,0.0,22.809833310204965,0.0,0.0,-0.0,-0.0,-10.0,-0.0,-0.0,17.530865429786786,29.17582713556579,-0.0,-0.0,-4.765319193197457,-21.799492655998762,-3.214895047684761,0.0,0.0,7.477381962160283,0.0,0.0,0.0,0.0,0.0,5.064375661482094,0.0,4.959984944574655,16.0235261431676,10.0,0.22346172933182765,0.0,-4.54185746386563,0.0,0.0,0.0,4.959984944574655,-29.17582713556579,6.007249575350333,0.0,0.0,0.0,0.0,5.064375661482094,0.0,0.0,38.53460965051543,0.0,4.765319193197457,21.799492655998762,9.282532599166617],"termination":"OPTIMAL","time":0.003984}