{"time":0.1771254539489746,"objective_value":0.873921506968431,"μ":[-10000.0,-10000.0,-10000.0,-9841.129975255373,-9985.325696711287,-5459.60243761183,-2890.844029693557,-3889.844029693557,-5361.49542311612,-5216.299701660208,-10000.0,-6499.678905619359,-7643.874627075272,-7817.418955108612,-8106.810398020435,-10000.0,-4816.740049489261,-10000.0,-4351.113133972064,-3628.4969402618353,-10000.0,-3627.4969402618353,-3969.2598996172346,-6926.896019795708,-3968.2598996172346,-5927.896019795708,-7640.183482503231,-5035.051990102151,-8528.348606577438,-3180.235472605382,-10000.0,-3324.431194061295,-4934.599403320435,-6322.443433013978,-7466.639154469891,-9385.177363026885,-10000.0,-8498.0,-7499.0,-6078.795124776348,-6004.703383524727,-10000.0,-6003.703383524727,-8349.792039591415,-5539.39756238817,-6393.201840932257,-10000.0,-7108.155970306443,-7500.0,-9006.703383524728,-4928.896019795708,-8970.651393422562,-9114.847114878476,-856.7920395914152,-10000.0,-9998.0,-7677.235472605373,-8676.235472605373,-3522.3241286720704,-5000.0,-7286.391442911827,-6181.9388561301075,-7326.13457758602,-9711.608557088173,-10000.0,-2493.9755220946336,-2492.9755220946336,-10000.0,-4925.574925415055,-5214.966368326879,-5999.0,-8713.608557088182],"time_limit":1800,"x":[7.477381962160283,0.0,4.860861146496816,-16.0235261431676,4.959984944574655,0.0,0.0,-14.716139568742829,3.2148950476847618,0.0,0.0,2.2399702503543634e-14,2.5043094703687356,6.007249575350347,6.007249575350347,8.39,0.0,2.2399702503543634e-14,-0.0,0.0,5.0643756614821065,45.51400977451749,-2.2399702503543634e-14,1.7581774441067815,0.873921506968431,0.0,-22.809833310204983,2.678481850507529,6.007249575350347,-2.2815030940671264,0.0,43.59898531199756,0.0,14.716139568742829,0.0,0.0,5.0643756614821065,-5.0643756614821065,1.496983757261566,0.0,1.496983757261566,1.1814980932459624,7.477381962160283,-2.2399702503543634e-14,0.0,0.0,22.809833310204983,0.0,0.0,0.0,0.0,-10.0,0.0,0.0,17.53086542978673,29.1758271355658,0.0,0.0,-4.765319193197461,-21.79949265599878,-3.2148950476847618,0.0,0.0,7.477381962160283,0.0,0.0,0.0,0.0,0.0,5.0643756614821065,0.0,4.959984944574655,16.0235261431676,10.0,0.22346172933182779,0.0,-4.541857463865632,0.0,0.0,0.0,4.959984944574655,-29.1758271355658,6.007249575350347,0.0,0.0,0.0,0.0,5.0643756614821065,0.0,0.0,38.53460965051545,0.0,4.765319193197461,21.79949265599878,9.28253259916661],"objective_function":[0.0,0.0,0.0,0.0,0.0,0.0,0.0,0.0,0.0,0.0,0.0,0.0,0.0,0.0,0.0,0.0,0.0,0.0,0.0,0.0,0.0,0.0,0.0,0.0,1.0,0.0,0.0,0.0,0.0,0.0,0.0,0.0,0.0,0.0,0.0,0.0,0.0,0.0,0.0,0.0,0.0,0.0,0.0,0.0,0.0,0.0,0.0,0.0,0.0,0.0,0.0,0.0,0.0,0.0,0.0,0.0,0.0,0.0,0.0,0.0,0.0,0.0,0.0,0.0,0.0,0.0,0.0,0.0,0.0,0.0,0.0,0.0,0.0,0.0,0.0,0.0,0.0,0.0,0.0,0.0,0.0,0.0,0.0,0.0,0.0,0.0,0.0,0.0,0.0,0.0,0.0,0.0,0.0,0.0,0.0],"sense":"MAX_SENSE","dual_bound":0.873921506968431,"G":[-578.7828858236544,-999.0,-997.9999999999909,999.0,-999.0000000000009,999.0000000000009,-0.9999999999990905,999.0,-0.9999999999990905,-1.0,-1.0,999.0,-578.7828858236526,-1.0,-1.0,-579.7828858236517,-1.0,999.0,-581.7828858236526,999.0,-1.0000000000009095,-0.999999999996362,-999.0000000000009,-997.0,-999.0000000000147,999.0,999.0,-1.0,-0.9999999999872671,999.0,563.4128356322626,-1.0,999.0,-999.0,-999.0,999.0,-1.0,952.5901986591507,-999.0,175.2354726053718,-1.0,-924.2171141763465,-999.0,-999.0,-0.999999999998181,-146.19572145591246,-1.0,1.0,-999.0000000000009,-1.0,-1.0000000000009095,-999.0000000000018,-998.9999999999991,-1.0000000000100044,-1.0000000000009095,-579.7828858236526,420.21711417634833,-578.7828858236517,-999.0,-0.9999999999990905,-998.9999999999991,999.0,-998.9999999999991,-999.0,-1.0,-1.0,-1.000000000001819,-1.0,-999.0,-533.3730844828033,-0.999999999996362,-465.6269155171967,-1.0,-1.0,-999.0],"thermo_feasible":true,"max_flux_bound":1000.0,"termination":"OPTIMAL"}