{"objective_value":2.57666956565047,"time_limit":1800,"thermo_feasible":true,"dual_bound":2.57666956565047,"solution":[95.65325796373219,0.0,0.0,170.95879144636365,0.0,0.0,0.0,95.18615294771085,190.83393214100855,0.0,3.752851458023269,81.64962398340889,0.0,0.0,0.0,0.0,0.0,0.0,186.97923447079543,0.0,0.0,0.0,0.0,0.0,0.0,0.0,9.478794331158326,0.0,81.64962398340889,0.0,0.0,0.0,0.0,0.0,0.0,0.0,0.0,76.87235647042962,0.0,0.0,0.0,44.05783543088098,0.0,0.0,2.779968794380292,0.0,0.0,0.0,0.0,2.779968794380292,8.39,0.0,-76.87235647042962,0.0,-0.0,0.0,0.0,37.618988320265395,0.0,0.0,0.0,0.0,0.0,0.0,76.87235647042962,42.11662820169283,0.0,2.57666956565047,-0.0,0.0,0.8508840549244243,0.0,0.0,0.6497908882259539,0.0,2.779968794380292,0.0,3.1030605697973135,0.0,0.0,0.0,0.0,0.0,0.0,0.0,0.0,0.0,0.0,186.97923447079543,0.0,-81.64962398340889,0.0,0.0,0.0,0.0,0.0,0.7899843007128867,0.0,0.0,0.0,0.0,0.7899843007128867,0.0,0.0,0.14019341248693284,0.0,0.0,0.0,95.65325796373219,76.87235647042962,0.0,0.0,-0.8508840549244243,81.64962398340889,170.95879144636365,-0.0,-0.0,-99.46722166669247,-0.0,0.0,299.51913940374175,-63.73101625430911,0.0,-0.0,-14.050063807578884,0.0,-9.478794331158326,0.0,0.0,0.0,0.0,0.0,95.65325796373219,0.0,0.0,0.0,0.0,0.0,0.0,170.95879144636365,0.0,0.0,0.0,0.0,0.0,0.0,0.0,0.0,0.0,0.0,-0.0,3.7528514580232692,0.0,190.83393214100855,0.0,0.0,99.46722166669247,14.050063807578884,0.0,0.0,0.0,0.0,0.0,0.0,0.0,13.391209399642054,0.0,0.0,3.752851458023269,0.0,0.0,0.0,63.73101625430911,0.0,2.779968794380292,0.0,0.0,0.0,0.0,0.0,0.0,0.0,0.0,36.67413112355299,0.0,0.0,36.67413112355299,0.0,0.0,0.0,0.0,0.0,0.0,14.050063807578884,0.0,0.0,0.0,0.001972333743777606,0.0,5.329116883529102e-5,5.329116883529102e-5,5.329116883529102e-5,0.0,0.0,0.0,0.0005515436125576855,0.0009824459431896475,3.751545349030922e-5,0.001157074424777696,0.00037259692748357957,0.0,0.0,2.474625140012531e-5,0.0,0.0,1.7718469486751303e-5,0.0,0.0,0.00013281009772693743,0.0,0.0,0.00035119845551631054,0.0002615911777321936,7.09720573836698e-5,5.9190926262988425e-6,0.0,0.0,0.0,0.0,0.0,0.0,1.4224411880162646e-5,1.4224411880162646e-5,1.4224411880162646e-5,1.4224411880162646e-5,1.4224411880162646e-5,1.4224411880162646e-5,1.4224411880162646e-5,1.4224411880162646e-5,0.0,0.0,6.397648391658299e-5,1.3438237713195772e-5,0.0,0.00021772803893232827,0.0,0.00019875041756395204,0.0,0.0007954291662037632,0.0,0.0,0.0,0.0,0.0,0.0,0.0,6.410551879007481e-5,0.0,0.0,0.0,0.0,0.0,0.0,6.760839650063376e-7,0.0,0.0,0.0,2.6784195741033567e-5,7.701891661627851e-8,0.0005334514356366725,6.413557643030766e-5,0.0,0.0,0.0,0.0,6.946210434374005e-5,0.0,0.0,0.0,0.0,0.0,0.0010200271988112931,0.0010200271988112931,0.0010200271988112931,0.0010200271988112931,0.0010200271988112931,0.0,0.0,0.0,0.00019837670477547658,2.4681166225067324e-5,0.0,0.0,0.0,0.00014645934724164534,0.0,0.0,0.0,0.0,0.0,0.0,0.0,0.0,5.4466465838108895e-5,5.4466465838108895e-5,0.0,3.0441385869429903e-5,0.0,0.004905016818875948,0.0,0.0,0.0,0.0,0.0,1.274525751870751e-5,0.0,1.2989160409477692e-5,0.0,0.0,0.0,0.0,0.0,0.0,0.0,0.0,0.0,0.0,0.0,0.0,0.0,0.0,0.0,0.0,0.0],"termination":"OPTIMAL","time":0.016033}