{"nodes":1,"time":0.189266,"objective_value":0.8739215069684297,"μ":[-2.2727272727272743,3.0,0.0,-5.94318181818182,-7.69318181818182,0.2045454545454568,-8.090909090909095,-9.090909090909095,-2.7954545454545454,-2.045454545454545,-9.090909090909095,-8.340909090909092,-10.090909090909092,-5.545454545454547,-8.045454545454547,6.7954545454545485,0.0,4.295454545454547,0.0,-0.14772727272727515,0.0,0.8522727272727249,14.500000000000014,-1.522727272727274,15.500000000000014,-0.522727272727274,3.0454545454545467,5.568181818181822,-2.2045454545454555,-7.772727272727277,4.090909090909095,0.0,-0.522727272727274,2.250000000000002,0.5000000000000018,12.8409090909091,0.0,0.09090909090909127,1.0909090909090913,-2.2727272727272743,-7.340909090909092,0.0,-6.340909090909092,3.250000000000002,-8.295454545454552,0.0,0.0,0.0,0.09090909090909127,0.0,0.477272727272726,-5.7954545454545485,-7.5454545454545485,-0.04545454545454797,0.0,0.0,0.0,-1.0,0.0,0.18181818181818254,-0.8636363636363631,-17.931818181818187,-19.681818181818187,-0.9545454545454544,0.3636363636363651,0.0,-1.7500000000000004,-5.272727272727274,3.5454545454545485,1.0454545454545476,-0.8181818181818175,0.045454545454545636],"time_limit":1800,"x":[7.4773819621602895,0.0,4.860861146496835,-16.023526143167608,4.959984944574637,0.0,-0.0,-14.716139568742838,3.214895047684763,-0.0,-0.0,-0.0,2.5043094703687325,6.007249575350359,6.007249575350359,8.39,0.0,-0.0,0.0,0.0,5.064375661482121,45.51400977451759,0.0,1.758177444106792,0.8739215069684297,1.7763568394002505e-14,-22.809833310205022,2.6784818505075165,6.007249575350359,-2.2815030940671193,0.0,43.59898531199762,0.0,14.716139568742838,0.0,-0.0,5.064375661482121,-5.064375661482121,1.4969837572615599,0.0,1.4969837572615599,1.1814980932459567,7.4773819621602895,0.0,0.0,0.0,22.809833310205022,0.0,0.0,-0.0,-0.0,-10.0,-0.0,-0.0,17.530865429786616,29.175827135565836,-0.0,-0.0,-4.7653191931974535,-21.79949265599881,-3.214895047684763,-1.7763568394002505e-14,0.0,7.4773819621602895,0.0,0.0,0.0,0.0,0.0,5.064375661482121,0.0,4.959984944574637,16.023526143167608,10.0,0.2234617293320378,0.0,-4.541857463865416,0.0,2.103387617174742e-13,0.0,4.959984944574637,-29.175827135565836,6.007249575350359,0.0,0.0,0.0,0.0,5.064375661482121,0.0,0.0,38.534609650515506,0.0,4.7653191931974535,21.79949265599881,9.28253259916664],"objective_function":[0.0,0.0,0.0,0.0,0.0,0.0,0.0,0.0,0.0,0.0,0.0,0.0,0.0,0.0,0.0,0.0,0.0,0.0,0.0,0.0,0.0,0.0,0.0,0.0,1.0,0.0,0.0,0.0,0.0,0.0,0.0,0.0,0.0,0.0,0.0,0.0,0.0,0.0,0.0,0.0,0.0,0.0,0.0,0.0,0.0,0.0,0.0,0.0,0.0,0.0,0.0,0.0,0.0,0.0,0.0,0.0,0.0,0.0,0.0,0.0,0.0,0.0,0.0,0.0,0.0,0.0,0.0,0.0,0.0,0.0,0.0,0.0,0.0,0.0,0.0,0.0,0.0,0.0,0.0,0.0,0.0,0.0,0.0,0.0,0.0,0.0,0.0,0.0,0.0,0.0,0.0,0.0,0.0,0.0,0.0],"sense":"MAX_SENSE","nullspace_formulation":false,"dual_bound":0.8739215069684297,"a":[1.0,0.0,1.0,0.0,1.0,0.0,0.0,0.0,1.0,0.0,1.0,0.0,1.0,1.0,1.0,1.0,0.0,0.0,1.0,0.0,1.0,1.0,0.0,1.0,1.0,0.0,0.0,1.0,1.0,0.0,1.0,1.0,0.0,1.0,0.0,0.0,1.0,0.0,1.0,0.0,1.0,1.0,1.0,1.0,1.0,0.0,0.0,0.0,0.0,1.0,0.0,1.0,1.0,1.0,1.0,0.0,0.0,1.0,1.0,0.0,1.0,0.0,1.0,0.0,0.0,1.0,0.0,1.0,0.0,0.0,1.0,1.0,1.0,1.0,1.0],"G":[-1.0,1.0,-1.0,1.0,-1.0,1.0,1.0,1.0,-8.522727272727277,1.0,-1.0,1.0,-5.000000000000002,-8.090909090909095,-1.0,-2.0,3.0000000000000013,1.0,-1.9999999999999996,1.0,-1.0,-1.0,4.522727272727275,-1.0,-108.73886590909109,1.0,1.0,-1.0,-1.0,1.0,-9.795454545454554,-1.0,1.0,-1.0,7.545454545454552,1.0,-1.0,1.0,-1.0,1.0,-1.0,-1.0,-1.0,-1.0,-1.0,1.0,1.7500000000000004,1.0,1.0,-1.0,1.0,-3.0454545454545423,-1.0,-1.0,-1.0,1.0,1.0,-1.0,-2.0,1.0,-1.0,1.0,-1.0,1.0,1.0,-3.7045454545454555,1.0,-1.0,1.0,3.5000000000000018,-1.0,-2.5000000000000018,-1.0,-1.0,-5.7954545454545485],"thermo_feasible":true,"termination":"OPTIMAL"}