{"objective_value":0.2758416508386812,"time_limit":1800,"thermo_feasible":true,"dual_bound":0.2758416508386812,"solution":[0.0,0.0,-0.0,-0.0,1.3314048961030625,0.0,7.666066634782065,0.0,3.4591094698472293,0.0,11.646850513795181,0.0,-0.0,-0.0,0.0,0.0,-0.0,3.046450360192562,-0.0,-0.0,-0.0,0.0,-0.0,0.0,-0.0,-0.0,1.0147386809402636,-0.0,0.0,0.0,0.0,0.0,-0.0,0.0,0.0,-0.0,0.0,0.0,0.0,-0.0,0.0,0.7904518346433247,0.0,0.0,0.2976055570898531,0.0,0.0,0.0,0.2976055570898531,0.0,8.39,0.0,-0.0,1.9245222928361663,-0.0,1.9245222928361663,0.0,-0.0,0.0,26.782133606179784,-0.0,0.0,0.0,0.0,0.0,0.0,-0.0,0.2758416508386812,-0.0,11.15400423624171,0.0,-0.0,0.0,7.566292030573942,-0.0,0.2976055570898531,2.773777289710541,1.3067811935106963,0.0,0.0,0.0,-0.0,23.001612303517284,0.0,0.0,0.0,0.0,0.0,3.046450360192562,0.0,-0.0,0.0,0.0,-0.0,0.0,0.0,0.0,3.832935433263353,0.0,0.0,-0.0,-0.0,3.832935433263353,0.0,-0.0,-0.0,3.733356597310589,0.1193317772525851,0.0,0.0,0.0,0.0,11.15400423624171,0.0,1.3314048961030625,-0.0,-0.0,-4.037331417435045,-0.0,0.0,6.864788411927023,13.163345157610996,0.0,-0.0,-1.5041093536931607,-11.500806151758642,-1.0147386809402636,0.0,0.0,0.1193317772525851,-0.0,-0.0,0.0,-0.0,-0.0,0.1193317772525851,0.0,0.0,0.0,1.3314048961030625,0.0,0.0,0.0,0.0,-0.0,0.0,-0.0,0.0,0.0,0.0,-0.0,11.646850513795181,0.0,3.4591094698472293,4.037331417435045,-0.0,-0.0,-0.0,1.5041093536931607,0.0,0.0,0.0,0.0,0.0,-0.0,1.4335766435737098,0.0,-0.0,11.646850513795181,13.163345157610996,0.0,0.0,0.0,0.0,0.2976055570898531,0.0,0.0,0.0,0.0,0.0,0.0,-0.0,0.0,0.0,0.0,0.0,0.0,23.001612303517284,18.56409249814525,0.0,0.0,0.0,0.0,1.5041093536931607,0.0,11.500806151758642,0.0,0.0,0.0,3.424968671597648e-5,0.0,0.0,3.424968671597648e-5,0.0,0.0,3.826997496665263e-5,0.003939294015960372,4.481993488644912e-5,0.0,0.0,0.0,8.257408054925932e-7,0.0,0.0,0.0,6.171928167298963e-6,0.0,0.0,0.0006011708146680783,0.0,0.0,0.0,8.96762937966021e-6,6.2321182123729406e-6,0.0,0.0,2.0650196049712997e-5,1.5409730578869355e-5,0.0,0.0,0.0,0.0001783996998526389,0.0001783996998526389,0.0001783996998526389,0.0001783996998526389,0.0001783996998526389,0.0001783996998526389,0.0001783996998526389,0.0001783996998526389,0.0,0.0,0.0,0.0,0.0,5.313433472163477e-6,0.0,8.215173353366548e-6,0.0040689881289607275,7.275125899010728e-7,0.0,0.0,0.0,2.4085158695386294e-5,2.4085158695386294e-5,0.0,0.0,3.9936413319271185e-6,0.0,0.0,0.0,0.0,0.0,0.0,0.0,4.6770767537475865e-5,7.5330863204108e-5,7.5330863204108e-5,0.0,8.79912704598663e-5,2.1711141867634247e-5,4.3727755473409045e-7,0.0,0.0,0.0003512605831039823,0.0,5.253890315769567e-6,0.0,0.0,0.0,0.0,0.0,0.0,0.0,0.0,4.5832505028539914e-5,4.5832505028539914e-5,0.0,0.0,0.0,0.001199600005871207,7.162266637117527e-5,4.5832505028539914e-5,4.5832505028539914e-5,0.0,0.0,3.924586360894077e-5,0.0,0.0,0.0,0.0,0.0,0.0,0.0,7.1374119098824935e-6,7.1374119098824935e-6,0.0,0.0009131862806307858,3.173871499945221e-5,1.3818589317400464e-5,0.0,0.0,0.0,0.0,0.0,0.0,0.0,0.0,0.00010443896632989684,0.00010443896632989684,0.00010443896632989684,0.00010443896632989684,0.00010443896632989684,0.00010443896632989684,0.00010443896632989684,0.00010443896632989684,0.00010443896632989684,0.00010443896632989684,0.00010443896632989684,0.00010443896632989684,0.00010443896632989684,0.0,0.0,0.0,0.0],"termination":"OPTIMAL","time":0.018626}