{"nodes":1,"time":0.065556,"objective_value":0.8739215069684307,"μ":[-10.483333333333334,-8.983333333333334,-11.983333333333334,-7.983333333333334,-9.733333333333334,-2.183333333333331,-7.666666666666671,-8.666666666666671,-7.983333333333334,-7.233333333333334,-5.866666666666668,-12.166666666666668,-13.916666666666668,-4.05,-6.55,0.0,2.9333333333333345,0.0,0.0,989.3333333333334,0.19999999999999662,1989.3333333333335,6.266666666666659,-1.3000000000000034,1006.2666666666667,-0.3000000000000034,0.0,5.366666666666668,-5.200000000000001,-2.183333333333337,0.0,-1.9333333333333371,-6.866666666666668,-6.116666666666666,-7.866666666666666,8.3,0.0,-0.33333333333333326,0.6666666666666667,-8.616666666666667,-9.23333333333333,0.0,-10.23333333333333,-3.183333333333331,-2.683333333333337,-5.183333333333337,0.0,2.8000000000000034,-0.33333333333333326,-6.366666666666668,0.5,0.0,-1.75,0.0,0.0,-3.866666666666668,-6.866666666666668,-7.866666666666668,0.0,-0.6666666666666665,-1.6666666666666665,-15.283333333333331,-17.03333333333333,-1.3333333333333333,-1.3333333333333333,-3.9333333333333353,-338.68333333333334,-13.816666666666668,4.616666666666664,2.1166666666666636,-1.6666666666666665,0.0],"time_limit":1800,"x":[7.477381962160228,0.0,4.860861146496648,-16.023526143167548,4.959984944574824,0.0,-0.0,-14.716139568742776,3.2148950476847613,-0.0,-0.0,-0.0,2.504309470368735,6.007249575350272,6.007249575350272,8.39,0.0,-0.0,0.0,0.0,5.064375661482032,45.514009774517596,0.0,1.7581774441067264,0.8739215069684307,-0.0,-22.80983331020495,2.6784818505076418,6.007249575350272,-2.2815030940671828,0.0,43.59898531199748,0.0,14.716139568742776,0.0,-0.0,5.064375661482032,-5.064375661482032,1.4969837572616225,-2.6645352591003757e-13,1.4969837572616225,1.1814980932460188,7.477381962160228,0.0,0.0,0.0,22.80983331020495,0.0,0.0,-0.0,-0.0,-10.0,-0.0,-0.0,17.530865429786743,29.175827135565775,-0.0,-0.0,-4.765319193197459,-21.79949265599874,-3.2148950476847613,0.0,0.0,7.477381962160228,0.0,0.0,0.0,0.0,0.0,5.064375661482032,0.0,4.959984944574824,16.023526143167548,10.0,0.22346172933182773,0.0,-4.5418574638656315,0.0,0.0,0.0,4.959984944574824,-29.175827135565775,6.007249575350272,0.0,0.0,0.0,0.0,5.064375661482032,0.0,0.0,38.53460965051546,0.0,4.765319193197459,21.79949265599874,9.282532599166556],"objective_function":[0.0,0.0,0.0,0.0,0.0,0.0,0.0,0.0,0.0,0.0,0.0,0.0,0.0,0.0,0.0,0.0,0.0,0.0,0.0,0.0,0.0,0.0,0.0,0.0,1.0,0.0,0.0,0.0,0.0,0.0,0.0,0.0,0.0,0.0,0.0,0.0,0.0,0.0,0.0,0.0,0.0,0.0,0.0,0.0,0.0,0.0,0.0,0.0,0.0,0.0,0.0,0.0,0.0,0.0,0.0,0.0,0.0,0.0,0.0,0.0,0.0,0.0,0.0,0.0,0.0,0.0,0.0,0.0,0.0,0.0,0.0,0.0,0.0,0.0,0.0,0.0,0.0,0.0,0.0,0.0,0.0,0.0,0.0,0.0,0.0,0.0,0.0,0.0,0.0,0.0,0.0,0.0,0.0,0.0,0.0],"sense":"MAX_SENSE","scip_seed":1,"nullspace_formulation":false,"dual_bound":0.8739215069684307,"a":[1.0,1.0,1.0,0.0,1.0,-0.0,-0.0,0.0,1.0,-0.0,-0.0,-0.0,1.0,1.0,1.0,1.0,1.0,-0.0,0.0,0.0,1.0,1.0,1.0,1.0,1.0,-0.0,0.0,1.0,1.0,0.0,0.0,1.0,-0.0,1.0,1.0,-0.0,1.0,0.0,1.0,1.0,1.0,1.0,1.0,1.0,0.0,0.0,0.0,0.0,0.0,1.0,0.0,1.0,1.0,1.0,1.0,0.0,0.0,0.0,0.0,-0.0,1.0,0.0,1.0,0.0,-0.0,0.0,0.0,1.0,1.0,1.0,1.0,0.0,1.0,1.0,1.0],"G":[-7.483333333333334,-1.0,-1.3333333333333333,1.0,-5.516666666666664,1.0,1.0,1.0,-1.0,1.0,1.0,1.0,-1.0,-1.0,-1.0,-2.0,-1.0,1.0,1.0,1.0,-3.9333333333333336,-1.0,-1.0,-4.0,-39.33839833333335,1.0,1.0,-1.0,-1.0,1.0,1.0,-1.0,1.0,-1.0,-3.25,1.0,-1.0,1.0,-1.3333333333333333,-4.4333333333333345,-1.0,-1.0,-1.0,-1.0,5.483333333333334,334.0,334.75,1.0,1.0,-0.999999999999992,1.0,-7.983333333333334,-0.9999999999999996,-1.0,-1000.0,1.0,997.0,998.0,1.0,1.0,-1.0,1.0,-1.0,1.0,1.0,0.9999999999999991,1.0,-1.0,-5.999999999999999,-8.933333333333334,-1.0000000000000009,2.9333333333333345,-1000.0,-1000.0,-0.9999999999999982],"thermo_feasible":true,"max_flux_bound":1000.0,"termination":"OPTIMAL"}