{"cuts":5,"times_sub_problem":[0.021281003952026367,0.0010521411895751953,0.0010840892791748047,0.001096963882446289,0.0011129379272460938,0.24149203300476074],"objective_values":[34.04731003781035,34.04731003781035,34.047310037810355,34.047310037810355,34.04731003781035,34.04731003781035],"time":5.674093961715698,"objective_value":34.04731003781035,"μ":[0.0,-1.5235735398300512,-7.523573539830052,0.41046420889855817,0.0,-5.5103610054898144,3.0,4.0,-1.0,0.0,2.0,2.0,0.0,-1.5103610054898144,-4.613096423748936,0.0,0.6850028419254319,0.0,1.685002841925432,0.06596225127139066,11.411955181087286,-0.9340377487286093,20.629994316149137,10.28731476051316,3.352791855732896,9.54192285239681,-2.0,6.28731476051316,0.0,0.0,-4.845021940895934,-0.0,0.0,3.287314760513161,1.2873147605131612,0.0,-4.3149971580745685,1.0,0.0,-2.0,1.314997158074568,-7.5555924232167655,0.22802469998185515,0.0,0.0,-0.0,-0.9999999999999998,0.0,1.0,0.0,1.8946409891743536,1.6594991157017356,1.6594991157017356,0.0,2.894640989174354,2.0,-0.34450195762716745,0.0,-1.0,11.555592423216765,7.179684490593207,0.0,-2.0,-3.3759079326235577,-2.3759079326235577,0.0,0.0,0.0,3.3149971580745685,0.0,10.555592423216765,-3.2432506695713688,-0.0,0.0,0.0,-6.436063396765219e7,0.0,-3.303549024507598e7,0.0,0.0,3.695440633007287e8,5.68120872127032e7,9.04611453299664e6,1.220753027594394e8,7.827522467152797e7,1.1456996663701175e7,1.0811359832318269e8,2.059794627485108e8,6.423650237749251e8,3.186138435432867e7,9.485934570630811e7,8.785859639062954e7,7.172982494452895e7,1.2173446453361747e9,1.544652720186406e9,1.2820328876544726e8,1.1041872777887273e9,-8.452316373877687e9,6.620251252420803e8,4.06089328444954e8,3.8018870098721642e9,-2.0731929710478615e7,8.668042532009275e7,-2.1844725692764533e8,0.0,0.0,0.0,0.0,0.0,0.0,0.0,0.0,0.0,1.1266856161997015e9,0.0,9.542701451246264e8,9.322826952394215e8,0.0,3.258502130443282e-7,-0.0,1.1326696600258179e9,0.0,1.1655944148588936e8,8.798939480271982e7,1.1180418661715899e7,0.0,0.0,0.0,0.0,6.871524329772969e7,-0.0,3.569766862472829e8,0.0,0.0,0.0,0.0,3.162460690148013e7,0.0,2.2154908128163192e7,2.806307847597787e8,0.0,0.0,2.167037999929825e8,1.0956644866723151e9,1.9318006152438376e9,0.0,0.0,0.0,0.0,0.0,0.0,0.0,0.0,0.0,0.0,0.0,0.0,0.0,0.0,-1.5287463771572168e9,0.0,0.0,0.0,0.0,2.087814797822076e7,2.2660376578733098e7,0.0,0.0,0.0,-1.731971296845853e9,0.0,0.0,0.0,0.0,2.3629364706900206e8,-0.0,0.0,-0.0,3.048407313593149e8,0.0,2.039342134982798e8,1.1219329537713592e8,1.6220684344426827e9,1.8136936916203208e9,-7.431826442257015e8,2.0569168655277565e7,9.568871983421455e7,0.0,-0.0,5.3461553780207485e7,3.9655967080878277e9,6.148415961201591e7,0.0,0.0,0.0,0.0,0.0,0.0,0.0,0.0,0.0,0.0,0.0,0.0,0.0,-0.0,2.3519106709835574e8,0.0,0.0],"time_limit":1800,"x":[-0.0,481.3968277566938,-0.0,-0.0,-0.0,40.72963902297647,611.6771918482548,1000.0,1000.0,0.0,179.9417705127105,-0.0,296.75860104530375,-0.0,0.0,1000.0,1000.0,949.0652241834357,-0.0,-0.0,-0.0,-0.0,0.0,-0.0,0.0,-0.0,125.24983943609288,-0.0,296.75860104530375,-0.0,-0.0,-0.0,0.0,1000.0,1000.0,-0.0,-0.0,276.28132161854694,-0.0,-0.0,0.0,97.56597164434932,0.0,-0.0,36.733642799793586,-0.0,-0.0,0.0,-0.0,36.733642799793586,8.39,0.0,-276.28132161854694,0.0,-0.0,0.0,0.0,0.0,-0.0,1000.0,-0.0,-0.0,723.7186783814531,-0.0,1000.0,-0.0,258.5810166762526,34.04731003781035,-0.0,815.7558766685281,0.0,0.0,-0.0,-0.0,95.48797388662868,36.733642799793586,-0.0,84.45379662608181,0.0,-0.0,0.0,1000.0,-0.0,-0.0,0.0,0.0,-0.0,50.9347758165643,1000.0,0.0,-296.75860104530375,0.0,0.0,-0.0,0.0,-0.0,-0.0,53.88952640513946,223.89504161387913,0.0,-0.0,-0.0,53.88952640513946,-0.0,0.0,41.59844748148993,-0.0,0.0,481.3968277566938,276.28132161854694,0.0,0.0,815.7558766685281,296.75860104530375,40.72963902297647,-0.0,-0.0,-575.2442772222064,-0.0,0.0,999.9999999999995,767.0115008626497,0.0,0.0,-185.65317217417228,-500.0,-125.24983943609288,0.0,0.0,-0.0,0.0,-0.0,481.3968277566938,-0.0,-0.0,0.0,-0.0,0.0,-0.0,40.72963902297647,-0.0,0.0,0.0,0.0,-0.0,-0.0,-0.0,0.0,-0.0,0.0,820.0582294872895,1000.0,0.0,1000.0,-0.0,575.2442772222064,-0.0,8.705897176668106,-0.0,0.0,176.94727499750417,0.0,0.0,-0.0,-0.0,0.0,1000.0,1000.0,179.9417705127105,-0.0,1000.0,-0.0,232.9884991373503,963.2663572002064,1000.0,0.0,-0.0,0.0,0.0,-0.0,0.0,-0.0,-0.0,0.0,0.0,0.0,0.0,1000.0,0.0,-0.0,814.3468278258276,-0.0,1000.0,-0.0,0.0,500.0,696.6464350003733,0.0,0.0,0.0,0.0,0.0,0.0,0.0,0.0,4.221860140311521e-6,2.2876764027860198e-6,3.67004544844773e-5,0.0,6.179667129696044e-6,0.0001745658184868408,1.5321761445888334e-5,0.0,0.0,0.0,0.0,0.0,0.0,0.00018008226875709378,0.0,0.0,5.004247507213355e-7,1.263140323208218e-7,1.1097356096979349e-7,0.0,0.0,0.0,0.0,0.0,0.0,0.0,1.7751180730841125e-6,1.7751180730841125e-6,1.7751180730841125e-6,1.7751180730841125e-6,1.7751180730841125e-6,1.7751180730841125e-6,1.7751180730841125e-6,1.7751180730841125e-6,0.0,0.0,7.954577841280408e-6,0.0,7.048210176395445e-7,0.0,1.686069244309981e-7,0.0,0.0,1.9196358110073347e-6,0.0,0.0,0.0,0.0,0.0,0.0,0.0,2.8536751994656056e-7,0.0,0.0,0.0,0.0,0.0,0.0,0.0,3.4637919190827405e-7,0.0,0.0,4.570766226580205e-7,9.836866497117092e-8,0.0,2.169669868446679e-5,0.0,0.0,0.0,0.0,0.0,0.0,0.0,0.0,0.0,0.0,0.0,0.0,0.0,0.0,0.0,0.0,0.0,0.0,7.927395173544989e-5,6.802029941737784e-5,0.0,0.0,0.0,1.5079748479416525e-8,0.0,0.0,0.0,0.0,1.4976896517732643e-6,0.0,0.0,0.0,0.0,0.0,9.807084185101045e-6,3.7538238946587e-6,0.0,1.1027220358324323e-6,0.0,0.0,0.0,0.0,0.0,0.0,0.0,0.0,0.0,0.0,0.0,0.0,0.0,0.0,0.0,0.0,0.0,0.0,0.0,0.0,0.0,0.0,8.503724332198424e-6,0.0,0.0],"times_mis_problem":[2.3770809173583984,0.013003110885620117,0.0050220489501953125,0.004748106002807617,0.005240917205810547,0.00465703010559082],"dual_bounds":[34.04731003781035,34.04731003781035,34.047310037810355,34.047310037810355,34.04731003781035,34.04731003781035],"times_master_problem":[0.03565502166748047,0.008475065231323242,0.00840306282043457,0.00900411605834961,0.009618997573852539,0.009496927261352539],