{"nodes":1,"time":0.060825,"objective_value":34.047310037810355,"μ":[0.0,-0.9685854455300574,0.0,0.0,0.4931932293706768,0.0,1.8700323286904776,2.8700323286904776,0.0,0.09634256173076508,-1.0,-17.036012101066518,-18.113209549993602,0.0,-28.16401986795165,0.0,0.0,0.0,0.0,0.9014468831604201,0.0,1.0516232145391224,0.0,0.7453919081163493,-0.5307291434548786,0.0,0.0,-2.1246404205741283,0.0,0.0,18.81315669774588,0.8879467810437535,0.9802374978567667,-16.06369449862796,-17.160037060358725,0.0,0.0,0.0,-1.0,-0.11610506387399844,0.6299943161491361,68.65974320550332,0.7432150208251769,0.0,0.0,-0.903657438269235,0.12996767130952247,-1.9228720891954612,68.34299557191585,-0.810536640829236,0.0,0.0,0.9007746617946312,1.8700323286904776,-0.8700323286904775,-0.7338868814950275,0.0,-0.4287052069503944,0.0,1.0,-48.23058896538039,-0.3607924457360403,-1.4571350074668055,19.680499434693672,0.09189373412755342,-17.06369449862796,273.39464338663316,3.173619828140268,-2.8700323286904776,-86.7595511046293,0.0,19.813156697745843,-1.3989039685850687e9,-1.888575939909814e9,0.0,0.0,0.0,0.0,0.0,0.0,3.6954406330075055e7,5.68120872127032e6,-9.650637662406448e6,1.2207530275943937e7,7.827522467152795e6,1.1440482683475309e6,1.0811359832318276e7,2.0597946274851102e7,6.423650237749249e7,3.161110271016858e6,9.411419437379539e6,8.7453865306139e6,7.139939296595469e6,5.17264146238029e7,1.4834395307926744e8,1.2312270845536172e7,1.060429335256976e8,9.690693525371188e7,5.564477154056361e7,3.95360497015624e7,-1.2187007564739205e7,8.415483457462093e6,0.0,0.0,0.0,7.737921841399857e7,0.0,0.0,0.0,0.0,0.0,9.09590059139932e7,0.0,0.0,1.9050814020996362e8,8.638705314987843e7,8.439659896710044e7,-7.15576564681586e9,-5.06620477122648e8,1.198692095278985e10,3.983768843981977e9,-5.117778910320136e8,1.1655944148589604e7,8.798939480271973e6,2.9352176631831634e8,8.062955369834611e8,0.0,0.0,2.3229166034915905e9,6.805746275559593e6,5.757695463471766e8,3.569766862472833e7,-2.771155052492445e8,0.0,0.0,0.0,0.0,0.0,1.1088531518145618e9,1.5034482069202003e9,0.0,6.44372611474409e8,5.271575092054126e7,7.21356810015803e7,1.9318006152438378e8,4.233622436169443e6,1.0901573958430576e8,3.361807159091507e6,2.017258510578958e8,9.078033127994036e9,1.8749540468653937e11,1.2860618420666244e9,0.0,0.0,0.0,1.1616606105428152e8,0.0,0.0,0.0,0.0,1.2625495129770749e9,1.8959101636582785e9,1.3994850243366107e7,2.660482982567144e8,0.0,4.940836659581446e6,0.0,-1.0621250027195897e9,-1.9737751954168105e8,-3.725290298461914e-9,0.0,0.0,-5.491844759599087e6,0.0,2.3258211724562705e7,6.4217817636060245e7,3.5964853465704817e8,3.0241391492603133e6,0.0,6.001050269586849e7,2.0393421349827982e7,0.0,1.6220684344426823e8,1.8136936916203207e8,2.2830766023543645e7,2.0569168655277109e6,9.568871983421296e6,-2.7074577582773906e8,-4.245591185658122e7,2.736512127884887e7,-9.731967768061565e8,-1.2975002472952267e7,0.0,0.0,0.0,0.0,0.0,0.0,1.1025263509266965e9,0.0,0.0,0.0,0.0,0.0,0.0,6.99069444585469e7,2.5523978133178437e8,6.337408076828208e9,0.0],"time_limit":1800,"x":[0.0,481.3968277566938,0.0,40.72963902297715,0.0,0.0,0.0,388.3228081517456,1000.0,0.0,179.94177051271052,296.7586010453034,0.0,0.0,0.0,0.0,-0.0,949.0652241834357,0.0,0.0,0.0,0.0,0.0,0.0,0.0,125.24983943609266,0.0,296.7586010453034,0.0,0.0,0.0,0.0,0.0,0.0,-0.0,0.0,276.28132161854717,0.0,0.0,0.0,0.0,97.56597164434936,0.0,0.0,36.73364279979359,0.0,0.0,0.0,36.73364279979359,0.0,8.39,0.0,-276.28132161854717,0.0,-0.0,0.0,0.0,0.0,0.0,0.0,1000.0,0.0,723.7186783814528,0.0,1000.0,0.0,258.58101667625164,34.047310037810355,-0.0,815.7558766685274,0.0,0.0,0.0,95.48797388662928,0.0,36.73364279979359,84.45379662608127,0.0,0.0,0.0,0.0,0.0,1000.0,0.0,0.0,0.0,0.0,0.0,949.0652241834357,0.0,-296.7586010453034,0.0,0.0,-0.0,0.0,0.0,53.88952640513941,0.0,223.89504161387902,0.0,0.0,53.88952640513941,0.0,0.0,0.0,41.59844748148987,0.0,0.0,481.3968277566938,276.28132161854717,0.0,0.0,815.7558766685274,296.7586010453034,40.72963902297715,-0.0,-0.0,-575.2442772222073,-0.0,0.0,999.9999999999995,767.0115008626492,0.0,-0.0,-185.65317217417237,-500.0,-125.24983943609266,0.0,0.0,0.0,0.0,0.0,481.3968277566938,0.0,0.0,0.0,0.0,0.0,0.0,40.72963902297715,0.0,0.0,0.0,0.0,0.0,0.0,0.0,-0.0,0.0,0.0,-0.0,179.94177051271055,0.0,1000.0,0.0,575.2442772222073,0.0,0.0,8.705897176668108,0.0,1000.0,823.0527250024958,0.0,0.0,0.0,0.0,0.0,-0.0,179.94177051271052,1000.0,0.0,232.98849913735074,0.0,0.0,36.7336427997936,0.0,1000.0,0.0,1000.0,0.0,0.0,0.0,0.0,0.0,0.0,0.0,0.0,1000.0,0.0,0.0,0.0,0.0,185.65317217417237,0.0,-0.0,500.0,696.6464350003725,0.0,4.516453288080375e-6,0.0,0.0,0.0,0.0,0.0,0.0,9.114176107532416e-6,2.2876764027860197e-5,0.0003670045448447729,3.962429926759373e-5,0.0,0.0,0.0001532176144588832,0.0,0.0,1.1515683517496028e-6,0.0,1.6188054703230967e-5,0.0,8.407961247907964e-5,0.0,4.310050456256461e-5,0.0,1.2631403232082184e-6,1.2241142065127414e-6,0.0,0.0,0.0,0.0,0.0,1.8757450674304867e-6,0.0,5.7364767977782535e-6,5.7364767977782535e-6,5.7364767977782535e-6,5.7364767977782535e-6,5.7364767977782535e-6,5.7364767977782535e-6,5.7364767977782535e-6,5.7364767977782535e-6,5.7364767977782535e-6,0.0,7.954577841280409e-5,0.0,7.048210176395418e-6,5.603532509084476e-7,0.0,1.1512376048107925e-7,1.4491112096878948e-5,0.0,0.0,0.0,0.0,1.3184792977709219e-6,1.3184792977709219e-6,0.0,0.0,0.0,0.0,0.0,0.0,0.0,0.0,0.0,4.387500227369999e-5,0.0,2.1168493663158484e-6,2.1168493663158484e-6,2.2213356299437124e-5,0.0,0.0,0.0002169669868446679,0.0,0.0,0.0,0.0,6.331351380131096e-8,0.0,0.0,0.0,0.0,0.0,0.0,0.0,0.0,3.7123471302156915e-6,3.7123471302156915e-6,0.0,0.0,0.0,7.173450534068936e-6,0.0006802029941737785,3.7123471302156915e-6,0.0,3.7123471302156915e-6,0.0,0.0,0.0,0.0,0.0,8.575213364684133e-5,0.0,0.0,0.0,0.0,0.0,0.0,3.7538238946587e-5,1.4948248688982905e-5,4.050699737172977e-7,0.0,0.0009723290394076513,0.0,0.0,0.0,0.0,0.0,0.0,1.1691581648899733e-6,1.1691581648899733e-6,1.1691581648899733e-6,1.1691581648899733e-6,1.1691581648899733e-6,1.1691581648899733e-6,1.1691581648899733e-6,1.1691581648899733e-6,1.1691581648899733e-6,1.1691581648899733e-6,1.1691581648899733e-6,1.1691581648899733e-6,1.1691581648899733e-6,0.0,1.5787433975673353e-5,1.8757450674304867e-6,1.8757450674304867e-6],"objective_function":[0.0,0.0,0.0,0.0,0.0,0.0,0.0,0.0,0.0,0.0,0.0,0.0,0.0,0.0,0.0,0.0,0.0,0.0,0.0,0.0,0.0,0.0,0.0,0.0,0.0,0.0,0.0,0.0,0.0,0.0,0.0,0.0,0.0,0.0,0.0,0.0,0.0,0.0,0.0,0.0,0.0,0.0,0.0,0.0,0.0,0.0,0.0,0.0,0.0,0.0,0.0,0.0,0.0,0.0,0.0,0.0,0.0,0.0,0.0,0.0,0.0,0.0,0.0,0.0,0.0,0.0,0.0,1.0,0.0,0.0,0.0,0.0,0.0,0.0,0.0,0.0,0.0,0.0,0.0,0.0,0.0,0.0,0.0,0.0,0.0,0.0,0.0,0.0,0.0,0.0,0.0,0.0,0.0,0.0,0.0,0.0,0.0,0.0,0.0,0.0,0.0,0.0,0.0,0.0,0.0,0.0,0.0,0.0,0.0,0.0,0.0,0.0,0.0,0.0,0.0,0.0,0.0,0.0,0.0,0.0,0.0,0.0,0.0,0.0,0.0,0.0,0.0,0.0,0.0,0.0,0.0,0.0,0.0,0.0,0.0,0.0,0.0,0.0,0.0,0.0,0.0,0.0,0.0,0.0,0.0,0.0,0.0,0.0,0.0,0.0,0.0,0.0,0.0,0.0,0.0,0.0,0.0,0.0,0.0,0.0,0.0,0.0,0.0,0.0,0.0,0.0,0.0,0.0,0.0,0.0,0.0,0.0,0.0,0.0,0.0,0.0,0.0,0.0,0.0,0.0,0.0,0.0,0.0,0.0,0.0,0.0,0.0,0.0,0.0,0.0,0.0,0.0,0.0,0.0,0.0,0.0,0.0,0.0,0.0,0.0,0.0,0.0,0.0,0.0,0.0,0.0,0.0,0.0,0.0,0.0,0.0,0.0,0.0,0.0,0.0,0.0,0.0,0.0,0.0,0.0,0.0,0.0,0.0,0.0,0.0,0.0,0.0,0.0,0.0,0.0,0.0,0.0,0.0,0.0,0.0,0.0,0.0,0.0,0.0,0.0,0.0,0.0,0.0,0.0,0.0,0.0,0.0,0.0,0.0,0.0,0.0,0.0,0.0,0.0,0.0,0.0,0.0,0.0,0.0,0.0,0.0,0.0,0.0,0.0,0.0,0.0,0.0,0.0,0.0,0.0,0.0,0.0,0.0,0.0,0.0,0.0,0.0,0.0,0.0,0.0,0.0,0.0,0.0,0.0,0.0,0.0,0.0,0.0,0.0,0.0,0.0,0.0,0.0,0.0,0.0,0.0,0.0,0.0,0.0,0.0,0.0,0.0,0.0,0.0,0.0,0.0,0.0,0.0,0.0,0.0,0.0,0.0,0.0,0.0,0.0,0.0,0.0,0.0,0.0,0.0,0.0,0.0,0.0,0.0,0.0,0.0,0.0,0.0,0.0,0.0,0.0,0.0,0.0,0.0],"sense":"MAX_SENSE","nullspace_formulation":false,"dual_bound":34.047310037810355,