{"nodes":1,"time":0.084202,"objective_value":0.8739215069684303,"μ":[-4.75,-3.666666666666667,-7.666666666666667,-7.25,-9.25,0.33333333333333304,-2.583333333333333,-3.583333333333333,-7.25,-6.25,-4.583333333333333,-9.5,-11.5,-1.25,-4.25,0.0,4.0,0.0,0.0,2.0,4.416666666666667,1002.0,15.333333333333334,1.916666666666667,1015.3333333333334,2.916666666666667,1.0,3.5,2.0,2.166666666666667,9.25,2.166666666666667,-7.583333333333333,-5.25,-7.25,7.25,0.0,3.0,4.0,-9.583333333333332,-11.5,4.0,-12.5,0.0,-3.9166666666666665,-1002.9166666666666,2.6666666666666665,-1.0,2.0,-6.083333333333333,-0.5,-2.583333333333333,-4.583333333333333,0.0,0.0,-2.583333333333333,-3.0,-4.0,7.25,1.0,1.0,-15.75,-17.75,2.0,2.0,1.0,-333.9999999999999,-7.75,2.333333333333334,-0.6666666666666661,0.0,3.0],"time_limit":1800,"x":[7.477381962160284,0.0,4.860861146496818,-16.023526143167604,4.9599849445746536,0.0,-0.0,-14.716139568742832,3.214895047684763,-0.0,-0.0,-0.0,2.5043094703687334,6.007249575350329,6.007249575350329,8.39,0.0,-0.0,0.0,0.0,5.06437566148209,45.514009774517454,0.0,1.758177444106786,0.8739215069684303,-3.552713678800501e-15,-22.80983331020495,2.678481850507527,6.007249575350329,-2.2815030940671255,0.0,43.5989853119975,0.0,14.716139568742832,0.0,-0.0,5.06437566148209,-5.06437566148209,1.4969837572615652,0.0,1.4969837572615652,1.181498093245962,7.477381962160284,0.0,0.0,0.0,22.80983331020495,0.0,0.0,-0.0,-0.0,-10.0,-0.0,-0.0,17.530865429786658,29.175827135565793,-0.0,-0.0,-4.765319193197456,-21.79949265599875,-3.214895047684763,3.552713678800501e-15,0.0,7.477381962160284,0.0,0.0,0.0,0.0,0.0,5.06437566148209,0.0,4.9599849445746536,16.023526143167604,10.0,0.22346172933182762,0.0,-4.541857463865629,0.0,0.0,0.0,4.9599849445746536,-29.175827135565793,6.007249575350329,0.0,0.0,0.0,0.0,5.06437566148209,0.0,0.0,38.534609650515414,0.0,4.765319193197456,21.79949265599875,9.282532599166611],"objective_function":[0.0,0.0,0.0,0.0,0.0,0.0,0.0,0.0,0.0,0.0,0.0,0.0,0.0,0.0,0.0,0.0,0.0,0.0,0.0,0.0,0.0,0.0,0.0,0.0,1.0,0.0,0.0,0.0,0.0,0.0,0.0,0.0,0.0,0.0,0.0,0.0,0.0,0.0,0.0,0.0,0.0,0.0,0.0,0.0,0.0,0.0,0.0,0.0,0.0,0.0,0.0,0.0,0.0,0.0,0.0,0.0,0.0,0.0,0.0,0.0,0.0,0.0,0.0,0.0,0.0,0.0,0.0,0.0,0.0,0.0,0.0,0.0,0.0,0.0,0.0,0.0,0.0,0.0,0.0,0.0,0.0,0.0,0.0,0.0,0.0,0.0,0.0,0.0,0.0,0.0,0.0,0.0,0.0,0.0,0.0],"sense":"MAX_SENSE","scip_seed":2,"nullspace_formulation":false,"dual_bound":0.8739215069684303,"a":[1.0,1.0,1.0,0.0,1.0,-0.0,-0.0,0.0,1.0,-0.0,-0.0,-0.0,1.0,1.0,1.0,1.0,1.0,-0.0,1.0,1.0,1.0,1.0,1.0,1.0,1.0,-0.0,0.0,1.0,1.0,0.0,0.0,1.0,-0.0,1.0,1.0,-0.0,1.0,0.0,1.0,1.0,1.0,1.0,1.0,1.0,0.0,0.0,0.0,0.0,0.0,1.0,0.0,1.0,1.0,1.0,1.0,0.0,0.0,0.0,1.0,-0.0,1.0,0.0,1.0,0.0,-0.0,0.0,0.0,1.0,1.0,1.0,1.0,0.0,1.0,1.0,1.0],"G":[-7.75,-1.0,-1.0,1.0,-11.916666666666668,1.0,1.0,1.0,-1.0,1.0,1.0,1.0,-2.0,-1.0,-1.0,-3.0,-1.0,1.0,-1.0000000000000009,-1.0,-1.0000000000000009,-1.0,-1.0,-1.0,-108.85200000000002,1.0,1.0,-2.0,-1.0,1.0,997.0,-1.0,1.0,-1.0,-1000.0,1.0,-1.0,1.0,-1.0,-6.0,-1.0,-1.0,-1.0,-1.0,4.75,333.9999999999999,334.9999999999999,1.0,1.0,-1.0,1.0,-1.0,-1.0,-1.0,-4.0,1.0,2.0,1.0,-1.0,1.0,-1.0,1.0,-1.0,0.9999999999999996,1.0,1.0,1.0,-1.0,-3.0,-7.0,-1.0,4.0,-1000.0,-1000.0,-1.0],"thermo_feasible":true,"max_flux_bound":1000.0,"termination":"OPTIMAL"}