{"nodes":1,"time":0.08383,"objective_value":34.04731003781035,"μ":[1401.701571700002,0.0,0.0,-837.8309689171857,-1087.4914331260843,-4916.756213236312,0.0,-477.35630505719814,-837.8309689171857,-587.5809689171857,-5127.896861357079,-2291.065892439893,-2540.315892439893,-4079.925244319126,-4581.425244319126,-837.8309689171857,0.0,0.0,1337.3309689171856,838.8309689171857,-1227.2381327745356,861.597689886916,2506.5000000000005,-745.3919081163494,2941.88917098398,0.0,-5079.925244319125,-1745.3919081163494,0.0,-456.32601567645634,1444.8755560235454,-705.5760156764563,834.8309689171857,-2290.065892439893,-2541.315892439893,751.7500000000001,0.0,1007.1855296926259,1008.1855296926259,583.5809689171857,-553.3810014396657,2015.0901881436016,-1528.5807553981645,0.0,-2831.675244319126,-3331.175244319126,-3669.5062132363114,-5126.896861357086,1009.1855296926259,-457.32601567645634,1293.156984593642,-1337.3309689171856,-1586.5809689171858,2587.313969187284,0.0,-4243.09427540194,-4127.896861357079,-4144.874062792169,0.0,999.9999999999995,502.95232922548786,-747.4969617629982,-998.7469617629984,1511.1378589181138,55.81184324165747,-2291.065892439893,-3062.7254695426664,965.4638745945701,-3079.925244319126,-3581.4252443191263,0.0,1945.3755560235454,-7.88723242715871e11,0.0,0.0,0.0,0.0,0.0,0.0,0.0,-1.84587259618714e11,-2.8377637562745293e10,-1.118717241122707e10,3.3448674591808838e10,2.144743825700825e10,1.1456996663701175e7,-9.308371578859387e10,-2.0597946274851086e11,7.70231798436709e10,3.186138435432867e7,9.485934570630811e7,-3.540192028980121e10,6.997816838938149e9,-1.4466145254850033e10,-2.850457569174423e10,0.0,0.0,-3.860444765775383e11,2.764903053717208e8,-4.3372455744156235e10,2.3970855102861923e11,5.328517236344438e9,0.0,0.0,0.0,-3.8493777894985703e12,0.0,0.0,0.0,0.0,3.185868263244629e-5,0.0,0.0,0.0,0.0,9.542701451246264e8,-2.9802322387695312e-8,0.0,-3.665078497867471e11,1.52587890625e-5,1.1326696600257568e9,0.0,0.0,0.0,0.0,0.0,0.0,0.0,0.0,0.0,3.1344585660772306e8,1.7866683146676514e11,0.0,0.0,0.0,0.0,0.0,3.162460690148013e7,2.258130618739874e8,0.0,0.0,0.0,2.167037999929826e8,-4.15644585907884e9,9.668662079295406e11,9.562632486034588e9,-3.1886952406032288e10,1.6652847741820229e10,1.0776774866880917e11,0.0,0.0,1.0075536250573305e10,0.0,0.0,3.004683610864893e11,0.0,0.0,0.0,0.0,0.0,0.0,5.064303731027204e11,1.52587890625e-5,0.0,0.0,-1.1318858101077131e10,0.0,0.0,0.0,-5.773237656152843e8,0.0,0.0,0.0,-3.699974186606906e7,-9.898706763639876e10,1.2843563527212048e9,0.0,6.048278298520627e7,0.0,-2.5510016458883902e11,2.039342134982798e8,-8.539152219831607e10,4.238819200136049e11,9.077536926559712e11,-2.990299072819131e11,0.0,-6.72227375310153e7,0.0,0.0,0.0,-9.685691469468091e11,-8.610898765361029e9,0.0,0.0,0.0,0.0,0.0,0.0,0.0,0.0,0.0,0.0,0.0,0.0,0.0,-3.484861181258563e11,-2.5596691660515046e9,0.0,0.0],"time_limit":1800,"x":[481.3968277566938,-0.0,0.0,40.72963902297704,0.0,-0.0,0.0,388.32280815174596,1000.0,0.0,179.94177051271058,296.75860104530364,0.0,0.0,0.0,0.0,-0.0,0.0,0.0,949.0652241834357,0.0,0.0,0.0,0.0,874.7501605639069,-0.0,1000.0,296.75860104530364,0.0,0.0,0.0,0.0,0.0,0.0,-0.0,-0.0,0.0,276.28132161854705,0.0,0.0,0.0,97.56597164434932,0.0,0.0,36.73364279979353,0.0,963.2663572002065,0.0,500.0,500.0,8.39,0.0,-276.28132161854705,0.0,-0.0,0.0,0.0,0.0,0.0,1000.0,0.0,723.718678381453,-0.0,0.0,1000.0,-0.0,258.58101667625135,34.04731003781035,-0.0,815.7558766685275,0.0,0.0,-0.0,-0.0,95.48797388662933,36.733642799793586,84.45379662608121,0.0,0.0,0.0,0.0,-0.0,1000.0,-0.0,0.0,0.0,0.0,50.93477581656428,1000.0,0.0,-296.75860104530364,0.0,0.0,-0.0,0.0,0.0,53.889526405139286,1.7763568394002505e-13,223.8950416138789,0.0,0.0,53.88952640513946,0.0,958.4015525185101,0.0,1000.0,0.0,0.0,481.3968277566938,276.28132161854705,0.0,0.0,815.7558766685275,296.75860104530364,40.72963902297704,-0.0,-0.0,-575.2442772222076,-0.0,0.0,1000.0,767.0115008626499,0.0,-0.0,-185.65317217417228,-500.0,-125.24983943609311,0.0,0.0,0.0,0.0,0.0,0.0,0.0,481.3968277566938,0.0,-0.0,0.0,0.0,0.0,40.72963902297704,0.0,0.0,0.0,-0.0,-0.0,0.0,0.0,0.0,0.0,-0.0,179.94177051271055,0.0,1000.0,-0.0,-0.0,575.2442772222076,8.705897176668106,-0.0,0.0,176.94727499750417,0.0,0.0,-0.0,0.0,0.0,1000.0,1000.0,179.94177051271058,767.0115008626499,0.0,0.0,0.0,963.2663572002065,1000.0,0.0,0.0,0.0,0.0,0.0,-0.0,0.0,0.0,0.0,0.0,0.0,0.0,1000.0,-0.0,0.0,0.0,0.0,185.65317217417228,-0.0,-0.0,500.0,696.6464350003729,6.09739139007701e-7,0.0,0.0,0.0,0.0,0.0,0.0,0.0,9.114176107532424e-7,2.2876764027860198e-6,3.670045448447731e-5,3.962429926759375e-6,0.0,0.0,0.0,0.0,2.5787374798675325e-6,0.0,1.8443099181227778e-5,1.6188054703230997e-6,0.0,8.407961247907965e-6,0.0,0.0,5.004247507213357e-7,1.263140323208218e-7,7.0787864533727764e-6,0.0,0.0,0.0,0.0,0.0,0.0,0.0,1.7751180730841125e-6,1.7751180730841125e-6,1.7751180730841125e-6,1.7751180730841125e-6,1.7751180730841125e-6,1.7751180730841125e-6,1.7751180730841125e-6,1.7751180730841125e-6,0.0,1.5168004198369558e-6,6.4020043953138e-6,0.0,7.048210176395411e-7,0.0,1.6860692443099925e-7,0.0,1.449111209687894e-6,0.0,0.0,0.0,0.0,0.0,0.0,0.0,0.0,2.853675199465605e-7,0.0,0.0,0.0,0.0,0.0,0.0,4.38750022736999e-6,1.1417674038299097e-21,0.0,0.0,2.1597355507880695e-5,0.0,0.0,0.0,0.0,2.732328952687151e-5,0.0,0.0,0.0,9.230499268392556e-7,0.0,0.0,0.0,0.0,0.0,0.0,0.0,0.0,0.0,0.0,0.0,0.0,7.173450534068937e-7,6.802029941737784e-5,0.0,0.0,0.0,1.5079748479416525e-8,0.0,0.0,0.0,0.0,1.4976896517732643e-6,0.0,0.0,0.0,0.0,0.0,9.807084185101045e-6,3.7538238946587015e-6,9.457202724325044e-7,1.1027220358324323e-6,0.0,0.0,0.0,0.0,0.0,0.0,0.0,0.0,0.0,0.0,0.0,0.0,0.0,0.0,0.0,0.0,0.0,0.0,0.0,0.0,0.0,0.0,1.5787433975673325e-6,0.0,0.0],"objective_function":[0.0,0.0,0.0,0.0,0.0,0.0,0.0,0.0,0.0,0.0,0.0,0.0,0.0,0.0,0.0,0.0,0.0,0.0,0.0,0.0,0.0,0.0,0.0,0.0,0.0,0.0,0.0,0.0,0.0,0.0,0.0,0.0,0.0,0.0,0.0,0.0,0.0,0.0,0.0,0.0,0.0,0.0,0.0,0.0,0.0,0.0,0.0,0.0,0.0,0.0,0.0,0.0,0.0,0.0,0.0,0.0,0.0,0.0,0.0,0.0,0.0,0.0,0.0,0.0,0.0,0.0,0.0,1.0,0.0,0.0,0.0,0.0,0.0,0.0,0.0,0.0,0.0,0.0,0.0,0.0,0.0,0.0,0.0,0.0,0.0,0.0,0.0,0.0,0.0,0.0,0.0,0.0,0.0,0.0,0.0,0.0,0.0,0.0,0.0,0.0,0.0,0.0,0.0,0.0,0.0,0.0,0.0,0.0,0.0,0.0,0.0,0.0,0.0,0.0,0.0,0.0,0.0,0.0,0.0,0.0,0.0,0.0,0.0,0.0,0.0,0.0,0.0,0.0,0.0,0.0,0.0,0.0,0.0,0.0,0.0,0.0,0.0,0.0,0.0,0.0,0.0,0.0,0.0,0.0,0.0,0.0,0.0,0.0,0.0,0.0,0.0,0.0,0.0,0.0,0.0,0.0,0.0,0.0,0.0,0.0,0.0,0.0,0.0,0.0,0.0,0.0,0.0,0.0,0.0,0.0,0.0,0.0,0.0,0.0,0.0,0.0,0.0,0.0,0.0,0.0,0.0,0.0,0.0,0.0,0.0,0.0,0.0,0.0,0.0,0.0,0.0,0.0,0.0,0.0,0.0,0.0,0.0,0.0,0.0,0.0,0.0,0.0,0.0,0.0,0.0,0.0,0.0,0.0,0.0,0.0,0.0,0.0,0.0,0.0,0.0,0.0,0.0,0.0,0.0,0.0,0.0,0.0,0.0,0.0,0.0,0.0,0.0,0.0,0.0,0.0,0.0,0.0,0.0,0.0,0.0,0.0,0.0,0.0,0.0,0.0,0.0,0.0,0.0,0.0,0.0,0.0,0.0,0.0,0.0,0.0,0.0,0.0,0.0,0.0,0.0,0.0,0.0,0.0,0.0,0.0,0.0,0.0,0.0,0.0,0.0,0.0,0.0,0.0,0.0,0.0,0.0,0.0,0.0,0.0,0.0,0.0,0.0,0.0,0.0,0.0,0.0,0.0,0.0,0.0,0.0,0.0,0.0,0.0,0.0,0.0,0.0,0.0,0.0,0.0,0.0,0.0,0.0,0.0,0.0,0.0,0.0,0.0,0.0,0.0,0.0,0.0,0.0,0.0,0.0,0.0,0.0,0.0,0.0,0.0,0.0,0.0,0.0,0.0,0.0,0.0,0.0,0.0,0.0,0.0,0.0,0.0,0.0,0.0,0.0,0.0,0.0,0.0,0.0,0.0],"sense":"MAX_SENSE","nullspace_formulation":false,"dual_bound":34.04731003781035,"a":[1.0,1.0,1.0,1.0,1.0,1.0,0.0,1.0,1.0,0.0,1.0,1.0,1.0,0.0,0.0,1.0,1.0,0.0,0.0,1.0,0.0,0.0,0.0,1.0,1.0,1.0,1.0,1.0,1.0,1.0,0.0,1.0,1.0,0.0,0.0,0.0,1.0,1.0,0.0,0.0,0.0,1.0,0.0,0.0,1.0,0.0,1.0,0.0,1.0,1.0,1.0,1.0,-0.0,1.0,0.0,1.0,1.0,0.0,0.0,1.0,1.0,1.0,0.0,1.0,1.0,1.0,1.0,1.0,-0.0,1.0,0.0,1.0,1.0,0.0,1.0,1.0,1.0,1.0,0.0,0.0,1.0,1.0,1.0,0.0,1.0,1.0,1.0,1.0,1.0,1.0,-0.0,1.0,1.0,1.0,1.0,0.0,1.0,1.0,1.0,0.0,0.0,1.0,0.0,1.0,0.0,1.0,1.0,1.0,1.0,1.0,0.0,1.0,0.0,0.0,1.0,1.0,0.0,0.0,0.0,1.0,1.0,1.0,0.0,1.0,0.0,0.0,1.0,1.0,1.0,0.0,0.0,1.0,0.0,1.0,1.0,1.0,1.0,1.0,1.0,0.0,1.0,0.0,1.0,0.0,1.0,1.0,1.0,1.0,1.0,1.0,0.0,0.0,0.0,1.0,1.0,1.0,1.0,0.0,0.0,0.0,1.0,1.0,0.0,0.0,1.0,1.0,1.0,1.0,1.0,1.0,0.0,0.0,1.0,0.0,0.0,1.0,1.0],