{"nodes":1,"time":0.074833,"objective_value":0.8739215069684304,"μ":[-9.5,-3.125,-6.125,-4.25,-6.0,-1.0,-6.5,-7.5,-4.25,-3.5,-2.0,-14.75,-16.5,-2.875,-5.375,0.0,-3.5,0.0,0.0,-4.375,-2.25,995.625,14.0,-1.0,1014.0,0.0,3.875,4.5,-1.041666666666667,-7.5,2.208333333333333,-7.25,-6.875,-6.0,-7.75,11.0,0.0,-0.16666666666666674,0.8333333333333333,-8.625,-9.375,0.16666666666666674,-10.375,0.0,0.0,-999.25,5.875,5.5,-0.16666666666666674,-9.125,3.25,-0.125,-1.875,0.0,0.0,0.0,-2.875,-3.875,0.625,-0.5,-1.3333333333333333,-18.125,-19.875,-1.0,-1.0,-6.375,-340.375,-12.5,7.694487836021948,5.194487836021948,-1.5,0.0],"time_limit":1800,"x":[7.477381962160285,8.659739592076221e-15,4.860861146496816,-16.023526143167604,4.959984944574655,0.0,-0.0,-14.716139568742832,3.21489504768477,-0.0,-0.0,-0.0,2.504309470368734,6.007249575350333,6.007249575350333,8.39,0.0,-0.0,0.0,0.0,5.064375661482094,45.51400977451746,0.0,1.7581774441067868,0.8739215069684304,-0.0,-22.809833310204958,2.678481850507529,6.007249575350333,-2.2815030940671264,0.0,43.59898531199754,0.0,14.716139568742832,0.0,-0.0,5.064375661482094,-5.064375661482094,1.496983757261566,0.0,1.496983757261566,1.1814980932459627,7.477381962160285,0.0,0.0,0.0,22.809833310204958,0.0,8.659739592076221e-15,-0.0,-0.0,-10.0,-0.0,-0.0,17.530865429786722,29.175827135565825,-0.0,-0.0,-4.765319193197457,-21.79949265599877,-3.21489504768477,0.0,0.0,7.477381962160285,0.0,0.0,-8.659739592076221e-15,0.0,0.0,5.064375661482094,0.0,4.959984944574655,16.023526143167604,10.0,0.22346172933182765,0.0,-4.54185746386563,0.0,0.0,0.0,4.959984944574655,-29.175827135565825,6.007249575350333,0.0,0.0,0.0,0.0,5.064375661482094,0.0,0.0,38.53460965051542,0.0,4.765319193197457,21.79949265599877,9.282532599166608],"objective_function":[0.0,0.0,0.0,0.0,0.0,0.0,0.0,0.0,0.0,0.0,0.0,0.0,0.0,0.0,0.0,0.0,0.0,0.0,0.0,0.0,0.0,0.0,0.0,0.0,1.0,0.0,0.0,0.0,0.0,0.0,0.0,0.0,0.0,0.0,0.0,0.0,0.0,0.0,0.0,0.0,0.0,0.0,0.0,0.0,0.0,0.0,0.0,0.0,0.0,0.0,0.0,0.0,0.0,0.0,0.0,0.0,0.0,0.0,0.0,0.0,0.0,0.0,0.0,0.0,0.0,0.0,0.0,0.0,0.0,0.0,0.0,0.0,0.0,0.0,0.0,0.0,0.0,0.0,0.0,0.0,0.0,0.0,0.0,0.0,0.0,0.0,0.0,0.0,0.0,0.0,0.0,0.0,0.0,0.0,0.0],"sense":"MAX_SENSE","scip_seed":4,"nullspace_formulation":false,"dual_bound":0.8739215069684304,"a":[1.0,1.0,1.0,0.0,1.0,-0.0,-0.0,0.0,1.0,-0.0,-0.0,-0.0,1.0,1.0,1.0,1.0,0.0,-0.0,0.0,0.0,1.0,1.0,1.0,1.0,1.0,-0.0,0.0,1.0,1.0,0.0,0.0,1.0,-0.0,1.0,1.0,-0.0,1.0,0.0,1.0,0.0,1.0,1.0,1.0,1.0,1.0,0.0,0.0,0.0,0.0,1.0,0.0,1.0,1.0,1.0,1.0,0.0,0.0,0.0,1.0,-0.0,1.0,0.0,1.0,0.0,-0.0,0.0,0.0,1.0,1.0,1.0,1.0,1.0,1.0,1.0,1.0],"G":[-1.0,-1.0,-1.0,1.0,-1.0,1.0,1.0,1.0,-1.0,1.0,1.0,1.0,-3.0,-1.0,-1.0,-2.0,1.0,1.0,1.0,6.5,-1.0,-1.0,-1.0,-9.5,-99.77415000000005,1.0,1.0,-1.0,-1.0,1.0,997.75,-1.0,1.0,-1.0,-1000.0,1.0,-3.305512163978052,1.0,-1.0,2.0,-0.9999999999999998,-1.0,-1.0,-1.0,-1.0,333.25,334.0,3.305512163978052,1.0,-4.069487836021948,1.0,-2.041666666666667,-1.0,-1.0,-3.0,1.0,2.0,1.0,-1.0,1.0,-0.9999999999999998,1.0,-1.0,1.0,1.0,1.0,1.0,-1.0,-9.5,-6.0,-1.0,-3.5,-1000.0,-1000.0,-1.0],"thermo_feasible":true,"max_flux_bound":1000.0,"termination":"OPTIMAL"}