{"cuts":0,"times_sub_problem":[0.2341899871826172],"objective_values":[0.8739215069684303],"multiple_mis":2,"time":8.77831506729126,"max_density":null,"objective_value":0.8739215069684303,"μ":[0.0,0.0,0.0,0.0,0.0,0.0,0.0,0.0,0.0,0.0,0.0,0.0,0.0,0.0,0.0,0.0,0.0,0.0,0.0,0.0,0.0,0.0,0.0,0.0,0.0,0.0,0.0,0.0,0.0,0.0,0.0,0.0,0.0,0.0,0.0,0.0,0.0,0.0,0.0,0.0,0.0,0.0,0.0,0.0,0.0,0.0,0.0,0.0,0.0,0.0,0.0,0.0,0.0,0.0,0.0,0.0,0.0,0.0,0.0,0.0,0.0,0.0,0.0,0.0,0.0,0.0,0.0,0.0,0.0,0.0,0.0,0.0],"time_limit":1800,"distinct_cuts":false,"x":[7.477381962160511,1.829647544582258e-13,4.860861146497497,-16.023526143167828,4.959984944573975,0.0,-0.0,-14.716139568743056,3.214895047684763,-2.4143727522230433e-15,2.4143727522230433e-15,-0.0,2.5043095703698697,6.007249575350559,6.007249575350559,8.39,0.0,-0.0,1.0880517897355489e-15,1.0880517897355489e-15,5.064375761483455,45.514009774517,0.0,1.7581773441058766,0.8739215069684303,-0.0,-22.809833310204777,2.6784818505070747,6.007249575350559,-2.281503094066899,0.0,43.598985311997325,-0.0,14.716139568743056,0.0,-2.4143727522230433e-15,5.06437566148232,-5.064375761483455,1.4969837572613391,0.0,1.4969837572613391,1.1814980932457357,7.477381962160511,0.0,-2.4143727522230433e-15,0.0,22.809833310204777,2.4143727522230433e-15,1.829647544582258e-13,-0.0,-0.0,-10.0,0.0,0.0,17.530865429786914,29.175827135565605,0.0,0.0,-4.765319193197457,-21.799492655998662,-3.214895047684763,0.0,0.0,7.477381962160511,0.0,0.0,-1.829647544582258e-13,0.0,0.0,5.06437566148232,0.0,4.959984944573975,16.023526143167828,10.0,0.22346172933182734,-0.0,-4.54185746386563,0.0,-2.7430280269413737e-16,-0.0,4.959984944573975,-29.175827135565605,6.007249675351694,-1.000011353724517e-7,-0.0,-1.000011353724517e-7,-0.0,5.064375561481184,0.0,0.0,38.53460965051501,1.0e-7,4.765319193197457,21.799492655998662,9.282532499165523],"times_mis_problem":[3.058393955230713],"dual_bounds":[0.8739215069684303],"times_master_problem":[2.2023589611053467],"max_cuts":0,"solution":[7.477381962160511,1.829647544582258e-13,4.860861146497497,-16.023526143167828,4.959984944573975,0.0,-0.0,-14.716139568743056,3.214895047684763,-2.4143727522230433e-15,2.4143727522230433e-15,-0.0,2.5043095703698697,6.007249575350559,6.007249575350559,8.39,0.0,-0.0,1.0880517897355489e-15,1.0880517897355489e-15,5.064375761483455,45.514009774517,0.0,1.7581773441058766,0.8739215069684303,-0.0,-22.809833310204777,2.6784818505070747,6.007249575350559,-2.281503094066899,0.0,43.598985311997325,-0.0,14.716139568743056,0.0,-2.4143727522230433e-15,5.06437566148232,-5.064375761483455,1.4969837572613391,0.0,1.4969837572613391,1.1814980932457357,7.477381962160511,0.0,-2.4143727522230433e-15,0.0,22.809833310204777,2.4143727522230433e-15,1.829647544582258e-13,-0.0,-0.0,-10.0,0.0,0.0,17.530865429786914,29.175827135565605,0.0,0.0,-4.765319193197457,-21.799492655998662,-3.214895047684763,0.0,0.0,7.477381962160511,0.0,0.0,-1.829647544582258e-13,0.0,0.0,5.06437566148232,0.0,4.959984944573975,16.023526143167828,10.0,0.22346172933182734,-0.0,-4.54185746386563,0.0,-2.7430280269413737e-16,-0.0,4.959984944573975,-29.175827135565605,6.007249675351694,-1.000011353724517e-7,-0.0,-1.000011353724517e-7,-0.0,5.064375561481184,0.0,0.0,38.53460965051501,1.0e-7,4.765319193197457,21.799492655998662,9.282532499165523,1.0,1.0,1.0,0.0,1.0,0.0,0.0,0.0,1.0,0.0,0.0,0.0,1.0,1.0,1.0,1.0,1.0,0.0,1.0,1.0,1.0,1.0,1.0,1.0,1.0,0.0,0.0,1.0,1.0,0.0,1.0,1.0,0.0,1.0,1.0,0.0,1.0,0.0,1.0,1.0,1.0,1.0,1.0,1.0,1.0,1.0,0.0,1.0,0.0,1.0,0.0,1.0,1.0,1.0,1.0,0.0,0.0,1.0,1.0,0.0,1.0,0.0,1.0,1.0,0.0,1.0,0.0,1.0,1.0,1.0,1.0,1.0,1.0,1.0,1.0,-0.0,-0.0,-0.0,-0.0,-0.0,-0.0,-0.0,-0.0,-0.0,-0.0,-0.0,-0.0,-0.0,-0.0,-0.0,-0.0,-0.0,-0.0,-0.0,-0.0,-0.0,-0.0,-0.0,-0.0,-0.0,-0.0,-0.0,-0.0,-0.0,-0.0,-0.0,-0.0,-0.0,-0.0,-0.0,-0.0,-0.0,-0.0,-0.0,-0.0,-0.0,-0.0,-0.0,-0.0,-0.0,-0.0,-0.0,-0.0,-0.0,-0.0,-0.0,-0.0,-0.0,-0.0,-0.0,-0.0,-0.0,-0.0,-0.0,-0.0,-0.0,-0.0,-0.0,-0.0,-0.0,-0.0,-0.0,-0.0,-0.0,-0.0,-0.0,-0.0,-0.0,-0.0,-0.0,0.0,0.0,0.0,0.0,0.0,0.0,0.0,0.0,0.0,0.0,0.0,0.0,0.0,0.0,0.0,0.0,0.0,0.0,0.0,0.0,0.0,0.0,0.0,0.0,0.0,0.0,0.0,0.0,0.0,0.0,0.0,0.0,0.0,0.0,0.0,0.0,0.0,0.0,0.0,0.0,0.0,0.0,0.0,0.0,0.0,0.0,0.0,0.0,0.0,0.0,0.0,0.0,0.0,0.0,0.0,0.0,0.0,0.0,0.0,0.0,0.0,0.0,0.0,0.0,0.0,0.0,0.0,0.0,0.0,0.0,0.0,0.0],"a":[1.0,1.0,1.0,0.0,1.0,0.0,0.0,0.0,1.0,0.0,0.0,0.0,1.0,1.0,1.0,1.0,1.0,0.0,1.0,1.0,1.0,1.0,1.0,1.0,1.0,0.0,0.0,1.0,1.0,0.0,1.0,1.0,0.0,1.0,1.0,0.0,1.0,0.0,1.0,1.0,1.0,1.0,1.0,1.0,1.0,1.0,0.0,1.0,0.0,1.0,0.0,1.0,1.0,1.0,1.0,0.0,0.0,1.0,1.0,0.0,1.0,0.0,1.0,1.0,0.0,1.0,0.0,1.0,1.0,1.0,1.0,1.0,1.0,1.0,1.0],"iter":1,"G":[-0.0,-0.0,-0.0,-0.0,-0.0,-0.0,-0.0,-0.0,-0.0,-0.0,-0.0,-0.0,-0.0,-0.0,-0.0,-0.0,-0.0,-0.0,-0.0,-0.0,-0.0,-0.0,-0.0,-0.0,-0.0,-0.0,-0.0,-0.0,-0.0,-0.0,-0.0,-0.0,-0.0,-0.0,-0.0,-0.0,-0.0,-0.0,-0.0,-0.0,-0.0,-0.0,-0.0,-0.0,-0.0,-0.0,-0.0,-0.0,-0.0,-0.0,-0.0,-0.0,-0.0,-0.0,-0.0,-0.0,-0.0,-0.0,-0.0,-0.0,-0.0,-0.0,-0.0,-0.0,-0.0,-0.0,-0.0,-0.0,-0.0,-0.0,-0.0,-0.0,-0.0,-0.0,-0.0],"thermo_feasible":true,"times_filtering":[0.40141916275024414],"scip_tol":1.0e-6,"termination":"OPTIMAL"}