{"cuts":34,"times_sub_problem":[0.6051990985870361,0.00144195556640625,0.00144195556640625,0.0020208358764648438,0.001850128173828125,0.0016210079193115234,0.001962900161743164,0.0014801025390625,0.0023651123046875,0.001909017562866211,0.0018270015716552734,0.0012521743774414062,0.0012691020965576172,0.001264810562133789,0.0012438297271728516,0.0012350082397460938,0.0014760494232177734,0.0013589859008789062,0.0013527870178222656,0.0013399124145507812,0.0013580322265625,0.0013909339904785156,0.0012791156768798828,0.0012729167938232422,0.0012259483337402344,0.001363992691040039,0.0012660026550292969,0.0013380050659179688,0.0012900829315185547,0.0012331008911132812,0.0013730525970458984,0.0012469291687011719,0.0012469291687011719,0.0013930797576904297,0.342379093170166],"objective_values":[0.8739215069684302,0.8739215069684302,0.8739215069684305,0.8739215069684305,0.8739215069684305,0.8739215069684305,0.8739215069684302,0.8739215069684302,0.8739215069684305,0.8739215069684305,0.8739215069684305,0.8739215069684302,0.8739215069684301,0.873921506968429,0.8739215069684303,0.8739215069684302,0.8739215069684301,0.8739215069684303,0.87392150696843,0.8739215069684304,0.87392150696843,0.8739215069684309,0.8739215069684304,0.8739215069684328,0.8739215069684302,0.8739215069684327,0.8739215069684305,0.8739215069684303,0.8739215069684305,0.8739215069684301,0.8739215069684304,0.87392150696843,0.8739215069684306,0.8739215069684287,0.8739215069684299],"time":10.131598949432373,"objective_value":0.8739215069684299,"μ":[-6.001087133477673,-17.212176088523133,-21.844899386920684,-15.212176088523133,-17.37035691312252,0.0,0.0,-1.0,-1.1581808245993874,0.0,0.5790904122996938,-17.607809338934548,-19.765990163533935,-4.816542838111721,-8.132904487310496,0.0,-12.053995263923746,0.0,-13.053995263923746,0.0,5.395270872585524,1.0,42.00616042304014,3.895270872585524,43.00616042304014,4.895270872585524,7.395633250411413,2.895270872585524,0.15818082459938743,-2.974542473798162,0.0,-3.1327232983975497,-7.44926613650927,-3.3956332504114135,-5.553814075010801,0.0,-17.686718562321296,-1.420909587700307,-0.42090958770030706,-9.607446961108657,-19.186899751234243,0.000543566738834933,-20.186899751234243,0.0,-5.053632886097855,0.0,3.3956332504114144,1.5790904122996938,-1.420909587700307,-6.94926613650927,0.5,0.0,-2.1581808245993876,0.0,0.0,2.579090412299694,12.63308567622344,11.63308567622344,4.974723662711108,-2.842362742139449,-3.131636164919878,-33.39907583975737,-35.55725666435676,-1.710183010480736,-5.684725484278898,2.5790904122996947,0.0,-9.001087133477673,-3.8165428381117206,-7.132904487310496,-3.842362742139449,-0.7101830104807361],"time_limit":1800,"x":[7.4773819621602815,0.0,4.860861146496809,-16.0235261431676,4.959984944574662,0.0,-0.0,-14.716139568742829,3.2148950476847666,-0.0,-0.0,-2.4868995751603507e-14,2.5043094703687325,6.007249575350312,6.007249575350312,8.39,0.0,-2.4868995751603507e-14,0.0,0.0,5.064375661482073,45.51400977451741,2.4868995751603507e-14,1.7581774441067868,0.8739215069684299,-0.0,-22.809833310204937,2.678481850507534,6.007249575350312,-2.2815030940671286,0.0,43.59898531199746,-0.0,14.716139568742829,0.0,-0.0,5.064375661482073,-5.064375661482073,1.4969837572615685,0.0,1.4969837572615685,1.1814980932459656,7.4773819621602815,2.4868995751603507e-14,0.0,0.0,22.809833310204937,0.0,0.0,-0.0,-0.0,-10.0,0.0,0.0,17.530865429786683,29.175827135565754,0.0,0.0,-4.765319193197454,-21.79949265599873,-3.2148950476847666,0.0,0.0,7.4773819621602815,0.0,0.0,0.0,0.0,0.0,5.064375661482073,0.0,4.959984944574662,16.0235261431676,10.0,0.2234617293318275,-0.0,-4.541857463865627,0.0,0.0,-0.0,4.959984944574662,-29.175827135565754,6.007249575350312,0.0,-0.0,0.0,-0.0,5.064375661482073,0.0,0.0,38.534609650515385,0.0,4.765319193197454,21.79949265599873,9.282532599166618],"times_mis_problem":[0.5821459293365479,0.010696887969970703,1.71661376953125e-5,3.2901763916015625e-5,3.3855438232421875e-5,1.71661376953125e-5,2.002716064453125e-5,1.4066696166992188e-5,3.314018249511719e-5,2.5987625122070312e-5,1.5020370483398438e-5,1.4066696166992188e-5,1.6927719116210938e-5,4.410743713378906e-5,1.3113021850585938e-5,2.193450927734375e-5,1.5020370483398438e-5,1.9788742065429688e-5,1.4066696166992188e-5,1.4066696166992188e-5,1.5974044799804688e-5,1.7881393432617188e-5,1.3828277587890625e-5,1.6927719116210938e-5,1.3113021850585938e-5,1.811981201171875e-5,1.3113021850585938e-5,2.384185791015625e-5,1.5020370483398438e-5,1.5974044799804688e-5,1.7881393432617188e-5,1.4066696166992188e-5,1.5974044799804688e-5,1.5974044799804688e-5,1.9073486328125e-5],"dual_bounds":[0.8739215069684302,0.8739215069684302,0.8739215069684305,0.8739215069684305,0.8739215069684305,0.8739215069684305,0.8739215069684302,0.8739215069684302,0.8739215069684305,0.8739215069684305,0.8739215069684305,0.8739215069684302,0.8739215069684301,0.873921506968429,0.8739215069684303,0.8739215069684302,0.8739215069684301,0.8739215069684303,0.87392150696843,0.8739215069684304,0.87392150696843,0.8739215069684309,0.8739215069684304,0.8739215069684328,0.8739215069684302,0.8739215069684327,0.8739215069684305,0.8739215069684303,0.8739215069684305,0.8739215069684301,0.8739215069684304,0.87392150696843,0.8739215069684306,0.8739215069684287,0.8739215069684299],"times_master_problem":[0.06625199317932129,0.01825094223022461,0.027026891708374023,0.02941608428955078,0.032228946685791016,0.03106093406677246,0.041665077209472656,0.045248985290527344,0.04262995719909668,0.04090094566345215,0.03304791450500488,0.06180596351623535,0.061018943786621094,0.061805009841918945,0.0725550651550293,0.06118011474609375,0.05841493606567383,0.06174206733703613,0.0722041130065918,0.031764984130859375,0.06305503845214844,0.06907510757446289,0.07357001304626465,0.07155203819274902,0.06947898864746094,0.07170295715332031,0.07110285758972168,0.06743192672729492,0.07410979270935059,0.06720995903015137,0.06998300552368164,0.0715489387512207,0.0710909366607666,0.07454109191894531,0.07345795631408691],