{"nodes":1,"time":0.071325,"objective_value":0.8739215069684304,"μ":[-5.476489498075267,-0.4552424152765817,-2.497736580873953,-3.9339953324778967,-5.44461887387724,-1.0,0.0,-1.0,-3.9339953324778967,-3.423371791078554,-3.0,-9.389237747754478,-10.89986128915382,0.0,-2.021247082798685,0.0,0.0,1.9575058344026295,0.0,4.478752917201315,4.521247082798686,1004.4787529172013,16.974226078949222,3.021247082798685,1016.9742260789493,4.021247082798685,0.0,2.021247082798685,0.0,2.391501166880526,-2.9339953324778967,2.8808776254811836,-3.042494165597371,-4.455242415276582,-5.965865956675925,6.465865956675925,0.0,1.478752917201315,2.478752917201315,-4.553117706996714,-8.867990664955794,2.761755250962367,-9.867990664955794,-3.9339953324778967,0.0,-2.0212470827986855,0.0,-2.0,1.478752917201315,-2.542494165597371,0.5,-0.5212470827986855,-2.031870624198028,0.0,0.0,-1.0,-1.5212470827986853,-2.521247082798685,0.0,0.19575058344026308,1.95750583440263,-13.80198599743369,-15.312609538833032,-1.0,0.39150116688052616,-1.5212470827986855,-335.5212470827987,-8.476489498075267,5.465865956675925,3.44461887387724,-0.8042494165597369,0.0],"time_limit":1800,"x":[7.477381962160284,0.0,4.860861146496815,-16.023526143167604,4.959984944574656,0.0,-0.0,-14.716139568742832,3.214895047684763,-0.0,-0.0,-0.0,2.5043094703687334,6.0072495753503325,6.0072495753503325,8.39,0.0,-0.0,0.0,0.0,5.064375661482092,45.51400977451746,0.0,1.7581774441067854,0.8739215069684304,-0.0,-22.809833310204965,2.67848185050753,6.0072495753503325,-2.2815030940671264,0.0,43.59898531199752,1.7763568394002505e-15,14.716139568742832,0.0,-0.0,5.064375661482092,-5.064375661482092,1.4969837572615665,0.0,1.4969837572615665,1.181498093245963,7.477381962160284,0.0,0.0,0.0,22.809833310204965,0.0,0.0,-0.0,-0.0,-10.0,-0.0,-0.0,17.530865429786715,29.1758271355658,-1.7763568394002505e-15,-0.0,-4.765319193197457,-21.79949265599876,-3.214895047684763,0.0,0.0,7.477381962160284,0.0,0.0,0.0,0.0,0.0,5.064375661482092,0.0,4.959984944574656,16.023526143167604,10.0,0.22346172933182765,0.0,-4.54185746386563,0.0,0.0,0.0,4.959984944574656,-29.1758271355658,6.0072495753503325,0.0,1.7763568394002505e-15,0.0,0.0,5.064375661482094,0.0,0.0,38.53460965051543,0.0,4.765319193197457,21.79949265599876,9.282532599166617],"objective_function":[0.0,0.0,0.0,0.0,0.0,0.0,0.0,0.0,0.0,0.0,0.0,0.0,0.0,0.0,0.0,0.0,0.0,0.0,0.0,0.0,0.0,0.0,0.0,0.0,1.0,0.0,0.0,0.0,0.0,0.0,0.0,0.0,0.0,0.0,0.0,0.0,0.0,0.0,0.0,0.0,0.0,0.0,0.0,0.0,0.0,0.0,0.0,0.0,0.0,0.0,0.0,0.0,0.0,0.0,0.0,0.0,0.0,0.0,0.0,0.0,0.0,0.0,0.0,0.0,0.0,0.0,0.0,0.0,0.0,0.0,0.0,0.0,0.0,0.0,0.0,0.0,0.0,0.0,0.0,0.0,0.0,0.0,0.0,0.0,0.0,0.0,0.0,0.0,0.0,0.0,0.0,0.0,0.0,0.0,0.0],"sense":"MAX_SENSE","scip_seed":3,"nullspace_formulation":false,"dual_bound":0.8739215069684304,"a":[1.0,1.0,1.0,0.0,1.0,-0.0,-0.0,0.0,1.0,-0.0,-0.0,-0.0,1.0,1.0,1.0,1.0,0.0,-0.0,0.0,0.0,1.0,1.0,1.0,1.0,1.0,-0.0,0.0,1.0,1.0,0.0,0.0,1.0,-0.0,1.0,1.0,-0.0,1.0,0.0,1.0,1.0,1.0,1.0,1.0,1.0,0.0,0.0,0.0,0.0,0.0,1.0,0.0,1.0,1.0,1.0,1.0,0.0,0.0,0.0,1.0,-0.0,1.0,0.0,1.0,0.0,-0.0,0.0,0.0,1.0,1.0,1.0,1.0,0.0,1.0,1.0,1.0],"G":[-2.0424941655973705,-1.0,-1.0,1.0000000000000009,-1.0,1.0,1.0,1.0,-1.0,1.0,1.0,1.0,-2.04249416559737,-1.0,-1.0,-1.0424941655973705,0.9999999999999998,1.0,1.0,1.0,-1.0,-1.0,-1.0,-3.0424941655973705,-0.9999999999999503,1.0,1.0,-1.0,-1.0,1.0,1.0,-1.0,1.0,-1.0,-2.531870624198028,1.0,-1.0,2.891501166880526,-1.0,-2.978752917201315,-1.0,-5.240508168163682,-1.0,-1.0,1.0,333.48937645860065,334.0,1.0,1.0,-5.465865956675925,1.0,-8.825496499358422,-1.0,-1.0,-2.042494165597371,1.0,2.0,1.0,-1.0,1.0,-0.9999999999999998,1.0,-1.0000000000000002,2.0,1.0,1.0,1.0,-3.9339953324778967,-5.976489498075267,-7.933995332477897,-1.0,1.9575058344026295,-1000.0,-1000.0,-0.9999999999999998],"thermo_feasible":true,"max_flux_bound":1000.0,"termination":"OPTIMAL"}