{"objective_value":0.3958890918632876,"time_limit":1800,"thermo_feasible":true,"dual_bound":0.3958890918632876,"solution":[0.0,15.686675787009232,27.347515809951506,-0.0,-0.0,-0.0,0.0,15.99930940285367,31.10854136047111,0.0,0.0,13.216070525872606,-0.0,0.0,-0.0,0.0,-0.0,-0.0,24.618425682089125,5.897865596954507,-0.0,0.0,0.0,-0.0,0.0,-0.0,1.4563572022374593,13.216070525872606,-0.0,0.0,0.0,0.0,-0.0,0.0,0.0,12.927942444814505,-0.0,-0.0,-0.0,-0.0,-0.0,1.1344597816434367,0.0,0.0,0.0,0.42712474121130095,0.0,0.0,0.0,0.42712474121130095,8.39,0.0,-12.927942444814505,0.0,-0.0,0.0,0.0,-0.0,9.276311396272039,0.0,-0.0,0.0,0.0,12.927942444814505,0.0,-0.0,13.09585880312832,0.3958890918632876,-0.0,0.0,0.0,0.2845650792313311,-0.0,-0.0,0.0,0.42712474121130095,-0.0,0.2845650792313311,0.0,-0.0,0.0,0.0,-0.0,0.0,0.0,0.0,0.0,0.0,30.51629127904363,0.0,-13.216070525872606,0.0,0.0,-0.0,0.07082455853434215,0.0,0.0,0.0,6.787953957997115,0.07082455853434215,0.0,0.0,0.0,0.21374052069698896,0.0,0.0,0.0,0.0,15.686675787009232,12.927942444814505,0.0,0.0,0.0,13.216070525872606,27.347515809951506,-0.0,-0.0,-16.080466666685645,-0.0,0.0,48.21699343754358,-10.332256025103682,0.0,-0.0,-2.1587040401121342,0.0,-1.4563572022374593,0.0,0.0,-0.0,0.0,-0.0,-0.0,15.686675787009232,-0.0,0.0,0.0,0.0,-0.0,-0.0,27.347515809951506,0.0,0.0,-0.0,0.0,0.0,0.0,-0.0,0.0,0.0,-0.0,0.0,0.0,31.10854136047111,-0.0,-0.0,16.080466666685645,-0.0,0.10122884078944239,0.0,2.057475199322692,0.0,-0.0,0.0,3.552713678800501e-15,0.0,0.0,-0.0,0.0,0.0,0.0,10.332256025103682,0.0,0.0,0.42712474121130095,0.0,0.0,-0.0,-0.0,0.0,-0.0,0.0,0.0,0.0,0.0,0.0,0.0,0.0,0.0,0.0,-0.0,0.0,-0.0,2.1587040401121342,-0.0,0.0,0.7073350404321358,0.0,8.352525879475959e-5,2.2292386531884458e-5,2.2292386531884458e-5,0.0,0.0,0.0,0.0,0.003510843742378234,0.0027449210374944884,0.0,0.00012049948816868324,0.0,0.0,0.0,9.611317207578096e-6,0.0028428459440386607,0.0,4.119418090354858e-6,0.00015162489531103955,0.0,1.0803641358351739e-5,0.00015401655128052165,0.0,0.0,5.464730102205478e-7,0.0,9.421620974328263e-5,0.0,0.0,0.0,0.0,8.20238067383039e-5,0.0,3.42491408281644e-5,3.42491408281644e-5,3.42491408281644e-5,3.42491408281644e-5,3.42491408281644e-5,3.42491408281644e-5,3.42491408281644e-5,3.42491408281644e-5,3.42491408281644e-5,1.8430421148676155e-6,0.0,0.0,3.4868572080939734e-5,2.230543692073197e-6,0.0,0.00044928896377292355,0.0,5.9242243952658786e-8,0.0,0.0,0.0,0.0,0.0,0.0,0.0,0.0009774524120241238,0.0,0.0,0.0,0.0,0.0,0.0,5.357762488954279e-6,0.0,5.131868237278569e-5,5.131868237278569e-5,2.357721392037583e-5,0.0,0.007793981677190613,0.0,1.3539874488153484e-5,0.0,0.0,0.0,0.0,0.0010746670334388082,0.0,0.0,0.0,0.0,0.00027965826602071876,0.00027965826602071876,0.00027965826602071876,0.00027965826602071876,0.00027965826602071876,0.0,0.0,0.0,0.0,0.00013626935295320584,0.0,0.0,0.0,0.0,3.1023937431796066e-6,0.0,0.0,0.0,1.8712872513742208e-5,0.0,0.0,0.0,0.0,0.0,0.0,0.0,0.0006041095619357074,2.4420467497030544e-6,0.0,0.0,0.0,0.0,0.0,0.0,0.0,0.0,0.0,0.0,0.0,0.0,0.0,0.0,0.0,0.0,0.0,0.0,0.0,0.0,0.0,0.0,0.0,8.20238067383039e-5,8.20238067383039e-5],"termination":"OPTIMAL","time":0.017232}