{"time":1.12996506690979,"objective_value":0.8739213401895171,"μ":[-8647.207069220305,-675.2863622982259,-1818.6035346101125,-5819.103534610127,-4855.182818688099,-146.56717231191578,3855.1828276880988,3854.1828276880988,-4146.067172311905,-4109.987879233933,-6145.817172311901,-5894.012110766082,-4930.091394844054,-2072.9085861559533,-3145.0671723118967,5816.8535346101235,10000.0,-10000.0,-5817.8535346101235,9000.0,5073.158586155947,10000.0,9999.0,3072.658586155947,10000.0,4072.658586155947,-2110.9878792339296,-1782.5242415321518,938.3579135977652,7858.432827688113,-6535.719189986376,8822.353534610142,-3178.146465389862,-5930.091413844052,-5967.170706922024,-8928.841413844057,-10000.0,-3915.8249140903336,-2915.8249140903336,-4214.225758467834,-9999.0,-6084.454879726472,-10000.0,-6179.8964653898765,-5998.249999999985,-5961.170726922013,-10000.0,-10000.0,-3915.8249140903336,-3176.646465389862,9999.5,-10000.0,-9036.079284077972,10000.0,10000.0,-5144.817172311901,-328.96363770177777,-329.96363770177777,3855.1828276880988,-748.1949484541947,-3332.009931272264,-9962.920706922028,-10000.0,-5500.639896908404,-1496.3898969083893,4105.987879233922,4068.90860615595,-10000.0,-4928.091413844052,-6000.249999999995,-1748.1949484541947,-5499.639896908404],"time_limit":1800,"x":[7.477383806934716,0.0,4.860863217324841,-16.023527265395437,4.959982907936308,-1.9999999949504854e-6,0.0,-14.716140940471918,3.214894434155183,-9.999999974752427e-7,-9.999999974752427e-7,-9.999999974752427e-7,2.5043119924470796,6.00724860908133,6.00724860908133,8.39,1.0e-6,-9.999999974752427e-7,1.0e-6,1.0e-6,5.06437487515086,45.514003329477454,9.999999974752427e-7,1.7581783803324562,0.8739213401895171,-9.999999974752427e-7,-22.80983140756507,2.678480612629314,6.00724860908133,-2.281502295306994,1.0e-6,43.598979892343834,0.0,14.716140940471918,1.0e-6,-9.999999974752427e-7,5.06437487515086,-5.06437487515086,1.4969831082188647,1.0e-6,1.4969831082188647,1.181497504410449,7.477382806934716,9.999999974752427e-7,9.999999974752427e-7,-0.0,22.80983140756507,9.999999974752427e-7,-0.0,0.0,0.0,-10.0,0.0,-0.0,17.530864084201596,29.175824018041546,-0.0,0.0,-4.7653182837853985,-21.799489946171917,-3.214894434155183,9.999999974752427e-7,-0.0,7.477382806934716,1.0e-6,1.0e-6,-1.0e-6,0.0,0.0,5.06437487515086,0.0,4.959982907936308,16.023527265395437,10.0,0.2234626866864595,0.0,-4.541855597098939,0.0,1.0e-6,0.0,4.959982907936308,-29.175824018041546,6.00724860908133,0.0,0.0,0.0,0.0,5.06437287515086,1.0e-6,1.0e-6,38.53460501719297,0.0,4.7653182837853985,21.799489946171917,9.282534007843594],"objective_function":[0.0,0.0,0.0,0.0,0.0,0.0,0.0,0.0,0.0,0.0,0.0,0.0,0.0,0.0,0.0,0.0,0.0,0.0,0.0,0.0,0.0,0.0,0.0,0.0,1.0,0.0,0.0,0.0,0.0,0.0,0.0,0.0,0.0,0.0,0.0,0.0,0.0,0.0,0.0,0.0,0.0,0.0,0.0,0.0,0.0,0.0,0.0,0.0,0.0,0.0,0.0,0.0,0.0,0.0,0.0,0.0,0.0,0.0,0.0,0.0,0.0,0.0,0.0,0.0,0.0,0.0,0.0,0.0,0.0,0.0,0.0,0.0,0.0,0.0,0.0,0.0,0.0,0.0,0.0,0.0,0.0,0.0,0.0,0.0,0.0,0.0,0.0,0.0,0.0,0.0,0.0,0.0,0.0,0.0,0.0],"sense":"MAX_SENSE","dual_bound":0.8739213401895171,"G":[-142.31717231189032,1.0,-1.0,1000.0,-527.1728964158629,1.0,-1000.0000089999994,1000.0,-1000.0,1.0,1.0,1.0,-142.31717231189032,-1000.0,-1.0,-143.31717231189032,-1.0,1000.0,-141.31717231189396,-1.0,-1.0,-1.0,-1000.0,-1.0,-1000.0,1.0,1.0,-1000.0,-1000.0,1000.0,-109.23785923391551,-1.0,-1000.0000089999994,-1000.0,0.9999800000005052,1.0,-1.0,1.0,-1000.0,-73.15858615594334,-1.0,-1.0,-1000.0,-1000.0,-1.0,0.9999800000005052,37.079273077972175,1.000000000010914,351.79293077969487,-1000.0,1000.0,-1000.0,-1000.0,-1000.0,-144.31717231189032,999.9999999999964,1000.0,1.0,-999.0,-1000.0000089999994,-1.0,1.0,-1.0,1.0,0.9999900000002526,107.4878792339332,1000.0,-1.0,-3.0,-4.0,-1000.0,1.0,-1000.0,-1.0,-250.80505154582352],"thermo_feasible":true,"max_flux_bound":1000.0,"termination":"OPTIMAL"}