{"shortest_cycles":false,"nodes":1,"num_blocked_cycles":10,"time":0.12152099999999999,"objective_value":0.8739215069684309,"μ":[-1.8000000000000003,7.0,5.0,-2.3000000000000003,-3.8000000000000003,-0.5,12.8,11.8,-2.3000000000000003,-1.8000000000000003,-1.5,-8.100000000000001,-9.600000000000001,0.0,-2.0,0.0,-2.0,0.0,0.0,23.1,15.3,1023.0999999999999,43.2,13.8,1043.1999999999998,14.8,0.0,0.0,9.8,13.600000000000001,0.0,14.100000000000001,-1.5,-2.8000000000000003,-4.300000000000001,6.800000000000001,0.0,2.0,3.0,-3.0,-18.900000000000002,1.6000000000000005,-19.900000000000002,0.0,0.0,1.5,0.5,-13.3,-1.0,-1.0,0.5,-8.3,-9.8,0.0,0.0,0.5,5.800000000000001,4.800000000000001,13.600000000000001,-0.6000000000000005,0.0,-24.200000000000003,-25.700000000000003,-1.0,-1.200000000000001,9.8,-324.2,-4.800000000000001,5.800000000000001,3.8000000000000007,-1.6000000000000005,0.0],"time_limit":1800,"block_limit":10,"x":[7.47738196216028,0.0,4.860861146496804,-16.023526143167597,4.959984944574668,0.0,-0.0,-14.716139568742825,3.2148950476847755,-0.0,-0.0,-3.552713678800501e-15,2.504309470368735,6.007249575350318,6.007249575350318,8.39,0.0,-3.552713678800501e-15,0.0,0.0,5.064375661482078,45.514009774517504,3.552713678800501e-15,1.758177444106778,0.8739215069684309,-0.0,-22.809833310204937,2.678481850507538,6.007249575350318,-2.281503094067131,0.0,43.59898531199747,0.0,14.716139568742825,0.0,-0.0,5.064375661482078,-5.064375661482078,1.4969837572615703,0.0,1.4969837572615703,1.1814980932459667,7.47738196216028,3.552713678800501e-15,0.0,0.0,22.809833310204937,0.0,0.0,-0.0,-0.0,-10.0,-0.0,-0.0,17.530865429786296,29.17582713556577,-0.0,-0.0,-4.76531919319746,-21.799492655998733,-3.2148950476847755,0.0,0.0,7.47738196216028,0.0,0.0,0.0,0.0,0.0,5.064375661482078,0.0,4.959984944574668,16.023526143167597,10.0,0.22346172933182776,0.0,-4.5418574638656315,0.0,0.0,0.0,4.959984944574668,-29.17582713556577,6.007249575350318,0.0,0.0,0.0,0.0,5.064375661482078,0.0,0.0,38.534609650515385,0.0,4.76531919319746,21.799492655998733,9.282532599166608],"objective_function":[0.0,0.0,0.0,0.0,0.0,0.0,0.0,0.0,0.0,0.0,0.0,0.0,0.0,0.0,0.0,0.0,0.0,0.0,0.0,0.0,0.0,0.0,0.0,0.0,1.0,0.0,0.0,0.0,0.0,0.0,0.0,0.0,0.0,0.0,0.0,0.0,0.0,0.0,0.0,0.0,0.0,0.0,0.0,0.0,0.0,0.0,0.0,0.0,0.0,0.0,0.0,0.0,0.0,0.0,0.0,0.0,0.0,0.0,0.0,0.0,0.0,0.0,0.0,0.0,0.0,0.0,0.0,0.0,0.0,0.0,0.0,0.0,0.0,0.0,0.0,0.0,0.0,0.0,0.0,0.0,0.0,0.0,0.0,0.0,0.0,0.0,0.0,0.0,0.0,0.0,0.0,0.0,0.0,0.0,0.0],"sense":"MAX_SENSE","scip_seed":1,"nullspace_formulation":false,"dual_bound":0.8739215069684309,"a":[1.0,1.0,1.0,0.0,1.0,-0.0,-0.0,0.0,1.0,-0.0,-0.0,-0.0,1.0,1.0,1.0,1.0,0.0,-0.0,1.0,0.0,1.0,1.0,1.0,1.0,1.0,-0.0,0.0,1.0,1.0,0.0,1.0,1.0,-0.0,1.0,0.0,-0.0,1.0,0.0,1.0,0.0,1.0,1.0,1.0,1.0,0.0,0.0,0.0,0.0,0.0,1.0,0.0,1.0,1.0,1.0,1.0,0.0,0.0,0.0,1.0,-0.0,1.0,0.0,1.0,0.0,-0.0,1.0,0.0,1.0,0.0,0.0,1.0,1.0,1.0,1.0,1.0],"G":[-2.0000000000000013,-1.0,-1.0,1.0,-5.300000000000001,1.0,1.0,1.0,-1.0,1.0,1.0,1.0,-7.300000000000001,-1.0,-1.0,-1.0,6.300000000000001,1.0,-1.0000000000000004,1.0,-1.0,-1.0,-1.0,-1.0,-56.2667199999999,1.0,1.0,-4.0,-1.0,1.0,-2.5,-1.0,1.0,-1.0,1.0,1.0,-1.0,1.0,-1.0,1.0,-1.0,-1.6000000000000005,-1.0,-1.0,1.0000000000000018,333.5,334.0,1.0,1.0,-18.6,1.0,-2.3000000000000003,-1.0000000000000009,-1.0,-2.0,1.0,2.0,1.0,-1.0,1.0,-1.0,1.0,-1.0,1.0,1.0,-1.0,1.0,-4.300000000000001,1.0000000000000004,3.0000000000000004,-1.0,-2.0,-1000.0,-1000.0,-7.0],"thermo_feasible":true,"termination":"OPTIMAL"}