{"nodes":1,"time":0.03380012512207031,"objective_value":0.8739215069684302,"μ":[2833.3711894047597,1669.9530706692992,1669.9530706692992,-1614.913930890549,-2615.4139308905487,-1697.5730225165344,1.0,-999.0,0.0,0.5,-3900.780932450397,-3601.3539549669313,-4601.853954966931,-2599.3539549669313,-2599.3539549669313,0.0,-1601.353954966931,0.0,-1097.219067549603,3287.8670015598477,1017.0395496693108,3288.8670015598477,5211.7079099338625,2.0,5212.7079099338625,1002.0,-999.0,0.0,2930.5902569543628,0.0,3929.5902569543628,0.5,-903.7809324503969,-1000.0,-2000.5,2602.8539549669313,0.0,3026.809324503966,3027.809324503966,-1904.280932450397,-2504.134887417328,4637.933054305554,-3504.134887417328,97.2190675496031,-3203.2079099338625,-4202.7079099338625,-3202.2079099338625,-2901.780932450397,3026.809324503966,96.2190675496031,0.0,-3803.561864900794,-4804.061864900794,1.0,0.0,-1900.780932450397,0.0,-1000.0,0.0,416.6855947023799,1221.2474596031739,-5105.488842384259,-6105.988842384259,2832.3711894047597,1832.3711894047597,-1098.219067549603,-597.7190675496031,1833.3711894047597,-1600.3539549669313,-1600.3539549669313,415.6855947023798,3832.3711894047597],"time_limit":1800,"x":[7.477381962160284,0.0,4.860861146496816,-16.023526143167604,4.959984944574655,0.0,0.0,-14.716139568742832,3.214895047684764,0.0,0.0,0.0,2.504309470368738,6.007249575350331,6.007249575350331,8.39,0.0,0.0,0.0,0.0,5.064375661482091,45.51400977451745,0.0,1.7581774441067834,0.8739215069684302,0.0,-22.80983331020495,2.678481850507529,6.007249575350331,-2.2815030940671264,0.0,43.59898531199751,0.0,14.716139568742832,0.0,0.0,5.064375661482091,-5.064375661482091,1.4969837572615665,0.0,1.4969837572615665,1.181498093245963,7.477381962160284,0.0,-0.0,-0.0,22.80983331020495,-0.0,-0.0,0.0,0.0,-10.0,0.0,-0.0,17.53086542978673,29.17582713556578,-0.0,0.0,-4.765319193197455,-21.799492655998755,-3.214895047684764,-0.0,0.0,7.477381962160284,0.0,0.0,0.0,0.0,0.0,5.064375661482091,0.0,4.959984944574655,16.023526143167604,10.0,0.2234617293318276,0.0,-4.541857463865628,0.0,0.0,0.0,4.959984944574655,-29.17582713556578,6.007249575350331,0.0,0.0,0.0,0.0,5.064375661482091,0.0,0.0,38.53460965051542,0.0,4.765319193197455,21.799492655998755,9.282532599166613],"objective_function":[0.0,0.0,0.0,0.0,0.0,0.0,0.0,0.0,0.0,0.0,0.0,0.0,0.0,0.0,0.0,0.0,0.0,0.0,0.0,0.0,0.0,0.0,0.0,0.0,1.0,0.0,0.0,0.0,0.0,0.0,0.0,0.0,0.0,0.0,0.0,0.0,0.0,0.0,0.0,0.0,0.0,0.0,0.0,0.0,0.0,0.0,0.0,0.0,0.0,0.0,0.0,0.0,0.0,0.0,0.0,0.0,0.0,0.0,0.0,0.0,0.0,0.0,0.0,0.0,0.0,0.0,0.0,0.0,0.0,0.0,0.0,0.0,0.0,0.0,0.0,0.0,0.0,0.0,0.0,0.0,0.0,0.0,0.0,0.0,0.0,0.0,0.0,0.0,0.0,0.0,0.0,0.0,0.0,0.0,0.0],"sense":"MAX_SENSE","nullspace_formulation":false,"dual_bound":0.8739215069684302,"a":[1.0,1.0,1.0,0.0,1.0,0.0,0.0,-0.0,1.0,0.0,0.0,0.0,1.0,1.0,1.0,1.0,-0.0,0.0,-0.0,1.0,1.0,1.0,1.0,1.0,1.0,0.0,-0.0,1.0,1.0,-0.0,-0.0,1.0,0.0,1.0,1.0,0.0,1.0,0.0,1.0,-0.0,1.0,1.0,1.0,1.0,-0.0,1.0,1.0,0.0,1.0,1.0,1.0,1.0,1.0,1.0,1.0,1.0,0.0,-0.0,-0.0,0.0,1.0,-0.0,1.0,1.0,0.0,1.0,1.0,1.0,1.0,-0.0,1.0,1.0,1.0,1.0,1.0],"G":[-1000.0,-1.0,-1000.0,15.039549669310759,-1000.0,1000.0,1000.0,1000.0,-1.0,1000.0,1000.0,1000.0,-1000.0,-1000.0,-1000.0,-1.0,999.0,1000.0,1000.0,-1.0,-1000.0,-1.0,-1.0,-1000.0,-1000.0,1000.0,1000.0,-1.0,-1000.0,1.0,998.5,-1.0,1000.0,-1.0,-1000.0,1000.0,-1000.0,1.0,-1000.0,503.13488741732795,-1000.0,-1000.0,-1.0000000000001137,-1000.0,999.0,-501.0,-500.5,1000.0,-1.0,-1000.0,-1.0,-1000.0,-1000.0,-1.0,-2.9999999999995453,-1.0,1.0,2.0,1.0,1000.0,-1000.0,1000.0,-1000.0,-1000.0,1000.0,-1000.0,-1.0,-0.9999999999997726,-1.9999999999997726,502.1348874173282,-1000.0,-504.13488741732795,-1.0,-1.0,-504.13488741732795],"thermo_feasible":true,"max_flux_bound":1000.0,"termination":"OPTIMAL"}