{"nodes":1,"time":0.053028,"objective_value":0.7596130044451351,"μ":[0.0,1070.2136264943501,0.0,0.0,0.49319322937065474,0.0,0.0,0.997221392628262,0.0,0.09634256173078709,-0.9471602394950164,-0.9723176024385928,-2.049515051365698,0.0,-28.16401986795068,0.0,0.0,0.0,0.0,0.0,0.0,0.1501763313787592,0.0,0.7453919081163833,-0.5307291434548915,0.0,-0.8046361525847534,-0.24916539551407402,0.0,0.0,69.40142472020257,-6.959526503060013,33.66373754536289,0.0,-1.0963425617307871,0.0,0.0,0.9964636095516282,0.0,32.567394983632106,-93.196416948835,70.65620681505504,-93.08319624415888,0.0,-93.85058395105115,-94.75424138932037,0.0,0.0,69.34299557191594,0.0,0.0,0.0,0.9007746617945843,-1.8946409891743536,1.0,-0.6810471209900439,-0.01567616239992775,-0.444381369350349,93.82641126498413,0.0,1.2744474864752688,-94.18720371072014,-95.28354627245093,70.18553588654942,-0.9081062658724466,0.0,-0.44566409690127595,53.1118242547575,-49.716701966018576,-133.60622074195425,0.0,70.3181931496017,-5.612933731225218e6,-7.577683554520233e6,-464095.25169856957,0.0,-1.193863736931321e8,225881.09476562403,-1.706898078984473e7,0.0,36954.406330076075,87424.95212890781,-33537.11457429227,12207.530275943931,7827.522467152799,1144.0482683475161,10811.359832318485,20597.946274851492,64236.5023774937,855235.8395501436,4.710415428408548e6,8745.386530613803,7139.939296595379,51726.41462380043,2.754404460572943e6,228610.4221491639,1.9689722637992916e6,35546.63460737943,55644.77154056362,39536.04970156238,25837.67373608842,-1141.1897374822709,8668.042532009253,0.0,0.0,-6.357746635998435e6,0.0,0.0,90959.00591398832,0.0,0.0,0.0,0.0,0.0,190508.14020995313,4.323672010151337e7,1.4811987841557232e6,1.1655007432907438e6,82516.19348594804,1.1986920952789865e7,3.983768843981982e6,3.029660758265499e7,11635.334163812018,8783.381237505057,293521.7663183051,0.0,313988.0537781672,0.0,904591.4679722156,6805.746275559597,575769.546347177,35600.52283901585,0.0,6.688279297770493e6,0.0,0.0,0.0,3124.2381054168923,2215.4908128163065,28063.078475977876,644372.6114744091,0.0,52715.75092054122,72135.68100158035,4.060201551640551e6,4233.622436169443,109015.73958430575,3361.807159091508,776936.9508101271,3.4963587169562906e7,356604.77321698744,2612.391977291503,0.0,0.0,0.0,-1.2947419407932863e6,0.0,0.0,1.3144600637375975e7,0.0,0.0,4.80771553623009e7,354886.3244259306,6.746546125626091e6,2087.814797822075,4940.836659581446,0.0,2.0866509536440158e6,1.1089672381094323e7,6.178597608605076e7,1.8687250845216174e9,1.9761814219054228e6,0.0,0.0,740364.207516016,-6.866256568020482e7,-3.8454111400404125e8,-3.23345078680416e6,0.0,-3.2593986387988262e7,20393.42134982797,4718.414583796735,161981.48887879806,175156.02430462325,-1.0491127817605657e6,2056.916865527756,9568.871983421463,2.9509076203571863e7,4.627347312946063e6,5346.155378020752,63592.68545794721,847.8400984705365,0.0,0.0,0.0,0.0,0.0,0.0,0.0,0.0,1.102526350926753e6,0.0,0.0,0.0,0.0,69906.94445854686,255239.781331797,0.0,-3.448128978042846e7],"time_limit":1800,"x":[0.0,10.55430100042443,0.0,0.0,0.0,0.0,0.0,10.21174044767088,21.07171033335745,0.0,1.4136404135458103,0.0,0.0,0.0,0.0,0.0,-0.0,0.0,19.935329278707528,0.0,0.0,0.0,0.0,0.0,0.0,0.0,2.794388359452322,0.0,0.0,0.0,0.0,0.0,0.0,0.0,-0.0,11.546011335014569,0.0,0.0,0.0,0.0,0.0,2.176747025537979,0.0,0.0,0.8195464704958563,0.0,0.0,0.0,0.8195464704958563,0.0,8.39,0.0,-11.546011335014569,0.0,-0.0,0.0,0.0,0.0,0.0,0.0,26.37010055771843,0.0,0.0,11.546011335014569,0.0,0.0,5.583165615434136,0.7596130044451351,-0.0,15.26887528207359,0.0,0.0,0.0,0.3964171147687102,0.0,0.8195464704958563,1.0172232987771,0.0,0.0,0.0,0.0,28.781373375269137,0.0,0.0,0.0,0.0,0.0,0.0,19.935329278707528,0.0,-0.0,0.0,0.0,-0.0,0.0,0.0,0.0,0.335318704686702,10.197119708425111,0.0,0.0,0.0,0.335318704686702,0.0,0.0,0.0,0.061098410082008225,0.0,10.55430100042443,11.546011335014569,0.0,0.0,15.26887528207359,0.0,0.0,-0.0,-0.0,-11.781101527127943,-0.0,0.0,26.783848204184004,20.802200251653733,0.0,-0.0,-4.142017790638433,-14.390686687634568,-2.794388359452322,0.0,0.0,0.0,0.0,0.0,0.0,10.55430100042443,0.0,0.0,0.0,0.0,0.0,0.0,0.0,0.0,0.0,0.0,0.0,0.0,0.0,0.0,0.0,0.0,-0.0,1.4136404135458103,0.0,21.07171033335745,0.0,0.0,11.781101527127943,0.0,0.19423304523662102,0.0,3.947784745401812,0.0,0.0,0.0,0.0,0.0,0.0,-0.0,1.4136404135458103,20.802200251653733,0.0,0.0,0.0,0.0,0.8195464704958563,0.0,0.0,0.0,0.0,0.0,0.0,0.0,0.0,0.0,0.0,0.0,0.0,28.781373375269137,0.0,0.0,0.0,0.0,0.0,4.142017790638433,-0.0,14.390686687634568,15.212435423569902,0.0,9.902019437662163e-5,0.0,0.0,0.0,0.0,0.0,0.0,0.00023967585434259272,0.00048205254495964226,0.0028832241400609617,0.0,0.0,0.0,0.0,0.0016892442549563164,0.0,0.0,4.664724376827727e-6,0.0,0.0,0.0023973043586396395,0.00014949653322231826,0.0,0.0,2.8181310502428805e-5,2.7310617759831592e-5,0.0,0.0,0.0,0.0,0.0,4.0960018275771156e-5,0.0,0.00015127147000443118,0.00015127147000443118,0.00015127147000443118,0.00015127147000443118,0.00015127147000443118,0.00015127147000443118,0.00015127147000443118,0.00015127147000443118,0.00015127147000443118,2.532261505390964e-5,0.0,0.0,0.00015218180055526857,2.326299427403583e-6,0.0,2.568470328050585e-6,0.00017454155335846298,0.0,0.0,0.00010932618437046867,0.00010932618437046867,0.0,0.0,0.0,0.0,3.0477626629670166e-6,0.0,0.0,0.0,0.0,0.0,0.0,0.0,2.1552874873666008e-5,9.641020291218665e-5,9.641020291218665e-5,0.0,6.601998800882706e-6,2.599452481899549e-6,0.0,0.0001847322959749284,0.0,0.0,0.0,0.0,0.0,0.0,0.0,0.0,0.0,6.41436237059151e-5,6.41436237059151e-5,6.41436237059151e-5,6.41436237059151e-5,6.41436237059151e-5,0.0,0.0,0.0,5.6355339567003535e-5,0.01433304046111228,0.0,0.0,0.0,0.0,1.1123672146828332e-7,0.0,0.0,0.0,0.0003341422669945065,0.0,0.0,0.0,0.0,0.0,0.0,0.0002949041319146424,0.00025648979796343837,9.03731952404475e-6,0.0,0.0,0.0,0.0,0.0,0.0,0.0,0.0,3.3649977678442805e-5,3.3649977678442805e-5,3.3649977678442805e-5,3.3649977678442805e-5,3.3649977678442805e-5,3.3649977678442805e-5,3.3649977678442805e-5,3.3649977678442805e-5,3.3649977678442805e-5,3.3649977678442805e-5,3.3649977678442805e-5,3.3649977678442805e-5,3.3649977678442805e-5,0.0,0.0,4.0960018275771156e-5,4.0960018275771156e-5],"objective_function":[0.0,0.0,0.0,0.0,0.0,0.0,0.0,0.0,0.0,0.0,0.0,0.0,0.0,0.0,0.0,0.0,0.0,0.0,0.0,0.0,0.0,0.0,0.0,0.0,0.0,0.0,0.0,0.0,0.0,0.0,0.0,0.0,0.0,0.0,0.0,0.0,0.0,0.0,0.0,0.0,0.0,0.0,0.0,0.0,0.0,0.0,0.0,0.0,0.0,0.0,0.0,0.0,0.0,0.0,0.0,0.0,0.0,0.0,0.0,0.0,0.0,0.0,0.0,0.0,0.0,0.0,0.0,1.0,0.0,0.0,0.0,0.0,0.0,0.0,0.0,0.0,0.0,0.0,0.0,0.0,0.0,0.0,0.0,0.0,0.0,0.0,0.0,0.0,0.0,0.0,0.0,0.0,0.0,0.0,0.0,0.0,0.0,0.0,0.0,0.0,0.0,0.0,0.0,0.0,0.0,0.0,0.0,0.0,0.0,0.0,0.0,0.0,0.0,0.0,0.0,0.0,0.0,0.0,0.0,0.0,0.0,0.0,0.0,0.0,0.0,0.0,0.0,0.0,0.0,0.0,0.0,0.0,0.0,0.0,0.0,0.0,0.0,0.0,0.0,0.0,0.0,0.0,0.0,0.0,0.0,0.0,0.0,0.0,0.0,0.0,0.0,0.0,0.0,0.0,0.0,0.0,0.0,0.0,0.0,0.0,0.0,0.0,0.0,0.0,0.0,0.0,0.0,0.0,0.0,0.0,0.0,0.0,0.0,0.0,0.0,0.0,0.0,0.0,0.0,0.0,0.0,0.0,0.0,0.0,0.0,0.0,0.0,0.0,0.0,0.0,0.0,0.0,0.0,0.0,0.0,0.0,0.0,0.0,0.0,0.0,0.0,0.0,0.0,0.0,0.0,0.0,0.0,0.0,0.0,0.0,0.0,0.0,0.0,0.0,0.0,0.0,0.0,0.0,0.0,0.0,0.0,0.0,0.0,0.0,0.0,0.0,0.0,0.0,0.0,0.0,0.0,0.0,0.0,0.0,0.0,0.0,0.0,0.0,0.0,0.0,0.0,0.0,0.0,0.0,0.0,0.0,0.0,0.0,0.0,0.0,0.0,0.0,0.0,0.0,0.0,0.0,0.0,0.0,0.0,0.0,0.0,0.0,0.0,0.0,0.0,0.0,0.0,0.0,0.0,0.0,0.0,0.0,0.0,0.0,0.0,0.0,0.0,0.0,0.0,0.0,0.0,0.0,0.0,0.0,0.0,0.0,0.0,0.0,0.0,0.0,0.0,0.0,0.0,0.0,0.0,0.0,0.0,0.0,0.0,0.0,0.0,0.0,0.0,0.0,0.0,0.0,0.0,0.0,0.0,0.0,0.0,0.0,0.0,0.0,0.0,0.0,0.0,0.0,0.0,0.0,0.0,0.0,0.0,0.0,0.0,0.0,0.0,0.0,0.0,0.0,0.0,0.0,0.0,0.0],"sense":"MAX_SENSE","nullspace_formulation":false,"dual_bound":0.7596130044451351,