{"cuts":1,"times_sub_problem":[0.02434682846069336,0.11921000480651855],"objective_values":[0.8739215069684304,0.8739215069684305],"time":5.295476198196411,"objective_value":0.8739215069684305,"μ":[0.0,-756.4321079389911,0.0,0.0,0.0,-1.3999999999999995,0.0,0.0,0.20000000000000018,1.2000000000000002,-0.39999999999999947,-1.7999999999999998,-3.8,0.20000000000000018,-2.8,0.0,-1.0,0.0,0.0,-1.0,4.8,0.0,15.6,2.3,16.6,3.3,0.0,1.2999999999999998,0.0,-2.7,1.2000000000000002,-2.7,-2.4000000000000004,0.0,-2.0,0.0,-4.8,1.0,2.0,-4.4,1.0,1.0,-0.0,0.0,0.0,-1.0,1.4000000000000004,0.6000000000000005,1.0,-0.9000000000000004,-0.5,1.4000000000000004,-0.5999999999999996,0.0,0.0,1.6000000000000005,-2.8,-3.8,-2.8,1.0,-0.0,-0.7999999999999998,-2.8,0.0,-0.7000000000000002,-3.8,0.0,0.0,3.8,0.0,0.0,1.0],"time_limit":1800,"x":[7.477381962160282,0.0,4.860861146496813,-16.0235261431676,4.959984944574659,0.0,-0.0,-14.716139568742829,3.2148950476847693,-0.0,-0.0,-0.0,2.5043094703687343,6.007249575350328,6.007249575350328,8.39,0.0,-0.0,0.0,0.0,5.064375661482089,45.51400977451747,0.0,1.7581774441067815,0.8739215069684305,-0.0,-22.80983331020495,2.6784818505075307,6.007249575350328,-2.281503094067128,0.0,43.59898531199752,0.0,14.716139568742829,0.0,-0.0,5.064375661482089,-5.064375661482089,1.496983757261568,0.0,1.496983757261568,1.1814980932459642,7.477381962160282,0.0,0.0,0.0,22.80983331020495,0.0,0.0,-0.0,-0.0,-10.0,-0.0,-0.0,17.53086542978668,29.175827135565797,-0.0,-0.0,-4.765319193197457,-21.79949265599876,-3.2148950476847693,0.0,0.0,7.477381962160282,0.0,0.0,0.0,0.0,0.0,5.064375661482089,0.0,4.959984944574659,16.0235261431676,10.0,0.22346172933182767,0.0,-4.54185746386563,0.0,0.0,0.0,4.959984944574659,-29.175827135565797,6.007249575350328,0.0,0.0,0.0,0.0,5.064375661482089,0.0,0.0,38.53460965051543,0.0,4.765319193197457,21.79949265599876,9.282532599166611],"times_mis_problem":[2.3828020095825195,0.019021987915039062],"dual_bounds":[0.8739215069684304,0.8739215069684305],"times_master_problem":[1.3072988986968994,0.024271011352539062],"solution":[7.477381962160282,0.0,4.860861146496813,-16.0235261431676,4.959984944574659,0.0,-0.0,-14.716139568742829,3.2148950476847693,-0.0,-0.0,-0.0,2.5043094703687343,6.007249575350328,6.007249575350328,8.39,0.0,-0.0,0.0,0.0,5.064375661482089,45.51400977451747,0.0,1.7581774441067815,0.8739215069684305,-0.0,-22.80983331020495,2.6784818505075307,6.007249575350328,-2.281503094067128,0.0,43.59898531199752,0.0,14.716139568742829,0.0,-0.0,5.064375661482089,-5.064375661482089,1.496983757261568,0.0,1.496983757261568,1.1814980932459642,7.477381962160282,0.0,0.0,0.0,22.80983331020495,0.0,0.0,-0.0,-0.0,-10.0,-0.0,-0.0,17.53086542978668,29.175827135565797,-0.0,-0.0,-4.765319193197457,-21.79949265599876,-3.2148950476847693,0.0,0.0,7.477381962160282,0.0,0.0,0.0,0.0,0.0,5.064375661482089,0.0,4.959984944574659,16.0235261431676,10.0,0.22346172933182767,0.0,-4.54185746386563,0.0,0.0,0.0,4.959984944574659,-29.175827135565797,6.007249575350328,0.0,0.0,0.0,0.0,5.064375661482089,0.0,0.0,38.53460965051543,0.0,4.765319193197457,21.79949265599876,9.282532599166611,1.0,1.0,1.0,0.0,1.0,-0.0,-0.0,0.0,1.0,-0.0,-0.0,-0.0,1.0,1.0,1.0,1.0,1.0,-0.0,1.0,1.0,1.0,0.9999999999999973,1.0,1.0,1.0,-0.0,0.0,1.0000000000000004,1.0,-0.0,1.0,1.0,-0.0,1.0000000000000013,1.0,-0.0,1.0,-0.0,1.0000000000000004,1.0,1.0000000000000004,1.0000000000000004,0.9999999999999998,0.9999999999999999,1.0,1.0,-0.0,0.0,-0.0,1.0,-0.0,1.0,1.0,1.0,1.0,-0.0,0.0,1.0,1.0,-0.0,1.0,-1.1102230246251565e-16,1.0,1.0,-0.0,1.0,-0.0,0.9999999999999997,1.0,1.0,1.0,1.0,1.0,1.0,1.0,-1.0,-1.0,-1.0,1.0,-1.0,1.0,1.0,1.0,-1.0,1.0,1.0,1.0,-1.0,-1.0,-1.0,-3.0,-2.0,1.0,-1.0,-1.0,-1.0,-1.0,-1.0,-1.0,-1.0,1.0,1.0,-1.0,-1.0,1.0,-1.0,-1.0,1.0,-1.0,-2.0,1.0,-1.0,1.0,-1.0,-1.0,-1.0,-1.0,-1.0,1.7000000000000002,-2.0,-4.8,-3.8,1.0,-1.2999999999999998,-3.5999999999999996,1.7999999999999998,0.40000000000000036,6.7,-0.2999999999999998,-758.4321079389911,-759.4321079389911,0.6000000000000005,755.4321079389911,754.832107938991,-1.0,-0.7999999999999998,-0.0,-1.0,-1.0,1.0,-1.0,1.0,-1.0,-4.0,-3.0,-1.0,-1.0,-1.0,-1.0,-1.0,0.0,-756.4321079389911,0.0,0.0,0.0,-1.3999999999999995,0.0,0.0,0.20000000000000018,1.2000000000000002,-0.39999999999999947,-1.7999999999999998,-3.8,0.20000000000000018,-2.8,0.0,-1.0,0.0,0.0,-1.0,4.8,0.0,15.6,2.3,16.6,3.3,0.0,1.2999999999999998,0.0,-2.7,1.2000000000000002,-2.7,-2.4000000000000004,0.0,-2.0,0.0,-4.8,1.0,2.0,-4.4,1.0,1.0,-0.0,0.0,0.0,-1.0,1.4000000000000004,0.6000000000000005,1.0,-0.9000000000000004,-0.5,1.4000000000000004,-0.5999999999999996,0.0,0.0,1.6000000000000005,-2.8,-3.8,-2.8,1.0,-0.0,-0.7999999999999998,-2.8,0.0,-0.7000000000000002,-3.8,0.0,0.0,3.8,0.0,0.0,1.0],"a":[1.0,1.0,1.0,0.0,1.0,-0.0,-0.0,0.0,1.0,-0.0,-0.0,-0.0,1.0,1.0,1.0,1.0,1.0,-0.0,1.0,1.0,1.0,0.9999999999999973,1.0,1.0,1.0,-0.0,0.0,1.0000000000000004,1.0,-0.0,1.0,1.0,-0.0,1.0000000000000013,1.0,-0.0,1.0,-0.0,1.0000000000000004,1.0,1.0000000000000004,1.0000000000000004,0.9999999999999998,0.9999999999999999,1.0,1.0,-0.0,0.0,-0.0,1.0,-0.0,1.0,1.0,1.0,1.0,-0.0,0.0,1.0,1.0,-0.0,1.0,-1.1102230246251565e-16,1.0,1.0,-0.0,1.0,-0.0,0.9999999999999997,1.0,1.0,1.0,1.0,1.0,1.0,1.0],"iter":1,"G":[-1.0,-1.0,-1.0,1.0,-1.0,1.0,1.0,1.0,-1.0,1.0,1.0,1.0,-1.0,-1.0,-1.0,-3.0,-2.0,1.0,-1.0,-1.0,-1.0,-1.0,-1.0,-1.0,-1.0,1.0,1.0,-1.0,-1.0,1.0,-1.0,-1.0,1.0,-1.0,-2.0,1.0,-1.0,1.0,-1.0,-1.0,-1.0,-1.0,-1.0,1.7000000000000002,-2.0,-4.8,-3.8,1.0,-1.2999999999999998,-3.5999999999999996,1.7999999999999998,0.40000000000000036,6.7,-0.2999999999999998,-758.4321079389911,-759.4321079389911,0.6000000000000005,755.4321079389911,754.832107938991,-1.0,-0.7999999999999998,-0.0,-1.0,-1.0,1.0,-1.0,1.0,-1.0,-4.0,-3.0,-1.0,-1.0,-1.0,-1.0,-1.0],"thermo_feasible":true,"scip_tol":1.0e-6,"termination":"OPTIMAL"}