{"cuts":1,"times_sub_problem":[0.05627799034118652,0.179854154586792],"objective_values":[0.8739215069684304,0.8739215069684304],"time":5.696357011795044,"objective_value":0.8739215069684304,"μ":[0.0,-756.4321079389911,0.0,0.0,0.0,-1.3999999999999995,0.0,0.0,0.20000000000000018,1.2000000000000002,-0.39999999999999947,-1.7999999999999998,-3.8,0.20000000000000018,-2.8,0.0,-1.0,0.0,0.0,-1.0,4.8,0.0,15.6,2.3,16.6,3.3,0.0,1.2999999999999998,0.0,-2.7,1.2000000000000002,-2.7,-2.4000000000000004,0.0,-2.0,0.0,-4.8,1.0,2.0,-4.4,1.0,1.0,-0.0,0.0,0.0,-1.0,1.4000000000000004,0.6000000000000005,1.0,-0.9000000000000004,-0.5,1.4000000000000004,-0.5999999999999996,0.0,0.0,1.6000000000000005,-2.8,-3.8,-2.8,1.0,-0.0,-0.7999999999999998,-2.8,0.0,-0.7000000000000002,-3.8,0.0,0.0,3.8,0.0,0.0,1.0],"time_limit":1800,"x":[7.477381962160285,0.0,4.8608611464968146,-16.0235261431676,4.959984944574657,0.0,-0.0,-14.716139568742829,3.214895047684772,-0.0,-0.0,-0.0,2.504309470368734,6.007249575350331,6.007249575350331,8.39,0.0,-0.0,0.0,0.0,5.064375661482091,45.51400977451746,0.0,1.7581774441067832,0.8739215069684304,-0.0,-22.809833310204958,2.67848185050753,6.007249575350331,-2.2815030940671273,0.0,43.59898531199751,0.0,14.716139568742829,0.0,-0.0,5.064375661482091,-5.064375661482091,1.4969837572615672,0.0,1.4969837572615672,1.1814980932459636,7.477381962160285,0.0,0.0,0.0,22.809833310204958,0.0,0.0,-0.0,-0.0,-10.0,-0.0,-0.0,17.530865429786665,29.17582713556579,-0.0,-0.0,-4.765319193197457,-21.799492655998755,-3.214895047684772,0.0,0.0,7.477381962160285,0.0,0.0,0.0,0.0,0.0,5.064375661482091,0.0,4.959984944574657,16.0235261431676,10.0,0.22346172933182765,0.0,-4.54185746386563,0.0,0.0,0.0,4.959984944574657,-29.17582713556579,6.007249575350331,0.0,0.0,0.0,0.0,5.064375661482091,0.0,0.0,38.53460965051542,0.0,4.765319193197457,21.799492655998755,9.282532599166615],"times_mis_problem":[2.571254014968872,0.021730899810791016],"dual_bounds":[0.8739215069684304,0.8739215069684304],"times_master_problem":[1.432262897491455,0.030498027801513672],"solution":[7.477381962160285,0.0,4.8608611464968146,-16.0235261431676,4.959984944574657,0.0,-0.0,-14.716139568742829,3.214895047684772,-0.0,-0.0,-0.0,2.504309470368734,6.007249575350331,6.007249575350331,8.39,0.0,-0.0,0.0,0.0,5.064375661482091,45.51400977451746,0.0,1.7581774441067832,0.8739215069684304,-0.0,-22.809833310204958,2.67848185050753,6.007249575350331,-2.2815030940671273,0.0,43.59898531199751,0.0,14.716139568742829,0.0,-0.0,5.064375661482091,-5.064375661482091,1.4969837572615672,0.0,1.4969837572615672,1.1814980932459636,7.477381962160285,0.0,0.0,0.0,22.809833310204958,0.0,0.0,-0.0,-0.0,-10.0,-0.0,-0.0,17.530865429786665,29.17582713556579,-0.0,-0.0,-4.765319193197457,-21.799492655998755,-3.214895047684772,0.0,0.0,7.477381962160285,0.0,0.0,0.0,0.0,0.0,5.064375661482091,0.0,4.959984944574657,16.0235261431676,10.0,0.22346172933182765,0.0,-4.54185746386563,0.0,0.0,0.0,4.959984944574657,-29.17582713556579,6.007249575350331,0.0,0.0,0.0,0.0,5.064375661482091,0.0,0.0,38.53460965051542,0.0,4.765319193197457,21.799492655998755,9.282532599166615,1.0,1.0,1.0000000000000002,0.0,1.0,-0.0,-0.0,0.0,1.0,-0.0,-0.0,-0.0,1.0,1.0,1.0,1.0,1.0,-0.0,1.0,1.0,1.0,0.9999999999999992,1.0,1.0,1.0,-0.0,0.0,1.0000000000000004,1.0,-0.0,1.0,1.0,-0.0,1.0,1.0,-0.0,1.0,-0.0,1.0000000000000004,1.0,1.0000000000000004,1.0000000000000004,0.9999999999999999,1.0,1.0,1.0,-0.0,0.0,-0.0,1.0,-0.0,1.0,1.0,1.0,1.0,-0.0,0.0,1.0,1.0,-0.0,1.0,-1.1102230246251565e-16,1.0,1.0,-0.0,1.0,-0.0,1.0,1.0,1.0,1.0,1.0,1.0,1.0,1.0,-1.0,-1.0,-1.0,1.0,-1.0,1.0,1.0,1.0,-1.0,1.0,1.0,1.0,-1.0,-1.0,-1.0,-3.0,-2.0,1.0,-1.0,-1.0,-1.0,-1.0,-1.0,-1.0,-1.0,1.0,1.0,-1.0,-1.0,1.0,-1.0,-1.0,1.0,-1.0,-2.0,1.0,-1.0,1.0,-1.0,-1.0,-1.0,-1.0,-1.0,1.7000000000000002,-2.0,-4.8,-3.8,1.0,-1.2999999999999998,-3.5999999999999996,1.7999999999999998,0.40000000000000036,6.7,-0.2999999999999998,-758.4321079389911,-759.4321079389911,0.6000000000000005,755.4321079389911,754.832107938991,-1.0,-0.7999999999999998,-0.0,-1.0,-1.0,1.0,-1.0,1.0,-1.0,-4.0,-3.0,-1.0,-1.0,-1.0,-1.0,-1.0,0.0,-756.4321079389911,0.0,0.0,0.0,-1.3999999999999995,0.0,0.0,0.20000000000000018,1.2000000000000002,-0.39999999999999947,-1.7999999999999998,-3.8,0.20000000000000018,-2.8,0.0,-1.0,0.0,0.0,-1.0,4.8,0.0,15.6,2.3,16.6,3.3,0.0,1.2999999999999998,0.0,-2.7,1.2000000000000002,-2.7,-2.4000000000000004,0.0,-2.0,0.0,-4.8,1.0,2.0,-4.4,1.0,1.0,-0.0,0.0,0.0,-1.0,1.4000000000000004,0.6000000000000005,1.0,-0.9000000000000004,-0.5,1.4000000000000004,-0.5999999999999996,0.0,0.0,1.6000000000000005,-2.8,-3.8,-2.8,1.0,-0.0,-0.7999999999999998,-2.8,0.0,-0.7000000000000002,-3.8,0.0,0.0,3.8,0.0,0.0,1.0],"a":[1.0,1.0,1.0000000000000002,0.0,1.0,-0.0,-0.0,0.0,1.0,-0.0,-0.0,-0.0,1.0,1.0,1.0,1.0,1.0,-0.0,1.0,1.0,1.0,0.9999999999999992,1.0,1.0,1.0,-0.0,0.0,1.0000000000000004,1.0,-0.0,1.0,1.0,-0.0,1.0,1.0,-0.0,1.0,-0.0,1.0000000000000004,1.0,1.0000000000000004,1.0000000000000004,0.9999999999999999,1.0,1.0,1.0,-0.0,0.0,-0.0,1.0,-0.0,1.0,1.0,1.0,1.0,-0.0,0.0,1.0,1.0,-0.0,1.0,-1.1102230246251565e-16,1.0,1.0,-0.0,1.0,-0.0,1.0,1.0,1.0,1.0,1.0,1.0,1.0,1.0],"iter":1,"G":[-1.0,-1.0,-1.0,1.0,-1.0,1.0,1.0,1.0,-1.0,1.0,1.0,1.0,-1.0,-1.0,-1.0,-3.0,-2.0,1.0,-1.0,-1.0,-1.0,-1.0,-1.0,-1.0,-1.0,1.0,1.0,-1.0,-1.0,1.0,-1.0,-1.0,1.0,-1.0,-2.0,1.0,-1.0,1.0,-1.0,-1.0,-1.0,-1.0,-1.0,1.7000000000000002,-2.0,-4.8,-3.8,1.0,-1.2999999999999998,-3.5999999999999996,1.7999999999999998,0.40000000000000036,6.7,-0.2999999999999998,-758.4321079389911,-759.4321079389911,0.6000000000000005,755.4321079389911,754.832107938991,-1.0,-0.7999999999999998,-0.0,-1.0,-1.0,1.0,-1.0,1.0,-1.0,-4.0,-3.0,-1.0,-1.0,-1.0,-1.0,-1.0],"thermo_feasible":true,"scip_tol":1.0e-6,"termination":"OPTIMAL"}