{"shortest_cycles":false,"nodes":1,"num_blocked_cycles":20,"time":0.060083,"objective_value":0.8739215069684309,"μ":[63.13953488372081,136.2790697674418,133.2790697674418,134.2790697674418,50.61627906976737,-151.80232558139534,421.36046511627893,420.36046511627893,134.2790697674418,216.94186046511624,147.80232558139534,-183.84883720930233,-267.51162790697674,0.0,-166.32558139534885,0.0,-164.32558139534885,0.0,0.0,422.36046511627893,140.27906976744185,1422.3604651162789,1733.4418604651164,207.41860465116284,2733.4418604651164,208.41860465116284,0.0,-214.9418604651161,150.80232558139534,215.94186046511615,-135.2790697674418,134.27906976744174,146.80232558139534,-152.80232558139528,-236.46511627906972,279.03488372093045,0.0,2.0,3.0,63.13953488372093,-167.32558139534882,104.70930232558139,-168.32558139534882,0.0,300.6046511627907,384.2674418604651,152.80232558139534,-272.5581395348836,-1.0,78.66279069767435,69.13953488372098,0.0,-83.66279069767442,0.0,0.0,149.80232558139534,146.80232558139534,145.80232558139534,136.2790697674418,-103.70930232558139,0.0,-198.3720930232559,-282.03488372093034,-1.0,-207.41860465116278,-17.523255813953483,-351.5232558139535,60.13953488372081,578.6395348837211,412.31395348837225,-104.70930232558139,0.0],"time_limit":1800,"block_limit":20,"x":[7.477381962160287,0.0,4.860861146496816,-16.023526143167608,4.959984944574659,0.0,-0.0,-14.716139568742836,3.2148950476847613,-0.0,-0.0,-0.0,2.504309470368735,6.007249575350334,6.007249575350334,8.39,0.0,-0.0,0.0,0.0,5.064375661482094,45.514009774517476,0.0,1.758177444106786,0.8739215069684309,-0.0,-22.809833310204972,2.678481850507531,6.007249575350334,-2.281503094067128,0.0,43.59898531199753,0.0,14.716139568742836,0.0,-0.0,5.064375661482094,-5.064375661482094,1.4969837572615676,0.0,1.4969837572615676,1.181498093245964,7.477381962160287,0.0,0.0,0.0,22.809833310204972,0.0,0.0,-0.0,-0.0,-10.000000000000004,-0.0,-0.0,17.5308654297867,29.17582713556579,-0.0,-0.0,-4.76531919319746,-21.799492655998765,-3.2148950476847613,0.0,0.0,7.477381962160287,0.0,0.0,0.0,0.0,0.0,5.064375661482094,0.0,4.959984944574659,16.023526143167608,10.000000000000004,0.22346172933182776,0.0,-4.5418574638656315,0.0,0.0,0.0,4.959984944574659,-29.17582713556579,6.007249575350334,0.0,0.0,0.0,0.0,5.064375661482094,0.0,0.0,38.534609650515435,0.0,4.76531919319746,21.799492655998765,9.282532599166618],"objective_function":[0.0,0.0,0.0,0.0,0.0,0.0,0.0,0.0,0.0,0.0,0.0,0.0,0.0,0.0,0.0,0.0,0.0,0.0,0.0,0.0,0.0,0.0,0.0,0.0,1.0,0.0,0.0,0.0,0.0,0.0,0.0,0.0,0.0,0.0,0.0,0.0,0.0,0.0,0.0,0.0,0.0,0.0,0.0,0.0,0.0,0.0,0.0,0.0,0.0,0.0,0.0,0.0,0.0,0.0,0.0,0.0,0.0,0.0,0.0,0.0,0.0,0.0,0.0,0.0,0.0,0.0,0.0,0.0,0.0,0.0,0.0,0.0,0.0,0.0,0.0,0.0,0.0,0.0,0.0,0.0,0.0,0.0,0.0,0.0,0.0,0.0,0.0,0.0,0.0,0.0,0.0,0.0,0.0,0.0,0.0],"sense":"MAX_SENSE","scip_seed":4,"nullspace_formulation":false,"dual_bound":0.8739215069684309,"a":[1.0,1.0,1.0,0.0,1.0,-0.0,-0.0,0.0,1.0,-0.0,-0.0,-0.0,1.0,1.0,1.0,1.0,0.0,-0.0,0.0,0.0,1.0,1.0,1.0,1.0,1.0,-0.0,0.0,1.0,1.0,0.0,1.0,1.0,-0.0,1.0,0.0,-0.0,1.0,0.0,1.0,1.0,1.0,1.0,1.0,1.0,0.0,0.0,0.0,0.0,0.0,1.0,0.0,1.0,1.0,1.0,1.0,0.0,0.0,1.0,1.0,-0.0,1.0,0.0,1.0,0.0,-0.0,0.0,0.0,1.0,1.0,1.0,1.0,1.0,1.0,1.0,1.0],"G":[-3.0,-1.0,-1.0,1.0,-1.0,1.0,1.0,1.0,-1.0,1.0,1.0,1.0,-3.0000000000002274,-1.0,-1.0,-2.0,1.0000000000002274,1.0,0.9999999999999716,138.27906976744197,-1.0,-328.65116279069775,-1.0,-141.27906976744197,-645.6857779069758,1.0,1.0,-4.0,-1.0,1.0,-248.98837209302326,-1.0,1.0,-1.0,1.0,1.0,-1.0,0.9999999999999716,-1.0,-1.0,-1.0,-104.70930232558139,-1.0,-1.0,1.0,251.33720930232556,334.0,1.0,1.0,-1000.0000000000001,1.0,-1.0,-1.0,-1.0,-1.0,1.0,1.0,-1.0,-2.0,1.0,-1.0,1.0,-1.0,1.0,1.0,1.0,1.0,-30.04651162790705,-170.3255813953488,-5.999999999999943,-1.0000000000001137,-164.32558139534885,-1000.0,-1000.0,-1.0000000000000284],"thermo_feasible":true,"termination":"OPTIMAL"}