{"time":0.0990910530090332,"objective_value":0.8739214038455906,"μ":[-6047.587996188477,10000.0,9003.0,3446.5335568417668,3196.2835578417667,2160.7777764444545,-9170.944445111105,-10000.0,-166.4444451111067,82.80555488889331,828.0555548888951,-4857.349553983126,-5107.599552983125,-1921.361111777771,-3418.8611117777727,10000.0,2331.888890222219,-2285.300894033735,-10000.0,-2614.4780019528716,-7021.293998094245,-1615.4780019528716,3815.722219555566,-7023.793998094245,4814.722219555566,-7022.793998094245,5912.194443111117,2146.15044701686,-10000.0,-10000.0,3.499999999994543,-10000.0,-7077.138886222224,1978.2060019057608,1727.9560029057607,-418.69444511111215,-10000.0,-7201.712218379296,-6202.712218379296,-6327.388887222224,-2914.1944431111115,-8551.574883775458,-1915.1944441111114,6251.583333333336,-1331.7222215555594,-2081.4722215555594,10000.0,10000.0,-6203.712218379296,-6077.638887222223,9999.5,4772.210664760909,4521.960665760909,10000.0,10000.0,830.0555548888951,3769.5439960942495,3768.5439960942495,1330.2222215555594,-3855.8495529831353,-6527.780885681215,-9749.75,-10000.0,-7877.643551077377,-8709.69910596627,-2942.1551098720156,-2192.4051098720156,-8046.587996188477,8248.583333333336,6751.083333333336,-4854.849552983135,-6878.643551077377],"time_limit":1800,"x":[7.477382731829972,0.0,4.860863168917199,-16.023527084392445,4.959982943294456,-9.999999974752427e-7,0.0,-14.716140664239441,3.214894668326776,-9.999999974752427e-7,0.0,0.0,2.504311174859924,6.007249698496979,6.007249698496979,8.39,0.0,0.0,1.0e-6,1.0e-6,5.064375895887971,45.514004729874365,0.0,1.7581778886432697,0.8739214038455906,0.0,-22.809831698648964,2.6784805904454263,6.007249698496979,-2.2815023528490292,0.0,43.59898132732616,0.0,14.716140664239441,9.999999999999972e-7,-9.999999974752427e-7,5.064374895887971,-5.064375895887971,1.4969831086168424,1.0e-6,1.4969831086168424,1.1814974818285842,7.477382731829972,-0.0,-0.0,-0.0,22.809831698648964,9.999999974752427e-7,-0.0,0.0,0.0,-10.0,0.0,-0.0,17.530865361142645,29.17582477282178,-0.0,0.0,-4.765318630889236,-21.79949066366308,-3.214894668326776,-0.0,9.999999999999972e-7,7.477382731829972,0.0,1.0e-6,-1.0e-6,0.0,0.0,5.064374895887971,0.0,4.959982943294456,16.023527084392445,10.0,0.2234617029633175,0.0,-4.541856927925918,0.0,0.0,0.0,4.959982943294456,-29.17582477282178,6.007249698496979,0.0,0.0,0.0,0.0,5.064373895887971,0.0,1.0e-6,38.534606431438185,0.0,4.765318630889236,21.79949066366308,9.28253333582948],"objective_function":[0.0,0.0,0.0,0.0,0.0,0.0,0.0,0.0,0.0,0.0,0.0,0.0,0.0,0.0,0.0,0.0,0.0,0.0,0.0,0.0,0.0,0.0,0.0,0.0,1.0,0.0,0.0,0.0,0.0,0.0,0.0,0.0,0.0,0.0,0.0,0.0,0.0,0.0,0.0,0.0,0.0,0.0,0.0,0.0,0.0,0.0,0.0,0.0,0.0,0.0,0.0,0.0,0.0,0.0,0.0,0.0,0.0,0.0,0.0,0.0,0.0,0.0,0.0,0.0,0.0,0.0,0.0,0.0,0.0,0.0,0.0,0.0,0.0,0.0,0.0,0.0,0.0,0.0,0.0,0.0,0.0,0.0,0.0,0.0,0.0,0.0,0.0,0.0,0.0,0.0,0.0,0.0,0.0,0.0,0.0],"sense":"MAX_SENSE","dual_bound":0.8739214038455906,"G":[-999.0,1.0,-999.0,1.0,-999.0,1.0,0.9999990000000025,1.0,-249.25,-998.999998,-998.999999,998.9999990000001,-999.0,-1.0,-1.0,-996.0000000000018,2.999999999989086,-998.999999,-994.0000000000091,-1.0,-1.0,-1.0,-998.999999,-1.0,-1.0,0.9999990000000025,1.0,-1.0,-999.0,999.0,251.24999999999866,-999.0,0.9999990000000025,-1.0,-999.0,1.0,-1.0,1.0,-999.0,-545.0879961884784,-1.0,-1.0,-999.0,-1.0,2.9999999999990905,-999.0,-749.75,0.999999999992724,1.0,-999.0,999.0,-999.0,-1.0,-999.0,-999.0,0.999999999998181,1.0,3.0,1.999999999992724,0.9999990000000025,-147.8673282513127,829.0555548888943,-1.0,1.0,-998.999999,1.0,999.0000000000018,-1.0,1.0,-45.58799618848445,-999.0,46.587996188483885,-999.0,-999.0,-955.4120038115161],"thermo_feasible":true,"max_flux_bound":1000.0,"termination":"OPTIMAL"}