{"nodes":1,"time":0.060027,"objective_value":1.249451125458348,"μ":[0.0,-14775.183206184343,0.0,-0.031414554469847644,-155.7089609438002,0.0,-96.29521372244471,-97.26980388907896,-97.29521372244471,58.971868457987114,-0.4824204413114912,50.21104337216275,-156.26708218043183,802.3727144173781,7847.375313420548,0.0,97.29521372244471,0.0,0.0,0.0,748.2620269623563,949.7255326422775,-995.7086077041434,-751.3447584054438,0.0,-0.9999999999999971,801.5680782647935,-656.0495446829991,0.0,749.2620269623563,96.7368130276453,593.9949447819248,-714.5982894169935,1050.2110433721627,892.943961191731,0.0,0.0,-0.548579056904936,1.000000000000103,-871.8653715974253,220.98915257854435,0.451420943095064,228.09857975264035,0.0,0.9758273139329794,156.2429094943648,0.0,96.29521372244471,0.0,0.0,0.0,0.0,-157.26708218043183,-750.1566679515307,749.2620269623563,11.375093037877182,-1.4824204413114912,-493.4106862911075,0.0,1.0,-0.7742895284524844,-766.4408417379321,-923.7079239183639,0.22571047154751556,889.4878256909935,46.50422380817122,0.0,1316.0174849294915,0.0,22248.482006153932,0.0,0.3583677345997047,5.468762068187624e6,7.383046081080987e6,-7.945285968565414e6,0.0,-2.0438883532427082e9,3.8670723008628422e6,-2.922200411896261e8,0.0,58568.78702397433,69279.60574017235,-75171.34527125883,1.4492840935468104e7,5.657450504053279e6,0.0,2.450913887138767e6,-1.401563040922977e7,-4.0941192598773837e6,-2.5223197137198644e6,1.9699655240401626e-9,-87516.45936433785,-71450.49622757651,-749699.1356043105,4.365436878846576e6,-9.807262304965079e6,-8.446783519642426e7,2.7034419835923624e8,263448.8760963781,613775.5009764896,-1.674551290402738e8,-2.154489067056345e6,13737.921600944857,1.0507298520737393e7,0.0,0.0,0.0,0.0,0.0,0.0,0.0,0.0,0.0,-1.5288293814676255e7,1.5288293814676255e7,-1.8961009330670945e7,-1.8524126499786064e7,2.0973990951521435e9,1.484935900290997e8,-2.3283064365386963e-10,-179516.04334824928,-3.996061848356907e8,27153.823679669313,0.0,-1.2691978771074295e8,0.0,2.9836646163456106e8,0.0,8.595860647436225e8,278860.31723331637,2.3591722618906252e7,0.0,0.0,5677.231757958478,0.0,0.0,4951.58370490284,0.0,-1.9485936924783103e6,7.967173587530851e-10,-6.853250667015985e7,0.0,0.0,402495.31092870596,0.0,392131.6080488745,1.0097385373956444e7,-5.273323680539926e6,-729400.8423935727,-3.2824375141365815e7,-4.639443123758394e7,-3.4052819417250496e6,0.0,0.0,0.0,93996.9269684423,0.0,0.0,4.970766635755494e8,0.0,0.0,-1.522420704227894e8,-1.1237900493110958e6,-2.136374630795148e7,3308.963460187781,-2.2737367544323206e-11,0.0,7.89088632434226e7,4.193674269316344e8,-1.360732204861058e9,-4.115552695969071e10,-4.3327173296228595e7,0.0,0.0,36861.78143107984,1.5136935926762385e9,8.477361931092405e9,7.128270972301383e7,0.0,7.185942007292318e8,32321.39466833348,3932.1964868745736,278477.39316081395,0.0,44475.018651320024,0.0,0.0,3.9573316696806616e8,6.205530780362627e7,8473.085264464462,3.528977257244186e7,337674.47914507205,0.0,0.0,0.0,0.0,0.0,0.0,0.0,0.0,6.368554912526449e8,0.0,0.0,0.0,0.0,1.0890622173353026e7,-1.7682001196881056e7,0.0,-5.61193918941738e8],"time_limit":1800,"x":[0.0,16.79233312184651,0.0,0.0,0.0,0.0,0.0,16.26872772449226,33.504056861438286,0.0,2.265445426693064,0.0,0.0,0.0,0.0,0.0,-0.0,0.0,31.6348779777526,0.0,0.0,0.0,0.0,0.0,0.0,0.0,4.596355855223603,0.0,0.0,0.0,0.0,0.0,0.0,0.0,-0.0,17.835689857965512,0.0,0.0,0.0,0.0,0.0,3.5804271451134415,0.0,0.0,1.3480328192570117,0.0,0.0,0.0,1.3480328192570117,0.0,8.39,0.0,-17.835689857965512,0.0,-0.0,0.0,0.0,0.0,0.0,0.0,40.27619274737674,0.0,0.0,17.835689857965512,0.0,0.0,8.615550121509445,1.249451125458348,-0.0,23.89946670605195,0.0,0.0,0.0,0.6121914821492488,0.0,1.3480328192570117,1.6532539445438155,0.0,0.0,0.0,0.0,44.909952519819115,0.0,0.0,0.0,0.0,0.0,0.0,31.6348779777526,0.0,-0.0,0.0,0.0,-0.0,0.0,0.0,0.0,0.5316216692198562,16.89232308883525,0.0,0.0,0.0,0.5316216692198562,0.0,0.0,0.0,0.08056981292939258,0.0,16.79233312184651,17.835689857965512,0.0,0.0,23.89946670605195,0.0,0.0,-0.0,-0.0,-18.790310631904283,-0.0,0.0,42.89967943466002,33.000968484340724,0.0,-0.0,-6.81300709689928,-22.454976259909557,-4.596355855223603,0.0,0.0,0.0,0.0,0.0,0.0,16.79233312184651,0.0,0.0,0.0,0.0,0.0,0.0,0.0,0.0,0.0,0.0,0.0,0.0,0.0,0.0,0.0,0.0,-0.0,2.265445426693064,0.0,33.504056861438286,0.0,0.0,18.790310631904283,0.0,0.31948465277969956,0.0,6.493522444119581,0.0,0.0,0.0,0.0,0.0,0.0,0.0,2.265445426693064,33.000968484340724,0.0,0.0,0.0,0.0,1.3480328192570117,0.0,0.0,0.0,0.0,0.0,0.0,0.0,0.0,0.0,0.0,0.0,0.0,44.909952519819115,0.0,0.0,0.0,0.0,0.0,6.81300709689928,-0.0,22.454976259909557,23.86641560521532,0.0,9.940433855815933e-5,0.0,0.0,0.0,0.0,0.0,0.0,0.00024092291386270098,0.0004836063442262155,0.0029153658202540093,0.0,0.0,0.0,0.0,0.0016913566713213193,0.0,0.0,4.841198267720021e-6,0.0,0.0,0.0023643734079146364,0.00014570989792962876,0.0,0.0,2.9247453989815393e-5,2.8343821565546716e-5,0.0,0.0,0.0,0.0,0.0,4.054605387896197e-5,0.0,0.00014577855864179333,0.00014577855864179333,0.00014577855864179333,0.00014577855864179333,0.00014577855864179333,0.00014577855864179333,0.00014577855864179333,0.00014577855864179333,0.00014577855864179333,2.468121216783919e-5,0.0,0.0,0.00014817168539330095,2.266733693422152e-6,0.0,2.6656396173411167e-6,0.0001789872541088063,0.0,0.0,0.00010763543573387628,0.00010763543573387628,0.0,0.0,0.0,0.0,3.0515739198098377e-6,0.0,0.0,0.0,0.0,0.0,0.0,0.0,2.156006681994744e-5,0.00010077083530636189,0.00010077083530636189,0.0,6.5232222159602316e-6,2.6095369354031195e-6,0.0,0.000185448956218706,0.0,0.0,0.0,0.0,0.0,0.0,0.0,0.0,0.0,6.455078858342113e-5,6.455078858342113e-5,6.455078858342113e-5,6.455078858342113e-5,6.455078858342113e-5,0.0,0.0,0.0,5.698357907026148e-5,0.014379240129569804,0.0,0.0,0.0,0.0,1.1544498233469786e-7,0.0,0.0,0.0,0.0003467833967172027,0.0,0.0,0.0,0.0,0.0,0.0,0.0002981916717780566,0.00025673643599763836,9.37921559566859e-6,0.0,0.0,0.0,0.0,0.0,0.0,0.0,0.0,3.312957486544054e-5,3.312957486544054e-5,3.312957486544054e-5,3.312957486544054e-5,3.312957486544054e-5,3.312957486544054e-5,3.312957486544054e-5,3.312957486544054e-5,3.312957486544054e-5,3.312957486544054e-5,3.312957486544054e-5,3.312957486544054e-5,3.312957486544054e-5,0.0,0.0,4.054605387896197e-5,4.054605387896197e-5],"objective_function":[0.0,0.0,0.0,0.0,0.0,0.0,0.0,0.0,0.0,0.0,0.0,0.0,0.0,0.0,0.0,0.0,0.0,0.0,0.0,0.0,0.0,0.0,0.0,0.0,0.0,0.0,0.0,0.0,0.0,0.0,0.0,0.0,0.0,0.0,0.0,0.0,0.0,0.0,0.0,0.0,0.0,0.0,0.0,0.0,0.0,0.0,0.0,0.0,0.0,0.0,0.0,0.0,0.0,0.0,0.0,0.0,0.0,0.0,0.0,0.0,0.0,0.0,0.0,0.0,0.0,0.0,0.0,1.0,0.0,0.0,0.0,0.0,0.0,0.0,0.0,0.0,0.0,0.0,0.0,0.0,0.0,0.0,0.0,0.0,0.0,0.0,0.0,0.0,0.0,0.0,0.0,0.0,0.0,0.0,0.0,0.0,0.0,0.0,0.0,0.0,0.0,0.0,0.0,0.0,0.0,0.0,0.0,0.0,0.0,0.0,0.0,0.0,0.0,0.0,0.0,0.0,0.0,0.0,0.0,0.0,0.0,0.0,0.0,0.0,0.0,0.0,0.0,0.0,0.0,0.0,0.0,0.0,0.0,0.0,0.0,0.0,0.0,0.0,0.0,0.0,0.0,0.0,0.0,0.0,0.0,0.0,0.0,0.0,0.0,0.0,0.0,0.0,0.0,0.0,0.0,0.0,0.0,0.0,0.0,0.0,0.0,0.0,0.0,0.0,0.0,0.0,0.0,0.0,0.0,0.0,0.0,0.0,0.0,0.0,0.0,0.0,0.0,0.0,0.0,0.0,0.0,0.0,0.0,0.0,0.0,0.0,0.0,0.0,0.0,0.0,0.0,0.0,0.0,0.0,0.0,0.0,0.0,0.0,0.0,0.0,0.0,0.0,0.0,0.0,0.0,0.0,0.0,0.0,0.0,0.0,0.0,0.0,0.0,0.0,0.0,0.0,0.0,0.0,0.0,0.0,0.0,0.0,0.0,0.0,0.0,0.0,0.0,0.0,0.0,0.0,0.0,0.0,0.0,0.0,0.0,0.0,0.0,0.0,0.0,0.0,0.0,0.0,0.0,0.0,0.0,0.0,0.0,0.0,0.0,0.0,0.0,0.0,0.0,0.0,0.0,0.0,0.0,0.0,0.0,0.0,0.0,0.0,0.0,0.0,0.0,0.0,0.0,0.0,0.0,0.0,0.0,0.0,0.0,0.0,0.0,0.0,0.0,0.0,0.0,0.0,0.0,0.0,0.0,0.0,0.0,0.0,0.0,0.0,0.0,0.0,0.0,0.0,0.0,0.0,0.0,0.0,0.0,0.0,0.0,0.0,0.0,0.0,0.0,0.0,0.0,0.0,0.0,0.0,0.0,0.0,0.0,0.0,0.0,0.0,0.0,0.0,0.0,0.0,0.0,0.0,0.0,0.0,0.0,0.0,0.0,0.0,0.0,0.0,0.0,0.0,0.0,0.0,0.0,0.0],"sense":"MAX_SENSE","nullspace_formulation":false,"dual_bound":1.249451125458348,