{"shortest_cycles":true,"nodes":1,"num_blocked_cycles":20,"time":0.063028,"objective_value":0.8739215069684309,"μ":[-10.5,-8.0,-10.0,-9.0,-10.5,-2.0,-9.0,-10.0,-9.0,-8.5,-3.0,-10.0,-11.5,0.0,-2.0,0.0,0.0,0.0,-1.0,-7.0,5.0,993.0,2006.0,3.5,3006.0,4.5,0.0,11.5,-1.0,-1.5,0.0,-1.0,-3.0,0.0,-1.5,1010.0,0.0,2.0,3.0,-4.5,-10.0,1.5,-11.0,0.0,0.0,1.5,4.0,7.0,-1.0,-2.5,0.5,1.0,-0.5,0.0,0.0,-1.0,-4.0,-5.0,0.0,-0.5,0.0,-20.0,-21.5,-1.0,-1.0,-1.0,-335.0,-13.5,1009.0,1007.0,-1.5,0.0],"time_limit":1800,"block_limit":20,"x":[7.4773819621602815,0.0,4.860861146496813,-16.0235261431676,4.959984944574659,0.0,-0.0,-14.716139568742829,3.214895047684756,-0.0,-0.0,-0.0,2.504309470368735,6.007249575350336,6.007249575350336,8.39,0.0,-0.0,0.0,0.0,5.064375661482096,45.514009774517476,0.0,1.7581774441067815,0.8739215069684309,-0.0,-22.80983331020498,2.6784818505075307,6.007249575350336,-2.2815030940671277,0.0,43.598985311997545,1.0658141036401503e-14,14.716139568742829,0.0,-0.0,5.064375661482096,-5.064375661482096,1.4969837572615672,0.0,1.4969837572615672,1.1814980932459636,7.4773819621602815,0.0,0.0,0.0,22.80983331020498,0.0,0.0,-0.0,-0.0,-10.0,-0.0,-0.0,17.53086542978678,29.175827135565797,-1.0658141036401503e-14,-0.0,-4.76531919319746,-21.799492655998773,-3.214895047684756,0.0,0.0,7.4773819621602815,0.0,0.0,0.0,0.0,0.0,5.064375661482096,0.0,4.959984944574659,16.0235261431676,10.0,0.22346172933182776,0.0,-4.5418574638656315,0.0,0.0,0.0,4.959984944574659,-29.175827135565797,6.007249575350336,0.0,1.0658141036401503e-14,0.0,0.0,5.064375661482096,0.0,0.0,38.53460965051545,0.0,4.76531919319746,21.799492655998773,9.282532599166622],"objective_function":[0.0,0.0,0.0,0.0,0.0,0.0,0.0,0.0,0.0,0.0,0.0,0.0,0.0,0.0,0.0,0.0,0.0,0.0,0.0,0.0,0.0,0.0,0.0,0.0,1.0,0.0,0.0,0.0,0.0,0.0,0.0,0.0,0.0,0.0,0.0,0.0,0.0,0.0,0.0,0.0,0.0,0.0,0.0,0.0,0.0,0.0,0.0,0.0,0.0,0.0,0.0,0.0,0.0,0.0,0.0,0.0,0.0,0.0,0.0,0.0,0.0,0.0,0.0,0.0,0.0,0.0,0.0,0.0,0.0,0.0,0.0,0.0,0.0,0.0,0.0,0.0,0.0,0.0,0.0,0.0,0.0,0.0,0.0,0.0,0.0,0.0,0.0,0.0,0.0,0.0,0.0,0.0,0.0,0.0,0.0],"sense":"MAX_SENSE","scip_seed":3,"nullspace_formulation":false,"dual_bound":0.8739215069684309,"a":[1.0,1.0,1.0,0.0,1.0,-0.0,-0.0,0.0,1.0,-0.0,-0.0,-0.0,1.0,1.0,1.0,1.0,0.0,-0.0,0.0,0.0,1.0,1.0,1.0,1.0,1.0,-0.0,0.0,1.0,1.0,0.0,1.0,1.0,-0.0,1.0,0.0,-0.0,1.0,0.0,1.0,1.0,1.0,1.0,1.0,1.0,0.0,0.0,0.0,0.0,0.0,1.0,0.0,1.0,1.0,1.0,1.0,0.0,0.0,0.0,1.0,-0.0,1.0,0.0,1.0,0.0,-0.0,0.0,0.0,1.0,1.0,1.0,1.0,0.0,1.0,1.0,1.0],"G":[-8.5,-1.0,-1.0,1.0,-1.0,1.0,1.0,1.0,-1.0,1.0,1.0,1.0,-9.0,-1.0,-1.0,-1.0,8.0,1.0,1.0,1.0,-1.0,-1.0,-1.0,-3.0,-10.378349999999973,1.0,1.0,-4.0,-1.0,1.0,-2.5,-1.0,1.0,-1.0,1.0,1.0,-1.0,3.0,-1.0,-2.0,-1.0,-1.5,-1.0,-1.0,7.5,333.5,334.0,1.0,1.0,-1000.0,1.0,-10.0,-1.0,-1.0,-2.0,1.0,2.0,1.0,-1.0,1.0,-1.0,1.0,-1.0,1.0,1.0,2.0,1.0,-9.0,-4.0,-5.0,-999.5,1.0,-1000.0,-1000.0,-4.0],"thermo_feasible":true,"termination":"OPTIMAL"}