{"objective_value":0.06694817909416013,"time_limit":1800,"thermo_feasible":true,"dual_bound":0.06694817909416013,"solution":[1.2806493941681838,0.0,-0.0,-0.0,0.0,2.858718259509126,0.0,0.0,3.183276336939705,0.0,2.0002775567982627,0.0,0.0,0.0,0.0,0.0,0.0,0.0,3.0831218610148414,0.0,0.0,0.0,0.0,0.0,0.0,0.0,0.24628226643368478,0.0,0.0,0.0,0.0,0.0,0.0,0.0,0.0,-0.0,2.1518860794508927,0.0,-0.0,0.0,0.0,0.0,0.0,0.0,0.0,0.26407709243691463,0.0,0.0,0.0,0.26407709243691463,8.39,0.0,-2.1518860794508927,0.0,-0.0,0.0,0.0,0.0,0.0,7.3052904416648055,0.0,0.0,0.0,0.0,2.1518860794508927,1.0343671277344972,-0.0,0.06694817909416013,-0.0,2.072507947222952,0.0,0.0,0.0,0.0,1.2853960200659598,0.26407709243691463,0.0,0.7148815367323034,0.0,0.0,0.0,-0.0,6.848936574253512,-0.0,0.0,-0.0,-0.0,0.0,3.0831218610148414,0.0,-0.0,0.19184670201222526,0.0,-0.0,0.0,0.0,0.0,0.6547821563594758,0.0,0.0,0.0,0.6547821563594758,0.0,0.0,0.0,0.630613863706484,0.0,0.0,1.2806493941681838,2.1518860794508927,0.0,0.0,2.072507947222952,0.0,2.858718259509126,-0.0,-0.0,-2.0140019335125654,-0.0,0.0,6.353584811588874,2.560185263016449,0.0,-0.0,-0.3650550309646364,-3.424468287126756,-0.24628226643368478,0.0,0.0,0.0,0.0,0.0,0.0,0.0,1.2806493941681838,0.0,-0.0,0.0,0.0,2.858718259509126,0.0,0.0,0.0,0.0,0.0,0.0,0.19184670201222526,0.0,0.0,0.0,0.0,2.0002775567982627,0.0,3.183276336939705,2.014001933512567,-3.552713678800501e-15,0.0,-0.0,0.0,0.0,0.34793638157025963,0.0,-0.0,-0.0,-0.017118649394376746,0.0,0.0,-0.0,2.0002775567982627,2.560185263016449,0.0,0.0,0.0,0.0,0.07223039042468937,0.19184670201222526,0.0,0.0,0.0,0.0,-0.0,0.19184670201222526,0.0,0.0,0.3836934040244505,0.0,0.0,6.657089872241287,0.0,2.8526549400301464,0.0,0.0,0.3650550309646364,0.0,0.0,3.424468287126756,0.0,9.725712313251327e-5,0.0,0.0,0.0,0.0,0.0,1.3182191166358383e-5,1.3182191166358383e-5,0.0,0.0006048520117062951,0.0009416074387760834,0.0,0.0,0.0,0.0,1.688373248932143e-5,0.0,0.0,2.597505413644407e-5,0.0,0.0,0.002519431722905784,0.0,3.208992617702689e-5,0.0,0.0,0.0,0.0002902486892583574,0.0,0.0,0.0,0.0,0.0,0.0,0.0003349013420054314,0.0003349013420054314,0.0003349013420054314,0.0003349013420054314,0.0003349013420054314,0.0003349013420054314,0.0003349013420054314,0.0003349013420054314,0.0,0.0,0.00011006906607138669,5.598924029403665e-5,0.0,0.0,9.471311883378804e-6,7.6279868683988905e-6,0.0,2.6017047839999483e-6,0.0,0.0,0.0,1.717996443987302e-5,1.717996443987302e-5,0.0,0.0,0.005511776717338485,0.0,0.0,0.0,0.0,0.0,0.0,0.0,0.00011436739445266942,0.0,0.0,9.486149409979889e-7,0.0,1.9954885095712616e-5,0.0,0.0,0.000162164315219883,0.0,0.0,2.15649628181152e-5,0.0,0.0,0.0,0.0,0.0,0.0,0.0,0.0,0.00021431493137332686,0.00021431493137332686,0.0,0.0,0.0,6.402498991563764e-5,0.0009404541445237388,0.00021431493137332686,0.00021431493137332716,0.0,0.0,0.0,0.0,0.0,0.0,1.8059872694127463e-6,0.0,0.0,0.0,0.0,0.0,6.776263578034403e-21,1.0786660803442875e-6,3.0152997809667955e-5,2.308451348353651e-5,1.0099005902730215e-6,0.0,0.0,0.0,3.2861756812599105e-6,0.0,0.0,0.0,7.393921785187633e-5,7.393921785187633e-5,7.393921785187633e-5,7.393921785187633e-5,7.393921785187633e-5,7.393921785187633e-5,7.393921785187633e-5,7.393921785187633e-5,7.393921785187633e-5,7.393921785187633e-5,7.393921785187633e-5,7.393921785187633e-5,7.393921785187633e-5,1.4368074153623356e-5,0.00028616609625850336,0.0,0.0],"termination":"OPTIMAL","time":0.019534}