{"objective_value":0.6258839875429673,"time_limit":1800,"thermo_feasible":true,"dual_bound":0.6258839875429673,"solution":[19.338499627913983,-0.0,30.971699759587327,-0.0,-0.0,0.0,0.0,16.255603733273173,40.04692369636222,0.0,5.365734719405236,0.0,13.670069004176657,0.0,0.0,0.0,0.0,39.110601250997945,0.0,-0.0,0.0,0.0,-0.0,0.0,-0.0,-0.0,2.302439424974308,0.0,0.0,13.670069004176657,0.0,0.0,0.0,0.0,0.0,14.280676512737037,-0.0,-0.0,-0.0,0.0,-0.0,6.041000953565343,0.0,-0.0,0.6752662341601073,-0.0,0.0,-0.0,-0.0,0.6752662341601073,8.39,0.0,-14.280676512737037,0.0,-0.0,0.0,0.0,0.0,0.0,0.0,0.0,0.0,0.0,1.5131204953544264,12.76755601738261,-0.0,10.995059249374329,0.6258839875429673,-0.0,0.0,0.0,0.0,0.0,3.127271069357606,0.0,0.6752662341601073,2.2384636500476303,0.0,0.0,0.0,-8.881784197001252e-16,6.431860594099382,-0.0,0.0,-0.0,-0.0,-0.0,0.0,39.110601250997945,4.247467798862216,-13.670069004176657,0.0,0.0,-0.0,-0.0,0.0,-0.0,1.6766075944303085,0.0,0.0,0.0,1.6766075944303085,0.0,0.0,0.0,0.0,1.4506634749272973,0.0,19.338499627913983,14.280676512737037,0.0,0.0,0.0,13.670069004176657,30.971699759587327,-0.0,-0.0,-21.749644670124717,-0.0,0.0,66.30254466016073,-4.86341188645647,0.0,-0.0,-3.412820207274292,-3.215930297049691,-2.302439424974308,0.0,4.247467798862216,0.0,0.0,0.0,19.338499627913983,0.0,0.0,0.0,0.0,0.0,-0.0,30.971699759587327,-0.0,4.247467798862216,0.0,4.247467798862216,-0.0,0.0,-0.0,0.0,0.0,0.0,-0.0,5.365734719405236,0.0,40.04692369636222,-0.0,21.749644670124717,-0.0,0.16003853561473672,0.0,0.0,3.2527816716595552,0.0,0.0,-0.0,0.0,0.0,0.0,0.0,5.365734719405236,0.0,-0.0,4.86341188645647,-0.0,0.0,0.6752662341601073,0.0,0.0,0.0,0.0,0.0,0.0,-0.0,0.0,4.247467798862216,0.0,0.0,0.0,10.679328392961597,0.0,0.0,0.0,0.0,3.412820207274292,0.0,-0.0,3.215930297049691,0.0,0.000516315579058159,0.0,2.7617943679055156e-5,2.7617943679055156e-5,0.0,0.0,0.0,0.0,9.941409038627567e-5,0.0026103960743697648,0.001769871737026263,0.0,0.0023002701904949545,0.0,0.0003248885296109239,0.0,0.0,0.0,2.3292770931096484e-5,0.0,3.6347938171264846e-5,0.000410750221123143,0.00013931969567543257,0.0,0.0,2.2741135131182904e-5,1.0855568453015425e-5,2.9215703139536074e-6,0.0,0.0,0.0,0.0,0.0,0.0,0.0,0.0,0.0,0.0,0.0,0.0,0.0,0.0,0.0,5.12159562210418e-5,3.0480541645376062e-5,0.0,0.0002037610998669014,0.00013755529223175063,0.0,2.943993785539141e-6,1.627102409492216e-5,0.0,0.0,0.00012403682317015813,0.00012403682317015813,0.0,0.0,0.0,0.0,0.0028669888202949097,0.0,0.0,0.0,0.0,0.0,0.0,0.0,7.188659789818277e-5,0.0,0.0,3.5784681295513075e-6,2.078646998965545e-6,0.0029616803066584664,1.121825157463313e-6,0.0,0.0,0.0,0.0,0.0011056904577270335,0.0,1.3101738080409096e-5,1.3101738080409096e-5,1.3101738080409096e-5,1.3101738080409096e-5,0.0,0.0,0.0,3.2949934589408595e-5,3.2949934589408595e-5,0.0007229599793546508,0.0,0.0,3.87062814476808e-5,0.0027638330356933474,3.2949934589408595e-5,0.0,3.2949934589408595e-5,1.1070349309605273e-6,0.0,0.0,0.0,0.0,2.2548309393028854e-5,0.0,0.0,0.0,0.0,0.0,0.0,0.0002698187009861806,1.4247087387118494e-5,4.142367169086803e-6,0.0,0.0,0.0,0.0,0.0,0.003691417595106224,0.0,0.0,6.171853508080667e-5,6.171853508080667e-5,6.171853508080667e-5,6.171853508080667e-5,6.171853508080667e-5,6.171853508080667e-5,6.171853508080667e-5,6.171853508080667e-5,6.171853508080667e-5,6.171853508080667e-5,6.171853508080667e-5,6.171853508080667e-5,6.171853508080667e-5,0.0,0.0007579138503859353,0.0,0.0],"termination":"OPTIMAL","time":0.02061}