{"objective_value":0.03015250882789447,"time_limit":1800,"thermo_feasible":true,"dual_bound":0.03015250882789447,"solution":[3.9442681478465715,0.0,0.0,0.0,0.0,7.72195222762986,0.0,3.795746940196639,7.9545336044738235,0.0,0.2584989658069807,0.0,4.030742276643182,0.0,0.0,0.0,0.0,0.0,0.0,7.9094254512672935,0.0,0.0,0.0,0.0,0.0,0.0,0.11092203422517333,4.030742276643182,0.0,-0.0,0.0,0.0,-0.0,0.0,0.0,3.5456728366270793,-0.0,0.0,0.0,0.0,-0.0,0.08640502929721439,0.0,0.0,0.03253154177441534,0.0,0.0,0.0,0.03253154177441534,0.0,8.39,0.0,-3.5456728366270793,0.0,0.0,0.0,0.0,1.1017478280748536,0.0,0.0,0.0,0.0,0.0,0.0,3.5456728366270793,-0.0,3.746941084324181,0.03015250882789447,-0.0,0.20462547828418165,0.0,0.0,0.0,0.0,0.1506590205258299,0.03253154177441534,-0.0,0.10783994528115078,0.0,-0.0,0.0,-0.0,0.0,0.0,-0.0,-0.0,-0.0,0.0,7.9094254512672935,0.0,-4.030742276643182,0.0,0.0,-0.0,-0.0,0.0,0.0807720381063499,-0.0,0.0,0.0,0.0,0.0,0.0807720381063499,0.0,0.0,0.0,0.06988698241948,0.0,3.9442681478465715,3.5456728366270793,0.0,0.0,0.20462547828418165,4.030742276643182,7.72195222762986,-0.0,-0.0,-4.060427170313338,-0.0,0.0,11.872484391344504,-3.606473863053088,0.0,-0.0,-0.16441560013674297,0.0,-0.11092203422517333,0.0,0.0,0.0,0.0,-0.0,3.9442681478465715,0.0,0.0,0.0,-0.0,0.0,0.0,7.72195222762986,0.0,0.0,0.0,0.0,0.0,0.0,0.0,0.0,0.0,0.0,0.0,0.2584989658069807,0.0,7.9545336044738235,4.060427170313338,0.0,0.0,0.007709996507292615,0.0,0.0,0.15670560362945035,0.0,-0.0,0.0,-0.0,0.0,0.0,0.0,0.2584989658069807,0.0,0.0,0.47582538840630684,3.130648474646781,0.0,0.03253154177441534,0.0,0.0,0.0,0.0,0.0,0.0,-0.0,0.0,0.0,0.0,0.0,0.0,0.0,0.0,0.0,0.0,0.0,0.16441560013674297,0.0,0.0,0.0,0.0,0.0002787444432594721,0.0,0.0,0.0,0.0,0.0,7.239711107070029e-6,7.239711107070029e-6,1.3531584817826678e-6,2.0669163133793622e-5,3.090421365856861e-5,0.0,0.00016264031769052745,0.0,0.0,0.0,0.0023830730626065327,0.0,1.3548925133432559e-6,2.7371876465538814e-5,0.0,0.0005274057943043894,3.281577291671221e-5,0.0,0.0,5.07411787583277e-6,5.19427142933927e-8,0.0,0.0,0.0,0.0,0.0,0.0,0.0,5.53030725302944e-5,5.53030725302944e-5,5.53030725302944e-5,5.53030725302944e-5,5.53030725302944e-5,5.53030725302944e-5,5.53030725302944e-5,5.53030725302944e-5,0.0,0.0,4.704791187251572e-6,0.0,5.735658861798915e-5,0.0,3.795202375391021e-6,0.0,0.0,2.996058364964566e-7,0.0,0.0,0.0,0.0,0.0,0.0,0.0,0.00054748985089339,0.0,0.0,0.0,0.0,0.0,0.0,2.809518161798766e-6,0.0,0.0,0.0,0.0,6.04754903642914e-7,5.619306295165646e-5,4.7964533182694403e-5,0.0,0.0,0.0,0.0,1.1740704262034304e-6,0.0,0.0,0.0,0.0,0.0,0.0,0.0,0.0,2.4312011456780998e-6,2.4312011456780998e-6,0.0,0.0,0.0,7.067978953876758e-7,0.004855298188060769,2.4312011456780998e-6,2.4312011456780998e-6,0.0,0.0,0.0,0.0,0.0,0.0,2.6388899478769615e-6,0.0,0.0,0.0,0.0,0.0,0.0,1.0212868735541456e-5,0.004118339388790212,2.7470535200370956e-7,0.0,0.0,0.0,0.0,0.0,0.0,0.0,0.0,0.0,0.0,0.0,0.0,0.0,0.0,0.0,0.0,0.0,0.0,0.0,0.0,0.0,0.0,1.022182941583815e-6,0.0,0.0],"termination":"OPTIMAL","time":0.020561}