{"nodes":1,"time":0.060294999999999994,"objective_value":1.6058831170882562,"μ":[-144.94663716039443,351.12978159962074,0.0,0.0,52.66548482145859,0.0,1.0,0.12248885034031842,0.0,-51.67355313699602,0.0,0.9941099688808163,53.619007246559136,-31.761511841073798,-9152.431606931641,0.0,0.0,0.0,0.0,0.0,-0.9973973736483186,-0.07866129005442664,3.29447482118346,-0.9827157489901701,0.0,0.0,-30.76570780315213,-2.980194986720157,0.0,0.0,-147.9823360162856,52.58702345799872,-242.7345852290548,0.0,50.67355313699602,0.0,0.0,-0.0022026717514262995,-0.9993802062177386,-192.06103209205878,1.774157643384664,0.9943415605821129,2.146754700574917,0.8929154257324728,0.5617242167237921,-52.11182892027223,0.0,-1.5945554105111732,0.0,0.0,0.0,0.0,50.78180296331955,0.08914779422269858,0.0,0.29479814770269674,0.9991555034103946,-8.1579137145815,0.0,0.9874669011773805,-150.4086705220047,0.9371489282016742,51.6107020651977,-149.43210509240382,-0.011903237384463639,0.6567740218183035,0.0,-147.45191010568365,0.0,-197709.71393723253,0.0,-148.9268321471146,4.602836294486314e6,844804.7399609814,1.3417260778822629e6,0.0,3.8191505804946823e6,-1.333407724438812e6,30236.942350375357,0.0,53871.56301264985,244799.99797371612,9.3403048927958e6,83760.18175413467,26846.86842941705,21320.761425382694,22210.367398693066,479776.1813773912,1908.2297135319757,22952.449989811026,2.4240085993262394e6,17227.238621964767,61531.537866671424,798850.6254576263,1.5491225018126848e6,6.225276443609314e6,1.0458411349805258e8,-3.0588719201437654e6,2734.575875755932,472524.57506757055,187601.29340368108,-25890.988885381015,253457.60943276153,38029.65342586997,0.0,0.0,0.0,76701.11019902072,0.0,0.0,0.0,0.0,0.0,0.0,4.246993904509002e7,190359.69841350662,81185.17677663805,7.8707410473970715e6,541177.5319251351,3764.9103953963304,48.84646958340231,266239.5041484403,566.7513671901493,4915.926870498159,4.548511147383802e8,-5.966797787593134e7,0.0,-760804.546746547,0.0,102852.3151138186,16486.476942513225,4639.058487968523,14060.873307160102,0.0,0.0,0.0,2919.0086783093584,0.0,3.170949982342024e8,1.2984441222192708e7,0.0,1.3320924963751333e6,37155.13012968283,26914.554666307922,1417.9579195262054,1.8814555646188604e6,757.4044817835506,95614.6010197787,-2.9468658856420843e6,-184380.4161386113,532995.637484048,277255.5744997082,6.488336254917158e6,0.0,0.0,0.0,0.0,0.0,0.0,0.0,0.0,1.9789207051160072e6,3.9142757232192457e6,327497.24671032664,23210.14140119875,12697.018278602962,0.0,0.0,0.0,2.131395083912141e7,1.4415485215222888e7,1.516287926456481e8,0.0,0.0,749.5583803501172,-1.689898884064624e7,-804600.4878201507,-1.6020552786331552e8,0.0,-5.431498424881e7,3897.277271859796,77767.71823032657,9459.736555683816,714.901151965071,6839.065350490147,235910.86545538265,4819.1786902138265,-6.380895540150631e7,-62576.280581987754,7618.0316579667915,4.649840333570681e7,6.0143649297623664e7,0.0,0.0,0.0,0.0,-919589.5936326237,0.0,0.0,0.0,0.0,0.0,0.0,0.0,0.0,1417.8280860082514,47772.1714238108,0.0,16043.317651598332],"time_limit":1800,"x":[60.79843889653986,-0.0,-0.0,108.89709078833982,-0.0,-0.0,0.0,60.54386952222301,121.28407021200009,0.0,2.284102907822154,52.00685546502474,0.0,0.0,0.0,0.0,-0.0,0.0,118.88166906883606,0.0,0.0,0.0,0.0,0.0,0.0,0.0,5.907562222832567,0.0,52.00685546502474,0.0,0.0,0.0,0.0,0.0,-0.0,0.0,0.0,49.139119282065195,0.0,0.0,0.0,27.568245358590747,0.0,0.0,1.7325872950265195,0.0,0.0,0.0,0.0,1.7325872950265195,8.39,0.0,-49.139119282065195,0.0,-0.0,0.0,0.0,23.75295321873452,0.0,0.0,0.0,0.0,0.0,0.0,49.139119282065195,27.322631315116535,-0.0,1.6058831170882562,-0.0,0.0,0.5851284574794313,0.0,0.0,0.3684264873183982,0.0,1.7325872950265195,0.0,1.915676420503757,0.0,0.0,0.0,0.0,-0.0,0.0,0.0,0.0,0.0,0.0,118.88166906883606,0.0,-52.00685546502474,0.0,0.0,-0.0,0.0,0.0,0.47407514629362935,0.0,0.0,0.0,0.0,0.47407514629362935,0.0,0.0,0.10564865897523112,0.0,0.0,0.0,60.79843889653986,49.139119282065195,0.0,0.0,-0.5851284574794313,52.00685546502474,108.89709078833982,-0.0,-0.0,-63.15717846904826,-0.0,0.0,190.25022539919541,-40.89408894438648,0.0,-0.0,-8.756559460858844,0.0,-5.907562222832567,0.0,0.0,0.0,0.0,0.0,60.79843889653986,0.0,0.0,0.0,0.0,0.0,0.0,108.89709078833982,0.0,0.0,0.0,0.0,0.0,0.0,0.0,0.0,0.0,0.0,-0.0,2.284102907822154,0.0,121.28407021200009,0.0,0.0,63.15717846904826,8.756559460858844,0.0,0.0,0.0,0.0,-0.0,-0.0,0.0,8.345935147819375,0.0,-0.0,2.284102907822154,0.0,0.0,0.0,40.89408894438648,0.0,1.7325872950265195,0.0,0.0,0.0,0.0,0.0,0.0,0.0,0.0,22.96642669826264,0.0,0.0,22.96642669826264,0.0,-0.0,0.0,0.0,0.0,0.0,8.756559460858844,-0.0,0.0,0.0,0.001986886533905769,0.0,5.3799728540563256e-5,5.3799728540563256e-5,5.3799728540563256e-5,0.0,0.0,0.0,0.0005560018788110812,0.0009895934857517342,3.6187992563478136e-5,0.0011680668553863366,0.0003761366702889248,0.0,0.0,2.493623816078825e-5,0.0,0.0,1.750174732209122e-5,0.0,0.0,0.00013464280820459052,0.0,0.0,0.0003558031358682885,0.00025942334936657706,7.010396785042441e-5,5.846693677407975e-6,0.0,0.0,0.0,0.0,0.0,0.0,1.4234585344590662e-5,1.4234585344590662e-5,1.4234585344590662e-5,1.4234585344590662e-5,1.4234585344590662e-5,1.4234585344590662e-5,1.4234585344590662e-5,1.4234585344590662e-5,0.0,0.0,6.481530098383415e-5,1.3816920100604054e-5,0.0,0.00019565528759767252,0.0,0.00019631941635621315,0.0,0.0007782755950454648,0.0,0.0,0.0,0.0,0.0,0.0,0.0,6.459768221550102e-5,0.0,0.0,0.0,0.0,0.0,0.0,6.430272278622384e-7,0.0,0.0,0.0,2.5474597874414826e-5,9.198855292318096e-8,0.0005373874869316826,6.46087983616789e-5,0.0,0.0,0.0,0.0,7.012498391806164e-5,0.0,0.0,0.0,0.0,0.0,0.0010264894371615756,0.0010264894371615756,0.0010264894371615756,0.0010264894371615754,0.0010264894371615754,0.0,0.0,0.0,0.00019135726878622553,2.4860727947825173e-5,0.0,0.0,0.0,0.0001446679404391186,0.0,0.0,0.0,0.0,0.0,0.0,0.0,0.0,5.3800263241623215e-5,5.3800263241623215e-5,0.0,2.9364236413921004e-5,0.0,0.004845021464114843,0.0,0.0,0.0,0.0,0.0,1.2649757815050628e-5,0.0,1.2891833151237812e-5,0.0,0.0,0.0,0.0,0.0,0.0,0.0,0.0,0.0,0.0,0.0,0.0,0.0,0.0,0.0,0.0,0.0],"objective_function":[0.0,0.0,0.0,0.0,0.0,0.0,0.0,0.0,0.0,0.0,0.0,0.0,0.0,0.0,0.0,0.0,0.0,0.0,0.0,0.0,0.0,0.0,0.0,0.0,0.0,0.0,0.0,0.0,0.0,0.0,0.0,0.0,0.0,0.0,0.0,0.0,0.0,0.0,0.0,0.0,0.0,0.0,0.0,0.0,0.0,0.0,0.0,0.0,0.0,0.0,0.0,0.0,0.0,0.0,0.0,0.0,0.0,0.0,0.0,0.0,0.0,0.0,0.0,0.0,0.0,0.0,0.0,1.0,0.0,0.0,0.0,0.0,0.0,0.0,0.0,0.0,0.0,0.0,0.0,0.0,0.0,0.0,0.0,0.0,0.0,0.0,0.0,0.0,0.0,0.0,0.0,0.0,0.0,0.0,0.0,0.0,0.0,0.0,0.0,0.0,0.0,0.0,0.0,0.0,0.0,0.0,0.0,0.0,0.0,0.0,0.0,0.0,0.0,0.0,0.0,0.0,0.0,0.0,0.0,0.0,0.0,0.0,0.0,0.0,0.0,0.0,0.0,0.0,0.0,0.0,0.0,0.0,0.0,0.0,0.0,0.0,0.0,0.0,0.0,0.0,0.0,0.0,0.0,0.0,0.0,0.0,0.0,0.0,0.0,0.0,0.0,0.0,0.0,0.0,0.0,0.0,0.0,0.0,0.0,0.0,0.0,0.0,0.0,0.0,0.0,0.0,0.0,0.0,0.0,0.0,0.0,0.0,0.0,0.0,0.0,0.0,0.0,0.0,0.0,0.0,0.0,0.0,0.0,0.0,0.0,0.0,0.0,0.0,0.0,0.0,0.0,0.0,0.0,0.0,0.0,0.0,0.0,0.0,0.0,0.0,0.0,0.0,0.0,0.0,0.0,0.0,0.0,0.0,0.0,0.0,0.0,0.0,0.0,0.0,0.0,0.0,0.0,0.0,0.0,0.0,0.0,0.0,0.0,0.0,0.0,0.0,0.0,0.0,0.0,0.0,0.0,0.0,0.0,0.0,0.0,0.0,0.0,0.0,0.0,0.0,0.0,0.0,0.0,0.0,0.0,0.0,0.0,0.0,0.0,0.0,0.0,0.0,0.0,0.0,0.0,0.0,0.0,0.0,0.0,0.0,0.0,0.0,0.0,0.0,0.0,0.0,0.0,0.0,0.0,0.0,0.0,0.0,0.0,0.0,0.0,0.0,0.0,0.0,0.0,0.0,0.0,0.0,0.0,0.0,0.0,0.0,0.0,0.0,0.0,0.0,0.0,0.0,0.0,0.0,0.0,0.0,0.0,0.0,0.0,0.0,0.0,0.0,0.0,0.0,0.0,0.0,0.0,0.0,0.0,0.0,0.0,0.0,0.0,0.0,0.0,0.0,0.0,0.0,0.0,0.0,0.0,0.0,0.0,0.0,0.0,0.0,0.0,0.0,0.0,0.0,0.0,0.0,0.0,0.0],"sense":"MAX_SENSE","nullspace_formulation":false,"dual_bound":1.6058831170882562,