{"time":0.1432631015777588,"objective_value":0.8739215069684305,"μ":[-9999.0,-9001.000000000007,-10000.0,-10000.0,-9250.25,-4251.249999999996,-5448.985723460864,-5449.985723460864,-3934.088092179711,-3683.838092179711,-10000.0,-9564.411907820264,-9813.661907820282,-8565.411907820295,-9064.911907820297,-10000.0,-8948.485723460857,-10000.0,-7949.485723460858,-5448.985723460872,-10000.0,-5447.985723460872,-2626.3238156405914,-8599.36786173045,-2625.3238156405914,-7599.36786173045,-5683.838092179726,-4150.382138269586,-10000.0,-5915.529769550702,-8484.102368718846,-6164.779769550703,-7313.161907820271,-5681.838092179694,-5931.088092179694,-6365.67618435943,-10000.0,-7983.022023044945,-7982.0220230449195,-6563.411907820271,-6680.838092179687,-10000.0,-6681.838092179687,-8565.411907820268,-6748.750000000004,-7248.250000000004,-10000.0,-4550.014276539136,-7983.0220230449195,-9713.79404608982,-6599.36786173045,-8115.426184359426,-7365.676184359427,-3197.7357234609008,-10000.0,-9997.999999999998,-4935.088092179717,-4936.088092179717,-5767.14763128115,-4967.044046089865,-7451.5660691348385,-10000.0,-9250.25,-9468.544046089892,-9934.08809217973,-3883.573815640577,-3884.573815640577,-10000.0,-3115.4261843594304,-3614.9261843594313,-5967.044046089865,-9467.544046089892],"time_limit":1800,"x":[7.477381962160273,0.0,4.860861146496784,-16.02352614316759,4.959984944574689,0.0,0.0,-14.716139568742818,3.2148950476847618,0.0,0.0,0.0,2.504309470368676,6.007249575350324,6.007249575350324,8.39,0.0,0.0,0.0,0.0,5.064375661482027,45.51400977451748,0.0,1.758177444106832,0.8739215069684305,0.0,-22.809833310204965,2.6784818505075516,6.007249575350324,-2.2815030940671375,0.0,43.59898531199753,0.0,14.716139568742818,0.0,0.0,5.064375661482084,-5.064375661482027,1.4969837572615774,0.0,1.4969837572615774,1.181498093245974,7.477381962160273,0.0,0.0,0.0,22.809833310204965,0.0,0.0,0.0,0.0,-10.0,0.0,0.0,17.530865429786722,29.175827135565804,0.0,0.0,-4.765319193197458,-21.799492655998765,-3.2148950476847618,0.0,0.0,7.477381962160273,0.0,0.0,0.0,0.0,0.0,5.064375661482084,0.0,4.959984944574689,16.02352614316759,10.0,0.22346172933182767,0.0,-4.5418574638801905,0.0,0.0,0.0,4.959984944574689,-29.175827135565804,6.007249575350266,5.815453938512726e-14,0.0,5.815453938512726e-14,0.0,5.064375661482143,0.0,0.0,38.53460965051545,0.0,4.765319193197458,21.799492655998765,9.282532599166661],"objective_function":[0.0,0.0,0.0,0.0,0.0,0.0,0.0,0.0,0.0,0.0,0.0,0.0,0.0,0.0,0.0,0.0,0.0,0.0,0.0,0.0,0.0,0.0,0.0,0.0,1.0,0.0,0.0,0.0,0.0,0.0,0.0,0.0,0.0,0.0,0.0,0.0,0.0,0.0,0.0,0.0,0.0,0.0,0.0,0.0,0.0,0.0,0.0,0.0,0.0,0.0,0.0,0.0,0.0,0.0,0.0,0.0,0.0,0.0,0.0,0.0,0.0,0.0,0.0,0.0,0.0,0.0,0.0,0.0,0.0,0.0,0.0,0.0,0.0,0.0,0.0,0.0,0.0,0.0,0.0,0.0,0.0,0.0,0.0,0.0,0.0,0.0,0.0,0.0,0.0,0.0,0.0,0.0,0.0,0.0,0.0],"sense":"MAX_SENSE","dual_bound":0.8739215069684305,"G":[-999.0000000000005,-1000.0,-1.0,1000.0,-1.0000000000004547,1000.0,-1000.0,1000.0,-0.9999999999990905,436.58809217974385,1.0,1000.0,-998.9999999999847,-1.000000000001819,-1.0,-1000.0,-1.0000000000272848,-1000.0,-1.0000000000527507,-1.0,-1.0,-1.0,-1000.0,-997.9999999999468,-1000.0,-1.0,1.0,-1.0,-1.0,1.0000000000254659,-0.999999999999943,-0.9999999999995453,-0.9999999999818101,-1000.0,-749.7500000000001,-1000.0,-0.9999999999959073,1.0,-953.0660691348648,498.5,-1.0,-1.0,-1000.0,-1000.0,-0.9999999999990905,-249.25,1.0,0.9999999999959073,-1000.0,-1.0,-0.9999999999990905,-900.1321382695237,-1000.0,-1000.0,-0.9999999999995453,-1.000000000007276,0.9999999999977263,-999.0,-999.9999999999999,-1000.0,-866.5958386854949,1.0,-1000.0,-1000.0,1000.0000000000005,-1.0000000000272848,-0.999999999998181,-1.0,-999.9999999999745,-0.9999999999736247,-1.0,-999.0,-1.0,-1.0,-1000.0],"thermo_feasible":true,"max_flux_bound":1000.0,"termination":"OPTIMAL"}