{"objective_value":0.8739215069684303,"time_limit":1800,"thermo_feasible":true,"nodes":1,"dual_bound":0.8739215069684303,"solution":[7.477381962160282,0.0,4.8608611464968146,-16.0235261431676,4.959984944574657,0.0,-0.0,-14.716139568742829,3.214895047684763,-0.0,-0.0,-0.0,2.5043094703687334,6.007249575350329,6.007249575350329,8.39,0.0,-0.0,0.0,0.0,5.06437566148209,45.51400977451745,0.0,1.7581774441067815,0.8739215069684303,-0.0,-22.809833310204954,2.6784818505075307,6.007249575350329,-2.2815030940671264,0.0,43.59898531199751,0.0,14.716139568742829,0.0,-0.0,5.06437566148209,-5.06437566148209,1.4969837572615665,0.0,1.4969837572615665,1.1814980932459633,7.477381962160282,0.0,0.0,0.0,22.809833310204954,0.0,0.0,-0.0,-0.0,-10.0,-0.0,-0.0,17.53086542978673,29.17582713556579,-0.0,-0.0,-4.765319193197457,-21.799492655998755,-3.214895047684763,0.0,0.0,7.477381962160282,0.0,0.0,0.0,0.0,0.0,5.06437566148209,0.0,4.959984944574657,16.0235261431676,10.0,0.22346172933182762,0.0,-4.541857463865629,0.0,0.0,0.0,4.959984944574657,-29.17582713556579,6.007249575350329,0.0,0.0,0.0,0.0,5.06437566148209,0.0,0.0,38.53460965051542,0.0,4.765319193197457,21.799492655998755,9.282532599166611,1.0,1.0,1.0,0.0,1.0,-0.0,-0.0,0.0,1.0,-0.0,-0.0,-0.0,1.0,1.0,1.0,1.0,0.0,-0.0,0.0,0.0,1.0,1.0,1.0,1.0,1.0,-0.0,0.0,1.0,1.0,0.0,0.0,1.0,-0.0,1.0,1.0,-0.0,1.0,0.0,1.0,1.0,1.0,1.0,1.0,1.0,0.0,0.0,0.0,0.0,-0.0,1.0,-0.0,0.9999999999999994,1.0,1.0,1.0,-0.0,0.0,0.0,0.0,-0.0,1.0000000000000007,0.0,1.0,0.0,-0.0,0.0,-0.0,1.0,1.0,1.0,1.0,1.0,1.0,1.0,1.0,-1.9999999999923839,-1.0,-1000.0,1000.0,-334.666666666434,1.0,1.0,1000.0,-1.0,1.0,1.0,1.0,-998.0,-1.0,-1.0,-1.0,997.0000000000065,1.0,1.0,1.000000000056539,-0.9999999999999432,-3.0000000000001554,-1.0,-3.000000000107477,-1.0,1.0,1.0,-1.0,-1.0,1000.0,750.2500000000045,-1.0,1.0,-1.0,-753.2499999999976,1.0,-999.9999999999584,1.0,-1.0,-1.0000000000019817,-1.0,-1.0,-1.0,-1.0,0.999999999999946,250.74999999999886,251.74999999999827,1000.0,1.0,-1.0,1.0,-999.9999999999994,-1.0,-1.0,-999.9999999999936,1.0,998.0,998.9999999999923,1.0000000000059117,1.0,-1000.0000000000007,1.0,-0.9999999999839151,1000.0,1.0,0.9999999998401563,1.0,-1000.0,-6.0,-4.999999999991542,-1.0,-1.0000000000000568,-1.0,-1.0,-999.9999999999989],"termination":"OPTIMAL","time":0.06978}