{"cuts":0,"times_sub_problem":[0.3901698589324951],"objective_values":[34.047310037810355],"time":5.979215145111084,"objective_value":34.047310037810355,"μ":[0.0,0.0,0.0,0.0,0.0,0.0,0.0,0.0,0.0,0.0,0.0,0.0,0.0,0.0,0.0,0.0,0.0,0.0,0.0,0.0,0.0,0.0,0.0,0.0,0.0,0.0,0.0,0.0,0.0,0.0,0.0,0.0,0.0,0.0,0.0,0.0,0.0,0.0,0.0,0.0,0.0,0.0,0.0,0.0,0.0,0.0,0.0,0.0,0.0,0.0,0.0,0.0,0.0,0.0,0.0,0.0,0.0,0.0,0.0,0.0,0.0,0.0,0.0,0.0,0.0,0.0,0.0,0.0,0.0,0.0,0.0,0.0,0.0,0.0,0.0,0.0,0.0,0.0,0.0,0.0,0.0,0.0,0.0,0.0,0.0,0.0,0.0,0.0,0.0,0.0,0.0,0.0,0.0,0.0,0.0,0.0,0.0,0.0,0.0,0.0,0.0,0.0,0.0,0.0,0.0,0.0,0.0,0.0,0.0,0.0,0.0,0.0,0.0,0.0,0.0,0.0,0.0,0.0,0.0,0.0,0.0,0.0,0.0,0.0,0.0,0.0,0.0,0.0,0.0,0.0,0.0,0.0,0.0,0.0,0.0,0.0,0.0,0.0,0.0,0.0,0.0,0.0,0.0,0.0,0.0,0.0,0.0,0.0,0.0,0.0,0.0,0.0,0.0,0.0,0.0,0.0,0.0,0.0,0.0,0.0,0.0,0.0,0.0,0.0,0.0,0.0,0.0,0.0,0.0,0.0,0.0,0.0,0.0,0.0,0.0,0.0,0.0,0.0,0.0,0.0,0.0,0.0,0.0,0.0,0.0,0.0,0.0,0.0,0.0,0.0,0.0,0.0,0.0,0.0,0.0,0.0,0.0,0.0,0.0,0.0,0.0,0.0,0.0,0.0,0.0,0.0,0.0,0.0,0.0],"time_limit":1800,"x":[481.3968277566938,-0.0,-0.0,40.72963902297727,-0.0,-0.0,0.0,388.32280815174516,1000.0,0.0,179.94177051271055,296.7586010453034,-0.0,-0.0,0.0,0.0,-0.0,-0.0,-0.0,949.0652241834357,-0.0,-0.0,0.0,-0.0,0.0,-0.0,125.24983943609266,-0.0,-0.0,296.7586010453034,-0.0,-0.0,-0.0,0.0,-0.0,-0.0,-0.0,276.28132161854717,-0.0,-0.0,-0.0,97.56597164434935,-0.0,-0.0,-0.0,36.73364279979359,-0.0,0.0,-0.0,36.73364279979359,8.39,0.0,-276.28132161854717,0.0,-0.0,0.0,0.0,-0.0,0.0,-0.0,1000.0,-0.0,723.7186783814528,1000.0,-0.0,258.58101667625215,-0.0,34.047310037810355,-0.0,815.7558766685273,0.0,-0.0,0.0,95.48797388662928,-0.0,36.73364279979359,84.45379662608177,-0.0,-0.0,0.0,0.0,-0.0,1000.0,-0.0,0.0,-0.0,-0.0,50.93477581656429,1000.0,0.0,-296.7586010453034,0.0,0.0,-0.0,0.0,-0.0,-0.0,53.88952640513941,223.89504161387902,-0.0,0.0,-0.0,53.88952640513941,0.0,-0.0,-0.0,41.59844748148987,0.0,481.3968277566938,276.28132161854717,0.0,0.0,815.7558766685273,296.7586010453034,40.72963902297727,-0.0,-0.0,-575.2442772222068,-0.0,0.0,999.9999999999998,767.0115008626492,0.0,0.0,-185.6531721741723,-500.0,-125.24983943609266,0.0,0.0,-0.0,0.0,-0.0,-0.0,481.3968277566938,-0.0,-0.0,0.0,-0.0,0.0,-0.0,40.72963902297727,0.0,0.0,-0.0,-0.0,0.0,0.0,-0.0,-0.0,0.0,-0.0,179.94177051271055,0.0,1000.0,-0.0,575.2442772222068,-0.0,-0.0,8.705897176668108,0.0,176.9472749975042,0.0,0.0,-0.0,-0.0,0.0,0.0,-0.0,179.94177051271055,1000.0,-0.0,-0.0,232.9884991373508,0.0,36.73364279979359,0.0,-0.0,0.0,-0.0,0.0,0.0,0.0,-0.0,1000.0,1000.0,0.0,0.0,1000.0,0.0,0.0,0.0,-0.0,-0.0,185.6531721741723,-0.0,500.0,696.6464350003725,6.097391390077011e-6,0.0,0.0,0.0,0.0,0.0,0.0,0.0,9.114176107532404e-6,2.2876764027860197e-5,0.000367004544844773,3.962429926759373e-5,0.0,0.0,0.0,0.0,2.578737479867533e-5,0.0,2.0908188270788887e-7,0.0,3.829314985011142e-7,8.712974578168112e-5,0.0,0.0,5.004247507213359e-6,1.2631403232082184e-6,0.0,1.6003674309876676e-5,0.0,0.0,0.0,0.0,1.8757450674304867e-6,0.0,5.7364767977782535e-6,5.7364767977782535e-6,5.7364767977782535e-6,5.7364767977782535e-6,5.7364767977782535e-6,5.7364767977782535e-6,5.7364767977782535e-6,5.7364767977782535e-6,5.7364767977782535e-6,2.193191598306855e-6,1.5525734459666077e-5,4.990056660135398e-7,0.0,5.603532509084476e-7,0.0,1.1512376048107925e-7,1.4491112096879035e-5,0.0,0.0,0.0,0.0,1.3184792977709219e-6,1.3184792977709219e-6,0.0,0.0,2.853675199465602e-6,0.0,0.0,0.0,0.0,0.0,0.0,0.0,3.4637919190827405e-6,2.1168493663158484e-6,2.1168493663158484e-6,0.0,1.3112884599203464e-6,0.0,0.0,8.425905350147298e-6,0.0,0.0,0.0,0.0,9.230499268392608e-6,0.0,0.0,0.0,0.0,0.0,0.0,0.0,3.7123471302156886e-6,3.7123471302156886e-6,0.0,0.0,0.0,7.173450534068936e-6,0.0006802029941737785,3.7123471302156886e-6,0.0,3.7123471302156886e-6,0.0,0.0,0.0,0.0,0.0,1.4976896517732629e-5,0.0,0.0,0.0,0.0,0.0,0.0,3.753823894658701e-5,1.2329936009679942e-5,4.050699737172977e-7,0.0,0.0,0.0,0.0,0.0,0.0003741006122310719,0.0,0.0,1.1691581648899733e-6,1.1691581648899733e-6,1.1691581648899733e-6,1.1691581648899733e-6,1.1691581648899733e-6,1.1691581648899733e-6,1.1691581648899733e-6,1.1691581648899733e-6,1.1691581648899733e-6,1.1691581648899733e-6,1.1691581648899733e-6,1.1691581648899733e-6,1.1691581648899733e-6,0.0,0.0,1.8757450674304867e-6,1.8757450674304867e-6],"times_mis_problem":[3.2322089672088623],"dual_bounds":[34.047310037810355],"times_master_problem":[0.04985499382019043],