{"objective_value":1.605883117088256,"time_limit":1800,"thermo_feasible":true,"dual_bound":1.605883117088256,"solution":[60.79843889653985,0.0,0.0,108.89709078833975,0.0,0.0,0.0,60.54386952222301,121.28407021200009,0.0,2.284102907822155,52.00685546502475,0.0,0.0,0.0,0.0,0.0,0.0,118.88166906883606,0.0,0.0,0.0,0.0,0.0,0.0,0.0,5.907562222832517,0.0,52.00685546502475,0.0,0.0,0.0,0.0,0.0,0.0,0.0,0.0,49.13911928206512,0.0,0.0,0.0,27.568245358590744,0.0,0.0,1.7325872950265193,0.0,0.0,0.0,0.0,1.7325872950265193,8.39,0.0,-49.13911928206512,0.0,-0.0,0.0,0.0,23.752953218734515,0.0,0.0,0.0,0.0,0.0,0.0,49.13911928206512,27.322631315116535,0.0,1.605883117088256,-0.0,0.0,0.5851284574794313,0.0,0.0,0.36842648731839844,0.0,1.7325872950265193,0.0,1.9156764205037566,0.0,0.0,0.0,0.0,0.0,0.0,0.0,0.0,0.0,0.0,118.88166906883606,0.0,-52.00685546502475,0.0,0.0,0.0,0.0,0.0,0.47407514629362935,0.0,0.0,0.0,0.0,0.47407514629362935,0.0,0.0,0.10564865897523101,0.0,0.0,0.0,60.79843889653985,49.13911928206512,0.0,0.0,-0.5851284574794313,52.00685546502475,108.89709078833975,-0.0,-0.0,-63.157178469048254,-0.0,0.0,190.25022539919541,-40.89408894438645,0.0,-0.0,-8.756559460858842,0.0,-5.907562222832517,0.0,0.0,0.0,0.0,0.0,60.79843889653985,0.0,0.0,0.0,0.0,0.0,0.0,108.89709078833975,0.0,0.0,0.0,0.0,0.0,0.0,0.0,0.0,0.0,0.0,0.0,2.284102907822155,0.0,121.28407021200009,0.0,0.0,63.157178469048254,8.756559460858842,0.0,0.0,0.0,0.0,0.0,0.0,0.0,8.345935147819375,0.0,0.0,2.284102907822155,0.0,0.0,0.0,40.89408894438645,0.0,1.7325872950265193,0.0,0.0,0.0,0.0,0.0,0.0,0.0,0.0,22.966426698262637,0.0,0.0,22.966426698262637,0.0,0.0,0.0,0.0,0.0,0.0,8.756559460858842,0.0,0.0,0.0,0.0019868865339057688,0.0,5.379972854056322e-5,5.379972854056322e-5,5.379972854056322e-5,0.0,0.0,0.0,0.0005560018788110812,0.0009895934857517342,3.618799256347815e-5,0.0011680668553863368,0.00037613667028892485,0.0,0.0,2.493623816078825e-5,0.0,0.0,1.7501747322091072e-5,0.0,0.0,0.00013464280820459044,0.0,0.0,0.0003558031358682879,0.000259423349366577,7.01039678504244e-5,5.846693677407974e-6,0.0,0.0,0.0,0.0,0.0,0.0,1.423458534459066e-5,1.423458534459066e-5,1.423458534459066e-5,1.423458534459066e-5,1.423458534459066e-5,1.423458534459066e-5,1.423458534459066e-5,1.423458534459066e-5,0.0,0.0,6.481530098383406e-5,1.3816920100604054e-5,0.0,0.00019565528759767266,0.0,0.00019631941635621313,0.0,0.0007782755950454647,0.0,0.0,0.0,0.0,0.0,0.0,0.0,6.459768221550102e-5,0.0,0.0,0.0,0.0,0.0,0.0,6.430272278622384e-7,0.0,0.0,0.0,2.5474597874414826e-5,9.198855292318086e-8,0.0005373874869316826,6.46087983616789e-5,0.0,0.0,0.0,0.0,7.01249839180616e-5,0.0,0.0,0.0,0.0,0.0,0.0010264894371615754,0.0010264894371615754,0.0010264894371615754,0.0010264894371615754,0.0010264894371615754,0.0,0.0,0.0,0.0001913572687862256,2.4860727947825173e-5,0.0,0.0,0.0,0.00014466794043911858,0.0,0.0,0.0,0.0,0.0,0.0,0.0,0.0,5.3800263241623215e-5,5.3800263241623215e-5,0.0,2.9364236413921018e-5,0.0,0.004845021464114842,0.0,0.0,0.0,0.0,0.0,1.2649757815050626e-5,0.0,1.289183315123781e-5,0.0,0.0,0.0,0.0,0.0,0.0,0.0,0.0,0.0,0.0,0.0,0.0,0.0,0.0,0.0,0.0,0.0],"termination":"OPTIMAL","time":0.01642}