{"objective_value":0.5732402013770049,"time_limit":1800,"thermo_feasible":true,"dual_bound":0.5732402013770049,"solution":[20.93587590442489,0.0,-0.0,-0.0,-0.0,18.882847059782303,0.0,18.11228575250889,43.12645040762041,0.0,4.914416908415133,32.49082422821061,0.0,0.0,0.0,0.0,-0.0,42.26888306636041,-0.0,0.0,0.0,-0.0,0.0,0.0,-0.0,-0.0,2.108778728805582,0.0,-0.0,32.49082422821061,-0.0,0.0,0.0,0.0,-0.0,3.447079406101885,-0.0,-0.0,0.0,-0.0,-0.0,1.6426771210659452,-0.0,-0.0,-0.0,0.6184688532656506,0.0,-0.0,0.0,0.6184688532656506,8.39,0.0,-3.447079406101885,0.0,-0.0,0.0,0.0,0.0,-0.0,0.0,-0.0,0.0,0.0,0.0,3.447079406101885,0.0,17.184420054553357,0.5732402013770049,-0.0,23.71212369513142,0.0,0.0,0.0,2.8642328821936305,0.0,0.6184688532656506,0.0,2.050184026221502,0.0,0.0,0.0,-0.0,0.0,-0.0,0.0,-0.0,-0.0,0.0,42.26888306636041,0.0,-32.49082422821061,0.0,0.0,-0.0,0.0,-0.0,-0.0,1.5355862974453647,0.0,-0.0,0.0,1.5355862974453647,-0.0,0.0,-0.0,1.3286465847482658,-0.0,0.0,20.93587590442489,3.447079406101885,0.0,0.0,23.71212369513142,32.49082422821061,18.882847059782303,-0.0,-0.0,-23.144216902206306,-0.0,0.0,33.829124905506916,-4.602989610168553,0.0,-0.0,-3.1257641700685324,0.0,-2.108778728805582,0.0,0.0,0.0,-0.0,0.0,-0.0,1.5620682770884429,19.373807627336447,0.0,0.0,0.0,0.0,18.882847059782303,0.0,0.0,0.0,-0.0,-0.0,0.0,-0.0,0.0,-0.0,0.0,-0.0,4.914416908415133,0.0,43.12645040762041,0.0,0.0,23.144216902206306,-0.0,0.14657751949210016,0.0,2.979186650576432,0.0,-0.0,0.0,0.0,0.0,0.0,-0.0,4.914416908415133,0.0,0.0,-0.0,4.602989610168553,0.0,0.6184688532656506,0.0,0.0,0.0,0.0,0.0,-0.0,0.0,0.0,0.0,0.0,0.0,0.0,0.0,0.0,0.0,0.0,0.0,0.0,3.1257641700685324,-0.0,0.0,19.82191505451658,1.1408206558933262e-5,0.0,0.0,0.0,0.0,0.0,0.0001287709259402285,0.0001287709259402285,0.00032493192744369295,0.0002753441273308461,3.795268999851997e-5,0.0006705240861239165,0.0,0.0,4.947658836856953e-5,0.0,0.0,0.0,9.533740301491756e-6,0.0,0.0004504481004777685,0.000265541592986038,1.0678991258410017e-5,0.0,0.0,1.2710869606982892e-6,0.0,2.543169144634411e-5,0.0,0.0,0.0,0.0,3.0800987956015516e-5,0.0,0.0,0.0,0.0,0.0,0.0,0.0,0.0,0.0,0.0,0.0,0.0004510883103419436,0.0,0.00017136726558244556,3.4135198347710475e-6,0.0,0.0,0.0,6.30537718212595e-5,0.0,0.0,0.0,0.0,0.0,0.0,0.0,0.0008621458806817786,0.0,0.0,0.0,0.0,0.0,0.0,0.0,1.9474295031416397e-6,0.0,0.0,3.298431783381806e-5,0.0,0.007254523319321616,0.0,7.167814294751159e-6,0.002261809200519339,0.0,0.0,5.686947642244691e-5,0.0,0.0,0.0,0.0,0.0,2.4997109642869583e-5,2.4997109642869583e-5,2.4997109642869583e-5,2.4997109642869583e-5,2.4997109642869583e-5,0.0,0.0,0.0,3.146660806234307e-5,1.0465273205617701e-5,0.0,0.0,0.0,0.0,0.0,0.0,0.0,0.0,0.003070939359105716,0.0,0.0,0.0,0.0,0.0,0.0,0.0010558884373563482,0.0,2.686776505050763e-6,0.0,0.0,0.0,0.0,0.0,0.0,0.0,0.0,0.0,0.0,0.0,0.0,0.0,0.0,0.0,0.0,0.0,0.0,0.0,0.0,0.0,0.0,0.0,3.0800987956015516e-5,3.0800987956015516e-5],"termination":"OPTIMAL","time":0.018815}