{"nodes":1,"time":0.060149999999999995,"objective_value":0.7596130044451352,"μ":[132.2491121097226,10.567583988049591,0.0,-0.031414554469876066,-47.66133090962745,0.0,1.0,1.997221392628262,0.0,48.219452146259016,-0.26611311850497255,0.9808548871963181,-48.219452146259016,0.0,2151.391338201199,0.0,0.0,0.0,0.0,0.0,0.0,0.15017633137870234,6.766199623522419,-127.30138231645726,0.0,-0.8700323286904746,-0.8046361525847534,-129.29593962008772,0.0,0.0,-0.9167684293991324,-47.23516280348445,92.89766748385598,1.9531724896349107,-47.26627965662411,0.0,0.0,1.8559181638535183,0.8594545543018665,43.67821533759697,0.6299943161491359,0.0,70.256964831212,0.0,0.9758273139329792,48.195279460192,0.0,-0.31895287900997005,0.0,93.82641126498413,0.0,0.0,-47.22233492273362,-0.8946409891743536,0.0,0.0,0.6653709585901164,0.23666575163972148,0.0,3.12619243987787,2.7905076623467293,-0.36079244573601577,-49.58024459199503,0.18593469306395222,4.390751971446429,0.0,276.4451195009114,130.4350468027866,-0.10133207186018467,6797.600187272027,2.1726657974409935,0.0,410926.9631180604,554767.7274730548,-4765.484526020169,0.0,-1.2258990247584037e6,2319.422269213866,-175269.97643529493,0.0,50528.482757160105,5681.208721270311,449.4901675019064,12207.530275943933,7827.522467152799,1144.0482683475304,4.658839975219116e6,1.0309272110562949e7,1.3185484260120967e6,3161.1102710169475,9411.41943737977,8745.386530613796,7139.939296595379,51726.41462380299,5503.30561553035,299618.44729929586,1.8994490276018581e6,9.87337754755635e6,55644.77154056362,39536.04970156238,-6.0706185237723645e6,-70342.68392234923,8668.042532009253,114043.17700145586,0.0,0.0,4.949169959210732e6,0.0,0.0,0.0,0.0,0.0,0.0,0.0,1.3592513667582223e8,4.323672010151337e7,1.4811987841557264e6,6.853050414649159e7,4.851885657211296e6,23949.892013566132,676110.6590688812,256742.977204144,11635.33416381216,8783.38123750516,-2.4473413391662e7,2.5024532009426378e7,0.0,7.209502996479529e7,0.0,6805.746275559597,575769.546347177,35600.52283901585,-11434.060176795465,0.0,0.0,0.0,3124.2381054168945,0.0,2215.4908128163543,28063.07847597847,0.0,644372.6114744091,52715.75092054122,72135.68100158035,188691.19848773943,4233.622436169417,109015.73958430506,3361.807159091487,-45314.36916549916,-2.039229688714963e6,1.7848068899510217e8,1.2242284233371413e6,62349.71791855074,0.0,0.0,0.0,0.0,0.0,0.0,0.0,0.0,96058.25247212869,11869.033664276889,3.255944532951928e6,2087.814797822075,15675.623480596663,0.0,0.0,0.0,669637.7515932415,2.0253283078387976e7,0.0,0.0,15849.91979869574,23258.211724563385,-680644.5555281995,-3.8119142946489374e6,-32052.84643539983,0.0,-293574.2171779685,20393.42134982797,12102.900556200784,161981.48887879806,175156.02430462302,25592.608725856575,2056.916865527756,9568.871983421463,0.0,0.0,5346.1553780207505,233777.63143473113,3116.805787151443,1.245839620445918e8,0.0,0.0,0.0,0.0,0.0,0.0,0.0,0.0,0.0,0.0,0.0,0.0,69906.94445854686,255239.78133178435,0.0,-106888.67803589994],"time_limit":7200,"x":[0.0,10.554301000424433,0.0,0.0,-0.0,-0.0,0.0,10.21174044767088,21.07171033335745,0.0,1.4136404135458114,0.0,0.0,0.0,0.0,0.0,-0.0,0.0,19.935329278707528,0.0,0.0,0.0,0.0,0.0,0.0,0.0,2.794388359452313,0.0,0.0,0.0,0.0,0.0,0.0,0.0,-0.0,11.546011335014565,0.0,0.0,0.0,0.0,0.0,2.1767470255379795,0.0,0.0,0.8195464704958564,0.0,0.0,0.0,0.8195464704958564,0.0,8.39,0.0,-11.546011335014565,0.0,-0.0,0.0,0.0,0.0,0.0,0.0,26.37010055771843,0.0,0.0,11.546011335014565,0.0,0.0,5.583165615434133,0.7596130044451352,-0.0,15.268875282073587,0.0,0.0,0.0,0.39641711476871094,0.0,0.8195464704958564,1.0172232987771004,0.0,0.0,0.0,0.0,28.781373375269133,0.0,0.0,0.0,0.0,0.0,0.0,19.935329278707528,0.0,-0.0,0.0,0.0,-0.0,0.0,0.0,0.0,0.3353187046867024,10.19711970842511,0.0,0.0,0.0,0.3353187046867024,0.0,0.0,0.0,0.06109841008200856,0.0,10.554301000424433,11.546011335014565,0.0,0.0,15.268875282073587,0.0,0.0,-0.0,-0.0,-11.781101527127946,-0.0,0.0,26.78384820418397,20.802200251653662,0.0,-0.0,-4.142017790638433,-14.390686687634567,-2.794388359452313,0.0,0.0,0.0,0.0,0.0,0.0,10.554301000424433,0.0,-0.0,0.0,0.0,0.0,0.0,0.0,0.0,0.0,0.0,0.0,0.0,0.0,0.0,0.0,0.0,-0.0,1.4136404135458114,0.0,21.07171033335745,-0.0,0.0,11.781101527127946,0.0,0.19423304523662108,0.0,3.9477847454018122,0.0,0.0,0.0,-0.0,0.0,0.0,-0.0,1.4136404135458114,20.802200251653662,0.0,0.0,0.0,0.0,0.8195464704958564,0.0,0.0,0.0,0.0,0.0,0.0,0.0,0.0,0.0,0.0,0.0,0.0,28.781373375269133,0.0,0.0,0.0,0.0,0.0,4.142017790638433,-0.0,14.390686687634567,15.2124354235699,0.0,9.902019437662163e-5,0.0,0.0,0.0,0.0,0.0,0.0,0.00023967585434259272,0.00048205254495964226,0.002883224140060964,0.0,0.0,0.0,0.0,0.0016892442549563164,0.0,0.0,4.664724376827712e-6,0.0,0.0,0.0023973043586396395,0.0001494965332223182,0.0,0.0,2.8181310502428812e-5,2.7310617759831595e-5,0.0,0.0,0.0,0.0,0.0,4.096001827577115e-5,0.0,0.00015127147000443118,0.00015127147000443118,0.00015127147000443118,0.00015127147000443118,0.00015127147000443118,0.00015127147000443118,0.00015127147000443118,0.00015127147000443118,0.00015127147000443118,2.5322615053909634e-5,0.0,0.0,0.0001521818005552685,2.3262994274035873e-6,0.0,2.5684703280505852e-6,0.00017454155335846306,0.0,0.0,0.00010932618437046866,0.00010932618437046866,0.0,0.0,0.0,0.0,3.0477626629670166e-6,0.0,0.0,0.0,0.0,0.0,0.0,0.0,2.1552874873666035e-5,9.641020291218664e-5,9.641020291218664e-5,0.0,6.601998800882716e-6,2.5994524818995496e-6,0.0,0.00018473229597492844,0.0,0.0,0.0,0.0,0.0,0.0,0.0,0.0,0.0,6.414362370591512e-5,6.414362370591512e-5,6.414362370591512e-5,6.414362370591512e-5,6.414362370591512e-5,0.0,0.0,0.0,5.6355339567003576e-5,0.01433304046111228,0.0,0.0,0.0,0.0,0.0,0.0,0.0,0.0,0.00033414226699450653,0.0,0.0,0.0,0.0,0.0,0.0,0.00029490413191464264,0.00025648979796343745,9.037319524044752e-6,0.0,0.0,0.0,0.0,0.0,0.0,0.0,0.0,3.36499776784428e-5,3.36499776784428e-5,3.36499776784428e-5,3.36499776784428e-5,3.36499776784428e-5,3.36499776784428e-5,3.36499776784428e-5,3.36499776784428e-5,3.36499776784428e-5,3.36499776784428e-5,3.36499776784428e-5,3.36499776784428e-5,3.36499776784428e-5,0.0,0.0,4.096001827577115e-5,4.096001827577115e-5],"objective_function":[0.0,0.0,0.0,0.0,0.0,0.0,0.0,0.0,0.0,0.0,0.0,0.0,0.0,0.0,0.0,0.0,0.0,0.0,0.0,0.0,0.0,0.0,0.0,0.0,0.0,0.0,0.0,0.0,0.0,0.0,0.0,0.0,0.0,0.0,0.0,0.0,0.0,0.0,0.0,0.0,0.0,0.0,0.0,0.0,0.0,0.0,0.0,0.0,0.0,0.0,0.0,0.0,0.0,0.0,0.0,0.0,0.0,0.0,0.0,0.0,0.0,0.0,0.0,0.0,0.0,0.0,0.0,1.0,0.0,0.0,0.0,0.0,0.0,0.0,0.0,0.0,0.0,0.0,0.0,0.0,0.0,0.0,0.0,0.0,0.0,0.0,0.0,0.0,0.0,0.0,0.0,0.0,0.0,0.0,0.0,0.0,0.0,0.0,0.0,0.0,0.0,0.0,0.0,0.0,0.0,0.0,0.0,0.0,0.0,0.0,0.0,0.0,0.0,0.0,0.0,0.0,0.0,0.0,0.0,0.0,0.0,0.0,0.0,0.0,0.0,0.0,0.0,0.0,0.0,0.0,0.0,0.0,0.0,0.0,0.0,0.0,0.0,0.0,0.0,0.0,0.0,0.0,0.0,0.0,0.0,0.0,0.0,0.0,0.0,0.0,0.0,0.0,0.0,0.0,0.0,0.0,0.0,0.0,0.0,0.0,0.0,0.0,0.0,0.0,0.0,0.0,0.0,0.0,0.0,0.0,0.0,0.0,0.0,0.0,0.0,0.0,0.0,0.0,0.0,0.0,0.0,0.0,0.0,0.0,0.0,0.0,0.0,0.0,0.0,0.0,0.0,0.0,0.0,0.0,0.0,0.0,0.0,0.0,0.0,0.0,0.0,0.0,0.0,0.0,0.0,0.0,0.0,0.0,0.0,0.0,0.0,0.0,0.0,0.0,0.0,0.0,0.0,0.0,0.0,0.0,0.0,0.0,0.0,0.0,0.0,0.0,0.0,0.0,0.0,0.0,0.0,0.0,0.0,0.0,0.0,0.0,0.0,0.0,0.0,0.0,0.0,0.0,0.0,0.0,0.0,0.0,0.0,0.0,0.0,0.0,0.0,0.0,0.0,0.0,0.0,0.0,0.0,0.0,0.0,0.0,0.0,0.0,0.0,0.0,0.0,0.0,0.0,0.0,0.0,0.0,0.0,0.0,0.0,0.0,0.0,0.0,0.0,0.0,0.0,0.0,0.0,0.0,0.0,0.0,0.0,0.0,0.0,0.0,0.0,0.0,0.0,0.0,0.0,0.0,0.0,0.0,0.0,0.0,0.0,0.0,0.0,0.0,0.0,0.0,0.0,0.0,0.0,0.0,0.0,0.0,0.0,0.0,0.0,0.0,0.0,0.0,0.0,0.0,0.0,0.0,0.0,0.0,0.0,0.0,0.0,0.0,0.0,0.0,0.0,0.0,0.0,0.0,0.0,0.0],"sense":"MAX_SENSE","nullspace_formulation":false,"dual_bound":0.7596130044451352,