{"objective_value":0.16173420210260794,"time_limit":1800,"thermo_feasible":true,"dual_bound":0.16173420210260794,"solution":[0.0,2.1554974061702414,-0.0,4.092298971185364,0.0,0.0,0.0,0.009169036471108782,5.33983573910383,0.0,3.4110748036493432,0.0,0.0,0.0,0.0,0.0,-0.0,-0.0,-0.0,5.097881372758328,0.0,-0.0,-0.0,-0.0,0.0,-0.0,0.5949716092748676,0.0,-0.0,0.0,0.0,0.0,-0.0,0.0,0.0,3.311656497896706,-0.0,-0.0,-0.0,-0.0,-0.0,0.46346552954523335,0.0,-0.0,-0.0,0.17449503064850372,0.0,-0.0,-0.0,0.17449503064850372,8.39,0.0,-3.311656497896706,0.0,-0.0,0.0,0.0,0.0,-0.0,10.470267529576546,-0.0,0.0,0.0,3.311656497896706,0.0,0.0,1.0970602673501446,0.16173420210260794,-0.0,3.1221043047526136,0.0,0.0,0.0,0.0,2.157795324628207,0.17449503064850372,1.2532794790211355,-0.0,-0.0,0.0,0.0,-0.0,9.962545758588941,0.0,-0.0,-0.0,-0.0,0.0,5.097881372758328,0.0,-0.0,0.0,0.0,-0.0,0.0,-0.0,1.1080906857936244,-0.0,0.0,0.0,0.0,1.1080906857936244,0.0,0.0,0.0,1.049704638834583,0.0,0.0,2.1554974061702414,3.311656497896706,0.0,0.0,3.1221043047526136,0.0,4.092298971185364,-0.0,-0.0,-3.4533993515514867,-0.0,0.0,10.648343563260369,4.300240926548848,0.0,-0.0,-0.8819042572251006,-4.981272879294471,-0.5949716092748676,0.0,0.0,-0.0,0.0,0.0,-0.0,0.0,2.1554974061702414,0.0,0.0,0.0,0.0,0.0,4.092298971185364,0.0,0.0,0.0,-0.0,0.0,0.0,-0.0,0.0,0.0,-0.0,3.4110748036493432,0.0,5.33983573910383,3.4533993515514867,0.0,0.0,-0.0,0.0,0.0,0.8405488217474637,0.0,0.0,-0.041355435477637315,-0.0,0.0,0.0,0.0,3.4110748036493432,4.300240926548848,0.0,0.0,0.0,0.0,0.17449503064850372,0.0,0.0,-0.0,-0.0,0.0,0.0,0.0,0.0,0.0,0.0,0.0,0.0,9.962545758588941,-0.0,4.049038804627161,0.0,0.0,0.8819042572251006,0.0,-0.0,4.981272879294471,0.0,0.0,0.000184201620727919,3.3714128260812137e-6,3.371412826081171e-6,3.371412826081171e-6,0.0,0.0,0.0,0.00010431200294862173,0.00016108397272232187,1.8785060599225658e-6,0.0,0.0,0.0,0.0,0.0,7.330194146867557e-5,0.0,1.2594786349646046e-5,0.0,0.0,0.008616919406264018,7.552911359740103e-7,0.0,0.0,0.0008901842007570358,0.0,3.2364155814705624e-5,0.0,0.0,0.0,0.0,0.0,0.0,2.5889187750177952e-5,2.5889187750177952e-5,2.5889187750177952e-5,2.5889187750177952e-5,2.5889187750177952e-5,2.5889187750177952e-5,2.5889187750177952e-5,2.5889187750177952e-5,0.0,7.824325235451552e-6,0.0,0.0,0.0013225230959515574,0.0,3.1299396777670906e-5,1.7670894269134884e-6,1.9792945579408054e-5,0.0,0.0,0.0,0.0,0.0005652313571949276,0.0005652313571949276,0.0,0.0,7.007746130244468e-7,0.0,0.0,0.0,0.0,0.0,0.0,4.613869679051067e-5,0.0,0.0,0.0,0.0028797033521211356,0.0,9.81399176120935e-6,0.0,0.0,3.711839614139028e-5,0.0,0.0,0.0,2.13042988938036e-6,0.0,0.0,0.0,0.0,0.0,0.0,0.0,3.0963446406567386e-6,3.0963446406567386e-6,0.0,0.0,0.0,0.003225446374300096,1.6994847953874855e-5,3.0963446406567386e-6,3.0963446406567386e-6,0.0,0.0,0.0,0.0,0.0,0.0,1.8869473646347633e-6,0.0,0.0,0.0,0.0,0.0,0.0,2.5531887635090257e-5,4.366293058061482e-5,3.2457464191340337e-6,0.0,0.0,0.0,0.0,0.0,0.0,0.0,0.0,0.00039166948704923756,0.00039166948704923756,0.00039166948704923756,0.00039166948704923756,0.00039166948704923756,0.00039166948704923756,0.00039166948704923756,0.00039166948704923756,0.00039166948704923756,0.00039166948704923756,0.00039166948704923756,0.00039166948704923756,0.00039166948704923756,0.00012351590741218994,3.0728782301059827e-7,0.0,0.0],"termination":"OPTIMAL","time":0.018309}