{"time":0.7104182243347168,"objective_value":2.9354866666666495,"μ":[-10000.0,-9775.599999999991,-8999.0,-10000.0,-1312.3833333333441,-7546.43333333333,-9999.999999999998,-9999.0,-10000.0,-10000.0,-9999.0,-10000.0,-10000.0,-1999.0,-9557.316666666593,-4875.466666666591,-6103.94166666662,-3874.658333333289,-6185.733333333315,-9999.999999999996,-6963.333333333294,-5185.733333333315,-10000.0,-9777.599999999982,-5963.333333333294,-10000.0,-10000.0,-10000.0,-3547.4333333333216,-7949.183333333371,-8547.43333333333,-10000.0,-5491.616666666729,-9999.999999999982,-3578.2166666667163,-7681.850000000001,-8325.033333333295,-4957.566666666635,-5266.833333333342,-10000.0,-10000.0,-9999.999999999978,-10000.0,-8326.033333333295,-8995.233333333332,-10000.0,-7828.916666666631,-10000.000000000018,-8544.433333333294,-9001.0,-8323.033333333273,-10000.0,-9000.999999999996,-10000.0,-10000.0,-9000.999999999998,-10000.0,-9999.999999999958,-10000.0,-8721.516666666666,-10000.0,-10000.0,-10000.0,-6177.966666666687,-9999.99999999999,-9409.133333333335,-10000.0,-10000.0,-10000.0,-10000.0,-10000.0,-10000.0,-9999.999999999978,-8185.733333333315,-10000.0,-10000.0,-10000.0,-10000.0,-10000.0,-7489.925000000032,-10000.0,-8267.52500000001,-10000.0,-8129.650000000004,-10000.0,-10000.0,-8731.666666666631,-7548.433333333316,-7548.433333333298,-7780.983333333289,-7829.916666666631,-10000.0,-6810.500000000037,-9001.000000000018,-9001.000000000022,-9422.783333333282,-5391.983333333403,-3359.933333333335,-9222.400000000018,-10000.0,-9001.000000000022,-10000.0,-10000.0,-9000.999999999996,-8226.783333333316,503.883333333315,-10000.0,-8455.450000000008,-10000.0,-8450.183333333325,-10000.0,-9451.450000000004,-6407.633333333337,-10000.0,-4591.866666666663,-10000.0,-7228.86666666661,-10000.0,-10000.0,-10000.0,-9999.999999999998,-7184.733333333328,-10000.0,-9999.0,-10000.0,-10000.0,-9998.0,-10000.0,-8452.450000000024,-10000.0,-7680.850000000006,-726.2833333333351,-8456.449999999997,-6408.133333333337,-7499.500000000006,-10000.0,-7950.566666666677,-7129.650000000004,-9000.0,-9910.749999999982,-447.800000000002,-6681.850000000002,-10000.0,-10000.0,-6705.799999999996,-7727.400000000034,-10000.0,-10000.0,-7255.916666666673,-10000.0,-8960.333333333321,-6045.433333333383,-9687.616666666656,-10000.0,2318.5666666667203,-7678.850000000011,-3630.23333333331,-9224.400000000005,-6268.833333333392,-9224.400000000009,-10000.0,-7915.399999999972,-9224.4,-9725.283333333335,-6762.950000000016,-9224.400000000009,-8267.833333333354,-9950.066666666675,-9224.39999999999,-9172.466666666694,-9224.400000000009,-6408.1333333333405,-3590.866666666663,-9224.399999999987,-10000.0,-7183.733333333332,-10000.0,-5265.833333333342,-5814.266666666685,-6488.733333333351,-7185.733333333326,-6681.850000000002,-5727.166666666686,-4815.266666666672,-6632.916666666679,-9999.0,-9998.999999999962,-9997.999999999962,-4591.866666666663,-9320.650000000001,-10000.0,-10000.0,-9269.716666666693,-5950.375000000004,-10000.0,-9674.850000000046,-10000.0,-7632.916666666679,-10000.0,-9453.450000000024,-8986.350000000053,-9537.85833333336,-10000.0,-9315.45833333334,-10000.0,-9317.45833333334,-9316.45833333334,-10000.0,-10000.0,-9999.0,-10000.0,-10000.0,-10000.0,-10000.0,-8235.049999999972,-10000.0,-9213.633333333393,-8992.23333333336,-9999.0,-9495.116666666687,-8458.44999999998,-9999.0,-10000.0,-10000.0,-7457.449999999993,-9998.999999999996,-7457.450000000012,-9133.416666666704,502.8833333333282,-10000.0,-7457.449999999993,918.899999999986,-8681.850000000006,-10000.0,-9999.0,-10000.0,-10000.0,-10000.0,-8628.533333333391,-9999.0,-8273.716666666665,-446.800000000002,-10000.0,-4591.866666666663,-9999.0,-8961.333333333338,-8275.716666666633,-7186.733333333326,-10000.0,-10000.0,-8851.9333333334,-9638.300000000005,-9999.0,-10000.0,-6358.200000000008,-9673.850000000046,-8632.916666666679,-9999.0,-10000.0,-8546.43333333333,-8547.43333333333,-9268.716666666693,-3579.2166666667163,-10000.0,-8549.433333333298,-8543.433333333294,-9048.316666666671,-7488.925000000032,-10000.0,-1313.383333333331,-7547.433333333316,-10000.0,-7780.98333333329,-10000.0,-8183.73333333332,-9667.333333333323,-5891.483333333409,-7533.783333333384,-9223.400000000018,-10000.0,-10000.0,-6678.8500000000295,-727.2833333333351,-9999.000000000002,-6407.133333333337,-9998.000000000002,-8999.0,-9999.0,-7102.94166666662,-8446.800000000001,-10000.0,-10000.0,-7350.0500000000575,-3875.658333333289,-9911.749999999982,-9998.0,-9000.999999999996,-6680.850000000002,-9000.999999999998,-7950.183333333371,-7728.400000000034,-5490.616666666729,-9999.0,-9000.999999999978,-10000.0,-9002.999999999967,-7268.833333333392,-8499.500000000005,-10000.0,-10000.0,-5761.950000000016,-8267.833333333354,-3591.866666666663,-9999.0,-6680.850000000002,-8985.350000000053,-9536.85833333336,-9667.333333333325,-9999.0,-9000.0,-10000.0,-9999.0,-7359.200000000008,-9667.333333333325,-9999.0,-8182.73333333332,-6679.8500000000295,-9998.0,-9999.0,-8184.733333333328,-9726.283333333335,-9171.466666666694,-6407.1333333333405,-9999.0,-5812.266666666685,-10000.0,-10000.0,-10000.0,-9212.633333333393,-9992.233333333335,-8960.333333333338,-8850.9333333334],"time_limit":1800,