{"nodes":1,"time":0.1682,"objective_value":2.9355614666667207,"μ":[-1.3847457627118644,0.0,15.145762711864407,-2.3847457627118644,-15.83728813559322,-2.755932203389831,0.0,-1.3847457627118644,-5.269491525423729,-0.12203389830508465,6.457627118644076,5.457627118644076,0.0,6.128813559322033,0.015254237288135353,-0.9372881355932206,-6.0423728813559325,-1.238983050847457,-4.489830508474576,-1.0,-6.105084745762712,-3.4898305084745758,-0.6152542372881356,0.3847457627118644,3.3847457627118644,-5.827118644067795,6.442372881355933,0.0,-17.188135593220334,-1.062711864406788,-0.8169491525423731,3.7694915254237285,-0.06271186440677956,5.884745762711864,-2.0152542372881355,10.64915254237288,-0.43220338983050843,-3.2355932203389832,-3.0237288135593223,0.38474576271186445,-0.7694915254237288,1.769491525423729,1.0,-1.4322033898305084,0.0,-1.3847457627118644,0.0,-1.0,4.183050847457627,0.0,2.5677966101694913,6.057627118644068,-0.5,3.384745762711864,5.5,-2.1152542372881356,0.0,0.0,1.3847457627118644,1.3847457627118644,-1.769491525423729,0.0,-1.3847457627118644,0.32203389830508483,1.0,8.633898305084745,1.0,0.0,1.0,-0.38474576271186445,5.688135593220339,0.0,1.0,9.64915254237288,-1.0,-1.557627118644068,0.0,0.557627118644068,-2.115254237288136,0.12033898305084734,2.769491525423729,-1.4949152542372883,0.0,-19.983050847457626,-5.5,0.0,-1.0,4.433898305084746,-17.26101694915254,0.0,-2.745762711864407,0.0,0.0,-6.394915254237287,-8.010169491525424,0.0,8.010169491525424,0.494915254237288,0.6152542372881356,-0.9525423728813545,-3.6254237288135593,2.721186440677966,-1.5101694915254233,-1.0,1.0,-1.188135593220339,-7.010169491525423,8.067796610169491,-5.625423728813559,-1.0,0.494915254237288,0.18305084745762734,0.0,-3.0,-2.9525423728813562,0.0,-0.5644067796610179,-3.1542372881355933,3.745762711864407,0.0,-2.769491525423729,6.394915254237288,-0.3847457627118644,-0.5,-0.3847457627118644,-0.3847457627118644,-1.769491525423729,-0.3847457627118644,0.672881355932204,0.0,2.952542372881356,-0.3847457627118644,3.3372881355932202,-0.43220338983050843,0.0,0.6305084745762711,8.067796610169491,-1.047457627118644,3.3593220338983034,-1.369491525423729,0.0,-0.04745762711864404,0.0,0.5677966101694916,-2.538983050847458,1.6152542372881356,1.5,1.0,0.005084745762712006,-0.11016949152542355,8.067796610169491,2.6152542372881356,11.83728813559322,10.75593220338983,-0.3338983050847464,8.067796610169491,-2.3186440677966105,1.6152542372881356,0.6152542372881356,0.0,0.0,11.83728813559322,7.057627118644068,0.0,-11.466101694915254,4.384745762711864,-0.5813559322033894,1.9372881355932203,6.5,3.552542372881356,1.0,-4.332203389830508,0.0,2.3847457627118644,-1.4322033898305084,1.4949152542372879,-0.38474576271186445,-2.023728813559322,-3.3372881355932202,-10.41864406779661,1.4949152542372879,1.510169491525424,6.394915254237288,-2.937288135593212,1.1254237288135593,0.0,0.0,0.0,4.889830508474585,-1.5728813559322035,0.0,-0.7694915254237288,0.8033898305084746,-1.449152542372881,-0.557627118644068,0.0,1.557627118644068,0.12542372881355934,0.14237288135593262,5.827118644067797,-1.4474576271186437,0.1830508474576269,-2.047457627118644,-2.4322033898305087,3.9389830508474577,-2.4322033898305087,-1.4322033898305087,-1.188135593220339,0.0,-0.6152542372881356,-4.047457627118645,-1.230508474576271,11.4,0.0,-1.2779661016949153,-2.0,-8.71186440677966,-7.442372881355933,1.0,0.0,-9.105084745762712,-1.0,0.0,-28.70423728813559,0.3372881355932204,0.0,-0.04745762711864404,11.654237288135592,-9.630508474576272,0.0,-0.43220338983050843,-9.41864406779661,2.952542372881356,-1.0,1.0,-6.7211864406779664,-6.559322033898305,2.3593220338983025,11.654237288135592,1.0,-0.3847457627118644,1.0,3.755932203389831,0.0,11.75593220338983,-2.8169491525423727,0.0,2.494915254237288,0.8898305084745765,2.188135593220339,3.827118644067795,11.654237288135592,0.23050847457627122,-0.5728813559322035,-0.494915254237288,1.0,-3.006779661016949,-1.0,-0.6355932203389832,0.1830508474576269,-3.391525423728814,-0.38474576271186445,-3.015254237288136,0.0,-2.1406779661016953,5.183050847457627,1.188135593220339,1.1203389830508472,0.0,-24.279661016949152,5.433898305084746,-0.7694915254237288,0.0,7.128813559322033,1.1254237288135591,-5.294915254237288,13.731355932203389,-4.203389830508475,1.6152542372881356,-13.711864406779661,-7.947457627118644,-0.605084745762712,-1.3847457627118647,-2.1152542372881356,0.5677966101694916,-2.1152542372881356,1.8779661016949158,-0.3694915254237289,-6.0423728813559325,1.3847457627118644,-8.768644067796611,14.038983050847456,13.038983050847456,-0.23898305084745675,-2.3694915254237285,-3.8271186440677964,0.0,0.952542372881356,-1.6152542372881356,-2.062711864406788,0.6152542372881356,0.9372881355932204,0.23050847457627122,2.769491525423729,2.769491525423729,2.769491525423729,-0.38474576271186445,5.7211864406779664,1.3847457627118644,2.769491525423729,-11.466101694915254,-0.5813559322033903,1.0,-2.4322033898305087,2.5101694915254242,-0.4474576271186438,1.183050847457627,-5.294915254237288,12.4,0.0,2.0,1.188135593220339,-2.4949152542372883,-5.294915254237288,0.23050847457627122,0.12542372881355912,0.394915254237288,16.038983050847456,-1.0,7.394915254237288,-1.0,4.552542372881357,-5.332203389830509,-1.3847457627118644,-3.337288135593221,6.442372881355933,-1.6152542372881356,-3.2305084745762715,-7.71186440677966,-8.442372881355933,-3.8169491525423727,2.827118644067795],"time_limit":1800,