{"nodes":1,"time":0.931272,"objective_value":2.93556146666673,"μ":[-13.218009478672986,-11.597156398104266,-5.540284360189573,-7.407582938388626,1.0,4.0094786729857805,1.0,-6.407582938388626,1.0,-0.0545023696682474,0.8104265402843602,1.8104265402843602,0.0,0.0,0.7061611374407581,-1.7251184834123228,0.0,-8.672985781990521,0.18957345971564,-10.379146919431278,-5.999999999999999,1.18957345971564,-11.4739336492891,-6.18957345971564,0.0,-2.838862559241706,-7.473933649289101,-5.028436018957346,0.0,0.0,3.241706161137441,-10.379146919431282,4.838862559241705,-7.4739336492891,-7.0521327014218,17.649289099526065,-1.9573459715639823,0.0,-14.080568720379146,-7.4739336492891,0.0,-10.56872037914692,1.0947867298578209,-2.9573459715639823,3.028436018957345,-4.18957345971564,0.21327014218009577,-5.28436018957346,6.232227488151657,1.0,0.04265402843601773,-5.28436018957346,0.0,-2.18957345971564,-5.28436018957346,0.0,-5.28436018957346,-1.547393364928909,-8.379146919431282,1.4075829383886245,-2.0,-0.6113744075829388,0.9052132701421796,2.649289099526065,-3.094786729857821,5.4360189573459685,0.0,-1.8104265402843602,-3.094786729857821,0.9052132701421796,4.999999999999997,-2.2322274881516595,-6.18957345971564,9.838862559241704,1.0947867298578196,0.0,-1.9999999999999998,0.0,0.0,0.0,0.0,-6.189573459715639,0.0,6.0,-1.0000000000000009,-3.094786729857821,6.810426540284361,3.2322274881516595,0.0,1.29383886255924,1.2132701421800958,-3.080568720379145,-1.2322274881516595,3.0947867298578196,0.0,-0.5971563981042651,1.2914691943127963,0.0,0.0,0.0,0.0,-1.0,1.094786729857819,0.0,13.620853080568722,1.7582938388625564,0.0,-4.0947867298578196,-3.094786729857821,17.81042654028436,1.0,0.0,-1.1161137440758298,0.0,-9.218009478672986,0.0,6.241706161137441,-23.606635071090047,0.0,14.971563981042657,0.0,-2.37914691943128,0.0,0.0,0.0,0.0,0.0,0.0,0.0,-1.2322274881516595,6.189573459715639,-2.6208530805687205,0.0,0.8104265402843602,4.0,-2.080568720379145,4.715639810426541,2.8293838862559237,0.0,0.0,0.3981042654028428,3.43127962085308,2.547393364928909,1.8104265402843602,-13.075829383886253,-4.701421800947866,0.0,3.547393364928909,1.8909952606635052,0.0,-10.90521327014218,-4.052132701421801,9.080568720379148,0.0,0.0,0.0,0.0,4.18957345971564,0.13744075829383906,3.094786729857821,-3.0,10.729857819905213,3.094786729857821,-2.0189573459715633,0.0,4.18957345971564,-10.270142180094785,0.0,4.18957345971564,0.0,3.094786729857821,6.18957345971564,-1.8104265402843602,0.0,0.0,0.0,3.109004739336494,-1.37914691943128,-5.028436018957346,-5.547393364928911,0.0,0.34360189573459987,1.4597156398104252,2.18957345971564,-0.08056872037914609,0.0,0.0,0.0,0.0,-0.8625592417061636,0.09478672985782044,-0.9999999999999998,2.2180094786729847,0.0,0.0,6.189573459715639,0.0,-1.080568720379146,6.810426540284359,0.0,-5.24170616113744,-1.080568720379146,-14.459715639810428,-6.270142180094787,0.0,-8.270142180094787,-7.270142180094787,-7.052132701421804,0.0,-1.0094786729857816,-14.459715639810426,0.0,-3.540284360189573,0.0,-4.18957345971564,-1.0,0.0,0.0,-0.8104265402843602,8.81042654028436,0.0,-1.2322274881516595,0.0,0.0,-12.13744075829384,0.0,-3.947867298578201,-10.829383886255924,0.7582938388625564,-1.0,-1.758293838862559,0.0,0.0,0.0,0.0,0.0,0.0,-1.0,-2.0189573459715633,0.0,1.75829383886256,1.3981042654028428,0.1374407582938395,0.0,1.0,0.0,-4.431279620853081,1.0,-4.0426540284360195,0.0,2.1706161137440767,13.658767772511851,2.220446049250313e-16,0.0,1.8909952606635052,7.189573459715639,-6.189573459715641,1.0,-3.241706161137441,4.241706161137441,0.0,6.189573459715639,-6.0521327014218,0.0,-0.00947867298578231,7.232227488151657,-3.9715639810426544,1.0,0.0,0.0,4.2322274881516595,0.0,-0.7061611374407599,0.0,0.0,0.0,2.2914691943127963,0.0,-1.0,0.0,0.0,1.33649289099526,-3.6208530805687205,0.0,1.8104265402843602,0.0,-0.0545023696682474,-1.0805687203791452,0.0,0.0,-2.1706161137440763,-0.6492890995260652,0.0,-7.672985781990521,1.0,-0.8388625592417056,0.0,4.43127962085308,-1.094786729857819,1.0,-5.701421800947866,5.838862559241705,1.0,-1.09478672985782,0.0,0.0,1.137440758293839,0.0,-3.094786729857818,-6.189573459715639,0.0,-10.270142180094785,-0.8104265402843602,1.0,1.3436018957345999,-4.24170616113744,-0.08056872037914609,0.0,-2.540284360189573,1.0,1.0,1.0,-0.1090047393364948,0.0,1.0,1.0,2.33649289099526,-0.6492890995260652,1.0,-3.37914691943128,-3.0189573459715633,1.0,7.18957345971564,4.109004739336494,-1004.0284360189573,-1.0,-2.0094786729857814,0.0,1.0,1.0,1.0,3.1706161137440767],"time_limit":1800,"x":[0.0,0.0,0.0,0.0,0.0,0.0,0.0,0.0,0.0,0.0,0.0,0.0,0.0,0.0,0.0,-0.0,-0.009999999999998455,0.0,0.0,-3.74e-5,-0.0,3.74e-5,0.0,-0.0,0.0,0.0,0.0,0.0,0.0,0.0,0.0,3.74e-5,0.0,-0.0,0.0,3.74e-5,0.0,-5.871122933333438,0.0,-0.0,-0.0,-0.0,-0.0,-0.0,-3.74e-5,0.0,0.009999999999998455,-0.0075,-0.0,-0.3169000000000377,3.74e-5,-1.0e-5,-0.0,0.0,-3.74e-5,-1.12,0.0,-0.0,0.0,0.0,-0.0,0.0,-0.0,-0.0,0.0,0.009999999999998455,-0.0,0.0,0.0,10.0,-5.891207733333477,-0.0,0.0,0.0,0.0,0.0,5.87112293333346,3.74e-5,0.0,0.0,0.0,-0.0,0.0,-0.0,0.009999999999998455,0.0,-0.0,0.0,0.0,0.0,0.0,0.0,2.3189036666668734,0.0,-0.0,0.0,0.0,0.0,0.0,-0.0,-0.0,-0.01,0.0,0.0,0.0,0.0,0.0,0.0,0.0,0.0,0.0,-0.0,0.0,0.0,0.0,0.0,0.0,-0.0,0.0,-0.0,0.010047399999998454,0.0,-0.0,0.0,0.0,-0.0,-0.0,0.0,0.0,0.0,5.871122933333438,0.0,0.0,0.0,0.0,0.0,-0.0,-0.0,-0.0,0.6066951999998582,0.0,0.0,0.0,0.0,0.0,0.0,0.0,0.0,-0.0,0.0,0.0,0.0,-0.0,-0.0,0.0,0.0,0.0,0.0,0.0,0.0,-0.0,-0.0,0.0,0.0,0.0,0.0,0.0,0.0,0.0,0.0,0.6066577999999021,0.0,-0.0,0.0,0.0,0.0,0.0,0.0,0.0,0.0,0.0,0.0,0.0,0.0,0.0,0.0,0.0,0.0,0.0,-0.0,2.9255614666667316,0.0,0.0,0.0,0.0,0.0,0.0,0.0,0.0,0.0,0.0,0.0,0.0,0.0,0.0,0.0,0.010047399999998454,1.461114066666696,0.0,5.891207733333477,5.87112293333346,0.0,-5.87112293333346,0.0,0.0,0.0,0.0,0.0,1.119999999999956,0.0,1.0e-5,0.01,0.007500000000044113,0.0,0.0075,0.0,0.0,0.0,4.74e-5,2.2056430755886442e-14,0.3169000000000377,0.0,0.0,0.0,0.0,0.0,0.0,-0.009999999999998455,0.0,0.0,0.3169000000000377,0.0,-7.084448533333266,1.0e-5,0.0,0.0,0.0,2.9255614666667316,0.0,0.0,0.0,0.0,1.12,0.0,-5.87112293333346,-2.3189036666668734,0.0,0.0,-2.3189036666668734,0.0,0.0,-0.0,0.0,0.0,0.0,0.0,0.0,0.0,0.0,0.0,-0.0,2.93556146666673,0.0,0.0,0.0,0.0,2.2056430755886442e-14,0.0,0.0,0.0,0.0,0.0,0.01,0.01,0.0,-0.0,0.0,0.0,0.0,0.0,0.0,0.0,0.0,0.0,0.0,-0.0,0.0,0.0,0.0,0.0,0.0,0.0,0.0,0.0,0.0,0.0,0.0,0.0,0.0,0.0,0.0,0.0,0.0,0.0,0.0,0.0,0.0,1.461114066666696,0.0,0.0,0.0,0.0,0.0,0.0,0.0,0.0,0.0,0.0,0.0,0.0,0.0,0.0,0.0,0.0,1.4368999999999716,0.0,0.0,8.80668440000019,0.0,0.0,-2.9255614666667316,0.0,0.0,0.0,0.0,2.2056430755886442e-14,0.0,0.0,0.0,0.0,0.0,0.0,0.0,0.0,0.0,-2.9255614666667316,0.0,0.0,0.0,0.0,0.0,0.0,0.0,0.0,0.009999999999998455,0.0,0.0,0.0,0.0,0.0,0.0,0.0,0.0,0.0,0.0,0.0,0.0,0.0,0.0,0.009999999999998455,0.0,0.0,0.0,0.0,0.0,0.0,0.0,0.0,0.0,0.0,0.0,0.0,0.0,0.0,0.0,0.0,0.0,0.0,0.0,0.0,0.0,2.9255614666667316,0.0,0.0,0.0,-0.6066951999998582,0.0,0.0,0.0,0.0,0.0,0.0,0.0,0.0,0.0,0.0,0.006666666666680439,0.0,0.0,0.006666666666658383,0.0,0.0,0.0,0.0,0.0,0.0,0.0,0.0,4.4112861511772884e-14,4.4112861511772884e-14,0.0,0.0,0.0,0.0,0.0,0.0,0.0,0.0,0.0,0.0033333333333402195,0.3169000000000377,0.0,0.0,0.0,0.0,0.0033333333333402195,0.0033333333333402195,0.0,0.0,1.461114066666696,-0.3169000000000377,0.0,0.0,0.3169000000000377,0.0,0.0,0.0,0.0,0.0,0.0,0.0,0.0,0.0,0.0,0.0,0.0,0.0,0.0,0.0],