{"objective_value":2.9355614666667362,"time_limit":1800,"thermo_feasible":false,"dual_bound":2.9355614666667362,"solution":[0.0,0.0,0.0,0.0,0.0,0.0,-0.0,0.0,0.0,0.0,0.0,0.0,-0.0,0.0,9.947598300641403e-14,0.01,-0.01,0.0,0.0,-3.74e-5,-0.0,3.74e-5,0.0,-0.0,0.0,0.0,-0.0,0.0,0.0,1.2434497875801753e-14,0.0,3.74e-5,0.0,-0.0,0.0,3.74e-5,1.2434497875801753e-14,-5.871122933333385,-0.0,-0.0,-0.0,0.0,-9.947598300641403e-14,-0.0,-3.74e-5,0.0,-1.7763568394002505e-15,-0.0075,-0.25,-0.3169,3.74e-5,-1.0e-5,-0.0,-0.01,-3.74e-5,-1.12,-1.0658141036401503e-14,-0.0,0.0,0.0,-0.0,0.0,-0.0,-0.0,0.0,0.01,-0.0,0.0,0.0,10.0,-6.131207733333256,-0.0,-5.329070518200751e-15,0.0,0.0,0.0,5.87112293333346,3.74e-5,0.0,0.0,0.0,-7.105427357601002e-15,0.0,-0.0,-1.7763568394002505e-15,0.0,-0.0,0.0,0.0,0.0,0.0,0.0,2.3239036666668174,0.0,-0.0,0.0,0.0,0.0,0.0,-0.0,0.25,-0.01,0.0,0.0,0.0,0.0,0.0,0.0,0.0,0.0,0.0,7.105427357601002e-15,0.0,0.0,-7.105427357601002e-15,0.0,0.0,-0.0,0.0,-0.0,4.7400000047961635e-5,0.0,-0.0,-0.0,0.0,-6.838973831690964e-14,-0.0,0.0,0.0,0.0,5.871122933333385,1.2434497875801753e-14,0.0,0.0,0.0,0.0,-0.0,-0.0,-0.0,0.6016951999999192,1.2434497875801753e-14,0.0,0.0,0.0,0.0,0.0,0.0,0.0,-0.0,0.0,0.0,0.0,-0.0,-0.0,0.0,0.0,0.0,0.0,0.0,0.0,-0.0,-0.0,0.0,0.0,0.0,-7.105427357601002e-15,0.0,0.0,0.0,-1.2434497875801753e-14,0.601657799999944,0.0,7.105427357601002e-15,-7.105427357601002e-15,1.2434497875801753e-14,0.0,4.3298697960381105e-14,0.0,0.0,0.0,-4.3298697960381105e-14,1.2434497875801753e-14,0.0,0.0,0.0,0.0,0.0,0.0,-0.0,-0.0,2.9255614666667364,0.0,0.0,0.0,0.0,0.0,-0.0,0.0,0.0,0.0,0.0,0.0,0.0,0.0,1.2434497875801753e-14,0.0,4.7400000047961635e-5,1.461114066666702,-0.0,6.131207733333256,5.87112293333346,0.0,-5.8711229333334725,7.105427357601002e-15,0.0,1.2434497875801753e-14,0.0,0.0,1.12,0.0,1.0e-5,0.01,0.0075,1.2434497875801753e-14,0.0075,0.25,0.25,0.0,4.74e-5,0.0,0.3169,1.2434497875801753e-14,0.0,0.0,0.0,0.0,-999.6831,1.7763568394002505e-15,0.0,999.6831,0.3169,-0.0,-7.074448533333411,1.0e-5,0.0,0.0,0.0,2.9255614666667364,0.0,0.0,0.0,0.0,1.12,0.0,-5.8711229333334725,-2.3239036666668174,0.0,0.0,-2.3239036666668174,0.0,0.0,-0.0,0.0,0.0,0.0,0.0,0.0,0.0,0.0,0.0,-0.0,2.9355614666667362,0.0,0.0,6.838973831690964e-14,0.0,0.0,0.0,-0.25,0.0,0.0,0.0,0.01,0.01,0.0,-0.0,0.0,0.0,0.0,0.0,0.0,0.0,0.0,0.0,0.0,-0.0,0.0,-7.105427357601002e-15,0.0,-7.105427357601002e-15,0.0,0.0,0.0,0.0,0.0,4.3298697960381105e-14,0.0,0.0,0.0,0.0,0.0,0.0,0.0,0.0,0.0,0.0,0.0,1.461114066666702,0.0,0.0,-0.0,0.0,-0.0,-0.0,0.0,0.0,0.0,-0.0,0.0,-0.0,-0.0,-0.0,0.0,-0.0,1.436900000000037,-0.0,-0.0,8.806684400000208,0.0,-0.0,-2.9255614666667364,0.0,0.0,0.0,0.0,0.0,0.0,0.0,0.0,0.0,0.0,-0.0,-0.0,-0.0,0.0,-2.9255614666667364,-0.0,0.0,-0.0,0.0,0.0,0.0,0.0,4.973799150320701e-14,0.009999999999992895,1.2434497875801753e-14,0.0,-5.329070518200751e-15,0.0,-0.0,0.0,0.0,0.0,0.0,0.0,0.0,0.0,0.009999999999994671,0.0,-1.7763568394002505e-15,0.0,0.0,0.0,-0.0,0.0,0.0,-0.0,0.0,-0.0,0.0,0.0,0.0,-0.0,-0.0,0.0,-0.0,-0.0,-0.0,0.0,0.0,0.0,2.9255614666667364,0.0,-0.0,0.0,-0.6016951999999192,0.0,-0.0,0.0,0.0,0.0,0.0,0.0,0.0,0.0,0.0,0.006666666666665488,0.0,0.0,0.006666666666665488,-0.0,0.0,0.0,-0.0,-0.0,0.0,0.0,0.0,0.0,0.0,0.0,0.0,0.0,0.0,0.0,0.0,0.0,0.0,0.0,0.003333333333332522,0.3169000000000324,0.0,0.0,-0.0,0.0,0.003333333333332522,0.003333333333332522,0.0,-0.0,1.461114066666702,-0.3169000000000324,1.2434497875801753e-14,0.0,1000.0,0.0,1.2434497875801753e-14,1.2434497875801753e-14,0.0,0.0,0.0,0.0,0.0,0.0,0.0,0.0,0.0,0.0,-0.0,0.0],"termination":"OPTIMAL","time":0.029389}