{"time":0.35826778411865234,"objective_value":2.9355614666667407,"μ":[-10000.0,-10000.0,-10000.0,-10000.0,-2337.7769230769227,-7621.11282051282,-10000.0,-9999.0,-10000.0,-10000.0,-9001.0,-10000.0,-10000.0,-1999.0,-10000.0,-5187.894871794869,-4553.46410256411,-1871.9230769230762,-6069.330769230772,-10000.0,-6760.774358974363,-5070.330769230772,-10000.0,-9048.123076923086,-4761.774358974363,-10000.0,-9691.44358974359,-10000.0,-2942.9807692307713,-8734.664102564104,-8868.435897435902,-10000.0,-7471.646153846151,-10000.0,-3676.443589743588,-7836.215384615389,-7937.669230769228,-5623.112820512819,-5314.556410256409,-10000.0,-10000.0,-10000.0,-10000.0,-7938.669230769228,-9807.105128205132,-10000.0,-8706.553846153849,-10000.0,-8242.225641025638,-9000.0,-7935.669230769228,-10000.0,-9728.212820512828,-10000.0,-10000.0,-9728.212820512825,-10000.0,-9730.212820512828,-10000.0,-9373.887179487181,-10000.0,-10000.0,-10000.0,-7196.199999999997,-10000.0,-10000.0,-10000.0,-10000.0,-10000.0,-10000.0,-9994.999999999996,-10000.0,-10000.0,-8094.441025641029,-10000.0,-10000.0,-10000.0,-10000.0,-10000.0,-9889.753846153842,-8002.0,-9583.197435897433,-10000.0,-8833.666666666668,-10000.0,-10000.0,-9740.774358974359,-7247.22564102564,-6810.105128205131,-8685.748717948722,-7707.553846153849,-9351.471794871797,-8335.93910256409,-10000.0,-10000.0,-8665.333333333336,-5754.274358974357,-4585.164743589729,-9205.102564102566,-10000.0,-10000.0,-10000.0,-10000.0,-8898.546153846157,-9459.535897435893,-432.2179487179528,-10000.0,-8271.335897435889,-10000.0,-9191.005128205124,-10000.0,-8706.4564102564,-6376.38717948718,-10000.0,-4622.11282051282,-10000.0,-8888.312179487173,-10000.0,-10000.0,-10000.0,-10000.0,-6736.664102564104,-10000.0,-9832.666666666668,-10000.0,-10000.0,-10000.0,-10000.0,-9706.4564102564,-9560.879487179493,-7911.558974358977,-565.782051282049,-8270.3358974359,-6376.88717948718,-8833.666666666666,-10000.0,-8012.110256410257,-6750.77435897436,-9001.0,-8711.34615384616,59.330769230770784,-6810.105128205135,-10000.0,-10000.0,-8121.564102564099,-8291.141025641024,-9831.666666666668,-10000.0,-7679.443589743591,-10000.0,-8530.56153846153,-6752.676923076918,-8661.223076923077,-9001.0,979.1237179487298,-7578.892307692306,-5431.224358974351,-9870.435897435906,-7391.899999999994,-9870.435897435906,-10000.0,-7121.758974358971,-9870.435897435906,-9999.0,-7384.997435897437,-9870.435897435906,-9058.233333333326,-10000.0,-9870.435897435906,-10000.0,-9870.435897435906,-6807.903846153846,-4622.11282051282,-9870.435897435906,-10000.0,-7166.680769230768,-9658.028205128205,-5313.556410256409,-5928.669230769228,-6951.279487179486,-8246.22564102564,-6810.10512820513,-5928.669230769228,-5261.335897435896,-6927.669230769228,-9354.679487179495,-9832.666666666672,-10000.0,-4622.11282051282,-10000.0,-10000.000000000004,-10000.0,-8759.787179487173,-6377.887179487181,-10000.0,-10000.0,-10000.0,-7872.338461538459,-10000.0,-10000.0,-9054.330769230768,-9243.225641025638,-9296.446153846151,-8935.669230769228,-10000.0,-8937.669230769228,-8936.669230769228,-10000.0,-10000.000000000002,-9999.0,-9629.112820512819,-10000.0,-10000.0,-10000.0,-7322.556410256408,-10000.0,-10000.0,-9814.215384615385,-9999.0,-9740.774358974359,-7961.779487179484,-9999.0,-10000.0,-10000.0,-6631.112820512816,-9666.333333333334,-6939.669230769228,-10000.0,-763.8846153846207,-9449.023076923062,-6939.669230769228,424.1076923076944,-9909.558974358977,-10000.0,-9448.023076923062,-10000.0,-10000.0,-10000.0,-9740.774358974359,-10000.0,-8120.564102564097,60.330769230770784,-9685.346153846145,-4622.11282051282,-10000.0,-9001.0,-7814.007692307689,-9245.22564102564,-10000.0,-9001.0,-9999.0,-9605.79487179486,-9999.0,-10000.0,-7023.415384615386,-9999.0,-7873.338461538459,-9999.0,-10000.0,-8867.435897435902,-8179.894871794868,-10000.0,-4675.443589743588,-10000.0,-8247.22564102564,-8241.225641025638,-8120.564102564097,-9888.753846153842,-10000.000000000002,-2669.4435897435906,-7246.22564102564,-10000.0,-9683.748717948722,-10000.0,-7814.208974358973,-9888.111111111115,-7584.941025641023,-6924.766666666671,-10000.0,-10000.0,-10000.0,-6810.105128205131,-566.782051282049,-9832.666666666668,-6375.88717948718,-10000.0,-9998.0,-9999.0,-5551.46410256411,-8374.887179487181,-8916.107692307694,-10000.0,-9459.535897435893,-2870.923076923076,-8710.34615384616,-9998.0,-9561.879487179496,-7809.105128205135,-9561.879487179496,-9733.664102564104,-9290.141025641024,-7470.646153846151,-9999.0,-9561.8794871795,-9561.879487179496,-9561.879487179496,-8390.899999999994,-8834.666666666666,-9563.879487179496,-9563.879487179496,-7382.997435897437,-10000.0,-4621.11282051282,-9999.0,-7809.10512820513,-9053.330769230768,-9242.225641025638,-9888.111111111115,-9999.0,-9001.0,-9999.0,-10000.0,-8023.415384615386,-9888.111111111115,-9999.0,-8813.208974358973,-7809.105128205131,-9998.0,-9999.0,-7735.664102564104,-10000.0,-9999.0,-7806.903846153846,-9657.028205128205,-6926.669230769228,-9686.346153846163,-10000.0,-10000.0,-9999.0,-9813.215384615385,-10000.0,-10000.0],"time_limit":1800,