{"objective_value":0.736700938868277,"time_limit":1800,"thermo_feasible":false,"dual_bound":0.736700938868277,"solution":[0.0,0.0,0.0,-0.0,0.0,0.0,0.0,0.0,0.0,0.0,0.0,-0.0,0.0,0.0,0.0,0.0,-0.0,-0.0,-0.0,-0.0,-0.0,-0.0,0.0,0.21969158700275976,0.26214766208688756,0.0,0.32908799287705787,-0.0,0.15133310686232146,0.21969158700275976,0.0,-0.0,-0.0,-0.0,-0.0,0.0,-0.0,-0.0,-0.0,-0.0,-0.0,0.0,0.0,0.0,0.09401777381836951,-0.0,0.0,0.1108145552245661,0.1108145552245661,0.09401777381836951,0.1108145552245661,0.0,0.0,0.0,0.0,0.0,0.0,0.0,0.26214766208688756,0.0,-0.0,0.0,0.0,0.0,0.0,0.0,0.26214766208688756,0.26214766208688756,0.0,0.0,0.0,0.0,0.0,0.0,0.0,0.26214766208688756,0.15133310686232146,0.0,0.0,0.0,0.0,0.1108145552245661,0.15133310686232146,0.0,-0.0,0.0,0.0,0.1108145552245661,0.09401777381836951,0.0,0.0,0.0,0.0,0.1108145552245661,0.0,0.0,0.26214766208688756,0.0,0.0,0.0,0.0,0.0,0.0,0.26214766208688756,0.26214766208688756,0.26214766208688756,0.15133310686232146,0.1108145552245661,0.15133310686232146,0.1108145552245661,0.0,0.0,0.0,0.0,0.0,0.0,0.09401777381836951,0.1108145552245661,1.7777183015642612,0.0,0.0,0.0,-0.0,0.26214766208688756,0.0,0.26214766208688756,0.0,-0.0,-0.0,0.0,0.0,0.0,0.0,-0.0,-0.0,0.0,-0.0,0.0,0.0,0.0,0.0,-0.0,0.0,0.0,0.0,0.0,-0.0,0.0,0.0,-0.0,0.0,0.0,-0.0,-0.0,-0.0,0.0,0.0,0.028657666521975968,0.0,0.0,0.047008886909184755,0.0,0.0,0.0,0.05540727761228311,0.0,0.0,0.0,0.0,0.0,0.0,0.0,-0.21791613771723634,0.0,0.0003285686187352515,0.39888303982543843,0.0,0.0,-0.0,0.0,0.0,0.0,0.32908799287705787,-0.32908799287705787,3.728625725055802,-0.0,0.0,0.21791613771723634,0.0,0.0,-0.0,0.0,0.0,0.21791613771723634,0.0,-0.0,0.0,0.02046555208176073,-0.0,-0.0,999999.0,0.21401162274123448,-0.0,-0.0,0.0,0.0,0.0,0.030698328122641096,0.0,-999999.0,0.0,0.0,-0.0,0.4280247188843468,0.0,0.04187408136527286,0.04187408136527286,0.0,1000.0,0.0,0.0,0.6440799500300018,-0.0,0.0,0.0,0.0,0.0,0.0,0.0,0.0,0.0,-0.0,0.0,0.0,0.0003285686187352515,-0.0,0.0,-0.0,-0.0,0.0,0.0,0.0,0.0,0.0,0.0,-0.0,0.0,0.0,-0.0,0.0,-0.0,-0.0,-0.0,0.0,0.0,0.0,-0.0,0.0,-0.0,-0.0,0.0,-0.0,-0.0,0.0,0.0,-0.0,0.0,0.0,0.0,-0.0,0.0,0.0,0.0,0.0,0.0,0.0,-0.0,0.0,-0.0,-0.0,-0.0,-0.0,-0.0,0.0,0.0,0.0,0.21791613771723634,0.21791613771723634,0.0,0.0,0.0,-0.0,-0.7876091838468915,0.0,0.00016428430936762576,0.0,0.0,0.0,-0.0,-0.0,-0.0,0.0,0.0,0.0,0.0,0.0,0.17761859636114158,0.0,0.0,-0.0,0.0,0.0,0.0,-0.0,0.0,0.0,0.0,0.0,-0.0,-0.0,-0.0,0.0004243397407882876,0.24369330356823732,0.7876091838468915,0.0016782047387419255,0.0,-0.0,0.0,0.0,0.0,0.0,0.0,-2.155337942213996,0.0,0.0,0.0,0.0,999998.9965102477,0.0,0.21791613771723634,0.0034897523000836372,0.0,0.0,0.0,0.0,-0.0,0.0,0.0,0.0,-0.0,-999999.0,-0.0,-0.0,-0.0,0.0,0.0,8.39,0.06979504694838055,-0.0,-0.0,52.047885673099316,-0.0,-0.0,-0.0,-0.0,0.46160944128547365,0.0,0.0,0.0,0.0,0.1814509146451345,-0.0,0.0,4.520812768536819,0.0,0.0,0.0023265015649460187,4.520812768536819,0.0,0.0,0.0,0.0,0.0,-0.21791613771723634,0.0,0.0,0.0,0.0,0.0017599785429563137,0.0,0.0,0.0,0.0,0.0,0.0,0.0,-0.0,0.0,0.0,0.0,0.0,0.0,0.0,-0.0,0.23134103892623292,0.0,0.27387225752897626,-0.0,0.00016428430936762576,0.0,0.0,0.0,0.0,0.0,0.00016428430936762576,0.0,0.0,0.0,-0.0,-999999.0,0.0,0.0,0.0,999999.0,0.0,0.0,0.0,0.0,999999.0,0.0,0.0,0.0,0.0,0.0,0.0,0.0,0.0,0.0,-999999.0,0.0,999999.0,-0.0,-0.0,4.520812768536819,0.0,0.0,0.0,0.0,-0.0,0.0,-0.0,0.0,0.0,-0.0,0.0,0.0,0.0017448761737095138,0.0,0.0034897523474190276,0.11825523470713581,0.0004928529281028405,0.0,-0.0,0.0,0.0,0.0,-17.8321702236389,-17.8321702236389,0.0,0.0023265015649460187,0.0,0.0004928529281028405,0.0023265015649460187,0.0023265015649460187,0.0,0.0,-0.0,-0.0,-0.0,0.0,-0.0,-0.0,0.0,-0.0,-0.0,-0.0,-0.0,0.0,0.0,0.0,0.010232776040880366,-0.0,-0.0,0.0,999999.0,-0.0,0.0,-0.0,0.25283576221959264,-0.0,0.1814509146451345,0.0,0.11339521861342179,0.2733013143013534,-0.0,-0.0,0.0,0.0,0.0,0.0,0.0,-999997.3317930297,0.0,0.047008886909184755,0.05540727761228311,0.0,-0.0,0.0,0.0,0.0,0.0,0.0,0.0,0.0,0.000657137237470503,0.0,32.5307174372746,0.0,0.0,0.0,0.0,-0.0,0.0,0.0,-0.0,0.13325814932718844,0.0,0.0,0.0,0.0,0.0,0.0,-0.0,0.0,0.0,0.0,0.0,0.0,0.0,0.0,-0.0,-0.0,0.0,-0.0,-0.0,-0.0,0.0,0.0,0.0,0.27387225752897626,0.0,0.0,0.0,0.0,-0.0,-0.0,0.00016428430936762576,0.0,-0.0,-0.0,0.6440799500300018,-0.0,0.21401162274123448,1.0269383588448104,-0.0,-0.0,0.0,0.0,0.0,0.0003285686187352515,0.0,0.0004928529281028405,0.0004928529281028405,0.0,0.0,0.0,0.0,0.0,-0.0,0.0004243397407882876,0.0004243397407882876,0.0,0.0,0.2733013143013534,0.2733013143013534,-0.0,0.019772316498285647,0.0004928529281028405,0.0,0.0,0.0,-0.0,0.0,0.0004928529281028405,0.0,-0.0,-0.0,0.0,0.0,0.0,-0.24369330356823732,-0.0,-0.0,0.019279463570182807,0.0,0.0003285686187352515,0.0004928529281028405,0.0003285686187352515,0.0,0.0,0.0,0.0,0.0003285686187352515,0.27387225752897626,0.27387225752897626,0.0,0.0,-0.0,0.0,0.0,0.0,0.0017599785429563137,0.1814509146451345,0.002088547161691565,-0.0,0.0,0.0,0.0,-0.0,-0.0,0.00016428430936762576,0.15133310686232146,0.0,0.0,0.0,0.0,0.000204802861005381,0.0,0.0017599785429563137,0.0,0.0,0.0,0.15133310686232146,0.0,0.1108145552245661,0.0,0.09401777381836951,0.0,0.0,0.1108145552245661,0.0,0.09401777381836951,0.0,-0.0034897523474190276,-0.0,0.11081455522456622,0.0,0.0,0.0,17.8321702236389,-0.0023265015649460187,0.0,0.0,11.804142507676357,0.0,0.0,0.0,0.26214766208688756,0.0,0.0,0.0,0.0,0.26214766208688756,0.0,0.0,-0.0023265015649460187,0.0,0.0,0.0,0.0,0.26214766208688756,0.0,0.0,0.0,0.0,0.0,0.0,0.0,0.0,0.0,0.0,0.0,-0.0,-0.0,-0.0,-0.0,-0.0,0.0,-0.0,0.0,0.0,-0.0,0.0,0.0,-0.0,-0.0,0.0,0.0,-0.0,-0.0,-0.0,0.0,-0.0,0.0,0.0,-0.0,-0.0,-0.0,0.0,0.0,-0.0,0.0,0.0,0.0,0.0,0.0,0.0,0.0,0.0,-0.0,-0.0,-0.0,-0.0,-0.0,0.0,-0.0,-0.0055635654903332275,-0.0,-0.0,-0.0,-0.0,-0.005234996871597976,-0.0,0.0,-0.0,0.0,0.0,0.0,-0.0,-0.0,-0.0,-0.0,-0.0,-0.0,-0.0,-0.0,-0.0,-0.0,-0.0,0.0,0.0,0.0,0.0,-0.0,-0.0,-0.0,-0.0,-0.0,37.23762733582407,-0.0,-0.0,-0.0,-0.0,0.0,-0.0,-0.0,6.766124424524605,0.0,0.0,0.0,-0.0,-0.0,-0.0,0.0,-0.0,-0.0,-0.0,-0.0,-0.0,-0.0,-0.0,-0.0,-0.0,-0.0,-0.0,-0.0,-0.0,-0.0,-0.0,-0.0,0.0,-0.0,-0.0,-0.0,-0.0,-0.0,-0.0,-0.0,-0.0,-0.0,0.0,-0.0,-8.0,-0.0,-0.0,-0.13083808674300598,-1.734723475976807e-18,-0.0,-0.0,0.0,0.0,-0.0,0.0,-0.0,-0.0,0.0,0.0,-0.0,-0.0,-0.0,-0.0,-0.0,-0.0,-0.0,-0.0,-0.0,-0.0,-0.0,-0.0,0.0,-0.0,0.0,-0.708202399687319,-0.0,-0.0,-0.0,-0.0,-0.0,-0.0,-0.0,-0.0,-0.0,0.0,-0.0,-0.0,-0.0,-0.0,-0.0,-0.0,-0.0,-0.0,-0.0,-0.0,-0.0,-0.0,-0.0,-0.0,-0.0,-0.005816253912365046,-0.0,-0.0,-0.0,0.0,-0.0023265015649460187,-0.0,-0.0,-0.0,-0.0,-0.0023265015649460187,0.0,-0.0,0.0,-0.0,-0.0,-0.0,-0.0,-0.0,-0.0,0.0,-0.0,-7.944612392692577,-0.0,-0.18435940995178646,-0.0,0.0,-0.0,-0.0,-0.0,-0.0,-0.0,-0.0,-0.0,-0.0,0.0,-16.265605145101354,-0.0,0.0,-0.0,-0.0,-0.0,0.0,0.0,0.0,0.0,-0.0,0.0,-0.0,-0.0,-0.0,0.0,0.0,0.0,0.0,0.0,-0.0,-0.0,0.0,0.0,0.0,0.0,0.0,-0.0,-0.0,-0.0,-0.0,-0.0,0.0,0.0,0.0,-0.0,-0.0,-0.0,0.0,0.0,0.0,0.0,0.0,-0.0,-0.0,-0.0,-0.0,0.0,0.0,-0.0,-0.0,-0.0,-0.0,0.0,0.0,0.0,0.0,-0.0,-0.0,-0.0,0.0,-0.0,0.0,-0.0,5.164241534925542,0.0,0.0,0.0,-0.0,-0.0,-0.0,-0.0,-0.0023265015649460187,0.7367009388682769,0.0,0.00016428430936762576,0.0,0.0,0.0,1.0269383588448104,0.0,0.0,0.0,0.0,-0.0,0.0,0.0,0.0,0.0,0.0,0.0,0.0,0.0,0.0,0.0,0.0055635654903332275,0.0,0.0,0.0055635654903332275,0.0,0.0,0.0,0.0,0.0,0.0,0.0,0.0,0.0,0.0,0.0,0.0,0.0,0.0,0.0,0.0,0.0,0.0,0.0,0.0,0.0,0.0,0.0,0.0,0.0,0.0,0.0,0.0,0.005234996871597976,0.005234996871597976,0.0,0.0,0.0,0.0,0.0,0.0,0.0,0.03918512293840365,0.0,0.0,0.0,0.0,0.0,0.0,0.0,0.0,0.0,0.0,0.00016428430936762576,0.0,0.0,0.0,0.0,0.0,0.0,0.0,0.0,28.556227350983715,0.0,0.0,0.0,0.0,0.0,0.0,0.0,0.0,0.0,0.0,0.0,0.0,0.0,0.0,0.0,0.16288457758377603,0.0,0.16288457758377603,0.0,3.511784892423628,0.0,0.0,0.0,0.0,0.0,0.0,0.0,0.0,0.0,4.495321442652857,0.0,0.0,0.0,0.0,0.0,0.0,0.0,0.0,0.0,0.0,0.06958877068549742,0.0,0.0,0.0,0.0,0.0,0.0,0.002628548949882012,0.0,0.0,0.0,0.0,0.0,0.0,0.0,0.0,0.0,-0.0,0.0,0.0,0.0,0.047008886909184755,0.05540727761228311,0.0,0.0,0.0,0.0,0.0,0.0,0.0,0.0,0.0,-0.0,-0.0,0.0,