{"objective_value":0.7367009388648224,"time_limit":1800,"thermo_feasible":false,"dual_bound":0.7367009388648224,"solution":[0.0,0.0,-0.0,0.0,0.0,0.0,0.0,0.0,0.0,0.2621476620856584,0.0,0.2621476620856584,0.2621476620856584,0.2621476620856584,0.0,0.15133310686161178,0.1108145552240466,0.15133310686161178,0.0,0.0,0.1108145552240466,0.0,0.0,0.0,0.0,0.09401777381792861,0.1108145552240466,0.0,0.0,0.2621476620856584,0.2621476620856584,0.0,-0.0,-0.0,0.0,-0.0,0.0,0.0,0.0,0.0,0.0,-0.0,-0.0,-0.0,0.0,0.0,-0.0,-0.0,-0.0,-0.0,-0.0,0.0,-0.0,-0.0,-0.0,0.0,-0.0,0.0,-0.0,-0.0,0.0,0.028657666521841586,0.0,0.0,-0.0,-0.0,-0.0,0.0,0.0,0.0,0.0,0.0,-0.0,0.0,0.0,0.0,0.0,0.0,0.0,0.0,0.0,0.0,-0.0,0.0,0.2179161377162145,0.2179161377162145,0.0,0.0,0.21401162274023092,0.42802471888234006,0.6440799500269819,0.0,0.0,0.0,0.0,0.0,0.0,0.0,-0.0,-0.0,0.0,-0.0,999999.0,-0.0,-0.0,-0.0,-0.0,-0.0,0.0,0.0,-0.0,-0.0,0.0,0.0,-0.0,0.0,-0.0,0.0,0.0,1.7777183015559253,0.0,999999.0,0.0,-0.0,-0.0,0.0,0.0,0.0,0.0,0.0,0.0,0.00032856861873371075,0.2621476620856584,0.0,0.2179161377162145,0.18145091464428395,0.2196915869788921,0.32908799289562396,0.0,0.2196915869788921,0.0,0.0,0.0,-0.0,0.0,0.0,0.0,0.0,0.0,-0.0,0.0,0.0,-0.0,0.0,4.520812768531796,4.520812768531796,-0.2179161377162145,0.0,-0.0,0.0,0.0,0.0,0.0,0.0,0.0,0.0,0.0,0.0,0.0,0.0,-0.0,0.0,0.0,0.0,0.0,0.0,-0.0,0.0,0.0,0.047008886908964306,0.0004928529281005996,0.0,0.0004928529281005996,0.0,0.0554072776120233,0.0,0.0,-0.2179161377162145,0.0,-0.0,-0.0,-999996.7514590753,999998.4196660456,0.00032856861873371075,0.39888303984367723,0.0,0.0,0.0,0.0,0.0,0.32908799289562396,-0.32908799289562396,3.7286257250234485,-0.0,-0.0,0.0,-0.0,0.0,0.0,0.0,0.0,0.02046555208166476,-0.0,-0.0,-0.0,-0.0,-0.0,-0.0,0.0,0.03069832812249714,0.0,-0.4294428681896543,0.0,0.0,0.0,-0.0,-0.0,0.0,0.0,0.0,0.0,0.0,0.0,0.0,0.0,-0.0,0.0,-0.0,0.0,-0.0,0.0,0.0,0.0,-0.0,-0.0,0.0,0.0,-0.0,0.0,-0.0,0.0,-0.0,-0.0,0.0,0.0,0.00016428430936685538,0.0,-0.0,0.0,0.0,-0.0,0.0,0.0,-0.0,0.0,0.0,0.0,-0.0,0.0,-0.0,-0.0,0.0,-0.0,0.0,0.04187408136507651,0.04187408136507651,0.0,0.0,0.0,0.0,-0.0,0.0,0.0,-0.0,0.00042433974078659453,0.0,0.00032856861873371075,0.0,0.0,0.0,0.0,0.2436933035670946,0.7876091838431982,0.0,0.0,0.0016782047387340561,0.0,0.0,0.0,0.0,0.0,0.0,0.0,0.0,0.0,-2.155337942201162,0.0,0.0,0.0,0.0,0.0,-0.0,0.0,0.0,-0.0,-0.0,0.0,0.0,0.0,0.0,0.0,0.2179161377162145,0.2179161377162145,0.0,0.0,0.0,0.0,-0.0,0.0,8.39,0.06979504694805327,52.047885673148,-0.0,0.0,-0.0,-0.7876091838431982,-0.0,-0.0,0.0,-0.0,-0.0,0.0,-0.0,0.0,0.18145091464428395,-0.0,0.0,0.0,0.0,0.0,0.1776185963603087,0.0,0.0,0.0,0.0,0.0,-0.0,0.0,0.0,-0.0,0.0,999998.9965102477,0.0,0.0034897523000836372,0.0,0.0,0.0,0.0,0.0,0.0017599785429480606,-0.0,0.0,-999999.0,-0.0,0.0,-0.0,0.0,0.0,0.0,-0.0,-0.0,0.0,-0.0,-0.0,0.0,0.0,-0.0,0.23134103892514812,0.273872257527692,-0.0,-0.0,0.46160944128330905,0.0,0.0,0.0,-0.0,0.00016428430936685538,0.0,0.0,-0.0,0.0,0.2621476620856584,0.0,0.0,0.0,-0.0,0.0,0.0,0.0,0.0,0.0,0.0,0.15133310686161178,0.0,0.1108145552240466,0.0,0.0,0.0,0.0,0.0,0.0,999999.0,0.0,-999999.0,0.0,0.0,0.0,999999.0,0.0,0.0,-0.0,0.0,0.09401777381792861,0.0017448761737013318,0.0034897523474026635,4.520812768531796,0.0,-0.0,-0.0,0.0,0.0,0.0,0.1108145552240466,-0.0,-17.832170223522272,-17.832170223522272,0.0,0.0,0.11825523470658131,0.0,-0.0,0.0,0.002326501564935109,0.002326501564935109,0.0,0.0,0.002326501564935109,0.09401777381792861,0.002326501564935109,0.0,0.0,0.0,0.0,0.0,0.0,-0.0,-0.0,0.0,0.0,0.1108145552240466,0.0,0.0,-0.0,-0.0,-0.0,0.0,0.00016428430936685538,0.0,-0.0,-0.0,0.0,0.0,0.0,0.0,0.0,0.0,-0.0,-0.0,0.18145091464428395,0.0,0.11339521861289006,0.0,0.0,0.0,0.0,0.0,-0.0,0.01023277604083238,-0.0,0.0,0.2621476620856584,0.0,0.0,-0.0,0.25283576221840703,0.2733013143000718,0.0,-0.0,32.530717437203954,0.2621476620856584,0.0,0.0,-0.0,0.0,0.0,0.0,0.047008886908964306,0.0554072776120233,0.0,0.0,0.0,-0.0,0.0,-0.0,0.13325814932656385,0.0,0.0,0.0,0.0,0.0006571372374674215,0.0,0.0,0.2621476620856584,0.0,-0.0,0.0,0.0,0.0,0.0,0.0,0.0,0.0,0.0,0.0,0.0,0.0,0.0,-0.0,0.0,-0.0,0.0,-0.0,0.0,0.0,-0.0,0.0,0.0,0.273872257527692,0.0,0.0,0.0,0.0,0.0,0.0,0.0,0.0,0.0,0.0,0.00020480286100442061,0.0,0.0017599785429480606,0.0,0.0,-0.0,0.6440799500269819,0.21401162274023092,0.0,1.0269383588186574,-0.0,0.0,0.0,0.0,-0.0,-0.0,0.00016428430936685538,-0.0,0.0,0.0,0.0,0.0,0.0,0.2733013143000718,0.0,0.0,0.0,0.00032856861873371075,0.0,0.0004928529281005996,0.2733013143000718,0.019772316498193002,0.0004928529281005996,0.0,0.0004928529281005996,0.0,0.0004928529281005996,0.0,0.0,0.2436933035670946,-0.2436933035670946,0.2621476620856584,0.0,0.00032856861873371075,0.0004928529281005996,0.00042433974078659453,0.00042433974078659453,0.0,0.0,0.0,-0.0,0.0,-0.0,0.0,-0.0,0.00032856861873371075,0.0,0.273872257527692,0.273872257527692,0.0,0.0,-0.0,0.019279463570092404,0.0,-0.0,0.15133310686161178,0.0,0.0,0.0,0.2621476620856584,0.1108145552240466,0.0,0.0,-0.0,0.0,0.2621476620856584,0.0017599785429480606,0.15133310686161178,0.0020885471616817718,0.0,0.2621476620856584,0.0,0.0,0.0,-0.0,-0.0,0.00016428430936685538,0.0,0.0,0.15133310686161178,0.1108145552240466,0.0,0.15133310686161178,0.0,0.0,0.0,0.0,-0.0,-0.0,0.1108145552240466,0.0,0.09401777381792861,-0.0,0.09401777381792861,-0.0,-0.0,-0.0,0.0,0.1108145552240466,0.0,-0.0,-0.0,0.09401777381792861,0.0,0.1108145552240466,0.0,0.0,0.0,0.0,0.0,0.0,0.0,0.0,0.1108145552240466,0.0,0.0,0.0,0.0,11.80414250763718,0.0,0.0,0.0,0.0,0.0,0.0,0.0,0.0,0.0,0.0,-0.0,-0.0,0.0,0.0,0.0,0.0,0.0,0.0,-0.0,-0.0,0.0,0.0,0.0,0.0,-0.0,-0.0,0.0,0.0,0.0,0.0,0.0,0.0,0.0,0.0,0.0,0.0,-0.0,0.0,0.0,0.0,0.0,0.0,-0.0,0.0,0.0,0.0,0.0,-0.0,0.0,-0.0,-0.0,0.0,0.0,-0.0034897523000836372,0.0,0.0,0.0,0.0,0.0,-0.0,-0.0,0.0,0.0,0.0,-0.0034897523474026635,0.0,0.0,-0.0,0.0,0.0,-0.0,17.832170223522272,-0.002326501564935109,0.0,-0.0,0.0,0.0,0.0,0.0,0.0,0.0,0.0,0.0,0.0,0.0,0.0,-0.0,0.0,0.0,-0.002326501564935109,0.0,0.0,0.0,0.0,0.0,0.0,0.0,0.0,-0.0,0.0,0.0,-0.0,-0.0,-0.0,-0.0,-0.0,-0.0,-0.0,0.0,-0.0,0.0,-0.0,-0.0,-0.0,-0.0,-0.0,0.0,-0.0,-0.0,-0.0,0.0,-0.0,-0.0,0.0,-0.0,-0.0,-0.0,-0.0058162539123377726,0.0,0.0,0.0,-0.0,-0.0,0.0,0.0,0.0,-0.0,-0.0,-0.002326501564935109,-0.0,-0.002326501564935109,-0.0,0.0,0.0,-0.0,-0.0,-0.0,-0.0,0.0,-0.0,-0.0,-0.0,-7.944612392755869,-0.0,-0.0,-8.943142985226197,-0.0,8.932344422864317,-0.0,-0.0,-0.0,0.0,-0.0,-0.0,0.0,0.0,-18.5,0.0,-0.0,-0.0,-0.0,-0.0,0.0,0.0,0.0,-0.0,-0.0,-0.0,-0.0,-0.0,-0.0,-0.0,-0.0,-0.0,0.0,-0.7082023996293856,-0.0,-0.0,-0.0,-0.0,-0.0,-0.0,-0.0,-0.0,-0.0,-0.0,-0.0,-0.0,-0.0,-0.0,-0.0,-0.0,-0.0,-0.0,-0.0,-0.0,-0.0,-0.0,-0.0,-0.0,-0.0,-0.0,-0.0,-0.0,-0.0,-0.0,-0.0,-0.0,-0.0,-0.0,-0.0,-0.0,-0.002326501564935109,0.0,-0.0,-0.0,-0.0,-0.0,0.7367009388648224,-0.0,1.0269383588186574,0.0,0.0,-0.18435940995092226,-0.0,-0.0,0.0,0.0,-0.0,0.0,-0.0,-0.0,-0.0,0.0,0.0,0.0,0.0,0.0,0.0,-0.0,0.0,-0.0,-0.0,-0.0,-0.0,0.0,0.0,0.0,-0.0,0.0,-0.0,-0.0,-0.0,-0.0,0.0,0.0,0.0,-0.0,0.0,-0.0,0.0,0.0,-0.0,-0.0,-0.0,0.0,0.0,-8.0,0.0,-0.0,0.0,0.0,0.0,0.0,0.0,0.0,0.0,0.0,8.943142985226197,0.005563565490307138,0.0,0.0,0.0,0.0,0.0,0.0,-0.0,0.0,0.0,0.0,0.0,0.0,0.0,0.0,0.0,0.0,0.0,-0.0,5.164241534951598,0.0,0.0,0.0,0.0,0.00016428430936685538,0.0,0.0,0.0,0.0,0.0,0.0,0.0,0.005234996871573428,0.0,0.0,0.0,0.0,-8.932344422864317,-0.0,0.0,0.0,0.0,0.0,0.0,0.0,-0.0,0.0,0.0,0.0,0.0,0.0,0.0,0.2441861564951952,-0.0,28.55573449809701,0.0,0.0,0.0,0.0,0.0,0.0,0.0,0.0,0.0,0.0,0.0,0.0,0.0,0.0,0.0,0.0,-0.0,0.0,0.0,0.0,0.0,0.0,0.0,0.0,0.0,0.0,0.0,0.0,-0.0,0.0,0.0,4.495321442557515,0.0,0.0,0.0,2.2343948549339725,0.0,0.0,0.05909078230634739,0.0,0.06958877068517111,0.0,-0.0,0.0,0.0,0.0,0.0,0.0,0.002628548949869686,0.0,0.00016428430936685538,0.0,0.0,0.0,-0.0,0.0,0.0,-0.0,0.047008886908964306,0.0554072776120233,0.0,0.0,0.0,0.0,0.0,0.0,0.0,0.0,0.0,0.0,-0.1024161645209876,0.0,0.0,0.0,0.0,-0.0,0.0,0.0,0.0,0.0,0.0,0.0,0.0,0.0,0.0,-0.0,0.0,0.0,0.0,0.0,0.0,0.0,0.0,0.0,0.0,0.0,0.0,0.16288457758301222,0.16288457758301222,0.0,0.0,-0.0,-0.0,3.5117848923926775,-0.0,0.0,0.0,0.0,0.0,0.0,0.0,0.0,0.0,-0.0,0.0,