{"objective_value":0.026780442801466933,"time_limit":1800,"thermo_feasible":true,"nodes":439,"dual_bound":0.026780442801466933,"solution":[0.009144182194560884,0.034229797892894175,-0.07981645850593469,0.0,1.805001844818871e-5,0.0005058290036341073,0.8,0.002777131918512121,0.0,2.356531343241177,0.0,5.417683578736759e-5,-0.0,0.0,-0.0,-0.0,-0.02439334125191518,-0.0,0.0,0.0,-0.0,0.0,0.0,2.0460258300320735e-5,0.0006325540589706488,0.0006341876659815374,0.0,0.011155768375150272,0.00012693929887895326,1.3390221400733464e-5,0.0,-0.0,0.0,0.0,-0.0,1.3390221400733464e-5,0.0,0.012718139408187851,0.00012693929887895326,0.0,0.009622213098567065,0.0,0.008513502766586337,0.00012693929887895326,0.00012693929887895326,0.0,0.0,0.0,0.00043357536895574845,0.0,0.0,0.02560636140860782,0.0,0.0,0.0,0.03433713390764245,-0.009622213098567065,-0.0,0.00012693929887895326,0.0,0.17181243922761968,0.0,-0.0,-0.0,0.0,0.0,-0.0,0.0023877442801787923,0.0,0.00012693929887895326,0.0,0.00888987510971807,0.00012693929887895326,-0.0,0.0,0.013421661640582288,0.017813011529395725,0.00888987510971807,0.0,0.00043357536895574964,0.00043357536895574964,0.0,0.00012693929887895326,0.0,0.00012693929887895326,0.0,-0.009622213098567065,1.805001844818871e-5,0.0023877442801787923,0.00012693929887895326,-0.0006325540589706488,0.00027101808115084536,0.0,0.013017973245793074,0.00012693929887895326,0.00012693929887895326,0.00012693929887895326,0.0,0.00012693929887895326,0.01619879355909441,0.0005780558578696636,0.013421661640582288,0.0010117115681538176,-0.013421661640582288,1.3390221400733464e-5,1.3390221400733464e-5,-0.0,1.3390221400733464e-5,0.03433713390764245,0.0,0.00369302306232229,0.0,0.0,5.417683578736759e-5,1.3390221400733464e-5,-0.0,0.00012693929887895326,-0.015053286898704565,6.346964943947663e-5,0.00037942531361118343,0.00012693929887895326,0.0,0.0005058290036341073,-0.0,0.0,0.0,-0.0,0.00036126817339178887,-0.013017973245793074,0.0,0.0,0.0,0.0,0.01626694978602424,0.0,0.0015913474721487696,0.0,0.000576582933515583,0.0,0.0,0.0,0.0016657435422512432,0.0,0.0,0.0,0.0,0.0,0.01005605627195083,0.01005605627195083,-0.0,0.0016657435422512432,0.0002538785977579065,1.3390221400733468e-7,0.0,-0.000576582933515583,0.0,1.3390221400733468e-7,0.0,0.0,1.3390221400733464e-5,0.0005780558578696636,0.0010117115681538176,0.0,1.3390221400733464e-5,-0.008668829334834843,0.0,1.805001844818871e-5,0.00027101808115084536,0.0,0.02560636140860782,-0.008513502766586337,0.008513502766586337,0.0,-0.034229797892894175,-3.2877828645635523,1.805001844818871e-5,0.01005605627195083,0.01005605627195083,0.0008886018725954732,1.633607010888598e-6,0.0,0.007064680811026978,1.58004612528826e-6,0.0006341876659815374,0.009144182194560884,1.3390221400733464e-5,-0.009144182194560884,-0.0,2.0460258300320735e-5,0.0006341876659815374,0.009490024832899025,0.0,0.0,0.011155768375150272,0.0,0.0006341876659815374,0.0,1.633607010888598e-6,-0.0005506059039981601,-0.7606115450545708,0.011155768375150272,0.0006325540589706488,0.011155768375150272,1.58004612528826e-6,0.011155768375150272,-0.00012693929887895326,0.0,0.011155768375150272,1.3390221400733464e-5,0.011155768375150272,0.011155768375150272,0.0,0.011706427840034036,0.0010117115681538176,1.58004612528826e-6,0.0,0.002167823283893145,0.0010117115681538176,-0.0,0.0,0.00014739955717927398,0.0,0.00014739955717927398,-0.0,0.0008869682655845846,-0.0,0.0,-0.0,5.356088560293386e-5,5.356088560293386e-5,0.7478928968179707,-0.3833533796931593,-0.10398180892146675,-0.0,5.356088560293386e-5,5.356088560293386e-5,5.356088560293386e-5,0.0005506059039981601,2.5398899677455815,0.0,-1.4288637557432884,-0.0006341876659815374,2.6780442801466936e-8,-0.0,-1.4288637557432884,0.7478928968179707,-0.3278844411015074,0.0,0.0004335753689557496,-0.03202150043311369,0.0,0.0015897674260234812,0.0,0.0,0.045914721037358434,0.0,0.0,0.02086573205796342,0.011155768375150272,0.0,0.0010559260792190384,0.0,0.0,0.007456318006555614,0.0,0.0,0.0,0.0,0.0,0.0,0.0,0.0,3.2877828645635523,0.0,0.008513502766586337,0.0,-0.0,-1.4288637557432884,-1.4288637557432884,-0.0,-0.0,-0.0,0.0,0.7606115450545708,0.0,-0.00012693929887895326,0.002167823283893145,0.0,0.0010117115681538176,0.022311536750300356,0.0004335753689557496,0.0,-0.01626694978602424,0.0,0.0018788355256225155,0.0,-0.0,0.00041322223242663467,0.0,-0.0,0.0014440014758550967,0.00647818911367485,0.0,0.06517899154260846,0.0,0.00647818911367485,0.0,0.0006341876659815374,0.0,0.0,0.0,0.00041322223242663467,-0.06267624311422597,-0.0,0.006964870100705808,-0.0,-0.0,0.0,0.00647818911367485,0.013421661640582288,-0.0006341876659815374,0.0,0.0,3.1341136342020195,0.0,2.0460258300320735e-5,0.0,0.0,0.27082748473944646,-0.0,-0.0,2.0460258300320735e-5,1.9040894831842986e-5,1.8344603319004848e-5,8.328717711256216e-6,0.0,-0.0,0.0,0.0,3.213653136176032e-7,-0.22585361421856945,-5.1,0.013421661640582288,0.0,-0.0,0.0,0.0,-0.0,-0.0,0.0,-0.0,0.0,-7.3110608848024e-5,0.0,0.002777131918512121,0.002777131918512121,-0.300173520741717,0.0,-5.356088560293385e-5,0.0014440014758550967,0.0,0.0014440014758550967,0.0001805001844818871,0.0,-0.0,-0.012718139408187851,-0.0,0.0,-0.0,-0.012718139408187851,0.0,0.0,0.0006341876659815374,0.0,-0.013017973245793074,0.0,0.0,-0.09184205566327679,0.013017973245793074,0.0,0.0,5.1,0.0,0.0023877442801787914,0.008513502766586337,0.015405717525971866,0.00012586808116689458,0.002777131918512121,0.03433713390764245,0.002777131918512121,0.002777131918512121,0.0016657435422512432,-0.008513502766586337,0.0,0.0,-0.006964870100705808,0.012718139408187851,0.0,-0.01619879355909441,0.007308918449376339,-0.0,0.0,0.0,0.0,0.0,0.0,0.0008670971770258962,0.0,0.0008670971770258962,0.0,0.0,0.002167823283893145,0.0,0.0,0.007308918449376339,0.0,0.0,1.58004612528826e-6,0.0,0.013202758301123198,-0.013202758301123198,-0.013202758301123198,0.013202758301123198,-0.02560636140860782,0.008513502766586337,-0.0,0.0,0.0,0.0,0.0,0.029620455199676696,0.029620455199676696,-2.0460258300320735e-5,-0.013202758301123198,0.015405717525971866,0.0,-1.4288637557432884,-1.8122171354364478,0.0,0.0,2.0460258300320735e-5,0.026780442801466933,2.0460258300320735e-5,0.0,0.0,7.3110608848024e-5,1.4193634684794764e-5,7.3110608848024e-5,0.002167823283893145,0.0,0.0010117115681538176,0.00020004990772697724,3.073804260141255,0.0,0.0,0.0,0.0007815872231608114,0.0,0.18889862953938352,0.0,0.0085274285968431,0.0015913474721487692,0.0,0.0,0.0008869682655845846,0.0,0.0,-0.0,5.1,3.2877828645635523,0.0,0.000576582933515583,0.0,0.0,0.11415359241357714,0.300173520741717,0.0006325540589706488,0.0,0.0,-5.356088560293385e-5,0.0,0.0,0.0,0.00012693929887895326,-3.1341136342020195,7.3110608848024e-5,0.0,0.0,0.0,0.0,0.0,0.0,0.0,0.0,-0.0,0.7478928968179707,0.0,0.0,0.0,0.0,0.008668829334834843,0.0,0.013202758301123198,0.0006325540589706488,0.009144182194560884,8.034132840440081e-8,0.002777131918512121,0.0006325540589706488,0.013421661640582288,0.0,0.002777131918512121,0.0,0.0006325540589706488,0.0009533837637322229,0.009622213098567065,-0.009144182194560884,0.0,0.0,0.0006325540589706488,0.0,0.0,0.028473877321574803,0.0006325540589706488,0.011155768375150272,0.0006325540589706488,0.04130556580724076,0.0005506059039981601,0.0006325540589706488,0.0005506059039981601,0.0006325540589706488,0.04130556580724076,0.0006325540589706488,7.225363467835778e-5,-0.00043357536895574845,0.00027101808115084536,0.0,1.58004612528826e-6,0.00036126817339178887,0.00037942531361118343,0.0,0.007447641143087952,0.0,0.031234673169978015,0.0,0.0,3.2877828645635523,0.0002538785977579065,0.0,0.00012693929887895326,0.0,0.0,0.0,0.0,1.3390221400733464e-5,1.3390221400733464e-5,0.0,0.0,0.0,0.0,1.3390221400733464e-5,0.0,0.0014635511991001676,0.0008869682655845846,0.0,0.000576582933515583,2.0460258300320735e-5,0.0,-0.007574580441966906,0.0,0.00647818911367485,0.0,-0.01915183727955514,0.00012693929887895326,-0.018897958681797233,0.00012693929887895326,0.0005506059039981601,-0.013017973245793074,0.0,0.0,1.3390221400733464e-5,0.00012693929887895326,0.00012693929887895326,0.0,0.0,0.0,0.0,0.011155768375150272,