{"cuts":89,"times_sub_problem":[0.00814199447631836,0.012343168258666992,0.007606029510498047,0.008471012115478516,0.011348962783813477,0.007750988006591797,0.010305166244506836,0.0076601505279541016,0.007728099822998047,0.007662773132324219,0.007647037506103516,0.007687091827392578,0.007760047912597656,0.007605075836181641,0.007725954055786133,0.007625102996826172,0.007653951644897461,0.0076830387115478516,0.007525920867919922,0.008456945419311523,0.008157014846801758,0.008350133895874023,0.008424997329711914,0.00763702392578125,0.00798487663269043,0.008080005645751953,0.007961034774780273,0.007915973663330078,0.007858991622924805,0.007845163345336914,0.007814168930053711,0.007810115814208984,0.007763862609863281,0.007866144180297852,0.00776982307434082,0.007751941680908203,0.0077610015869140625,0.00777888298034668,0.0076580047607421875,0.007691144943237305,0.007731914520263672,0.007666826248168945,0.007575035095214844,0.007618904113769531,0.0076751708984375,0.0075991153717041016,0.007627964019775391,0.008038997650146484,0.008471012115478516,0.008053064346313477,0.008031845092773438,0.00807809829711914,0.007961034774780273,0.008018016815185547,0.00790095329284668,0.007987022399902344,0.007966041564941406,0.007935047149658203,0.008240938186645508,0.008142948150634766,0.007823944091796875,0.008054971694946289,0.007776021957397461,0.0076351165771484375,0.0075740814208984375,0.0076520442962646484,0.007567882537841797,0.00757598876953125,0.010068893432617188,0.007975101470947266,0.008086919784545898,0.007822036743164062,0.008018970489501953,0.008321046829223633,0.00801706314086914,0.0078008174896240234,0.007773876190185547,0.00784611701965332,0.007719993591308594,0.0077669620513916016,0.008056163787841797,0.007817983627319336,0.007841110229492188,0.007898807525634766,0.007714986801147461,0.007673025131225586,0.0076160430908203125,0.007609844207763672,0.007719993591308594],"objective_values":[0.026780445395268804,2.072965459528362e-28,0.02678044539433686,0.026780447989587997,0.026780442817643597,0.02678044280146688,0.02678050896545287,0.02678044278070162,0.02678046277498961,0.02677132372133234,0.02678044280039735,0.026780508064200428,0.0267804428005648,0.026780508089639943,0.02678046271916012,0.026780508966355008,0.0,0.026780442801368612,0.026780442801466936,0.026780508135158834,0.026780442800564845,0.026780462766392576,0.026780462719121725,0.026780442801466884,0.026780442725101175,0.026780442769510204,0.026780442800564835,0.026780442801467113,0.026780442800564973,0.02678044304935746,0.02678046257144611,0.02678050798379299,0.026780442800564866,0.026780442800397323,0.02678044280146684,0.026780462643335882,0.026780462716390875,0.026780508889460725,0.026780442800603616,0.0267804428005649,0.0267804626432198,0.026780508966354977,0.0,0.026780462535393373,0.02678044280129946,0.026780462719521198,0.026780462812144676,0.02678044280122211,0.02678044280056504,0.026780462797443665,0.02678044236615014,0.026780442800564918,0.026780442869124753,0.02678050805921829,0.026780442801466995,0.026780442801183472,0.02678044280146687,0.026780442800564946,0.026780442800564894,0.026780442305276417,0.02678044280136868,0.026780462719289282,0.02678046264331803,0.026780442800320235,0.026780442801466943,0.026780442800564828,0.026780462643464554,0.026780462643503294,0.026780462643297167,0.026780442800564776,0.026780462721196448,0.026780442801467005,0.026780442801466957,0.0267804428005649,0.026780442800925786,0.02678044297698432,0.026780442800564956,0.02678046253539337,0.026780442800564852,0.02678046264318115,0.026780462643219826,0.0,0.026780508059334372,0.026780442801466953,0.026780462834693958,0.026780442800565032,0.026780442962436073,0.026780508039084435,0.026780462834693965],"time":1.197200059890747,"objective_value":null,"μ":null,"time_limit":1800,"x":null,"times_mis_problem":[2.193450927734375e-5,2.002716064453125e-5,1.9073486328125e-5,1.5974044799804688e-5,2.47955322265625e-5,1.5974044799804688e-5,2.09808349609375e-5,1.5974044799804688e-5,1.811981201171875e-5,1.7881393432617188e-5,1.6927719116210938e-5,1.5974044799804688e-5,1.7881393432617188e-5,1.9788742065429688e-5,1.7881393432617188e-5,1.6927719116210938e-5,1.5974044799804688e-5,1.6927719116210938e-5,1.811981201171875e-5,1.5974044799804688e-5,1.811981201171875e-5,1.6927719116210938e-5,1.7881393432617188e-5,1.71661376953125e-5,1.71661376953125e-5,1.6927719116210938e-5,1.6927719116210938e-5,1.71661376953125e-5,2.002716064453125e-5,1.811981201171875e-5,1.6927719116210938e-5,1.6927719116210938e-5,1.6927719116210938e-5,1.7881393432617188e-5,1.811981201171875e-5,1.621246337890625e-5,1.7881393432617188e-5,1.6927719116210938e-5,2.5987625122070312e-5,1.811981201171875e-5,1.6927719116210938e-5,1.811981201171875e-5,1.5974044799804688e-5,1.6927719116210938e-5,1.621246337890625e-5,1.5974044799804688e-5,1.6927719116210938e-5,6.103515625e-5,2.002716064453125e-5,1.6927719116210938e-5,1.71661376953125e-5,1.6927719116210938e-5,1.7881393432617188e-5,2.09808349609375e-5,1.6927719116210938e-5,1.7881393432617188e-5,2.193450927734375e-5,2.4080276489257812e-5,1.811981201171875e-5,2.002716064453125e-5,2.002716064453125e-5,2.193450927734375e-5,1.71661376953125e-5,2.002716064453125e-5,1.6927719116210938e-5,1.7881393432617188e-5,1.71661376953125e-5,1.71661376953125e-5,1.6927719116210938e-5,1.71661376953125e-5,1.9073486328125e-5,1.6927719116210938e-5,1.5974044799804688e-5,1.6927719116210938e-5,2.09808349609375e-5,1.6927719116210938e-5,2.002716064453125e-5,1.71661376953125e-5,1.7881393432617188e-5,1.9073486328125e-5,1.5974044799804688e-5,1.6927719116210938e-5,1.6927719116210938e-5,1.71661376953125e-5,1.6927719116210938e-5,1.8835067749023438e-5,1.6927719116210938e-5,1.7881393432617188e-5,1.6927719116210938e-5],"dual_bounds":[0.026780445395268804,2.072965459528362e-28,0.02678044539433686,0.026780447989587997,0.026780442817643597,0.02678044280146688,0.02678050896545287,0.02678044278070162,0.02678046277498961,0.02677132372133234,0.02678044280039735,0.026780508064200428,0.0267804428005648,0.026780508089639943,0.02678046271916012,0.026780508966355008,0.0,0.026780442801368612,0.026780442801466936,0.026780508135158834,0.026780442800564845,0.026780462766392576,0.026780462719121725,0.026780442801466884,0.026780442725101175,0.026780442769510204,0.026780442800564835,0.026780442801467113,0.026780442800564973,0.02678044304935746,0.02678046257144611,0.02678050798379299,0.026780442800564866,0.026780442800397323,0.02678044280146684,0.026780462643335882,0.026780462716390875,0.026780508889460725,0.026780442800603616,0.0267804428005649,0.0267804626432198,0.026780508966354977,0.0,0.026780462535393373,0.02678044280129946,0.026780462719521198,0.026780462812144676,0.02678044280122211,0.02678044280056504,0.026780462797443665,0.02678044236615014,0.026780442800564918,0.026780442869124753,0.02678050805921829,0.026780442801466995,0.026780442801183472,0.02678044280146687,0.026780442800564946,0.026780442800564894,0.026780442305276417,0.02678044280136868,0.026780462719289282,0.02678046264331803,0.026780442800320235,0.026780442801466943,0.026780442800564828,0.026780462643464554,0.026780462643503294,0.026780462643297167,0.026780442800564776,0.026780462721196448,0.026780442801467005,0.026780442801466957,0.0267804428005649,0.026780442800925786,0.02678044297698432,0.026780442800564956,0.02678046253539337,0.026780442800564852,0.02678046264318115,0.026780462643219826,0.0,0.026780508059334372,0.026780442801466953,0.026780462834693958,0.026780442800565032,0.026780442962436073,0.026780508039084435,0.026780462834693965],