{"objective_value":0.04732237605613293,"time_limit":1800,"thermo_feasible":false,"dual_bound":0.04732237605613293,"solution":[-0.0,0.0,-0.0,53.815745144526055,-0.0,-14.276078571754585,-0.0,-0.0,-0.0,-0.0,-0.0,-0.0,-0.008792024162679435,-7.275957722603643e-12,0.0,9.507065257991842e-5,9.464475237581543e-8,-0.0,0.0031249330727301694,0.0031249330727301694,-0.0,0.0,0.0,0.0,0.0473223761879077,0.0,0.0,0.0,-0.0,-0.0,0.0,-0.0,2.6042197369922915e-16,-2.6042197369922915e-16,-0.0,0.0,0.0,0.00042003340582347215,0.0031249330727301686,0.0031249330727301686,0.0031249330727301686,1.0552889758746539e-5,0.0,0.0,0.0,0.013288123068412682,0.0031249330727301694,0.0031249330727301694,0.0,0.0024999464581841354,-0.0,0.0,0.0,0.0,-0.0,9.464475237581543e-8,-0.0,0.0,0.00042003340582347215,0.0031249330727301686,-0.00039074085532722055,0.0031249330727301686,-8.88,-0.0,-0.0,-0.0,0.0031249330727301686,0.0031249330727301694,0.0031249330727301694,0.0,0.0024999464581841354,-0.0,0.0,-3.1138123531643274e-5,0.0,0.0,-0.0,0.0,-0.0,0.0,-0.00023443504872121235,0.00042003340582347215,0.0031249330727301686,-0.0,-0.0,-0.00023443505163489475,15.751687018640537,-1.1688626773140788e-5,0.0031249330727301686,0.0,1.0552889758746539e-5,0.0,2.6042197369922915e-16,-0.0,-0.0,-3.194260352983819e-5,0.0,1.0552889758746539e-5,-0.0,-6.151908904428002e-6,-0.0,0.0,0.0,0.0,-0.0,-0.0,-0.0,-0.0,62.30745955951117,0.0,0.0,0.0,0.0,-62.30819461797137,-0.0,-0.0,9.507065257991842e-5,1.0552889889903418e-5,-0.0,1.0552889889903418e-5,-0.0,-0.4607892826868857,-0.0,7.275957505763209e-12,-1.4527969309126404e-5,0.0,-0.0,-0.0,-0.0,-0.0,-0.0,-0.0,-0.037487413311210964,-0.0,0.0012499732290920677,-0.0,0.003003977080697182,8.158518659023125,-0.0,-0.015268233420395103,0.0,0.007180034760249225,0.0,0.010934024171827006,0.001189495233075574,-0.0,0.0,0.0035900173801246124,0.0,0.0,0.005256995383001768,0.0,0.0,-0.011338393871326933,0.0,0.0,0.00021001670291173608,-0.0001953940888514102,-4.597959440966552,0.021118036012773414,-0.0,0.021118036012773414,-0.0,0.021118036012773414,0.021118036012773414,0.021118036012773414,0.01811405893207623,-0.0,0.0,0.0,0.0,1.0552889889903418e-5,0.01854639615555564,-0.0,0.0,-0.0,0.0,0.015268233420395103,0.0,0.013288123233564483,0.0,0.0,0.0,-0.0,-999997.8391544872,4.659055230615195,7.731742854346521,-0.0,0.0,0.0,-0.0,4.597948888076793,-0.021118036012773414,-0.021118036012773414,-0.021118036012773414,0.0,8.88,0.0,8.88,4.221155903498487e-5,0.0,1.0552889889903418e-5,-0.021118036012773414,-0.021118036012773414,-0.007180034760249225,4.221155903498487e-5,0.0,0.0,0.0031249330727301686,0.0,8.158518659023125,0.0,1.0552889889903418e-5,0.0,-999999.0,-0.0,0.0,-0.0,0.0,0.0013788320578502148,-0.026357380149676472,0.0,0.0,2.1105779517493078e-5,0.0,-0.0,0.0,0.0,0.0,0.0,0.0,-0.0,0.0,0.0,0.0,9.464475237581543e-8,1.0552889758746539e-5,1.0552889889903418e-5,0.0,0.0025998440253874613,0.0025998440253874613,9.464475237581543e-8,0.0,0.001189495233075574,0.0,0.0035900173801246124,0.005256995383001768,0.0,0.00021001670291173608,0.0,0.0,-0.0,0.0,0.0,0.0,0.0,2.110577951749308e-5,0.0,0.0017392392920341716,0.015268233420395103,0.015268233420395103,0.0,-0.03619163231256505,0.011025167204258736,0.0,0.0,0.0,0.0,0.0,2.725768834543613e-5,0.011191883796470101,0.03619163231256505,0.00010784769399185464,0.0,-0.10998586071369852,0.0,0.0,0.81,0.004333120698021957,2.084250068081904,0.0,0.0,999999.0,999998.9524839339,0.0,0.0002323528641948229,0.0,1.0552889889903418e-5,0.0,0.0,0.01070200247682185,0.01444666938040648,0.01070200247682185,0.0,0.0,0.0,0.0,0.0,0.0,0.0,0.0,0.0,0.0,0.0017392392920341716,0.0,0.0018749598436381015,0.0,0.0,0.001189495233075574,0.0,0.0035900173801246124,0.005256995383001768,0.0,0.00021001670291173608,-0.015268233420395103,0.00013728221343389338,0.018779790024574125,0.01444666938040648,0.0,0.0013788320578502148,0.0,0.00018711267312145215,-0.0,999990.8928939806,1.0552889758746539e-5,0.0,5.489395637797294e-6,5.489395637797294e-6,5.489395637797294e-6,0.0,0.0,0.0,0.0,9.464475237581543e-8,0.0,0.0,0.0,0.0,0.0,0.0,0.0,0.0,0.0,0.0,0.0,-0.0,0.0,-0.0,0.0,0.0,0.0,0.0,0.0,0.0,0.0,0.00023443504872121235,0.00023443504872121235,0.0,0.0,0.0,0.02646011702710355,0.0017392392920341716,0.0,0.0,0.0,0.0,0.0,-0.010934024171827006,0.0,0.0,0.0002291349444730286,0.0,0.0,0.0,0.0,1.0552889758746539e-5,0.014791318513173371,0.01746503255072552,0.013288123068412682,0.013288123068412682,0.013288123068412682,0.0,5.7733298949247394e-5,0.0,0.00017428831150006406,0.0002552095747813863,0.0,1.0174310880400158e-5,0.00011721752581744738,0.00023443505163489475,0.0,-15.751687018640537,-15.750924844459126,1.1688626773140788e-5,0.0,0.0,1.1688626773140788e-5,1.0552889889903418e-5,1.0552889889903418e-5,1.0552889889903418e-5,1.0552889889903418e-5,1.0552889889903418e-5,1.0552889889903418e-5,0.007340221001654414,0.0,0.0,3.194260352983819e-5,3.194260352983819e-5,0.0,0.0,1.0552889889903418e-5,5.276444944951709e-6,1.0552889889903418e-5,0.0,1.0552889889903418e-5,1.1310047908909943e-5,2.1105779517493064e-5,1.0552889889903418e-5,2.6042197369922915e-16,0.004298480665228597,0.0,0.0,0.0,-1.5379772069922083e-5,0.0,0.0,8.158518659023125,0.0,0.0,0.0,0.0,0.011725632870859797,-0.001529080600379454,31.154086756095925,0.0,0.0,0.0,0.00028724682346059974,0.00028724682346059974,0.0,0.0015712921594144386,0.0,0.0,0.0,4.221155903498487e-5,0.0,0.0,0.0,0.0,0.0013788320578502148,2.1105779517493078e-5,2.1105779517493078e-5,4.221155903498487e-5,0.0,0.011191883796470101,-0.011191883796470101,0.015695412315172488,0.017261357046144156,0.0,2.110577951749308e-5,4.221155903498487e-5,0.01746503255072552,0.01746503255072552,0.001189495233075574,0.0,0.0035900173801246124,0.005256995383001768,0.0,2.1105779517493078e-5,0.0,0.00021001670291173608,3.426139993422643e-5,0.0,3.426139993422643e-5,4.221155903498616e-5,9.464475237581543e-8,4.221155903498487e-5,0.0,4.221155903498487e-5,0.0015290806003794538,0.0,0.0,2.725768834543613e-5,0.0,0.01746503255072552,0.0,0.0,2.725768834543613e-5,0.0,0.0015290806003794538,0.0,4.659055230615195,0.013288123233564483,0.017261357046144156,0.017261357046144156,0.0,0.0002291349444730286,0.00025024072217153225,1.0552889889903418e-5,0.0031249330727301694,0.0,0.0,0.0031249330727301694,0.0,0.0,0.0,0.021118036012773414,0.021118036012773414,0.01811405893207623,0.0,0.0006249866145460339,0.0,0.0,0.0,0.0,0.0006249866145460339,0.0,0.0,9.464475237581543e-8,0.0,0.0,-0.1903648084629025,0.0,0.0,0.0,0.0,0.0,0.0,0.0,0.00042003340582347215,9.464475237581543e-8,0.0,0.0,0.0,0.0,0.0031249330727301686,0.0,0.0,0.0,0.0031249330727301686,0.0,0.0,0.0031249330727301694,0.0,-0.0,0.0,0.0,0.0,-4.597959440966552,0.021118036012773414,0.021118036012773414,0.0,0.0,0.003003977080697182,0.007180034760249225,0.021118036012773414,0.0,0.010934024171827006,0.0,0.0,0.0,0.0,0.0,0.0,0.008755775222970042,0.0,0.0,0.0,0.0,0.0,0.0,0.0,0.0,0.0,-0.04545900967985108,0.04545900967985108,2.1105779779806835e-5,0.0007621741814097375,0.0007350584601910761,0.0,0.0007350584601910761,0.0,0.0,0.0,0.0,0.0,0.0,62.30819461797137,0.0,0.0006249866145460338,0.0,0.0,0.0,0.0,0.0,-0.0,0.0,999989.2649834306,0.0,1.0552889758746544e-5,0.008755775222970042,0.07149526007212154,0.0,0.0,0.010110567514015581,-0.36009819901051865,0.0,-0.0007621741814097375,0.0,0.014467775159923972,-0.001565944730971667,8.1071165722833,0.0,0.0,-999990.746722592,0.0,0.0,8.147533477304847,0.0,0.0,1.0552889758746539e-5,0.0003376924722798892,0.0003376924722798892,2.1105779517493078e-5,2.1105779517493078e-5,0.0,0.004381862691035402,0.0,0.0003376924722798892,4.221155903498487e-5,-7.275957505763209e-12,-0.0004974054899290802,0.0005185112694465733,0.0,4.221155903498487e-5,0.0,1.0552889889903418e-5,-0.012513455779844605,0.010110567630430903,0.010110567514015581,0.0,0.0,-0.0,0.0006249866145460338,0.0006249866145460338,0.0,0.0,0.0,0.0018749598436381015,0.0012499732290920675,0.0,0.0,-0.12358825170761574,0.0018749598436381015,0.0006249866145460338,0.0018749598436381015,0.008077787547752279,0.014467775159923972,0.0,4.221155903498487e-5,9.043301605135556e-5,9.043301605135556e-5,0.0,0.0,