{"objective_value":0.6871751707722246,"time_limit":1800,"thermo_feasible":false,"dual_bound":0.6871751707722246,"solution":[-0.003833994047763356,0.0,-0.0,-0.10936100793390895,-0.0,-0.010719932664045417,-0.22744140981596878,-0.9999999999999999,-0.07421491844340027,1.0,2.0002061525512316,-0.13978561663427636,0.0,-0.15255288791377097,-1.0,-0.020365810536176424,0.0,-0.0,11.970798846965328,-0.22401910566259176,-0.0,-6.871751707722247e-5,-0.1333119831298116,-0.19721927401162848,0.8729592494548882,-1.0,0.0,-0.08039880780517952,0.0,-0.9999999999999996,-0.06328814605295112,0.0,0.0,-0.24600871113645645,-1.0,-0.05518016638234258,0.0,0.0,0.0,-1.0,0.0,8.589689634660996e-6,0.0,0.0,0.0,0.0,0.06328814605295112,-0.053997781476937234,0.22744999950560343,0.0,0.9998625649658456,-6.871751707722332e-5,-1.0,0.058556429620821165,0.1760467198249655,0.0,0.0,-1.0,0.06613579996063124,-6.871751707722247e-5,0.09459515965816293,-0.058556429620821165,-0.1760467198249655,-0.11613260386050597,0.10607759986204712,-0.0,0.30952163539643895,1.5981098888628402,0.0,-6.871751707722247e-5,0.1760467198249655,-0.3683272658381611,0.0,0.0,0.0037652765306861336,-1.0,-0.1175069542368874,0.0,0.0,0.007559614053665244,-1.0,-0.017179379269305618,8.589689634660996e-6,0.8541127112694085,8.589689634660996e-6,8.589689634660996e-6,-0.0,8.589689634660996e-6,-0.11309484620054708,-1.0,1.0,8.589689634660996e-6,8.589689634660996e-6,-1.0,-0.14293243552062274,8.589689634660996e-6,-0.17028200719505548,-0.9999999999999999,0.0,8.589689634660996e-6,8.589689634660996e-6,8.589689634660996e-6,8.589689634660996e-6,0.04669063235948201,-1.0,8.589689634660996e-6,8.589689634660996e-6,0.49996564124012366,8.589689634660996e-6,6.012782744262697e-5,-1.0,8.589689634660996e-6,0.9338937485717119,8.589689634660996e-6,8.589689634660996e-6,8.589689634660996e-6,13.62612818104831,8.589689634660996e-6,8.589689634660996e-6,-1.0,0.0,0.0,0.0,0.15406467328713283,0.0,0.0,0.0913942977127059,0.0,0.003833994047763356,6.871751707722247e-5,0.0,0.0005497401366177798,0.0913942977127059,0.0,8.589689634660996e-6,-1.0e6,-999999.8459353268,-999999.8459353268,1.0e6,-0.0005497401366177798,0.0,0.19721927401162848,0.0,0.0,0.0,0.20075530564661484,0.11613260386050589,-1.138208865372967,0.8729592494548882,0.0,0.0,1.9997251299316912,3.883867396139494,0.1155828637238881,0.10936100793390895,4.830551808092533,1.0002061525512316,0.0,0.053997781514135756,0.0,0.0,0.010719932664045417,0.9564290283866081,0.32008688172087313,0.0,6.871751707722247e-5,0.0,0.0,0.9999999999999999,0.0,0.010719932664045417,-1.0,-3.006391372131355e-5,-0.0,0.0,0.0,0.0,0.0,3.006391372131355e-5,0.0,0.0,-999995.1695169094,0.012478413926052829,0.0,6.871751707722247e-5,0.00788533508461128,-0.0,0.026221917341497324,0.012085349728371116,0.0005401196842269685,0.0929947286854344,0.019331611904164228,0.017311316902093886,0.0,0.0,0.0,2.7487006830888986e-5,2.198960546471119e-5,0.0,0.016934744908510706,0.0,0.0,0.0,0.0,0.010376345078660594,6.871751707722332e-5,0.0,-0.0002061525512316674,0.0,0.0002061525512316674,0.0,0.0,0.0,-999996.4237122101,0.0,0.0,0.11613260386050589,-0.11613260386050589,0.11613260386050589,0.0,-999996.2696475369,6.871751707722332e-5,0.00039306419768171257,1.0e6,6.871751707722247e-5,0.00039306419768171257,6.871751707722247e-5,0.0,0.0002748700683088899,1.0e6,6.871751707722247e-5,0.0003930641976817133,0.0,0.0005304992318361574,0.0,0.09192479694454204,-0.0,6.871751707722247e-5,999999.6234280064,-1.0e6,0.0005497401366177798,0.0011963719723144433,0.0,0.0005497401366177798,0.0,0.0,-1.0e6,0.0,0.3655771908508236,0.00039306419768171257,0.3655771908508236,0.0,0.0,0.0,0.00039306419768171257,0.0,0.0,0.0,0.014136567613126209,0.0,0.0,0.0005304992318361574,-0.3655771908508236,0.0,0.0,0.0002061525512316674,0.0,0.0,0.09298510823304358,0.0,0.0,0.0,0.0,0.0,0.0,0.019331611904164228,0.0,0.0,0.01030762756158337,0.0,0.0005497401366177798,0.007464783880098676,0.0005798040503390932,0.0,0.020365810536176424,8.589689634660996e-6,0.0,8.589689634660996e-6,0.007464783880098676,8.589689634660996e-6,0.007464783880098676,8.589689634660996e-6,8.589689634660996e-6,0.1333119831298116,8.589689634660996e-6,0.014536503562515643,8.589689634660996e-6,0.0,0.0,0.015519164056719922,0.0,0.020365810536176424,0.0,0.0,0.010840188318931845,0.037488841441478724,0.016934744908510706,5.744125748899034,0.0,0.0,0.0836773205449338,0.0,0.0046205658482724385,0.0,0.0913942977127059,6.871751707722247e-5,6.871751707722247e-5,0.0046205658482724385,-6.871751707722247e-5,0.0,0.0913942977127059,0.0,6.871751707722247e-5,499999.00071294425,499999.0110205718,0.004951784280584652,0.0,-0.0,6.871751707722247e-5,-0.0,0.006094556589578861,0.08039880780517952,0.0,0.0,1.0,0.08039880780517952,6.871751707722247e-5,0.0,0.0,0.0,0.08039880780517952,-500000.00071294425,499998.51105493057,0.0,0.0,6.871751707722247e-5,1.0,6.871751707722247e-5,-0.0,-0.0005497401366177798,1.0e6,6.871751707722247e-5,-500000.00071294425,0.0,-3.5757380495652287,0.0,0.0,999999.227523699,-1.0e6,0.0,0.0,0.0,999999.8459353268,0.0,1.0e6,-0.0005497402744367719,0.0005798040503390932,0.40778768486691064,-999999.9993815423,0.0,0.0,0.0,0.0,-0.0005497401366177798,-0.0,0.0,0.06610625142828806,0.9999999999999996,-0.9338937485717119,0.0,0.0913942977127059,-0.0,14.862380536192303,0.0,1.0,6.871751707722247e-5,-0.0009148019460906101,6.871751707722247e-5,0.01030762756158337,0.0,0.0,1.0e6,0.0,0.0,-8.676555852322478,0.07905675469666136,0.06610625142828806,1.0,-0.15468313094082783,0.0,-1.0e6,0.0,0.0,0.012337543016044523,0.0,0.0,0.0,0.0,0.06635460063213093,-6.871751707728797e-5,-0.9505655843570111,0.0,6.871751707722247e-5,0.16288336404743053,6.012782744262697e-5,-0.0002748700683088899,0.0,0.0,-0.15406467328713283,-1.0,0.0,8.589689634660996e-6,0.0,0.0,-0.0002748700683088899,0.0,0.22744140981596878,0.0,0.0,0.0,0.0,-0.9999999999999999,6.871751707722247e-5,0.0,-6.871751707722247e-5,6.871751707722247e-5,0.0,0.0,1.0,-0.006871751707722248,1.0068717517077221,0.0,0.15406467328713283,-0.0,999999.8877070725,0.0,0.0005497401366177798,6.871751707722247e-5,0.0,1.0,1.0,6.871751707722247e-5,0.07421491844340027,0.0,0.056348364003322333,0.0,0.0,0.0005497401366177798,0.0,0.0,1.0e6,6.871751707722247e-5,14.862380536192303,0.003833994047763356,0.0,1.0e6,0.10396479311164222,-0.0,0.24600871113645645,0.0,0.0,0.0,0.365714625884978,-2.0002061525512316,6.871751707722247e-5,6.871751707722247e-5,0.0,0.6342853741150221,0.0,0.0,1.0,0.0,6.871751707722247e-5,6.871751707722247e-5,0.0,0.0,-499999.99861706,-0.3655771908508236,0.15406467328713283,0.0,0.0,0.0,6.012782744262697e-5,-1.0e6,0.0,0.11613260386050589,6.871751707722247e-5,1.0,0.0,0.0,6.871751707722247e-5,6.871751707722247e-5,6.871751707722247e-5,0.0,999996.2696475369,0.0,0.0005497401366177798,0.0005497401366177798,-1.0e6,8.589689634660996e-6,3.7298027228523614,0.0,0.40778768486691064,-0.11613260386050589,0.0005497401366177798,0.0,1.0e6,-999999.5922123152,0.0,-11.970798846965328,0.0,-11.970798846965328,0.0,0.0,0.0005497401366177798,0.0,0.0,0.0,999999.7759808943,0.0005497401366177798,0.0,999999.9448198337,0.0,1.0e6,0.0,0.0,0.0,0.0002061525512316674,0.0,0.0,-0.0,6.871751707722247e-5,0.0,6.871751707722247e-5,-1.0e6,0.0,0.0,6.871751707722247e-5,6.871751707722247e-5,0.0,0.0,0.0,0.0,-0.0,0.0,-0.0,-0.0,0.06328814605295112,0.0,0.0,1.0e6,0.0,0.0,0.0,0.0005798040503390932,0.0,0.0,0.10396479311164221,1.0e6,0.0,5.744125748899034,0.0,0.0,0.0,0.9051691392582623,-14.862380536192303,0.058556429620821165,0.0,0.0,-14.862380536192303,0.0,0.0,0.0,-0.0,-0.0,6.871751707722247e-5,4.829727197887607,0.0,-0.0,0.0,0.09483086074173779,0.0,0.0,0.0,0.11613260386050597,0.09483086074173779,0.0,0.0,0.0,0.0,0.0,0.0,0.0,0.0,0.0,0.0913942977127059,0.0,0.0,0.0,0.0,0.0,0.0,0.0,0.0,0.0010603112885015427,0.0,-0.9999312824829227,0.018135239931849786,0.0008459126352206085,0.0,0.005497401366177797,0.0,0.0,0.01030762756158337,0.0,0.0,0.0,0.0,0.0,-0.365714625884978,0.003833994047763356,0.0,-0.0,0.0,0.0,1.0,0.0,0.0,0.012085349728371117,0.007492270886929567,0.012085349728371116,0.0,1.0,0.0,2.0002061525512316,0.012085349728371116,