{"objective_value":0.6586991858988219,"time_limit":1800,"thermo_feasible":false,"dual_bound":0.6586991858988219,"solution":[-1.0,5.7636178766186636e-5,-0.06924335140142387,0.0,0.08760699172454331,0.08760699172454331,8.233739823740948e-6,-1.0e6,-999999.8523196426,-999999.8523196426,1.0e6,0.0,0.0,0.10402549335170352,0.0,0.016418501627160215,1.0001976097557697,0.0,0.0,0.01027570730002017,0.8247754599605612,6.58699185898822e-5,0.0,0.0,1.0,0.01027570730002017,-2.8818089383093382e-5,0.0,0.0,0.0,0.011961318516736706,0.007558573158188982,0.025135302234713146,0.011584542582402579,0.000517737560116474,0.08914110212850168,0.018530525497705654,0.016593949891163123,0.016232982737290565,0.0,0.0,-0.00019760975576964658,0.00019760975576964658,-1.0e6,0.0,-999996.3646040664,-3.487188616853251,0.0002634796743595288,0.0005269593400445416,0.0,0.30089378811858186,-1.0e6,0.0005269593487190576,-1.0e6,0.0,0.0,0.0,0.0,0.00019760975576964658,0.0,0.0,0.0,0.0,0.0,0.0,0.0,0.0,0.0,0.019521867772483385,0.0,0.12778764206437146,0.0,1.9997365203256405,3.999473040651281,0.0,0.048085040570614,0.3068227394908571,0.0,-0.0,0.0,0.0,0.0,0.0,0.0,6.58699185898822e-5,0.0,0.0,0.0,2.6347967435952878e-5,2.1078373948762303e-5,0.0,0.0,0.00994635770707221,6.586991858988152e-5,0.0,0.0,0.0,0.0,0.111320162416901,-0.111320162416901,0.111320162416901,0.0,6.586991858988152e-5,6.58699185898822e-5,6.58699185898822e-5,0.0,6.58699185898822e-5,0.0,-0.0,6.58699185898822e-5,0.0,0.0,0.0,0.35042796689817324,0.35042796689817324,0.0,-0.0,0.0,0.0,0.0,-0.35042796689817324,-0.0,0.0,0.0,0.0,0.009880487788482328,0.0,0.0005269593487190576,0.0005557774381021508,8.233739823740948e-6,8.233739823740948e-6,8.233739823740948e-6,8.233739823740948e-6,8.233739823740948e-6,8.233739823740948e-6,8.233739823740948e-6,0.0,0.0,0.0,-0.0,-1.0,0.0,-0.0065869918589882195,1.0065869918589883,0.0,0.0,1.0e6,0.0,0.0005269593487190576,6.58699185898822e-5,0.0,0.0,0.0,0.0,0.0633951857484603,0.09067521253246004,0.03593533408671022,0.016232982737290565,0.0,0.0,0.08760699172454331,0.0,0.08760699172454331,6.58699185898822e-5,0.0,0.03425235766673874,0.0,-0.0,1.0,0.0,0.0,-500000.00068340043,-500001.46503130696,-500000.99931659957,-500000.00068340043,0.0,0.0,0.0,0.0,0.0,-999999.9994071707,0.0,0.06336686168346667,-0.9366331383165334,0.0,1.0,1.0e6,0.0,0.0,-8.681671278245137,0.0,0.0,0.0,0.08760699172454331,0.0,0.0,0.0,0.0,6.58699185898822e-5,0.2846466433487946,5.7636178766186636e-5,0.0,8.233739823740948e-6,-8.233739823740948e-6,999996.3646040664,-1.0e6,3.6348689743317664,0.0005269593487190576,0.0005269593487190576,0.0005269593487190576,1.0e6,0.00019760975576964658,1.0e6,999999.7852640654,-999999.7323705207,0.0,0.0,0.0,0.0,0.0,0.09090114635322331,0.09090114635322331,0.0,0.0,0.0,0.0,0.0,0.0,0.0,1.0,0.36460406638956955,0.0,5.7636178766186636e-5,6.586991858989248e-5,499999.99878140655,499999.99878140655,0.00013173983717976743,-5.7636178766186636e-5,0.00013173983717976743,0.0,-0.9998682601628203,0.0,0.0,0.0,-999999.5928580331,0.189046666352962,0.29957704844597005,0.009880487788482328,0.007245691044887041,0.0072456910448870405,0.009880487788482328,0.34300883849360253,0.0,0.0,0.0,0.0,-0.9998682601628203,0.00013173983717976743,0.0,0.0,0.0,0.0,0.0,0.0,1.0,0.0,0.0,1.9999341300814102,0.10088570861307768,0.1687514857362333,6.58699185898822e-5,6.58699185898822e-5,0.0,0.0,0.0,0.0,0.0,0.0,0.0,0.0,0.0,0.0,0.0,0.0,-0.9999341300814101,0.0,0.0,0.0,0.0,-0.350559706735353,0.0,0.0,0.0,0.0,0.011584542582402579,0.007181797223854855,0.011584542582402579,0.011584542582402579,9.221788602583505e-6,9.221788602583505e-6,0.0,0.016593949891163123,0.016232982737290565,0.0,0.0,0.0005269593487190576,0.0001317398371797644,0.0,0.0002634796743595288,1.232808464692729,0.0,0.0,4.000197609755769,0.0,6.58699185898822e-5,0.0,0.0,0.0,6.58699185898822e-5,6.58699185898822e-5,0.0,-0.9058060164097697,0.1850944712375676,6.58699185898822e-5,0.09235357805813021,0.0010163728438418824,0.0010163728438418824,0.0010163728438418824,0.0010163728438418824,0.09316443675597166,0.0008108586978414499,0.005269593487190575,0.0,0.0,0.0,-0.0,1.0,0.0,2.0001976097557694,0.0,1.0,0.11263756078869855,0.0,1.605034379506067,1.6049685095874773,6.58699185898822e-5,0.009880487788482328,0.0,6.550446735553868,-0.0,1.0e6,0.0,-1.0e6,0.0,0.0,0.01646747964747055,0.0,0.1732688447531274,0.0,0.10473317055791269,0.08760699172454331,0.0,0.0,0.111320162416901,-0.0,-0.0,0.0,-0.0,0.0,0.0,0.0,0.0,6.58699185898822e-5,0.0,6.58699185898822e-5,0.0,-1.0,-0.009880487788482328,1.0,0.0,0.13700943066695498,0.0,0.6586991858988219,-0.111320162416901,0.0,0.0,0.0,0.00019760975576964658,0.00724634974407294,0.0,0.0,0.0,0.0,0.0,-0.0072463497440729404,0.0,0.0,0.0,0.0,0.0,0.0,0.0,0.0,0.0,0.0,0.0,0.0,0.0,0.0,0.0,0.0,0.0,0.0,0.0,0.0,0.0,-1.0e6,0.0,0.0,0.0,0.0,0.0,0.0,0.0,-0.0,-0.0,0.0,0.0,0.0,0.0,0.0,0.0,0.003049777230711545,0.0021078373948762302,0.0020887351184851644,-0.0020887351184851644,0.0020887351184851644,0.0020887351184851644,-0.0021078373948762302,0.0,0.0021078373948762302,0.0,0.0,0.0,0.0,0.0,0.0,0.0,0.0021078373948762302,-0.0020887351184851644,0.0,0.0020887351184851644,0.0,0.0,0.0,0.0,0.0,0.0,0.0020887351184851644,0.0008108586978414499,0.0008108586978414499,0.005269593487190575,0.005269593487190575,-0.0,0.0,0.0,0.0043138209684513845,0.0,0.007155449256418902,0.007155449256418902,0.007155449256418902,0.0,0.0,-0.0,0.003049777230711545,0.0,0.0,0.0,0.0,0.0,0.0,-0.003049777230711545,0.0,0.003049777230711545,-0.0,0.0,0.0,-500000.00068340043,0.0,0.0,0.0,0.0,-1.0,-2.8818089383093274e-5,0.0,0.0,0.0,0.0,0.0,0.0,-0.0,0.0,0.0,0.0,2.8818089383093274e-5,-6.586991858992758e-5,-0.028982764179548162,-0.01778487801926819,0.028982764179548162,0.01778487801926819,0.0,-1.0,-0.0,1.0,0.08760699172454331,-0.08760699172454331,-0.08760699172454331,0.0,0.0,-0.0,0.0,-0.0,-0.0,-0.016418501627160215,-0.01027570730002017,-1.0,-0.1394459067144158,-0.13766812996022074,0.0,-0.019521867772483385,-0.12778764206437146,-0.1890466663529619,0.8303432621085488,0.1394459067144158,0.0,-0.07706714605097625,0.0,-0.7388709539242798,0.0,0.0,0.0,0.0,-0.04808504052925855,0.0,-6.586991858988152e-5,-6.58699185898822e-5,0.0,0.0,-1.0,-1.0,0.8601581627735868,-1.0,-0.1632256582379341,-1.0,-1.0,0.4999670650552813,-1.0,0.9366331383165334,12.426148300711745,0.0,0.1890466663529619,0.111320162416901,-1.0846011478654942,0.8303432621085488,0.0,4.8292857658050625,0.0,0.1394459067144158,2.8818089383093382e-5,-999995.1707801041,-0.0,0.0,0.0,0.0,0.0003767759343341262,0.0003767759343341262,0.0003767759343341262,0.0005085157715138905,0.0881155074960572,0.001146795282649849,0.0005269593487190576,0.0003767759343341262,0.0003767759343341262,0.013550759652310564,0.0005085157715138905,0.08913188033989909,0.09431123203862152,0.014401799000491843,0.007155449256418902,0.007155449256418902,0.011826285183627449,0.011826285183627449,0.010390979657553916,0.004429093325983679,0.004429093325983678,0.004429093325983678,0.0,0.004746586333586911,0.0058420030797366514,0.07706714605097625,0.07706714605097625,0.0,0.07706714605097625,6.58699185898822e-5,6.58699185898822e-5,0.0,1.0e6,1.0e6,999999.8523196426,1.0e6,0.0,-0.0005269593487190576,0.7388709539242798,-0.0008768932912278663,-0.36519689565687846,-6.586991858992758e-5,0.06924335143253812,0.0,6.58699185898822e-5,-6.58699185898822e-5,0.0,0.1476803574785157,0.054013333243703485,0.0005269593487190576,0.0,0.0,14.923335633789625,0.023875869391274597,0.0,0.0,0.0,8.233739823740948e-6,0.1732688447531274,0.0,0.10088570861307768,0.1687514857362333,0.0606655363220956,0.019521867772483385,0.0,5.768542036004968,0.0,0.0,6.58699185898822e-5,6.58699185898822e-5,-6.58699185898822e-5,6.58699185898822e-5,-0.0,0.0,-0.0,6.58699185898822e-5,0.0,0.0,6.58699185898822e-5,1.0,0.0,-0.0005269593487190576,999999.1073020974,0.0,999999.8892067969,0.0005557774381021508,1.0,0.0,0.0,-0.0,0.0,0.08760699172454331,-0.0,14.923335633789625,0.0,6.58699185898822e-5,6.58699185898822e-5,0.009880487788482328,0.0,0.0,0.06336686168346667,1.0,0.0,999999.4929059183,0.0,-0.12482109924547385,-0.10719692642417668,-0.0002634796743595288,0.0,