{"cuts":939,"times_sub_problem":[0.033149003982543945,0.006672859191894531,0.008255958557128906,0.0070209503173828125,0.007090091705322266,0.006349086761474609,0.006330013275146484,0.0066449642181396484,0.006536960601806641,0.00678706169128418,0.006700038909912109,0.006676912307739258,0.006665945053100586,0.00690913200378418,0.00693511962890625,0.0064389705657958984,0.006626129150390625,0.008222103118896484,0.007121086120605469,0.006806850433349609,0.0062940120697021484,0.006363868713378906,0.006747007369995117,0.0066411495208740234,0.006751060485839844,0.006548881530761719,0.007522106170654297,0.007380962371826172,0.006276845932006836,0.006682872772216797,0.008783102035522461,0.007864952087402344,0.006682157516479492,0.00709986686706543,0.006387948989868164,0.006901979446411133,0.008457183837890625,0.007768869400024414,0.0075168609619140625,0.007622957229614258,0.009279966354370117,0.0073089599609375,0.006598949432373047,0.0072438716888427734,0.007133007049560547,0.0069580078125,0.0069828033447265625,0.007739067077636719,0.007042884826660156,0.0073850154876708984,0.006702899932861328,0.006752967834472656,0.007730007171630859,0.006863117218017578,0.00836801528930664,0.006530046463012695,0.007231950759887695,0.006886959075927734,0.007152080535888672,0.007272958755493164,0.007127046585083008,0.007173061370849609,0.0072171688079833984,0.006026029586791992,0.006666898727416992,0.006103038787841797,0.007236957550048828,0.005630016326904297,0.005675077438354492,0.019669055938720703,0.0057659149169921875,0.006346940994262695,0.005856037139892578,0.005476951599121094,0.020639896392822266,0.006187915802001953,0.005496978759765625,0.0057981014251708984,0.005494117736816406,0.019264936447143555],"objective_values":[0.6586991858988225,0.6586991858988219,0.6586991859547751,0.6586991858988214,0.6586991858988223,0.6586991858988217,0.6586991858988218,0.658699185898822,0.6586991858988216,0.6586991858988478,0.6567170280974283,0.6586991858988225,0.6586991858993523,0.6586991858988223,0.6586991858988219,0.6579469452317689,0.6586991859157142,0.6586991858988219,0.6576608953775919,0.6586991858988034,0.6586991859033775,0.6586991858988219,0.6586991858988256,0.6586991858962113,0.6547056612587364,0.658699185949252,0.658699185898822,0.6578581248996487,0.6571234926522764,0.658668416739996,0.6586991858988216,0.6578592473789134,0.6586923088137115,0.6586671075375159,0.6576557920503698,0.5904132343761068,0.6576756836141154,0.6377063589224635,0.6259101249066171,0.5657952168896273,0.580203684152754,0.5243417638142517,0.6202645009646878,0.5839815529357746,0.6396894900759336,0.6469187347307124,0.5785417271893216,0.6586991858988218,0.658699185898823,0.6586991858993512,0.6473579167965522,0.6251813411560477,0.5649697890522382,0.6369140299868504,0.658699185898822,0.657455231655556,0.658699185898822,0.6396830042079523,0.5489519628303914,0.658699185898822,0.650753673015364,0.6363016271697293,0.6497045987211628,0.5828390007298636,0.62681377037508,0.6456910441243588,0.6586923088369152,0.6586991858988224,0.5922493312357805,0.5215101193207814,0.6383945493797146,0.5895840929967713,0.6569223817024175,0.5902429691144707,0.635617379698492,0.647358882945822,0.6451586988672202,0.590554496665691,0.6534102505311227,0.5838231092064078],"time":1800.004289150238,"objective_value":null,"μ":null,"time_limit":1800,"x":null,"times_mis_problem":[4.136746883392334,0.3666980266571045,0.3338339328765869,0.36140894889831543,0.31053996086120605,0.3264138698577881,0.3281290531158447,0.30072808265686035,0.36686086654663086,0.2871689796447754,0.3486051559448242,0.3643770217895508,0.2936279773712158,0.3143160343170166,0.323559045791626,0.3461110591888428,0.34234094619750977,0.39769983291625977,0.3372490406036377,0.33364415168762207,0.37966418266296387,0.3434269428253174,0.2975010871887207,0.34337711334228516,0.30353689193725586,0.3305931091308594,0.308765172958374,0.31535792350769043,0.31428980827331543,0.32191991806030273,0.3573038578033447,0.32827186584472656,0.3197488784790039,0.3017699718475342,0.32225704193115234,0.3206140995025635,0.3400609493255615,0.34435009956359863,0.3577911853790283,0.31175804138183594,0.32596707344055176,0.2419118881225586,0.33455991744995117,0.31293511390686035,0.3165910243988037,0.23479390144348145,0.3115959167480469,0.270305871963501,0.38947391510009766,0.32883405685424805,0.2502429485321045,0.25148582458496094,0.3770630359649658,0.29175591468811035,0.24277997016906738,0.2667670249938965,0.2810790538787842,0.3423910140991211,0.27614808082580566,0.2836928367614746,0.24039196968078613,0.3501250743865967,0.23358583450317383,0.32570815086364746,0.2882089614868164,0.2159101963043213,0.2983517646789551,0.1440141201019287,0.24980998039245605,0.1639108657836914,0.21783089637756348,0.23081016540527344,0.2820279598236084,0.20661211013793945,0.27944397926330566,0.2414391040802002,0.2708010673522949,0.26206493377685547,0.2879371643066406,0.26880884170532227],"dual_bounds":[0.6586991858988225,0.6586991858988219,0.6586991859547751,0.6586991858988214,0.6586991858988223,0.6586991858988217,0.6586991858988218,0.658699185898822,0.6586991858988216,0.6586991858988478,0.6567170280974283,0.6586991858988225,0.6586991858993523,0.6586991858988223,0.6586991858988219,0.6579469452317689,0.6586991859157142,0.6586991858988219,0.6576608953775919,0.6586991858988034,0.6586991859033775,0.6586991858988219,0.6586991858988256,0.6586991858962113,0.6547056612587364,0.658699185949252,0.658699185898822,0.6578581248996487,0.6571234926522764,0.658668416739996,0.6586991858988216,0.6578592473789134,0.6586923088137115,0.6586671075375159,0.6576557920503698,0.5904132343761068,0.6576756836141154,0.6377063589224635,0.6259101249066171,0.5657952168896273,0.580203684152754,0.5243417638142517,0.6202645009646878,0.5839815529357746,0.6396894900759336,0.6469187347307124,0.5785417271893216,0.6586991858988218,0.658699185898823,0.6586991858993512,0.6473579167965522,0.6251813411560477,0.5649697890522382,0.6369140299868504,0.658699185898822,0.657455231655556,0.658699185898822,0.6396830042079523,0.5489519628303914,0.658699185898822,0.650753673015364,0.6363016271697293,0.6497045987211628,0.5828390007298636,0.62681377037508,0.6456910441243588,0.6586923088369152,0.6586991858988224,0.5922493312357805,0.5215101193207814,0.6383945493797146,0.5895840929967713,0.6569223817024175,0.5902429691144707,0.635617379698492,0.647358882945822,0.6451586988672202,0.590554496665691,0.6534102505311227,0.5838231092064078],"times_master_problem":[2.300119161605835,0.38529396057128906,0.5694830417633057,0.4796559810638428,0.7176358699798584,0.656853199005127,1.0603361129760742,0.9744679927825928,0.547666072845459,0.5700891017913818,1.0973401069641113,0.7962160110473633,0.8589141368865967,0.8107759952545166,1.2535719871520996,0.7561290264129639,0.6164491176605225,0.9292099475860596,1.2594151496887207,2.4001410007476807,1.8653972148895264,2.2604329586029053,1.8380918502807617,1.3592529296875,1.8583519458770752,1.3928020000457764,1.003983974456787,1.6605329513549805,1.9116151332855225,1.3321609497070312,1.4234769344329834,2.670308828353882,2.0483779907226562,1.933758020401001,1.5736768245697021,5.5514020919799805,3.50952410697937,3.258622169494629,4.597568035125732,3.115648031234741,0.9789860248565674,0.8415610790252686,4.2709059715271,0.34450602531433105,3.3978281021118164,4.1574671268463135,3.9802441596984863,4.759093999862671,2.83017897605896,2.695711135864258,5.710742950439453,0.33277106285095215,6.840063095092773,4.294209957122803,1.412703037261963,4.422888994216919,4.031272888183594,5.089454889297485,0.7403378486633301,2.5669078826904297,3.689455986022949,1.3666889667510986,4.327505111694336,0.9795529842376709,3.723172903060913,6.332624912261963,4.5296790599823,1.5349390506744385,3.097011089324951,0.7007269859313965,1.0606939792633057,5.457334995269775,2.5736770629882812,0.8470761775970459,5.263549089431763,3.7910139560699463,3.256383180618286,0.41576600074768066,2.8658649921417236,0.5918099880218506,1800.0037851333618],"solution":null,"a":null,"iter":80,"G":null,