{"objective_value":0.6587010614860823,"time_limit":1800,"thermo_feasible":false,"dual_bound":0.6587010614860823,"solution":[-0.16322612296789885,-0.0,-6.587010614860825e-5,-0.0,-0.0,0.11827556295254041,-0.010275736559187301,-1.0,-0.13950932650823233,-0.13760265172459185,0.0,-0.019521923359263026,-0.1277880059283,-0.18904720464650565,0.7630615934634066,0.13950932650823233,0.0,-0.07706736549281017,0.0,-0.3350570516626372,0.0,0.0,0.0,0.0,-0.048151047551073134,0.0,-6.587010614860948e-5,-6.587010614860825e-5,0.0,0.0,-1.0,-1.0,0.8601577645984547,-1.0,0.18904720464650565,0.11132047939114798,-1.0173202031970345,0.7630615934634066,0.0,4.829285849193671,0.0,0.13950932650823233,2.8818171440012368e-5,-999995.1707800209,-0.0,0.0,0.0,0.0,0.0003767770071700392,0.0003767770071700392,0.0003767770071700406,0.0005085172194672557,0.08811575839711623,0.0011467985480472695,0.000526960849188866,0.0003767770071700392,0.0003767770071700392,0.01355079823689169,0.0005085172194672557,0.08913213413498926,0.018530578261726476,0.014401840008331706,0.007155469630923314,0.007155469630923314,0.011826318857921127,0.011826318857921127,0.01039100924494295,0.08021002825716027,0.004429105937432418,0.004429105937432418,0.0,0.00474659984906871,0.005842019714320065,0.07706736549281017,0.07706736549281017,0.0,0.07706736549281017,6.587010614860825e-5,6.587010614860825e-5,0.0,-1.0e6,-1.0e6,999999.8523192221,-0.0005269608227536082,0.0,-0.000526960849188866,0.3350570516626372,-0.0006134153635089033,-0.7016640385736124,-6.587010614859983e-5,0.4057096516479154,0.0,6.587010614860825e-5,0.0,0.0,0.14768077798517976,0.05401348704185881,0.000526960849188866,0.0,1.9997365195754055,0.0,3.999473039150811,0.0,0.16875196624105798,0.06066570906180671,0.019521923359263026,0.0,5.768540427812052,0.0,0.0,6.587010614860825e-5,6.587010614860825e-5,-6.587010614860825e-5,6.587010614860825e-5,0.0,0.0,0.0,6.587010614860825e-5,0.0,0.0,6.587010614860825e-5,1.0,0.0,-0.000526960849188866,2.2580234564634396,0.0,3.039927535005398,0.0005557790206288784,0.2757286296180248,0.0,0.0,-0.0,0.0,0.08760724117764898,-0.0,14.923331618946756,0.0,6.587010614860825e-5,6.587010614860825e-5,0.009880515922291238,0.0,0.0,0.06336704211496114,1.0,0.0,999999.6536962509,0.0,-1.0e6,999999.1107276484,0.0,0.0,0.0,-1.0,0.0,0.0,0.0,-0.0,-1.0,0.0,-0.006587010614860825,1.0065870106148609,0.0,0.0,0.7146906517446041,0.0,0.000526960849188866,6.587010614860825e-5,-0.0,-0.18535704669177047,-0.18535704669177047,0.0,0.0,-2.000197610318446,0.0,0.0,500000.0014573761,-0.3504289647105959,0.14768077798517976,0.0,0.0,1.0e6,0.0,1.0000000000000002,6.587010614860825e-5,0.000526960849188866,0.000526960849188866,8.233763268574979e-6,0.0,-12.055957110996273,0.0,-12.055957110996273,1.0e6,0.0,1.0e6,0.0,0.0,6.587010614860825e-5,6.587010614860825e-5,0.0,0.0,6.587010614860825e-5,6.587010614860825e-5,0.06066570906180671,0.0,0.0,0.0,0.0,0.0,0.0,0.0,0.0,0.0,0.2358149800120175,0.35056070492289315,0.6494392950771068,1.0,0.0,5.763634288002485e-5,0.0,-0.14820773883436864,0.14768077798517976,0.0,0.000526960849188866,0.000526960849188866,0.000526960849188866,999999.586138123,0.00019761031844582475,999999.8537683643,-0.11132047939114798,0.0,-999999.7242713703,1.0e6,0.0,0.0,0.0,0.0,0.0,0.0,0.0,0.0,0.0,0.0,0.0,0.0,0.0,0.0,-0.0,-0.0,-0.0,0.0,-0.0,0.0,0.0,0.0005557790206288784,0.0996568596954139,-0.0,5.768540427812052,0.9090985948138591,-14.923331618946756,0.0,-14.923331618946756,0.0,6.587010614860825e-5,0.0,0.11132047939114793,0.0,0.0,0.0,0.0,0.0,0.08760724117764898,1.734723475976807e-18,0.0,4.828495407919888,-0.0,0.0,0.0,0.0,0.0,0.0,0.0,0.0,0.0,0.0,0.0,0.0,0.0,-0.9999341298938514,0.0,0.0,0.0,0.0,0.0,0.0072457116763469075,0.0072457116763469075,0.0,0.0,0.0,0.0,0.009880515922291236,3.210002537921086,2.210068408027235,0.0996568596954139,0.0,0.0,0.007246370377408394,-1.0e6,0.0,0.0,0.0,6.587010614860825e-5,6.587010614860825e-5,0.0,-0.0,0.0,0.0,0.0,0.0,0.0,-0.000526960849188866,3.039927535005398,-999999.9994730392,1.0e6,1.6050342040136174,0.0,-0.14787838830362557,0.0,-1.0e6,-1.0e6,0.0,0.0,-0.0,-1.0e6,0.0,1.6050342040136174,1.6049683339074687,0.0,0.009880515922291238,6.587010614860825e-5,6.55044450635401,-0.0,0.0,999999.9657475448,1.0e6,0.0,0.0,0.016467526537152062,0.0,0.27415533399687647,0.0,0.0,0.10479933888243573,0.08760724117764898,0.0,0.0,0.11132047939114798,-0.0,-0.0,-0.0,-0.0,0.0,0.0,0.0,6.587010614860825e-5,0.0,6.587010614860825e-5,0.0,0.0,-1.0,-0.009880515922291238,1.0,0.0,0.13700982078910515,0.0,0.6587010614860824,-0.11132047939114798,0.0,0.0,0.0,0.00019761031844578447,0.007246370377408393,0.0,0.0,0.0,0.0,0.0,-0.007246370377408392,0.0,0.0,0.0,0.0,0.0,0.0,0.0,0.0,0.0,0.0,0.0,0.0,0.0,0.0,0.0,0.0,0.0,0.0,0.0,0.0,0.0,0.0,0.0,0.0,1.0e6,0.3530650863586632,-999999.4485354712,0.0,0.0,0.0,0.11132047939114798,0.0,1.0,0.04815104759463262,1.0e6,0.003049785914680562,0.002107843396755464,0.0020887410659723676,-0.0020887410659723676,0.0020887410659723676,0.0020887410659723676,-0.002107843396755464,0.0,0.002107843396755464,0.0,0.0,0.0,0.0,0.0,0.0,0.0,0.002107843396755464,-0.0020887410659723676,0.0,0.0020887410659723676,0.0,0.0,0.0,0.0,0.0,0.0,0.0020887410659723676,0.0008108610066893674,0.0008108610066893674,0.00526960849188866,0.00526960849188866,-0.0,0.0,0.0,0.0043138332516723535,0.0,0.007155469630923314,0.007155469630923314,0.007155469630923314,0.0,0.0,0.00526960849188866,-0.07578092231972786,0.0,0.0,-0.011826318857921127,0.0,0.0,-0.0,-0.0,0.011826318857921127,-0.0,-0.0,0.07578092231972786,0.007155469630923314,0.01317402122972165,0.01317402122972165,0.01317402122972165,0.006587010614860825,0.0,0.0,0.0,0.0,0.0,-0.0,0.0,6.587010614860825e-5,-1.0,-1.0,-1.0,0.27415533399687647,0.10088599587614692,0.0,0.0,0.0,0.0,0.3750413298730234,5.763634288002485e-5,-0.4057096516479154,0.0,0.08760724117764898,0.08760724117764898,8.233763268574979e-6,-1.0e6,-999999.8523192221,-999999.8523192221,1.0e6,0.0,0.0,-0.030668321774891427,0.0,-0.11827556295254041,1.0001976103184458,0.0,0.0,0.010275736559187301,0.6900836971053117,6.587010614860825e-5,0.0,0.0,1.0,0.010275736559187301,-2.8818171440012368e-5,0.0,0.0,0.0,0.011961352575525771,0.0075585946805527965,0.02513537380524742,0.011584575568355732,0.0005177390343280609,0.08914135594985007,0.018530578261726476,0.01659399714095739,0.016233028959263013,0.0,0.0,-0.00019761031844578447,0.00019761031844578447,0.0005269608491888789,0.0,0.14820773883436864,1.0e6,0.0,1.0e6,0.0,1.0e6,-1.0e6,0.000526960849188866,-1.0e6,0.0,0.0,0.0,0.0,0.00019761031844582475,0.0,0.0,0.0,0.0,0.0,0.0,0.0,0.0,0.0,0.019521923359263026,0.0,0.1277880059283,0.0,0.0,1.0e6,0.3068236131412787,0.0,-0.0,0.0,0.0,0.0,0.0,0.0,6.587010614860825e-5,0.0,0.0,0.0,2.63480424594433e-5,2.1078433967554638e-5,0.0,0.0,0.009946386028439846,6.587010614860948e-5,0.0,0.0,0.0,0.0,0.11132047939114798,-0.11132047939114798,0.11132047939114798,-0.0,6.587010614860948e-5,6.587010614860825e-5,6.587010614860825e-5,0.0,6.587010614860825e-5,0.0,-0.0,6.587010614860825e-5,0.0,0.3504289647105959,0.3504289647105959,0.0,0.0,0.0,0.0,0.0,0.0,-0.3504289647105959,0.0,-0.0,0.0,0.0,0.0,0.009880515922291238,0.0,0.000526960849188866,0.0005557790206288784,8.233763268574979e-6,8.233763268574979e-6,8.233763268574979e-6,8.233763268574979e-6,8.233763268574979e-6,8.233763268574979e-6,8.233763268574979e-6,0.0,0.0,0.0,0.0,14.923331618946756,0.0996568596954139,0.0,0.0,0.0,8.233763268574979e-6,0.27415533399687647,0.0,0.0,0.0,0.0,0.0,0.06339536626060503,0.09067547072205116,0.03593543640937323,0.016233028959263013,0.0,0.0,0.08760724117764898,0.08760724117764898,0.0,6.587010614860825e-5,0.0,0.0,0.0,-0.0,1.0,0.0,0.0,499999.9997118183,-500001.46542642807,499999.0002881817,499999.9997118183,0.0,0.0,0.0,0.0,0.0,-999999.9994071691,0.0,0.06336704211496114,-0.9366329578850389,-0.0,1.0,-1.0e6,0.0,0.0,-8.68167094131464,0.07578092231972786,-0.0,-0.0,0.011826318857921127,-0.0,-0.0,0.0,0.0,6.587010614860825e-5,0.4864194456070514,5.763634288002485e-5,0.0,8.233763268574979e-6,-8.233763268574979e-6,0.0,0.0,0.0,6.587010614860825e-5,0.0,1.0,0.0,1.0,1.0,6.587010614860825e-5,