{"objective_value":0.6871751707717522,"time_limit":1800,"thermo_feasible":false,"dual_bound":0.6871751707717522,"solution":[0.9929827536622078,-3.0063913721289914e-5,0.0,0.0,0.0,0.012478413926044245,0.007885335084605856,0.02622191734147928,0.012085349728362803,0.0005401196842265972,0.09299472868537045,0.019331611904150933,0.017311316902081982,0.016934744908499062,0.0,0.0,-0.00020615255123152562,0.00020615255123152562,0.0005497401366174048,0.0,0.15461441342364596,1.0e6,0.00027487006830870085,1.0e6,0.0,999999.6234280064,-1.0e6,0.0005497401366174017,-1.0e6,0.0,0.0,0.0,0.0,0.00020615255123152562,0.0,0.0,0.0,0.0,0.0,0.0,0.0,0.0,0.0,0.020365810536162418,0.0,0.13331198312971992,0.0,0.0,0.19721927401149286,0.1161326038604262,-1.0233545791012795,0.758104963183383,0.0,4.830551808092513,0.0,-1.0,3.0063913721289914e-5,-999995.1695169094,-0.0,0.0,0.0,0.0,0.0003930641976814422,0.0003930641976814422,0.0003930641976814392,0.0005304992318357927,0.0,0.0,0.0,0.1161326038604262,0.0,-0.1161326038604262,0.1161326038604262,-0.0,6.871751707717512e-5,6.871751707717521e-5,6.871751707717521e-5,0.0,6.871751707717521e-5,0.0,-0.0,6.871751707717521e-5,0.0,0.36557719085057216,0.36557719085057216,0.0,0.0,0.0,0.0,0.0,0.0,-0.36557719085057216,0.0,-0.0,0.0,0.0,0.0,0.010307627561576282,0.0,0.0005497401366174017,0.0005798040503386916,8.58968963465426e-6,8.58968963465426e-6,8.58968963465426e-6,8.58968963465426e-6,8.58968963465426e-6,8.58968963465426e-6,8.58968963465426e-6,0.0,0.0,0.0,0.0,14.862380536193337,0.024908038414963703,-0.0,0.0,0.0,8.58968963465426e-6,0.28600642912622787,0.0,0.0,0.17604671982484443,0.0632881460529076,0.020365810536162418,0.0,5.744125748899446,0.0,0.0,6.871751707717521e-5,6.871751707717521e-5,-6.871751707717521e-5,6.871751707717521e-5,0.0,0.0,0.0,0.0,-0.0,1.0,0.0,0.0,-1.0,1.0075589268784892,1.0e6,-1.0,0.0,0.0,0.0,0.0,0.0,-999999.9993815423,0.0,0.06610625142824252,-0.9338937485717574,0.0,1.0,1.9985741115206486,0.0,0.0,-8.676555852322561,0.0,0.0,0.0,0.09139429771264304,0.0,0.0,0.0,0.0,6.871751707717521e-5,0.5074462227943275,6.012782744257982e-5,0.0,8.58968963465426e-6,-8.58968963465426e-6,0.0,0.0,0.0,6.871751707717521e-5,0.0,1.0,0.0,1.0,1.0,6.871751707717521e-5,0.07421491844334922,0.0,6.871751707717521e-5,0.8907391478472915,0.0,0.0,-0.0,-1.0e6,-1.0e6,0.0,0.0,-2.0002061525512316,0.0,0.0,-0.9979041157291461,-0.36557719085057216,0.15406467328702855,0.0,0.0,0.0,0.0,1.0,2.502146412089793,0.0,6.012782744257982e-5,6.871751707717346e-5,0.9980157816943965,0.9980157816943965,0.00013743503415153402,-6.012782744257982e-5,0.00013743503415153402,0.0,-0.9998625649658485,0.0,0.0,0.0,-999999.5752570269,0.19721927401149297,0.3125279548421636,0.010307627561576282,0.007558926878489273,0.007558926878489273,0.010307627561576282,0.29293339851649325,0.0,0.0,0.0,0.0,-0.9998625649658485,0.00013743503415153402,0.0,0.0,0.0,0.0,0.0,0.0,0.0,0.0,0.9999999999999997,0.0,0.0,1.9999312824829227,-0.0,0.17604671982484443,6.871751707717521e-5,6.871751707717521e-5,0.0,0.0,0.0,6.871751707717521e-5,6.871751707717521e-5,0.0,0.1161326038604262,6.871751707717521e-5,0.0,6.871751707717521e-5,6.871751707717521e-5,0.0,0.0,1.0,-0.1161326038604262,0.0,1.8307380895114596,-0.8307380895114596,0.0,0.0,0.0,0.0,0.0,0.8907391478472915,0.0,0.0,0.0,0.0,0.012085349728362803,0.007492270886924413,0.012085349728362803,0.012085349728362803,9.62045239080453e-6,9.62045239080453e-6,0.0,0.017311316902081982,0.016934744908499062,0.0,0.0,0.0005497401366174017,0.00013743503415435042,0.0,0.00027487006830870085,1.1779689925249255,0.0,0.0,4.000206152551232,0.0,6.871751707717521e-5,0.0,0.0,0.0,6.871751707717521e-5,6.871751707717521e-5,0.0,-0.9017339505796395,0.19309622298684714,6.871751707717521e-5,0.0963460819932243,0.0010603112885008137,0.0010603112885008137,0.0010603112885008137,0.0010603112885008137,0.09719199462844433,0.0008459126352200268,0.005497401366174017,0.0,-0.0,0.0,-0.0,1.0,0.0,2.0002061525512316,0.0,1.0,1.0,0.0,0.0,0.0,13.683694304583918,0.0005798040503386916,1.0,2.3480817388027644,0.9089622300072877,6.871751707717521e-5,6.871751707717521e-5,0.0,0.017179379269293804,0.0,0.28600642912622787,0.0,1.0,0.09139429771264304,0.0,0.0,0.1161326038604262,-0.0,-0.0,0.0,0.0,0.0,0.0,0.0,0.0,6.871751707717521e-5,0.0,6.871751707717521e-5,0.0,-1.0,-0.010307627561576282,1.0,0.0,0.14293243552052445,0.0,0.6871751707717522,-0.1161326038604262,0.0,0.0,0.0,0.00020615255123152562,0.007559614053660046,0.0,0.0,0.0,0.0,0.0,-0.007559614053660045,0.0,0.0,0.0,0.0,0.0,0.0,0.0,0.0,0.0,0.0,0.0,0.0,0.0,0.0,0.0,0.0,0.0,0.0,0.0,0.0,0.0,0.0,0.0,0.0,-0.14508536993525922,0.3683272658840008,-0.1702820073172402,0.0,0.0,0.0,0.1161326038604262,0.0,0.0,0.0,0.0,-0.0,0.0,0.8907391478472915,-1.0,-1.0,-1.0,0.28600642912622787,0.10524706198023079,0.0,0.0,0.0,0.0,0.8907391478472915,2.3480817388027644,0.0,0.0,0.0,9.62045239080453e-6,0.0,0.0,0.0,0.0,9.62045239080453e-6,0.0,0.0,-1.4973739102163688,0.0,0.0,0.0,0.0,0.0,0.0,0.0,0.0,0.0,0.0,0.0,0.0,0.0,0.0,0.079056754696607,0.0,0.0,0.0,0.0,0.0,0.0,-0.0,-0.0,-0.0,0.003181621040673212,0.0,0.0,0.0,0.0,0.0,0.0,-0.003181621040673212,0.003181621040673212,-0.0,0.0,0.0,-1.0,0.0,0.0,0.0,0.0,-1.0,-3.0063913721289914e-5,0.8907391478472915,-0.8907391478472915,0.0,1.0,0.0,0.0,0.0,0.0,-0.0,0.0,0.0,-1.0,1.0,0.0,0.0,0.0,-0.8907090839335702,-6.871751707723408e-5,0.0,0.0,0.0,-0.030235707513957093,-0.01855372961083731,0.030235707513957093,0.01855372961083731,0.0,-1.0,-0.0,1.0,0.09139429771264304,-0.09139429771264304,-0.09139429771264304,0.0,0.0,-0.0,-0.8907391478472915,-0.0,-0.0,1.8941578721219203,-0.010719932664026877,-1.0,1.0,0.74711953708902,0.0,-0.020365810536162418,-0.13331198312971992,-0.19721927401149286,0.758104963183383,-1.0,0.0,-0.08039880780512423,0.0,2.3498411788738878,0.0,0.0,0.0,0.0,-0.9409029353410006,0.0,-6.871751707717512e-5,-6.871751707717521e-5,0.0,0.0,-1.0,-1.0,0.8541127112694085,-1.0,-0.17028200719505548,-1.0,-1.0,-1.0,1.9999312824829227,0.9338937485717574,12.279805882318566,-1.0,0.0,8.58968963465426e-6,-0.07421491844334922,2.0002061525512316,-0.15255288791377097,-1.0,0.0,-0.0,12.244643513305519,-0.22401910566259176,-6.871751707717521e-5,-0.0632881460529076,-0.24600871113628725,-1.0,-0.055180166265927255,0.0,0.0,0.0,-1.0,0.9998625649658485,-0.29293339851649325,0.0,-0.9999999999999997,0.0,-0.17604671982484443,-0.1161326038604261,0.09192479694447883,0.0011963719723136204,0.0005497401366174017,0.0003930641976814422,0.0003930641976814422,0.014136567613116477,0.0005304992318357927,0.09298510823297965,0.09838836660075793,0.015024397933753587,0.007464783880093542,0.007464783880093542,0.01233754301603604,0.01233754301603604,0.010840188318924391,0.0046205658482692605,0.0046205658482692605,0.0046205658482692605,0.0,0.004951784280581246,0.00609455658957467,0.08039880780512423,0.08039880780512423,0.0,0.08039880780512423,6.871751707717521e-5,6.871751707717521e-5,0.0,-1.0e6,-1.0e6,999999.8459353268,-0.00054974015802145,0.0,-0.0005497401366174017,-2.3498411788738878,-0.0009148019460899722,-2.5027648697434874,-6.871751707723408e-5,2.1940170655157356,0.0,6.871751707717521e-5,-6.871751707717521e-5,0.0,0.15406467328702855,0.056348364003283746,0.0005497401366174017,0.0,1.9997251299316914,0.0,3.9994502598633828,0.9409029353136293,0.3200868817206529,0.0,0.0,0.0,0.0,0.0,0.0,0.0,6.871751707717521e-5,0.0,0.0,0.0,2.748700683087008e-5,2.1989605464696065e-5,0.0,0.0,0.010376345078653457,6.871751707717512e-5,6.871751707717521e-5,0.0,0.0,6.871751707717521e-5,1.0,0.0,-0.0005497401366174017,0.45518000980527934,0.0,1.227656310762752,0.0005798040503386916,1.0,0.0,0.0,-0.0,0.0,0.09139429771264304,-0.0,14.862380536193337,0.0,6.871751707717521e-5,6.871751707717521e-5,0.010307627561576282,0.0,0.0,0.06610625142824252,1.0,0.0,-0.6308708152964182,0.0,999999.8228556177,-1.0e6,-0.00027487006830870085,0.0,0.0,-1.0,0.0,-0.00027487006830870085,0.0,-0.0,-1.0,0.0,-0.0068717517077175215,1.0068717517077175,0.0,0.0,1.0e6,0.0,0.0005497401366174017,6.871751707717521e-5,0.0,0.0,0.0,0.0,0.06613579996058572,0.09459515965809787,0.037488841441452946,0.016934744908499062,0.0,0.0,