{"objective_value":0.6871751707722249,"time_limit":1800,"thermo_feasible":false,"dual_bound":0.6871751707722249,"solution":[0.4104334532590912,-0.0,-6.87175170772225e-5,-0.0,-0.0,-0.06267037557442685,-0.01071993266404131,-0.9999999999999999,1.0,-0.1435508931754157,0.0,-0.02036581053617643,-0.13331198312981166,-0.19721927401162856,0.973871067235228,-1.0,0.0,-0.08039880780517955,0.0,-0.9766546838332765,0.0,0.0,0.0,0.0,-0.05023250496014953,0.0,-6.871751707722285e-5,-6.87175170772225e-5,0.0,0.0,-1.0,-1.0,0.8541127112694085,-1.0,-0.1702820073114708,-0.9999999999999999,-1.0,-1.0,1.9999312824714321,0.9338937485717119,13.649473497215036,-1.0,0.0,-0.18075077745648682,-0.0742149184434003,2.0002061525512316,-0.15255288791377097,-1.0,0.0,-0.0,10.463302652662495,-0.22401910566259176,-6.87175170772225e-5,-0.06328814605295113,-0.24600871113645653,-1.0,-0.05518016614951193,0.0,0.0,0.0,-1.0,0.9998625649658456,-1.0,0.0,-1.0,-0.10524706198030319,-0.17604671982496556,-0.11613260386050601,0.10231232333135676,-0.0,0.0,0.0,0.0,0.3655771908508237,0.3655771908508237,0.0,-0.0,0.0,0.0,0.0,-0.3655771908508237,0.0,0.0,0.0,0.0,0.010307627561583375,0.0,0.00054974013661778,0.0005798040503390801,8.589689634657176e-6,8.589689634657176e-6,8.589689634657176e-6,8.589689634657176e-6,8.589689634657176e-6,8.589689634657176e-6,8.589689634657176e-6,0.0,0.0,0.0,0.0,14.862380536192308,0.024908038414980835,-0.0,0.0,0.0,8.589689634657176e-6,0.0,0.18075936714612148,0.10524706198030319,0.17604671982496553,0.06328814605295113,0.02036581053617643,0.0,5.744125748899034,0.0,0.0,6.87175170772225e-5,6.87175170772225e-5,-6.87175170772225e-5,6.87175170772225e-5,-0.0,0.0,0.0,6.87175170772225e-5,0.0,0.0,6.87175170772225e-5,1.0,0.0,-0.00054974013661778,2.8032617486079126,0.0,3.5757380495652287,0.0005798040503390801,0.5086995026472511,0.0,0.0,-0.0,0.0,0.09139429771270592,-0.0,14.862380536192308,0.0,6.87175170772225e-5,6.87175170772225e-5,0.010307627561583375,0.0,-0.0,0.06610625142828808,1.0,0.0,-0.8541127112450565,0.0,-1.4411415936707066,0.5569306099458267,-0.00027487006830889,0.0,0.0,-1.0,0.0,-0.00027487006830889,0.0,0.0,-0.9999999999999999,0.0,-0.0068717517077222495,1.0068717517077221,0.0,0.0,1.0e6,0.0,0.00054974013661778,6.87175170772225e-5,0.0,0.0,0.0,0.0,0.06613579996063124,0.09459515965816294,0.037488841441478724,0.016934744908510713,0.0,0.0,0.09139429771270592,0.0,0.09139429771270592,6.87175170772225e-5,0.0,0.0357331088801557,0.0,-0.0,1.0,0.0,0.0,-500000.00071294425,500000.0364460531,-500000.99928705575,-500000.00071294425,0.0,0.0,0.0,0.0,0.0,-999999.9993815423,0.0,0.06610625142828808,-0.9338937485717119,0.0,1.0,1.0e6,0.0,0.0,-8.676555852322478,0.0,0.0,0.0,0.0,0.0,0.0,0.0,0.0,0.24600871113645653,0.3657146258849781,0.634285374115022,1.0,0.0,6.012782744260023e-5,0.0,-0.15461441342375057,-3.8453855865762496,3.9994502598633823,0.00054974013661778,0.00054974013661778,0.00054974013661778,999999.5682478402,0.00020615255123166752,-1.0e6,999999.6234280064,1.0e6,0.0,0.0,-0.0,0.0,0.0,0.09483086074173781,0.09483086074173781,0.0,0.0,0.0,0.0,0.0,0.0,0.0,1.0,0.0,0.15406467328713278,6.012782744260023e-5,6.87175170772186e-5,499999.99872872594,499999.99872872594,0.0001374350341544411,-6.012782744260023e-5,0.0001374350341544411,0.0,-0.9998625649658456,0.0,0.0,0.0,-999999.5752570269,0.19721927401162864,0.3125279548423786,0.010307627561583375,0.007558926878494475,0.007558926878494475,0.010307627561583375,1.0,0.0,0.0,0.0,0.0,0.09139429771270592,0.0,0.0,4.829727197887607,-0.0,0.0,0.0,0.0,0.0,0.0,0.0,0.0,0.0,0.0,0.0,0.0,0.0,-0.9999312824829227,0.0,0.0,0.0,0.0,-0.3657146258849781,6.87175170772225e-5,0.0,0.0,0.0,0.0,0.012085349728371119,0.0074922708869295685,0.012085349728371119,0.012085349728371119,9.620452390811148e-6,9.620452390811148e-6,0.0,0.017311316902093893,0.016934744908510713,0.0,0.0,0.00054974013661778,0.000137435034154445,0.0,0.00027487006830889,1.3937350965770576,0.0,0.0,4.000206152551232,0.0,6.87175170772225e-5,0.0,0.0,0.0,6.87175170772225e-5,6.87175170772225e-5,-0.4104334532590912,0.19309622298698995,6.87175170772225e-5,0.09634608199329057,0.0010603112885015432,0.0010603112885015432,0.0010603112885015432,1.0e6,0.0,0.0,-0.0,0.11750695420205047,0.0,1.6023699765214137,1.6023012590043364,0.0,0.010307627561583375,6.87175170772225e-5,6.51660204985635,-0.0,0.0,-1.0e6,-1.0e6,0.0,0.0,0.017179379269305625,0.0,-0.0,0.0,0.10932956966986099,0.09139429771270592,0.0,0.0,0.1161326038605061,-0.0,-0.0,0.0,-0.0,0.0,0.0,0.0,0.0,6.87175170772225e-5,0.0,6.87175170772225e-5,0.0,-1.0,-0.010307627561583375,1.0,0.0,0.1429324355206228,0.0,0.687175170772225,-0.1161326038605061,0.0,0.0,0.0,0.00020615255123166752,0.003181621040675401,0.0,0.0,0.0,0.0,0.0,-0.003181621040675401,-0.0043779930129898455,0.0,0.0,0.0,0.0,0.0,0.0,0.0,0.0,0.0,0.0,0.0,0.0,0.0,0.0,0.0,0.0,0.0,0.0,0.0,0.09139429771270592,-0.0,-0.0,-0.0,0.011842776893088524,0.013743503415444499,0.013743503415444499,0.013743503415444499,0.0068717517077222495,0.0,0.0,0.0,0.0,0.0,-0.0,0.0,6.87175170772225e-5,-1.0,-1.0,-1.0,0.0,0.0,0.0,0.0,0.0,0.0,6.87175170772225e-5,0.0,0.0,0.0,0.0,9.620452390811148e-6,0.0,0.0,0.0,0.0,9.620452390811148e-6,0.0,0.0043779930129898455,-1.6728612972534114,0.0,0.0,0.0,0.0,0.0,0.0,0.0,0.0,0.0,0.0,0.0,0.0,0.0,0.0,0.0790567546966614,0.0,0.0,0.0,0.0,0.0,0.0,-0.0,-0.0,-0.0,0.003181621040675401,0.0,0.0,0.0,0.0,0.0,0.0,-0.003181621040675401,0.0,0.026221917341497328,0.012085349728371119,0.0005401196842269686,0.09299472868543443,0.019331611904164225,0.017311316902093893,0.016934744908510713,0.0,0.0,-0.00020615255123166752,0.00020615255123166752,0.0005497401366177934,0.0,0.15461441342375057,1.0e6,0.00027487006830889,1.0e6,0.0,-1.0e6,1.0e6,0.00054974013661778,-999999.424696947,0.0,0.0,0.0,0.0,0.00020615255123166752,0.0,0.0,0.0,0.0,0.0,-0.0,0.0,0.0,0.0,0.02036581053617643,0.0,0.13331198312981166,0.0,0.0,0.19721927401162856,0.1161326038605061,-1.239120683153307,0.973871067235228,0.0,4.830551808092533,0.0,-1.0,3.0063913721300116e-5,-999995.1695169094,-0.0,0.0,0.0,0.0,0.0003930641976817127,0.0003930641976817127,0.0003930641976817127,0.0005304992318361576,0.09192479694454207,0.0011963719723144437,0.00054974013661778,0.0003930641976817127,0.0003930641976817127,0.01413656761312621,0.0005304992318361576,0.09298510823304362,0.09838836660082562,0.01064640492077408,0.007464783880098679,0.007464783880098679,0.012337543016044528,0.012337543016044528,0.010840188318931849,0.004620565848272439,0.004620565848272439,0.004620565848272439,0.0,0.0049517842805846535,0.006094556589578862,0.08039880780517955,0.08039880780517955,0.0,0.08039880780517955,6.87175170772225e-5,6.87175170772225e-5,0.0,-1.0e6,-1.0e6,999999.8459353268,-0.00054974015802145,0.0,-0.00054974013661778,0.9766546838332765,-0.0009148019460905703,-0.15468313094082778,-6.871751707725741e-5,-0.15406467328713278,0.0,6.87175170772225e-5,-6.87175170772225e-5,0.0,0.15406467328713278,0.05634836400332251,0.00054974013661778,0.0,1.9997251299316912,3.9994502598633823,0.0,0.050232504983449645,0.3200868817208731,0.0,0.0,0.0,0.0,0.0,0.0,0.0,6.87175170772225e-5,-0.0,-0.0,0.0,2.7487006830889e-5,2.1989605464711197e-5,0.0,0.0,0.010376345078660597,6.871751707722285e-5,0.0,0.0,0.0,0.0,0.1161326038605061,-0.1161326038605061,0.1161326038605061,0.0,6.871751707722285e-5,6.87175170772225e-5,6.87175170772225e-5,0.0,6.87175170772225e-5,0.00054974013661778,0.00054974013661778,6.87175170772225e-5,-0.0,0.0,0.0,0.09139429771270592,-0.0,-0.0,0.0,0.0,6.87175170772225e-5,0.1161927316879487,6.012782744260023e-5,0.0,8.589689634657176e-6,0.18075077745648682,0.0,0.0,0.0,6.87175170772225e-5,0.0,1.0,0.0,1.0,1.0,6.87175170772225e-5,0.0742149184434003,0.0,6.87175170772225e-5,6.87175170772225e-5,0.0,-0.0,0.0,1.0e6,1.0e6,0.0,0.0,-2.0002061525512316,0.0,0.0,-499999.99861705996,-0.3655771908508237,0.15406467328713278,0.0,0.0,-1.0e6,0.0,1.0,-0.0004810226195405575,0.0,-0.0,8.589689634657176e-6,0.0,-10.463302652662495,0.0,-10.463302652662495,-999999.8474471121,0.0,1.0e6,0.0,0.0,6.87175170772225e-5,6.87175170772225e-5,0.0,0.0,6.87175170772225e-5,6.87175170772225e-5,