{"objective_value":0.9824784386652305,"time_limit":1800,"thermo_feasible":false,"dual_bound":0.9824784386652305,"solution":[-0.0,-0.0,-0.0,-0.0,-0.0,-0.0,-0.0,-0.0,-0.0,-0.0,-0.0,-0.0,-0.0,-0.0,-0.0,-0.0,-0.0,-0.0,-0.0,-0.0,-0.0,-0.0,-0.0,-0.0,-0.0,0.0,-0.0,-0.0,-0.0,-0.0,-0.0,-0.0,-0.0,0.0,-0.0,-0.0,0.00021909269182234645,0.0,0.00022105764869967688,0.0,1.9649568773304606e-6,0.00044015034052199975,0.0,0.9824784386652307,-0.0,-0.0,-0.0,-0.0,-0.0,-0.0,-0.0,-0.0,0.0,0.0,-0.0,0.0,-0.0,-0.0,-0.0,-0.0,-0.0,-0.0,-0.0,-0.0,-0.0,-0.0,-0.0,0.0,-0.0,-0.0,-0.0,-0.0,-0.0,-0.0,-0.0,-0.0,-0.0,-0.0,-0.0,-0.0,-0.0,-0.0,-0.0,-0.0,-0.0,-0.0,-0.0,-0.0,-0.0,-0.0,-0.0,-0.0,-0.0,-0.0,-0.0,-0.0,-0.0,-0.0,-0.0,-0.0,-0.0,-0.0,-10.0,-0.0,0.0,-0.0,-0.0,-0.0,0.0,-0.0,-0.0,-0.0,-0.0,-0.0,1.9649568773304606e-6,-0.0,-0.0,-0.0,-0.0,-0.008523000455420874,0.0,-0.0,-0.0,-0.0,-0.0,-0.0,-0.0,-0.0006788926011176743,-0.0,-0.00012673971858781472,-0.0,-0.0,-0.0,-0.0,-0.0,-0.0,-0.0,-0.0,-0.0,-0.0,-0.0,-0.0,-0.0,-0.0,-0.0,-10.611576699841718,-0.00031734053568886945,0.0,-0.0,-0.0,-0.0,0.0,0.0,-17.574329177829064,-0.0,-0.0,-0.0,-0.0,9.02723982947964,-0.0,45.61786951327007,-0.0,-0.0,0.0,0.0,0.0,-0.0,-0.0,-0.0,-0.0,-0.0,-0.0,-0.0,-0.0,-0.0,-0.0,-0.0,-0.0,-0.0,-0.0,0.0,-0.0,-0.9477291587959371,-0.0,-0.0,-0.0,-0.0,0.0,-0.0,-0.0,-0.19177291387838236,-0.0,-0.0,-0.0,-0.0,-0.0,-0.0,-0.0,-1.0408340855860843e-17,-0.0,-0.0,-0.0,-0.0,-0.0,-0.0,-0.0,-0.0,-0.0,-0.0,0.0,-0.0,-0.0,-0.0,-0.0,0.0,-0.0,-0.005113800273252524,-0.0,-0.0,-0.0,0.0,-0.0,-0.0,-0.0,-0.0,-0.0,-0.0,-0.0,-0.0,-0.0,-0.0,-0.0,-0.0,-0.0,-0.0,-0.0,-0.0,-0.0,-0.0,-0.0,-0.0,-0.0,-0.0,-0.0,-0.0,-0.2477908870149541,-0.0,-0.0,-0.0,-0.0,-0.0,-0.0,-0.0,-0.0,-0.0,-0.0,0.0,-0.0,-0.0,-0.0,-0.0,-0.0,-0.005113800273252526,-0.0,-0.0,-0.0,-0.0,0.0,-0.0,-0.0,-0.0,-0.0,-0.0,19.670845812951338,-0.0,-0.0,-2.4561960966630764e-5,-0.0,-0.0,0.0,-0.0,0.0,-0.0,-0.0,-0.0,0.0,-0.0003350251475848436,0.0,0.0,0.0,0.0,0.0,0.0,-0.0,0.0,-0.0,0.0,0.0,0.0,0.0,0.0,0.0,0.0,0.0,0.0,-0.0,-0.0,0.0,-0.0006965772130136485,0.0,0.0,-0.0,0.0,0.0,0.0,0.0,-0.0,0.0,0.0,0.0,0.0,0.0,-0.0,0.0,0.0,0.0,0.0,0.0,0.0,-0.0,0.0,0.0,0.0,0.0,0.0,0.0,0.0,0.0,0.0,0.0,-0.0,0.0,0.0,0.0,-0.0,0.0,0.0,-0.0,0.0,0.0,-0.0,0.0,0.0,0.0,0.0,0.0,0.0,0.0,0.0,-0.0,0.0,0.0,0.125391758169966,0.14779226657153327,0.0,0.0,0.07646040201068287,0.0,0.0,0.0,0.0,0.0,0.0,0.0,0.0,-1.733815679656131e-16,0.0,0.0,0.0,-0.0,0.0,0.0,0.0,1.733815679656131e-16,0.0,0.0,0.0,0.07646040201068287,0.0,-0.0,0.0,0.0,0.0,0.0,0.0,0.0,0.0,0.0,0.0,0.00022105764869967688,0.0,-0.0,0.0,0.0,0.0,0.0,-0.0,0.0,0.0,0.0,0.0,0.0,0.07646040201068287,-0.0,0.0,0.0,-0.0,-0.0,-0.0,0.0,0.0,0.0,0.0,0.0,-0.0,0.0,0.0,0.0,0.0,0.0,0.038230201005341434,0.0,0.0,0.0,0.0,0.0,0.0,0.0,0.3496444267521495,0.0,-0.0,0.0,0.3496444267521495,0.3496444267521495,0.3496444267521822,0.3496444267521822,-0.0,-0.0,0.27318402474149933,0.27318402474149933,0.0,-0.0,0.0,0.0,-0.0,0.07646629688130702,0.0,-0.0,0.0,0.0,0.0,0.0,0.0,0.2906092623296657,0.2906092623296657,0.0,0.0,-0.2906092623296657,4.855698960896007,-0.0,4.855698960896007,0.0,0.2854384783069707,0.8589504420926346,0.0,0.0,-0.0,0.062695879084983,0.0,0.5723683588830113,0.0,-1000.0,0.0,0.0,0.0,0.0,-0.0,0.0006572780754847685,0.0,-0.27318402474149933,-0.125391758169966,0.0,-0.3496444267521495,0.0006572780754847685,2.5796307577916195,0.0,-1000.0,0.0,999.6503555732479,-1000.0,0.000661207989221702,0.0,0.0,0.0,-0.3496444267521822,0.0,0.2906092623296657,0.0,0.0,-0.0,0.0,0.0,0.0,0.0,0.0,0.0,-0.0,0.0,0.0,0.0,0.2435288955480246,-0.0,0.2937974048680587,0.44016507770351154,0.2937974048680587,0.0,-0.0,0.0,0.0,0.00044015034052199975,0.0,0.0,0.0,0.0,0.0,0.0,0.062695879084983,0.07389613328576664,0.0,-0.0,0.0,0.0,0.0,0.0,0.0,0.0,0.0,0.0,0.0,-0.2906092623296657,0.0,0.0,0.0,-0.0,0.0,0.0,0.0,0.0,0.0,0.0,0.533243120025773,0.44016507770351154,-0.44016507770351154,0.0,0.0,3.799346003470305,0.0,0.02730111085362942,0.0,0.04095166628044413,-1000.0,0.0,0.0,0.0,0.0,0.0,0.0,0.0,0.0,-0.0,-0.0,0.0,0.0,0.0,0.0,0.0,0.0,0.0,0.0,0.0,0.0,0.0,0.0,-0.0,0.0,0.0,-0.0,0.0,0.0,0.0,0.0,-0.0,0.0,0.0,1.9649568773304606e-6,0.0,0.0,0.0,0.00021909269182234642,-0.015779586203402265,0.0,0.0,1.9649568773304606e-6,0.0,-0.0,-0.0,0.0,0.0,0.0,-0.0,0.05584702188904767,0.05584702188904767,0.0,0.0,0.0,0.0,0.0,0.0,0.0,0.0,0.062695879084983,-0.0,0.0,0.0004381853836446929,0.0,0.0,0.0,0.0,0.0,0.0,0.0,0.0,0.0,0.0,0.0,0.0,1000.0,0.0,3.15,0.0,0.0,-1000.0,0.2906092623296657,0.2906092623296657,0.0,0.0,0.0,0.0,0.0,0.0,0.0,0.0,-1.0503441192945502,0.0,0.0,0.0,0.0,0.23683134003244707,0.0,0.0,0.0005659075798689628,0.0,0.32499895511830346,0.0,0.0,0.0,0.0,0.0,1.0503441192945502,0.0,0.0,0.0,0.0,0.0,0.0,0.0,0.0,0.0,0.0,0.0022380858832794052,0.0,-2.87638149284183,0.0,0.0,-0.0,0.0,0.0,-0.0,0.0,0.0,0.0,0.0,0.0,0.0,0.0,0.09307804232226662,55.80046600351025,0.0,0.0,0.0,0.0,0.0001198623695171581,0.0,0.0,0.0,0.0,0.0,0.0,0.2435288955480246,1.9649568773304606e-6,0.0001198623695171581,0.0001198623695171581,-0.005113800273252524,0.0,0.0,0.6156082174479707,0.0,0.0,0.0,0.0,0.0,0.0,0.0,0.0,0.0,0.0,-1000.0,0.0023471409899712362,0.0,0.0,0.0,0.0,0.1777352619459407,-0.0,-0.0,0.0,0.0,0.0,0.0,0.0,0.31771780740931693,0.0,0.0,-0.0,0.0006965772130136485,0.0,0.3744412000656805,0.00021909269182234642,0.0,0.0,1000.0,4.855698960896007,0.0,0.0,0.0,0.0,0.0,-19.670845812951338,0.0,0.0,0.0,1000.0,0.8639495696634185,0.0,0.0,0.0,0.0,-0.14779226657153327,0.0,0.0,0.01365055542681471,0.0,0.0,0.15771235136674022,0.0,0.0,0.0,0.0,0.0,0.0,0.0,0.0,0.0,0.0,0.0,0.0,0.0,0.0,0.0,0.0,0.0,0.2435288955480246,0.0,0.0,0.1512142389734043,0.0,35.14032988593356,0.0,0.0,0.0,0.0,0.0,0.0,0.0,0.33714828349079906,0.0,0.0,0.0,0.0,0.0,0.0,0.0,0.3644493943444285,0.0,0.0,0.00044015034052199975,0.0,0.0,0.0,0.0006572780754847685,0.0,0.0,0.0,0.0,0.0,0.062695879084983,0.07389613328576664,0.0008763707672893858,0.0,0.0,0.0,0.0,0.0,0.0,1.9649568773304606e-6,0.0,0.0,0.0,0.0,0.0004381853836446929,0.0,0.3644493943444285,0.0,0.3644493943444285,0.0,0.0,0.0,0.3744412000656805,0.0,0.0,0.02636480890159909,0.0,0.0006572780754847685,0.0,0.0,0.0,0.00021909269182234642,-0.0,0.2854384783069707,0.8589504420926346,0.0,0.0,0.0006572780754847685,0.32499895511830346,0.0,0.0,-0.32499895511830346,0.0006572780754847685,-0.0,0.0,0.0,0.3744412000656805,0.0,0.0,0.0,0.3744412000656805,0.0002731290059489341,0.0,0.0011735704949856181,0.0,0.0,0.0,0.0,0.0,0.0006572780754847685,0.0,0.0,0.0,0.0,0.0005659075798689628,0.0,0.0005659075798689628,-0.0,0.0,0.0,0.02570753082611442,0.0,0.0,0.0027853263736159293,0.0,-0.0,0.0,0.0,0.0,0.0,0.0,0.0023471409899712362,0.002556900136626263,0.0,0.0,0.00021909269182234642,0.0,0.0,0.0,0.0,0.0,0.0,0.0,0.0,0.0,0.0,2.4561960966630764e-5,0.0,0.0,0.0,0.0,0.0,0.0,1.9649568773304606e-6,1.9649568773304606e-6,0.0,0.0,0.0,0.0,0.0,0.0,0.3496444267521495,0.3496444267521495,0.3496444267521495,0.0,0.0,14.58586870894652,0.0,0.0,0.0,0.0,0.0,0.0,0.0,0.0,0.0,0.8639495696634185,0.0,0.0,0.00023972473903431622,0.0,0.0,0.0,0.0,0.0,0.0,0.0,0.0,0.0,0.0,0.0,0.0,0.0,0.0,0.07646040201068287,0.0,0.0,0.0,0.0,0.125391758169966,0.14779226657153327,0.0,0.0,0.0,0.0,0.0,0.0,1.448300940789522,0.0,0.0,0.0,0.0,0.0,0.0,6.91956174802408,0.0,0.0,0.0,0.0,0.0,0.0,0.0,0.0,0.0,0.0,0.0,0.0,0.0,0.0,0.0,0.0,0.0,0.0,0.0,0.0,0.0,0.0,0.0,0.015779586203402265,0.003835595824549059,0.0,0.0,0.0,0.0,0.0,0.0,0.0,0.0,0.00021909269182234642,0.0,0.0024100196100635962,0.0,4.823917748371466,0.09283242271260028,0.0035054830691575427,0.0,0.007671191649098118,0.0,0.0,0.0,0.0,0.0,0.0,0.0,0.0,0.0,0.0,0.0,0.0,0.0,0.0,0.0,0.00021909269182234645,0.0,0.0,0.0,0.0,0.0,0.0,-0.0,0.0,0.0,0.0,0.0,0.0,0.0,0.0,0.0,0.0,0.0,0.0,0.0,0.21718177125914243,4.0836803753013555,0.0,0.0,0.0,0.0,0.0,0.0,0.0,0.0,0.0,0.0,0.0,0.0,0.0,0.0,0.0,0.0,0.0,0.0,0.0,0.07389613328576664,0.0,0.0,0.0,0.0,0.0,0.0,0.0,0.0,0.0,0.0,0.0,0.0,0.0,-0.0,0.0,0.0,0.0,0.0,-0.13659201237074967,-0.02730111085362942,-0.0,0.0,0.21718177125914243,0.0,1.095935540008469,0.0,0.0,0.2394457151577143,0.0,0.0,0.0,0.0,-0.0,0.0,0.0,-0.0,16.273936144110138,10.0,0.0,0.0,0.0,0.0,0.0,0.4403841703953339,