{"objective_value":0.9756145115851029,"time_limit":1800,"thermo_feasible":false,"dual_bound":0.9756145115851029,"solution":[0.0,-0.0,0.0,-0.0,0.0,0.0,-0.0,-0.0,0.0,0.0,0.0,0.0,0.0,0.00021756203608347798,0.00021951326510664815,0.0,0.0,0.0,0.0,0.0,1.9512290231702053e-6,0.0004370753011901374,0.0,0.0,0.0,0.9756145115851029,-0.0,-0.0,-0.0,-0.0,-0.0,-0.0,-0.0,-0.0,-0.0,-0.0,-0.0,-0.0,-0.0,-0.0,-0.0,-0.0,-0.0,-0.0,-0.0,-0.0,-0.0,-0.0,-0.0,-0.0,-0.0,-0.0,-0.0,-0.0,-0.0,-0.0,0.0,-0.0,-0.0,0.0,-0.0,-0.0,0.0,-0.0,0.0,-0.0,-0.0,-0.0,-0.0,-0.0,0.0,-0.0,-0.0,-0.0,-0.0,-0.0,0.0,-0.0,-0.0,0.0,-0.0,-0.0,0.0,-0.0,0.0,-0.0,-0.0,0.0,-0.0,0.0,0.0,0.0,-0.0,-0.0,0.0,-0.0,-0.0,0.07592622374959905,-0.0,-0.0,-0.0,-0.0,0.0,-0.0,-0.0,-0.0,-0.0,0.0,-0.0,-0.0,-0.0,0.0,0.0,0.0,-0.0050780735328004615,-0.0,-0.0,-0.0,-0.0,-0.0,-0.0,0.0,-0.0,-0.0,-0.0,-0.0,-1000.0,-0.0,-0.0,999.9843306553295,0.0,-0.0,-0.0050780735328004615,0.0,-0.0,-0.0,0.0,19.952598941251882,-2.439036278962758e-5,0.0,0.0,0.0,0.0,0.0,0.0,0.0,0.0,0.0,-0.0,0.0,0.0,0.0,-0.0,-0.0,-0.0,0.0,-0.0,-0.000691710688713838,-0.0,-0.0,-0.0,-0.0,-0.0,0.0,-0.0,-0.0,-0.0,-0.0,0.0,0.0,-0.0,-0.0,-0.0,0.0,-0.0,-0.0,-0.0,-0.0,-0.0,-0.0,-0.0,-0.0,-0.0,-0.0,-0.0,-0.0,-0.0,-0.0,-0.0,-0.0,-0.0,-0.0,-0.0,-0.0,-0.0,-0.0,-0.0,-0.0,0.0,0.0,-0.0,-0.0,-0.0,-0.0,-0.0,-0.0,-0.0,-0.0,-0.0,-0.0,-0.0,-0.0,-0.0,-10.0,-0.0,-0.0,-0.0,-0.0,-0.0,-0.0,0.0,-0.0,-0.0,-0.19043312335983104,-0.0,-0.0,-0.0,-1.4241212376031598e-14,-0.0,0.0,-0.0,-0.0,-0.0,-0.0,-0.0,-0.0,-0.0,-0.0,-0.0,0.0,0.0,-0.0,-0.0,-0.0,-0.0,-0.0,-0.0,-0.0,-0.0,-0.0,-0.0,-0.0,-0.0,-0.0,-0.0,-0.0,-991.0201581803185,-0.0,-0.0,-0.0,-0.0,-0.0,545.7105132748563,-0.0,-0.0,-0.0,-0.0,-0.0,-0.0,0.0,-0.0,-0.0,-0.0,-0.0,1.9512290231702053e-6,-0.0,0.0,-0.0,-0.0,-0.0,-0.0,0.0,-0.008463455888000767,0.0,0.0,-0.0,-0.0,-0.0,0.027110376047926838,0.0,0.0,0.04066556407189026,0.0,999.0199776620516,-0.0006741496275053062,-0.0,-0.00012585427199447824,-0.0,-0.0,-0.0,0.0,0.0,-0.0,0.0,-0.0,0.0,-10.537440631477331,-0.00031512348724198824,0.0,-1000.0,-0.0,1000.0,0.0,-0.0,-0.0,-0.0,0.0,0.0,0.0,-0.0,0.0,0.0,0.0,-267.8668119451261,-0.0,-0.0,-0.0,-0.0,-0.0,0.0,-0.0,0.0,0.0,0.0,0.0,-0.0,-0.0,-0.0,-0.0,-0.0,0.0,0.0,0.0,-0.0,0.0,-0.9411080019252734,-0.0,0.0,-0.0,-0.0,-0.0,0.0,-0.0,0.0,-0.0,-0.0,-0.0,-0.0,0.0,-0.0,0.0,0.0,-0.0,0.0,-0.0,0.0,0.0,0.0,1.9512290231702053e-6,0.0,-0.0,0.0,-0.24605973596687988,0.0,0.0,-0.0,-0.0,0.0,-0.0,0.0,-0.0,0.0,0.0,-0.0,0.062257864442291755,0.0,1.9512290231702053e-6,0.0,0.0,-0.0,0.0,0.0,0.00021756203608347798,-0.0,0.0,0.0,0.0,0.0,0.0,0.0,0.0,0.0,0.0,0.0,0.0,0.0,0.05545685568203201,0.0,0.0,0.05545685568203201,0.00043512407216695595,-0.0,0.0,0.0,-0.0,0.0,0.0,0.0,0.0,0.0,0.0005619539586741162,0.0,-0.0,0.0,0.0,0.32272840235979416,1.0430060595873554,0.0,0.0,0.0,0.0,0.002222449857390875,0.0,0.0,0.0,-0.0,0.0,0.0,0.0,-2.856286117663233,0.0,0.0,-0.0,1000.0,0.0,0.0,0.0,-0.0,0.0,0.0,-1000.0,-0.0,-0.0,0.0,0.0,0.2885789676107807,0.2885789676107807,0.0,0.0,0.0,-0.0,0.0,0.0,-1.0430060595873554,0.0,0.0,-0.0,0.0,3.15,0.0,-0.0,0.0,0.0,0.09242776759854948,52.449744871796625,0.0,0.0,0.0,-0.0,0.0,0.23517675609014696,0.0,0.0,0.0,0.0,0.0,-0.0,0.0,0.00011902497041338255,0.00011902497041338255,-0.0,0.00011902497041338255,0.2418275202156237,0.0,0.0,1.9512290231702053e-6,-0.0,0.0,0.0,0.0,-0.0,0.0,-0.0,0.0,-0.0,0.0,0.0,0.0,0.0,-0.0,0.0,0.0,-0.0,0.0,0.0,-0.0,0.0,0.0,-0.0,-545.7105132748563,-45.71834794719158,-0.0,0.0,0.0,-0.0,0.0,0.0,0.0,0.3472016923829064,-0.0,-0.0,0.0,0.0,0.3472016923829064,0.3472016923829064,0.3472016923829064,-0.0,0.3472016923829064,0.0,0.0,0.27127546863330737,0.0,-0.0,0.0,0.27127546863330737,0.0,0.00021756203608347798,0.0,-0.0,-0.0,-0.0,0.0,0.0,0.5130220128446032,0.0,-0.0,0.0,0.0,0.0,0.0,0.0,0.0,0.0,0.0,0.0,0.0,0.0,0.0,0.0,-0.0,0.0,0.0,0.0,0.0,0.0,0.0,0.0,0.0,0.0006741496275053062,-0.0,0.0,0.0,0.0,-0.0,-0.0,-0.0,0.0,0.0,0.0,-0.0,0.0,0.0006741496275053062,0.00047609988165353014,0.09242776759854948,0.09242776759854948,0.0,0.0,-0.0,0.0,0.0,0.0,0.018981555937399763,0.018981555937399763,0.00012585427199447824,0.00012585427199447824,0.0,0.00043512407216695595,-0.0,0.0,0.0,-0.0,-0.0,-0.0003326845484505201,0.0,0.0,0.0,0.0,0.0,0.0,0.0,0.0,0.0,0.0,0.0,0.07592622374959905,0.0,0.0,0.0,0.0,0.0,0.0,0.0,0.0,0.0,0.0,0.0,0.0,0.0,0.0,0.0,0.0,0.0,0.0,0.0,0.0,0.0,0.0,0.0,0.0,0.0,0.0,0.0,0.0,0.0,0.0,0.0,0.0,0.0,0.0,0.0,0.0,0.0,0.0,0.0,0.0,0.0,0.0,0.0,0.0,0.0,0.0,0.0,0.00021951326510664815,0.0,0.0,0.0,0.0,0.0,0.037963111874799525,0.0,0.0,0.12451572888458351,0.0,0.0,0.0,0.0,0.0,0.0,0.0,0.14675973974872386,0.0,0.0,0.0,0.0,0.0,0.0,0.0,0.07592622374959905,0.0,0.0,0.0,0.0,0.0,0.0,0.0,0.0,0.0,0.0,0.0,0.0,0.0,0.0,0.0,0.0,0.0,0.0,0.0,0.0,0.0,0.0,0.0,0.0,0.0,0.0,0.3472016923829064,0.0,0.0,0.0,0.3472016923829064,0.3472016923829064,0.0,0.0,0.3472016923829064,0.0,0.3472016923829064,0.0,0.0,0.0,0.0,0.0,0.27127546863330737,0.27127546863330737,-0.0,0.0,0.0,0.0,0.0,0.0,0.0,0.0,0.0,0.0,0.0,0.0,0.0,0.0,0.0,0.07593207743666858,1000.0,0.0,0.0,0.0,0.0,0.0,0.0,0.0,0.0050780735328004615,0.0,0.0,-0.0050780735328004615,0.0,0.0,0.0,0.0,0.2885789676107807,0.0,0.0,0.2885789676107807,0.0,0.28344430843630836,0.5683695997012039,0.0,0.0,0.8529495234289973,0.0,0.0,0.0,0.0,0.6113073699705749,0.0,0.0,0.0006526861082501235,0.0,0.0,0.0,0.0,0.0,0.0,-0.3472016923829064,0.0,0.0,0.0,0.0,0.0,0.0,0.0,0.0,0.0,0.0,-0.3472016923829064,-0.3472016923829064,-0.3472016923829064,-0.3472016923829064,0.0,-0.27127546863330737,0.0,0.0006526861082501235,0.0,0.0,-0.12451572888458351,0.0,0.0,0.2885789676107807,0.0023307430681768107,0.0,0.0,0.0,0.0,0.0,0.0,0.0,0.0,-0.0,0.0,6.313218976882115,6.313218976882115,-0.2885789676107807,0.0,0.0,0.0,0.0,0.0,0.0,0.062257864442291755,0.0,0.0,0.0,0.0,0.3154981232144369,0.0,0.3718252270408025,0.0,0.0,0.00021756203608347798,0.0,1000.0,0.0,0.0,0.0,0.0,0.0,0.0,0.0,0.0,-997.4383914162595,0.0,0.0,0.0,0.0,0.0,0.0,-0.0,0.0,0.0,-0.14675973974872386,0.0,0.15661051947219867,0.0,-0.0,0.0,0.0,0.0,0.0,0.0,0.0,0.0,0.0,0.0,0.0,0.0,0.0,0.0,0.0025390367664002308,0.0050780735328004615,0.0,0.0,0.0,0.0,0.000691710688713838,0.000691710688713838,0.0,0.0,-0.0,0.0,0.0,0.0,0.0,0.0,0.0,-19.952598941251882,-19.952598941251882,0.0,0.0,2.439036278962758e-5,0.0,0.0,0.0,0.0,0.2418275202156237,0.0,0.15015780509257476,2.439036278962758e-5,0.0,0.0,0.0,0.0,0.0,0.0,0.0,0.0,0.0,0.0,0.0,0.0,0.0,0.0,0.0,0.0,0.0,0.0,35.73318827837269,0.0,0.0,0.0,0.0,0.0,0.0,0.0,0.0,1000.0,0.00023804994082676507,0.00021756203608347798,0.0,0.0,0.17649354321830413,0.0,0.0,0.0,0.0,0.0,0.0,0.0,0.0,0.0,-1000.0,0.0,0.0,1000.0,0.0,0.0,0.0,0.0,0.0,0.0,0.0,0.0,-1000.0,0.0,0.0,0.0,1000.0,0.0,0.0,6.313218976882115,0.0,0.0,0.0,0.013555188023963419,0.0,0.0,0.00043512407216695595,0.0,0.0,0.0,0.33479285141005555,0.0006526861082501235,0.0004370753011901374,0.36190322745798237,0.0,0.0,0.0,0.0,-0.0,0.0,0.0,0.0,0.0006565885662967876,0.0,0.062257864442291755,0.3718252270408025,0.3718252270408025,0.07337986987436193,0.0,0.2418275202156237,0.0,0.0,0.0,0.0,0.0,0.0002712208342206586,0.0,0.0,0.0,0.0008702481443339119,1.9512290231702053e-6,0.0,0.0,0.0,0.0,0.002330743068176811,0.0,0.0,0.0,0.0,0.2917448367010096,0.0,0.0,0.0,0.0,0.0,0.0,0.43708993540793467,0.0,0.0,0.0,0.0006526861082501235,0.0006526861082501235,0.0,0.0,0.0,0.0,0.3718252270408025,0.0,0.0,0.0,0.0,0.0,0.0,0.0005619539586741162,0.0,0.0005619539586741162,0.8529495234289973,0.2917448367010096,0.28344430843630836,0.0,0.0,0.0,0.0,0.0,0.0,0.0,0.0,0.0,0.0,0.0,0.0,0.0,0.0,0.0,0.0,0.36190322745798237,0.36190322745798237,0.0,0.0,0.0,0.0255279293101358,0.026180615418385924,0.0,0.0,0.0,0.0006526861082501235,0.0,0.0,0.0,0.0,0.0,0.0,0.0,0.0,0.0,0.0,0.0006526861082501235,0.0,0.32272840235979416,0.0,0.0,0.0023307430681768107,0.0,0.002765867140343766,-0.32272840235979416,-0.0,0.00021756203608347798,0.0,0.0,0.0,-0.0,0.0,0.0,0.0,0.0,0.0,0.0,0.0,0.0,-0.0,0.0,0.0,0.0,0.0,0.0,0.0,0.0,0.0,0.07592622374959905,0.0,0.0,0.0,-0.0,0.0,0.12451572888458351,0.0,0.0,0.0,0.0,0.0,0.0,0.14675973974872386,0.0,0.0,0.0,0.0,0.0,0.0,0.0,0.0,0.0,0.0,0.0,0.0,0.0,0.0,0.0,0.0,0.0,0.0,0.0,0.0,0.0,0.0,0.0,0.0,0.0,