{"objective_value":0.9824784386660061,"time_limit":1800,"thermo_feasible":false,"dual_bound":0.9824784386660061,"solution":[0.0,0.0,0.0,0.0,0.0,-0.0,-0.0,-0.0,-0.0,-0.0,-0.0,-0.0,-0.0,-0.0,-0.0,-0.0,-0.0,0.00021909269182251938,0.00022105764869985138,-0.0,-0.0,0.0,-0.0,0.0,-0.0,1.9649568773320123e-6,0.00044015034052238833,-0.0,0.0,-0.0,-0.0,0.0,0.0,0.0,0.9824784386660061,-0.0,-0.0,-0.0,-0.0,-0.0,-0.0,-0.0,-0.0,-0.0,-0.0,-0.0,-0.0,-0.0,-0.0,-0.0,-0.0,-0.005113800273257141,-0.0,-0.0,-0.0,-0.0,-0.0,-0.0,-0.0,-0.0,-0.0,-0.0,-0.0,-0.0,-0.0,-0.0,-0.0,-0.0,-0.005113800273256562,-0.0,-0.0,-0.0,-0.0,-0.0,-0.0,-0.0,-0.0,-0.0,0.0,-0.0,19.670845812960472,-2.4561960966650154e-5,0.0,0.0,0.0,0.0,-0.0,-0.0,-0.0,-0.0,-0.0,-0.0,-0.0,-0.0,-0.0,-0.0,-0.0,-0.0,-0.0,-0.0006965772130141984,-0.0,-0.0,-0.0,-0.0,-0.0,-0.0,-0.0,-0.0,-0.0,0.0,-0.0,-0.0,-0.0,-0.0,-0.0,-0.0,-0.0,-0.0,-0.0,-0.0,-0.0,0.0,-0.0,-0.0,-0.0,-0.0,-0.0,-0.0,-0.0,-0.0,-0.0,-0.0,-0.0,-0.0,-0.0,-0.0,-0.0,-0.0,-0.0,-0.0,-0.0,0.0,-0.0,-0.0,-0.0,-0.0,-0.0,-0.0,-0.0,0.0,0.0,0.0,-0.0,-0.0,-0.0,-0.0,-0.0,1.9649568773320123e-6,-0.0,-0.0,-0.0,-0.0,-0.0,-0.0,-1000.0,-0.0,-0.0,999.9842204137966,-0.008523000455427603,-0.0,0.0,-0.0,-0.0,-0.0,-0.0,-0.0,-0.0006788926011182103,-0.0,-0.0001267397185879148,0.0,0.0,-0.0,-0.0,-0.0,-0.0,-0.0,-10.611576699826326,-0.00031734053568911996,0.0,-0.0,-0.0,-0.0,-0.0,-0.0,-0.0,-0.0,-0.0,-0.0,-0.0,-0.0,0.0,0.0,-267.57038428126964,-0.0,-0.0,-0.0,-0.0,-0.0,-0.0,-0.0,-0.0,-0.0,-0.0,-0.0,-0.0,-0.0,-0.0,-0.0,-0.0,-0.0,-0.0,-0.0,-0.0,0.0,-0.9477291587688335,-0.0,-0.0,-0.0,0.0,-0.0,-0.0,-0.0,-0.0,-0.0,-0.0,-0.0,-0.0,-0.0,-0.0,-0.0,-0.0,-0.0,-0.0,-0.0,-0.0,-0.0,-0.0,-0.0,-0.0,-0.0,-0.0,-0.0,-0.0,-0.0,-0.0,-0.0,-0.0,-0.0,-0.0,-0.0,-0.0,-0.0,-0.0,-0.0003350251475851081,-0.0,0.0,-0.0,-0.0,-0.0,0.0,0.0,0.0,-0.0,0.0,-0.0,0.0,-0.0,0.0,0.0,0.0,-0.0,-0.0,-0.0,-0.0,-0.0,0.0,-0.0,0.0,0.0,-0.24779088701595306,-0.0,-0.0,-0.0,0.0,-10.0,0.0,0.0,0.0,0.0,0.0,0.0,0.0,-0.0,0.0,0.0,0.0,0.0,0.0,0.0,0.0,0.0,0.0,-0.0,0.0,0.0,0.0,0.0,0.0,-0.0,0.0,0.0,-0.0,0.0,0.0,0.0,0.0,-0.0,0.0,0.0,0.0,0.0,0.0,0.0,0.0,0.0,0.0,0.0,0.0,0.0,0.0,0.0,0.0,1000.0,0.0,0.0,0.0,0.0,-0.0,0.0,0.0,0.0,0.0,0.0,0.0,0.0,0.0,0.0,-0.0,0.0,0.0,0.0,0.0,0.0,-0.0,0.0,0.0,0.0,0.0,0.0,-0.0,0.0,0.0,0.0,0.07646040201074326,0.0,0.0,0.0,0.0,0.0,-0.0,0.07646040201074326,0.0,0.0,0.0,0.0,0.0,0.0,0.0,0.0,0.0,0.0,-0.0,0.00022105764869985138,0.125391758170065,0.03823020100537163,0.0,0.0,0.0,0.0,0.0,0.0,0.0,0.0,0.0,0.14779226657164998,0.0,0.0,-0.0,0.07646040201074326,0.0,0.34964442675245827,0.0,0.0,0.0,0.34964442675245827,-0.0,0.34964442675245827,0.34964442675245827,0.34964442675245827,0.273184024741715,-0.0,0.0,0.0,0.0,0.0,0.0,0.0,0.273184024741715,-0.0,0.0,0.07646629688137524,0.2906092623298953,-0.0,0.0,0.0,0.0,-0.0,0.0,0.00044015034052238833,-0.0,0.0,996.5828466548679,-0.34964442675245827,0.0,0.2906092623298953,-996.0104782959836,0.2854384783071961,0.0,0.0,-0.0,0.0,0.0,0.8589504420940901,0.0,0.0,0.0,0.0,0.0006572780754677403,0.0,0.0006572780754677403,-0.06075057177651222,0.0,-0.34964442675245827,0.0,999.2232279844297,-0.34964442675245827,-0.0,-0.34964442675245827,-0.34964442675245827,-0.273184024741715,0.0,0.0,-0.0,0.0,0.0,0.0,-0.125391758170065,0.0,0.0,0.2906092623298953,-0.0,0.0,0.0,0.0,-0.0,-0.2906092623298953,0.0,0.0006612079892222289,0.0,0.0,0.24352889554901994,0.29379740486336625,0.0,4.855698960895065,4.855698960895065,0.0,0.0,0.0626958790850325,0.4401650776989507,0.29379740486336625,0.0,0.07389613328582499,0.0,-0.0,0.0,-0.0,-0.0,0.0,0.0,0.0,0.0,-0.0,0.0,0.0,0.0,0.0,0.0,0.0,-0.0,0.0,0.0,0.0,0.0626958790850325,0.07389613328582499,0.0,0.0,0.0,0.040951666280476466,0.0,3.7993460034688864,0.0,0.0,0.0,-0.2906092623298953,0.5332431200212908,0.0,0.02730111085365098,0.0,0.4401650776989507,0.0,-0.0,0.0,-1000.0,0.0,0.0,-0.4401650776989507,0.0,-0.0,-990.9569805843361,0.0,0.0,0.0,0.0,0.0,0.0,0.0,0.0,0.0,0.0,0.0,0.0,-0.0,0.0,-0.0,0.0,0.0,0.0,0.0,0.0,545.6099797201164,0.0,0.0,0.0,0.0,1.9649568773320123e-6,0.0,0.0,0.05584702188909178,0.0,0.0,0.0,0.0,0.0,0.0,-0.0,-0.0,-0.0,-0.0,-0.0,-0.0,0.0,0.0,0.0,0.0,0.0,0.0626958790850325,0.07389613328582499,0.0,0.0,0.0,0.0,1.9649568773320123e-6,0.0,-0.0,0.0,0.0,0.0,0.00021909269182251938,0.0,0.0,0.0,0.0,0.0,0.0,0.0,0.05584702188909178,0.0,0.0,0.0,0.00043818538364503876,0.0,0.0,0.0,0.0,0.0,0.0,0.0,3.15,0.0,0.0,1000.0,0.0,0.0,-0.0,-1000.0,0.2906092623298953,0.2906092623298953,0.0,0.0,0.0,0.0,0.0,0.0,0.0,-0.0,-1.0503441192952991,0.0,0.0,0.0,0.0,0.0,0.0,0.0,0.0,0.2368313400326341,0.0005659075806712932,0.0022380858832811612,0.32499895511852145,0.0,1.0503441192952991,0.0,0.0,-0.0,0.0,0.0,0.0,-2.8763814928352534,0.0,-0.0,0.0,0.0,0.0,0.0,0.0,0.0,0.0,-0.0,0.0,0.0,0.0,0.0,-0.0,0.09307804232234008,0.0,0.0,-0.0,-0.0,55.8004660034923,0.0,0.00011986236951725275,0.24352889554901994,0.0,0.0,0.0,0.0,0.0,0.0,0.6156082174484168,0.0,1.9649568773320123e-6,9.037905615390677,0.0,0.0,0.0,0.0,0.0,0.0,-0.0,0.00011986236951725275,0.00011986236951725275,0.0,0.0,0.0,0.0,0.0,-9.043019415663935,0.0,0.0,0.0,0.0,0.0,-0.0,0.0,0.0,0.0,-19.670845812960472,0.0,0.0,0.0,0.0,0.002347140989973089,0.0,0.0,0.0,0.0,-0.0,0.0,0.0,0.0,0.0,0.00021909269182251938,0.0,-0.0,0.0,0.31771780740956773,0.0,-0.0,0.0,0.0,0.0,0.0,0.0,0.37444120006594966,0.00021909269182251938,0.0,0.0,0.002556900136628281,0.0,0.0006965772130141984,0.0,0.0,0.0,0.0,0.0,0.0,0.0,0.0,0.0,0.0,2.4561960966650154e-5,0.0,0.0,0.0002397247390345055,-0.0,0.0,0.0,0.0,0.0,0.0,0.0,0.0,0.0,0.0,0.0,-1000.0,0.0,0.0,-0.0,0.0,0.0,1000.0,-0.0,-1000.0,0.0,0.0,0.17773526194687353,0.0,0.01365055542682549,0.0,0.0,0.0,1000.0,1000.0,-0.19177291387853374,0.0,0.0,0.0,4.855698960895065,0.0,-0.14779226657164998,0.0,0.0,0.15121423897352365,0.24352889554901994,0.0,35.14032988591631,0.15771235136686057,0.0,0.0,0.0,-0.0,0.0,0.0,0.0,0.0,0.0,0.0,-0.0,0.0,0.0,0.0,0.0,0.0,0.0,-0.0,0.00044015034052238833,0.0,0.0,0.0,0.0,-0.0,0.0,0.0,0.0,0.0,0.0,0.8639495696700353,0.0,0.0,0.0,0.0,0.0,0.0,0.3371482834910653,0.3644493943447163,0.0,0.0,0.00043818538364503876,-0.0,0.0,0.0,0.0,0.0,0.0,0.0626958790850325,0.07389613328582499,0.0,0.0,0.0,0.0,0.0,0.0008763707672900775,0.0,1.9649568773320123e-6,0.0,0.0,0.37444120006594966,0.0,0.0,0.8589504420940901,0.2854384783071961,0.0,0.0,0.0,0.0,0.0006572780754677403,-0.0,0.0,0.0,0.0,0.3644493943447163,0.0,0.3644493943447163,0.0,0.0006572780754677403,0.0,0.026364808901602452,0.0,0.0,-0.0,0.0,0.0,0.0,0.0006572780754677403,0.0,0.0,0.0005659075806712932,0.0005659075806712932,0.0,0.0,0.0,0.0006572780754677403,0.0,0.32499895511852145,0.0,-0.32499895511852145,0.0006572780754677403,0.0,0.0,0.0,0.37444120006594966,0.0,0.0,0.0,0.0,0.025707530826134715,0.0,0.0,0.002347140989973089,0.37444120006594966,0.00027312900594914975,0.002347140989973089,0.002785326373618127,0.0,0.0,0.0,0.0,0.0,0.0,0.00021909269182251938,0.0,0.0,0.0,0.0,0.0,0.0,0.0,0.0,0.0,0.0,0.0,0.0,0.0,0.0,0.0,0.0,0.0,0.0,0.0,0.0,0.0,0.0,0.0,0.0,0.0,0.0,0.0,0.0,0.0,0.0,0.0,0.0,0.0,0.0,0.0,0.0,0.0,0.0,0.0,0.0,0.0,0.0038355958245520874,0.0,0.0,0.0024100196100478952,0.0,0.0,0.0,0.01577958620341472,0.0,0.0,0.0,0.0,2.1475897942956363,0.0,6.919561748018543,0.0,0.0,0.0,0.0,0.0,0.0,0.0,0.0,0.0,0.0,0.0,0.0,0.0,0.0,0.00021909269182251938,0.0,249.99605510344915,0.0,0.0,-0.0,0.0,0.0,0.0,0.0,0.0,0.0,0.0,0.0,0.0,0.0,0.0,1.9649568773320123e-6,0.0,0.0,0.0,0.007671191649104175,0.0,0.0,1.9649568773320123e-6,0.0,0.0,0.0,0.0,0.0,0.0,0.0,0.00021909269182251938,0.0,0.0,0.0,0.0,0.0,0.0,0.0,0.0,0.21718177125931398,0.0,0.0,0.0,0.0,0.0,0.0,0.0,0.0,0.0,0.0,0.0,-0.1365920123708575,0.0,4.823917748361098,0.0,0.21718177125931398,0.0,0.0,0.0,0.09283242271267358,0.34964442675245827,0.0,0.0,0.0,1.0959355400023756,0.0,0.0,0.0,0.4403841703907732,0.34964442675245827,0.0,0.0006572780754677403,0.0,0.0,0.0,0.0,0.00350548306916031,0.0,0.0,0.0,0.23944571515792454,16.273936144113577,0.0,0.0,0.0,0.0,0.0,0.0,0.0,0.0,0.0,0.0,0.0,0.0,0.0,0.0,0.0,0.0,0.0,0.0,0.0,-0.0,0.0,-0.0,0.0,0.0,0.0,4.08368037530669,0.0,0.0,0.0,0.0,0.0,0.0,0.273184024741715,0.0,0.0,0.0,-0.0,0.09283242271267358,0.0,0.0,0.0,1000.0,0.0,-0.0,0.0,0.0,0.0,