{"objective_value":1.0319222801126777,"time_limit":1800,"thermo_feasible":false,"dual_bound":1.0319222801126777,"solution":[-0.0,-0.0,-0.0,-0.0,-0.0,-0.0,-0.0,-0.0,0.0,-0.0,-0.0,-0.0,0.0,-0.0,-0.0,-0.0,-0.0,-0.0,-0.0,-0.0,-0.0,-0.0,-0.0,-0.005371155467969402,-0.0,-0.0,-0.0,-0.0,-0.0,0.0,-0.0,0.0,0.0,-0.0,-0.0,-0.0,-0.0,-0.0,-0.0,-0.005371155467986488,0.0,-0.0,21.110516389281972,-0.0,-0.0,-2.5798057002816946e-5,-0.0,-0.0,-0.0,0.0,-0.0,-0.0,-0.0,-0.0,0.0,-0.0,-0.0,-0.0,-0.0,-0.0,-0.0,0.0,-0.0,0.0,-0.0,-0.0,-0.0,-0.0,0.0,-0.0,-0.0,0.0,-0.0,0.0,-0.0,-8.43945746121669,-0.0,-0.0,-0.0,-0.0,-0.0,8.422883757475802,0.0,-0.0,-0.0,-0.0,0.0,-0.0,-0.0,0.0,-0.0,-0.0007316328965998885,-0.0,-0.0,0.0,0.0,0.0,0.0,-0.0,0.0,0.0,-0.0,-0.0,-0.0,-0.0,-0.0,-0.0,-0.0,-0.0,-0.0,-0.0,-0.0,-0.0,-0.0,-0.0,-0.0,-0.0,-0.0,-0.0,-0.0,-0.0,-0.0,-0.0,-0.0,-0.0,-0.0,-0.0,-0.0,-10.0,-0.0,-0.0,-0.0,-0.0,-0.0,-0.0,-0.0,-0.0,-0.0,-0.0,0.00023011866846512716,-0.0,-0.0,-0.0,-0.0,0.0,-0.0,50.22283680312724,-0.0,-0.0,-0.0,-0.0,-0.0,-0.0,0.0,0.0,0.0,-0.0,-0.0,-0.0,-0.0,-0.0,-0.0,-0.0,-0.0,-0.0,0.9413424418315799,-0.0,-0.0,0.0,-0.0,-0.0,-0.0,0.0,-0.0,0.0002321825130253525,-0.0,-0.2014240056220339,0.0,-0.0,-0.0,-0.0,-0.0,-0.0,0.0,-0.0,-0.0,-0.0,0.0,0.0,-0.0,-0.0,-0.0,-0.0,-0.0,-0.2602611182672184,-0.0,-0.0,-0.0,-0.0,-0.0,-0.0,-0.0,-0.0,-0.0,-0.0,2.063844560225355e-6,-0.0,-0.0,-0.0,-0.0,-0.0,-0.0,-0.0,-0.0,-0.0,-0.0,0.0004623011814904876,-0.0,-0.0,-0.0,-0.0,-0.0,-0.0,-0.0,2.063844560225355e-6,-0.0,-0.0,-0.0,-0.0,-1.0,-0.0,0.0,-0.00895192577997748,0.0,-0.0,-0.0,-0.0,-0.0,0.0,-0.0,-0.0007130582955578603,0.0,-0.0,-0.0001331179741345354,-0.0,-0.0,-0.0,-0.0,-0.0,-0.0,1.0319222801126777,-0.0,-0.0,-0.0,-0.0,-0.0,-10.08695337100742,-0.0,-0.0003333108964763949,-0.0,-0.0,-0.0,-0.0,-0.0,0.0,-0.0,-0.0,-0.0,0.0,0.0,-20.572869741753312,-0.0,-0.0,-0.0,-0.0,-0.0,-0.0,-0.0,-0.0,-0.0,-0.0,-0.0,-0.0,-0.0,-0.0,-0.0003518854975184231,0.0,-0.0,-0.0,0.0,-0.0,-0.0,0.0,-0.9954242209874211,0.0,0.0,0.0,-0.0,0.0,0.0,0.0,0.0,-0.0,-0.0,-0.0,-0.0,-0.0,0.0,0.0,-0.0,-0.0,-0.0,0.0,-0.0,0.0,0.0,0.0,-0.0,0.0,0.0,0.0,0.0,0.0,0.0,-0.0,0.0,0.0,0.0,0.0,0.0,0.0,-0.0,0.0,0.0,0.0,0.0,0.0,0.0,0.0,0.0,0.0,0.0,-0.0,0.0,0.0,0.0,-3.469446951953614e-18,0.0,0.0,-0.0,0.0,0.3672405010464997,0.0,0.0,0.0,0.0,0.0,-0.0,0.0,0.0,0.0,0.0,0.08030831952748901,0.0,0.0,0.0,0.0,0.0,0.0,0.0,0.0,0.0,0.0,0.0,0.0,0.0,0.0,0.0,0.0,0.0,0.0,-0.0,0.0,0.0,0.0,0.0,0.0,0.0,-0.0,0.0,0.0,0.0,0.0,0.0,0.0,0.0,-0.0,0.0002321825130253525,0.0,0.0,0.0,0.08030831952748901,0.0,0.0,0.0,0.0,0.0,0.0,-0.0,0.0,0.0,0.0,0.0,0.0,0.0,-0.0,0.0,0.040154159763744514,-0.0,0.0,0.0,0.0,0.13170217676622079,-0.0,0.15523000475278986,0.0,0.0,0.0,-0.0,0.0,0.08030831952748901,0.0,0.0,1000.0,0.0,0.0,0.3672405010464997,0.3672405010464997,0.0,0.0,0.3672405010464997,-0.0,0.3672405010464997,0.2869321815190107,0.2869321815190107,0.0,-0.0,-0.0,0.0004623011814904876,-0.0,0.0,0.08031451106116971,0.30523435507908914,0.0,0.0,-0.0,0.0,0.0,0.30523435507908914,0.0,0.0,0.0,-0.0,0.0,0.0006903560053954361,0.0,0.0006903560053954361,-996.5340362012828,0.0,999.1841364472858,0.0,0.0,0.6011731542589233,0.29980334811885617,0.9021776599118307,0.0,0.0,0.0,0.0,0.000694483694515835,-0.0,0.0,-0.3672405010464997,0.0,-0.3672405010464997,-0.0,-0.0,0.0,-0.0,-0.3672405010464997,-0.3672405010464997,-0.2869321815190107,-0.13170217676622079,0.0,0.0,0.0,0.0,0.0,0.25578463941608964,0.3085829428780819,-0.3672405010464997,0.0,0.30523435507908914,0.0,0.0,0.4623166603247084,0.3085829428780819,-0.30523435507908914,0.0,5.315148767503809,-0.0,5.315148767503809,0.0,0.0,-0.0,-0.0,0.0,0.0,0.0,0.0,0.0,0.0,-0.0,0.0,0.0,-0.0,0.0,0.0,-0.0,0.0,0.0,0.0,0.0,0.0,0.0,0.0,0.0,0.0,0.0,0.0,-0.30523435507908914,0.5600789132980233,0.0,0.0,0.0,0.4623166603247084,0.028675056319771085,-0.4623166603247084,0.0,4.2056341873048995,-0.0,0.0,0.0,0.043012584479656626,998.9634154950257,0.0,0.0,-0.0,-0.0,-0.0,0.0,0.0,0.0,0.0,0.0,0.0,0.0,0.0,0.0,0.0,0.0,0.0,0.0,0.0,0.0,0.0,0.0,0.0,0.0,0.0,0.0,-0.0,0.0,0.0,0.0,0.0,0.0,0.0,-0.0,0.0,0.0,-0.0,-0.0,-0.0,0.0,-0.0,0.0,-0.0,-0.0,0.0,0.0,2.063844560225355e-6,0.0,0.00023011866846512716,0.0,0.0,0.0,0.00046023733693025426,0.0,0.0,0.0,0.0,0.0,1000.0,0.0,0.0,-1000.0,0.0,0.0,0.0,2.063844560225355e-6,0.0,0.30523435507908914,0.30523435507908914,0.0,0.0,-0.0,0.0,0.0,-1.1032033435337412,0.0,0.0,0.0,0.0,0.0,0.0,0.0,0.0,0.0,0.0,0.0,0.24875002523256154,0.0,0.0,-0.0,0.0,0.0005943872333449285,1.1032033435337412,0.0,0.34135473064987315,0.0,0.0,0.0,0.0023507189540966796,0.0,-3.0211371891180585,0.0,3.15,0.0,0.0,0.0,0.0,0.0,0.0,0.0,0.0,-0.0,0.0,0.0,0.0,0.0,0.0,0.0,0.0,0.0,0.0,0.0,-0.0,0.09776225297331485,58.72667837584639,0.0,0.0,0.0,0.0,0.0,0.0,0.00012589451817374668,0.0,0.25578463941608964,0.0,2.063844560225355e-6,999.994628844532,0.0,0.0,0.0,0.0,0.00012589451817374668,0.0,0.00012589451817374668,0.0,0.0,0.0,-1000.0,0.0,0.0,0.0,1000.0,0.0,-1000.0,0.0,-0.0,0.0,0.0,0.6465890857289622,0.0,0.0,0.0,0.0007316328965998885,-0.0,1000.0,-1000.0,0.0,0.0,0.0,0.0,0.0,1000.0,0.0,0.0,0.0,5.315148767503809,0.0,0.0,0.0,0.0,0.002465262327189187,0.0,0.0,0.0,0.0,0.0,0.0,0.0,0.0,0.0,-0.15523000475278986,0.0,0.16564932401508764,0.0,0.0,0.0,0.0,0.0,0.0,0.0,0.0,0.0,0.0,0.0,-21.110516389281972,0.0,0.25578463941608964,0.0,0.0,0.0,0.0,0.34135473064987315,0.014337528159885543,0.0,0.1588241900544223,0.0,0.0,0.0,0.00046023733693025426,0.0,0.0,36.92554999960021,0.0,0.0,0.0,0.0,0.0,0.0,0.0,0.0,0.0,0.0,0.18667990008378396,0.0,0.0,0.0,0.0,0.0,0.0,0.0,0.0,0.0,0.3541154815657465,0.38279053788551765,0.0004623011814904876,0.0,0.0006903560053954361,0.002465262327189187,0.0658510883831104,0.07761500237639493,0.0,0.0,0.0,0.0,0.0,0.0,0.0,0.0,0.0009204746738605085,0.0,0.0,0.0,2.063844560225355e-6,0.0,0.0,0.0,0.33462762930581874,0.0,0.0,0.0,0.0,0.0,0.0,0.0,0.0,0.33462762930581874,0.33462762930581874,0.0,-0.0,0.0,0.0,0.00028687439387132423,0.002465262327189187,0.0,0.0,0.0,0.9021776599118307,0.29980334811885617,0.38279053788551765,0.0,0.0,0.0,0.0005943872333449285,0.38279053788551765,0.0,0.0006903560053954361,0.0,0.0005943872333449285,0.0,0.0,0.02769163438682376,0.0,0.0006903560053954361,0.0,0.0,0.0,0.0,0.0,0.027001278381428323,0.0,0.0006903560053954361,0.0,0.0,0.0,0.0,-0.34135473064987315,0.0,0.0,0.0,0.0,0.0,0.0,0.0006903560053954361,0.0029254996641194415,0.0,0.0,0.0,0.00023011866846512716,0.0,0.0,0.0,0.0,0.0,0.0,0.0,0.0,0.0,0.0,0.0,0.0,0.0,0.0,0.0,0.0,0.0,0.0,0.0,0.0,0.0,0.0,0.0,0.0,0.0,0.0,0.0,0.0,0.0,0.0,0.0,0.0,0.0,0.0,0.0,0.0,0.3672405010464997,0.3672405010464997,0.0,0.0,0.0,0.0,0.0,0.0,0.0,0.3672405010464997,0.0,0.3672405010464997,0.0,0.0,0.0,0.0,0.0,0.0,0.0,14.47633783104273,0.0,0.0,0.0,0.0,0.0,0.0,0.0,0.0,0.0,0.0,0.0,0.0,0.0,0.0,0.0,0.0,0.0,0.0,0.0,0.0,0.0,0.0,0.0,0.0,0.0,0.0,0.0,0.08030831952748901,0.0,0.0,0.0,0.0,0.016573703740889713,0.13170217676622079,0.15523000475278986,0.0,0.33462762930581874,2.2556685928755007,0.0,0.0,0.0,0.0,7.776246244327542,0.0,0.0,0.0,0.0,0.0,0.00023011866846512716,0.0,0.0,0.0,0.0,0.0,0.3337071546319582,0.0,0.0,0.0,0.004028624581559893,0.0,0.002531305353116453,0.00023011866846512716,0.0,0.0,0.0,0.0,0.0,0.0,0.0,0.0,0.0,0.0,0.0,0.0,0.0,0.0,0.0,0.0,0.0,2.1057209393689504,0.0,0.0,0.0,0.09750427240328668,0.0,0.0,0.0,0.002685577733993244,0.22811157963030795,0.0,0.0,0.0,0.0,-0.0,0.0,0.0,0.0,0.0,4.152323502428075,0.0,0.0,0.0,0.0,0.0,0.0,0.0,0.0,0.0,0.008057249163119786,0.0,0.0,16.24935831486967,0.0,0.0,0.0,0.0,2.5798057002816946e-5,0.0,0.0,0.00023011866846512713,0.0,0.0,0.0,0.0,0.0,0.0,0.0,0.0,0.0,0.0,0.0,-0.0,0.0,0.00023011866846512716,0.0006903560053954361,0.0,0.0,0.0,0.0,0.0,0.0,5.2817681455867795,0.0,0.0,0.0002517890363474933,0.0,-0.14346609075950534,0.22811157963030795,0.0,0.0036818986954420345,0.0,0.0,0.0,0.0,0.0,0.0,0.0,0.0,-0.0,-0.0,0.06585108838311039,0.46254677899317354,0.07761500237639493,0.0,0.0,0.0006903560053954361,0.0,0.0,0.0,0.0,-0.0,0.0,0.0,1.8097564010378253,0.0,0.0036818986954420345,0.0,1.1510891809812702,0.0,0.0,-1000.0,0.0,0.0,0.0,0.0,-0.0,0.0,0.0,0.2514959704199414,0.0,0.0006903560053954361,0.0,0.0,0.056347600144426524,1000.0,0.0,0.0,0.0,0.0,0.0,