{"cuts":300,"times_sub_problem":[0.1292710304260254],"objective_values":[0.03236897160192772],"time":1800.0803818702698,"objective_value":null,"μ":null,"time_limit":1800,"x":null,"times_mis_problem":[77.12657904624939],"dual_bounds":[0.03236897160192772],"times_master_problem":[533.1743190288544,1800.026897907257],"solution":null,"a":null,"iter":1,"G":null,"thermo_feasible":false,"scip_tol":1.0e-6,"termination":"INFEASIBLE"}