{"cuts":168,"times_sub_problem":[0.05838203430175781,0.039682865142822266,0.04292702674865723],"objective_values":[0.03236897160192772,0.03236897160314544,0.03236897160071],"time":1800.058032989502,"objective_value":null,"μ":null,"time_limit":1800,"x":null,"times_mis_problem":[15.242321014404297,12.37863278388977,16.15050721168518],"dual_bounds":[0.03236897160192772,0.03236897160314544,0.03236897160071],"times_master_problem":[580.4222831726074,388.1794228553772,766.6957709789276,1800.0229849815369],"solution":null,"a":null,"iter":3,"G":null,"thermo_feasible":false,"scip_tol":1.0e-6,"termination":"INFEASIBLE"}