{"cuts":6,"times_sub_problem":[0.054052114486694336],"objective_values":[0.03236897160192772],"time":1800.0673549175262,"objective_value":null,"μ":null,"time_limit":1800,"x":null,"times_mis_problem":[4.643928050994873],"dual_bounds":[0.03236897160192772],"times_master_problem":[575.4593110084534,1800.0212409496307],"solution":null,"a":null,"iter":1,"G":null,"thermo_feasible":false,"scip_tol":1.0e-6,"termination":"INFEASIBLE"}