{"cuts":15,"times_sub_problem":[0.058448076248168945,0.03874087333679199,0.038826942443847656,0.03872418403625488,0.03899192810058594,0.03898000717163086,0.039021968841552734,0.0388948917388916,0.03897905349731445,0.03914999961853027,0.03899693489074707,0.039225101470947266,0.03918004035949707,0.039671897888183594,0.039626121520996094],"objective_values":[0.03236897160192772,0.03236897160192772,0.03236897160314544,0.03236897160314544,0.03236897160192772,0.03236897160314544,0.03236897160192772,0.03236897160314544,0.03236897160192772,0.03236897160192772,0.03236897160192772,0.03236897160192772,0.03236897160192772,0.03236897160192772,0.03236897160192772],"time":1800.026046037674,"objective_value":null,"μ":null,"time_limit":1800,"x":null,"times_mis_problem":[3.5394740104675293,0.5111329555511475,0.4800691604614258,0.6403279304504395,0.4164910316467285,0.6230828762054443,0.4602789878845215,0.472506046295166,0.45496487617492676,0.46355390548706055,0.46453213691711426,0.46474385261535645,0.4738600254058838,0.4549119472503662,0.46630406379699707],"dual_bounds":[0.03236897160192772,0.03236897160192772,0.03236897160314544,0.03236897160314544,0.03236897160192772,0.03236897160314544,0.03236897160192772,0.03236897160314544,0.03236897160192772,0.03236897160192772,0.03236897160192772,0.03236897160192772,0.03236897160192772,0.03236897160192772,0.03236897160192772],"times_master_problem":[140.11289405822754,23.59640097618103,65.442626953125,23.75950002670288,18.616979122161865,28.041033029556274,22.615187883377075,49.1788809299469,26.686256170272827,24.0014750957489,23.46737504005432,31.41826295852661,145.5681710243225,21.262413024902344,28.72248888015747,1800.0254130363464],"solution":null,"a":null,"iter":15,"G":null,"thermo_feasible":false,"scip_tol":1.0e-6,"termination":"INFEASIBLE"}