{"cuts":276,"times_sub_problem":[0.11674785614013672,0.20738720893859863],"objective_values":[0.03236897160192772,0.03236897160314543],"time":1800.0670709609985,"objective_value":null,"μ":null,"time_limit":1800,"x":null,"times_mis_problem":[38.545665979385376,35.46299886703491],"dual_bounds":[0.03236897160192772,0.03236897160314543],"times_master_problem":[532.5303299427032,542.4801669120789,1800.0264179706573],"solution":null,"a":null,"iter":2,"G":null,"thermo_feasible":false,"scip_tol":1.0e-6,"termination":"INFEASIBLE"}