{"cuts":1,"times_sub_problem":[0.05035805702209473],"objective_values":[0.03236897160192772],"time":1800.1040840148926,"objective_value":null,"μ":null,"time_limit":1800,"x":null,"times_mis_problem":[3.3103349208831787],"dual_bounds":[0.03236897160192772],"times_master_problem":[529.7269530296326,1800.0530281066895],"solution":null,"a":null,"iter":1,"G":null,"thermo_feasible":false,"scip_tol":1.0e-6,"termination":"INFEASIBLE"}