{"cuts":620,"times_sub_problem":[0.16908597946166992],"objective_values":[0.03236897160192772],"time":1800.067507982254,"objective_value":null,"μ":null,"time_limit":1800,"x":null,"times_mis_problem":[152.96354603767395],"dual_bounds":[0.03236897160192772],"times_master_problem":[527.2908990383148,1800.022304058075],"solution":null,"a":null,"iter":1,"G":null,"thermo_feasible":false,"scip_tol":1.0e-6,"termination":"INFEASIBLE"}