{"cuts":5,"times_sub_problem":[0.026076078414916992,0.005056142807006836,0.006794929504394531,0.00625300407409668,0.005068063735961914],"objective_values":[1.3135912923645465,1.3135912923645505,1.3135912923645494,1.3135912923645583,1.3135912923645332],"time":0.04497194290161133,"objective_value":null,"μ":null,"time_limit":1800,"x":null,"times_mis_problem":[2.8954250812530518,0.037045955657958984,0.026021957397460938,0.06232309341430664,0.051239013671875],"dual_bounds":[1.3135912923645465,1.3135912923645505,1.3135912923645494,1.3135912923645583,1.3135912923645332],"times_master_problem":[3.454545021057129,0.6009678840637207,0.41496992111206055,0.7049119472503662,0.8648591041564941,0.044827938079833984],"solution":null,"a":null,"iter":5,"G":null,"thermo_feasible":false,"scip_tol":1.0e-6,"termination":"INFEASIBLE"}