{"cuts":48,"times_sub_problem":[0.028642892837524414,0.005894899368286133],"objective_values":[1.3135912923645512,1.3135912927057523],"time":0.13080406188964844,"objective_value":null,"μ":null,"time_limit":1800,"x":null,"times_mis_problem":[4.170259952545166,0.6930859088897705],"dual_bounds":[1.3135912923645512,1.3135912927057523],"times_master_problem":[5.357196092605591,2.5512821674346924,0.09223413467407227],"solution":null,"a":null,"iter":2,"G":null,"thermo_feasible":false,"scip_tol":1.0e-6,"termination":"INFEASIBLE"}