{"cuts":3,"times_sub_problem":[0.02166914939880371,0.003899812698364258],"objective_values":[1.3135912923645512,1.3135912923645572],"time":0.08083605766296387,"objective_value":null,"μ":null,"time_limit":1800,"x":null,"times_mis_problem":[2.752142906188965,0.04701709747314453],"dual_bounds":[1.3135912923645512,1.3135912923645572],"times_master_problem":[4.094243049621582,1.384450912475586,0.05161094665527344],"solution":null,"a":null,"iter":2,"G":null,"thermo_feasible":false,"scip_tol":1.0e-6,"termination":"INFEASIBLE"}