{"cuts":9,"times_sub_problem":[0.020409822463989258,0.004126071929931641],"objective_values":[1.3135912923645512,1.313591292364551],"time":0.09042096138000488,"objective_value":null,"μ":null,"time_limit":1800,"x":null,"times_mis_problem":[2.6110901832580566,0.08592987060546875],"dual_bounds":[1.3135912923645512,1.313591292364551],"times_master_problem":[3.7957470417022705,1.5413429737091064,0.05636191368103027],"solution":null,"a":null,"iter":2,"G":null,"thermo_feasible":false,"scip_tol":1.0e-6,"termination":"INFEASIBLE"}