{"cuts":23,"times_sub_problem":[0.024374961853027344,0.004515886306762695],"objective_values":[1.313591292364552,1.3135912923645545],"time":0.05382204055786133,"objective_value":null,"μ":null,"time_limit":1800,"x":null,"times_mis_problem":[3.034061908721924,0.16949796676635742],"dual_bounds":[1.313591292364552,1.3135912923645545],"times_master_problem":[1.9409778118133545,0.21227598190307617,0.016399145126342773],"solution":null,"a":null,"iter":2,"G":null,"thermo_feasible":false,"scip_tol":1.0e-6,"termination":"INFEASIBLE"}