{"cuts":52,"times_sub_problem":[0.00699305534362793,0.006915092468261719],"objective_values":[1.313591292364552,1.3135912923645514],"time":0.02038717269897461,"objective_value":null,"μ":null,"time_limit":1800,"x":null,"times_mis_problem":[0.7361431121826172,0.6738231182098389],"dual_bounds":[1.313591292364552,1.3135912923645514],"times_master_problem":[0.4813830852508545,0.2726891040802002,0.020184040069580078],"solution":null,"a":null,"iter":2,"G":null,"thermo_feasible":false,"scip_tol":1.0e-6,"termination":"INFEASIBLE"}