{"cuts":4,"times_sub_problem":[0.007651090621948242,0.007612943649291992,0.00599980354309082,0.005942106246948242],"objective_values":[1.313591292364552,1.3135912923645474,1.3135912923645596,1.3135912923645596],"time":0.020952939987182617,"objective_value":null,"μ":null,"time_limit":1800,"x":null,"times_mis_problem":[0.0333409309387207,0.03217506408691406,0.03267383575439453,0.034297943115234375],"dual_bounds":[1.313591292364552,1.3135912923645474,1.3135912923645596,1.3135912923645596],"times_master_problem":[0.46563005447387695,0.2840399742126465,0.1614530086517334,0.16276001930236816,0.020727872848510742],"solution":null,"a":null,"iter":4,"G":null,"thermo_feasible":false,"scip_tol":1.0e-6,"termination":"INFEASIBLE"}