{"cuts":19,"times_sub_problem":[0.007165193557739258,0.007150173187255859],"objective_values":[1.3135912923645512,1.3135912923645507],"time":0.09772396087646484,"objective_value":null,"μ":null,"time_limit":1800,"x":null,"times_mis_problem":[0.17873406410217285,0.19661593437194824],"dual_bounds":[1.3135912923645512,1.3135912923645507],"times_master_problem":[2.6643919944763184,2.1401031017303467,0.09726786613464355],"solution":null,"a":null,"iter":2,"G":null,"thermo_feasible":false,"scip_tol":1.0e-6,"termination":"INFEASIBLE"}