{"cuts":12,"times_sub_problem":[0.007654905319213867,0.00760197639465332,0.007919073104858398,0.007608890533447266,0.007782936096191406,0.008047819137573242,0.008080005645751953,0.0075838565826416016,0.006001949310302734,0.00781393051147461,0.06917190551757812,0.005939006805419922],"objective_values":[1.3135912923645685,1.3135912923645243,1.31359129236456,1.3135912923645494,1.313591292364765,1.3135912923645392,1.313591292385759,1.3135912923808621,1.3135912923645494,1.3135912923645776,1.3135912923645467,1.3135912923645532],"time":0.1048130989074707,"objective_value":null,"μ":null,"time_limit":1800,"x":null,"times_mis_problem":[0.03361201286315918,0.03357505798339844,0.03302812576293945,0.03318285942077637,0.031118154525756836,0.03116297721862793,0.08085012435913086,0.031171083450317383,0.033479928970336914,0.03549504280090332,0.0350489616394043,0.03243207931518555],"dual_bounds":[1.3135912923645685,1.3135912923645243,1.31359129236456,1.3135912923645494,1.313591292364765,1.3135912923645392,1.313591292385759,1.3135912923808621,1.3135912923645494,1.3135912923645776,1.3135912923645467,1.3135912923645532],"times_master_problem":[4.615272045135498,2.609663963317871,5.04462194442749,4.7149670124053955,3.332559108734131,2.797118902206421,2.830954074859619,3.592543840408325,1.19700288772583,3.3958609104156494,5.098694086074829,3.548693895339966,0.10458803176879883],"solution":null,"a":null,"iter":12,"G":null,"thermo_feasible":false,"scip_tol":1.0e-8,"termination":"INFEASIBLE"}