{"cuts":40,"times_sub_problem":[0.025639057159423828,0.004579067230224609],"objective_values":[1.313591292364552,1.3135912923645485],"time":0.05424904823303223,"objective_value":null,"μ":null,"time_limit":1800,"x":null,"times_mis_problem":[3.346595048904419,0.33737707138061523],"dual_bounds":[1.313591292364552,1.3135912923645485],"times_master_problem":[2.016663074493408,0.16444897651672363,0.02012801170349121],"solution":null,"a":null,"iter":2,"G":null,"thermo_feasible":false,"scip_tol":1.0e-6,"termination":"INFEASIBLE"}