{"cuts":4,"times_sub_problem":[0.029167890548706055,0.0052700042724609375,0.029265880584716797,0.004498004913330078],"objective_values":[1.313591292364552,1.3135912923645474,1.3135912923645596,1.3135912923645596],"time":0.06657791137695312,"objective_value":null,"μ":null,"time_limit":1800,"x":null,"times_mis_problem":[3.3021621704101562,0.036187171936035156,0.0291440486907959,0.026417970657348633],"dual_bounds":[1.313591292364552,1.3135912923645474,1.3135912923645596,1.3135912923645596],"times_master_problem":[2.217957019805908,0.22818398475646973,0.1231389045715332,0.13555002212524414,0.023402929306030273],"solution":null,"a":null,"iter":4,"G":null,"thermo_feasible":false,"scip_tol":1.0e-6,"termination":"INFEASIBLE"}