{"cuts":5,"times_sub_problem":[0.08640003204345703,0.007753133773803711,0.00843191146850586,0.0074231624603271484,0.006016969680786133],"objective_values":[1.3135912923645512,1.3135912923645572,1.313591292364575,1.3135912923645559,1.313591292364551],"time":0.09000301361083984,"objective_value":null,"μ":null,"time_limit":1800,"x":null,"times_mis_problem":[0.03641009330749512,0.03207087516784668,0.0326991081237793,0.03410696983337402,0.03308510780334473],"dual_bounds":[1.3135912923645512,1.3135912923645572,1.313591292364575,1.3135912923645559,1.313591292364551],"times_master_problem":[2.618067979812622,2.1368908882141113,1.4441630840301514,1.2573838233947754,1.3431332111358643,0.08977913856506348],"solution":null,"a":null,"iter":5,"G":null,"thermo_feasible":false,"scip_tol":1.0e-6,"termination":"INFEASIBLE"}