{"cuts":52,"times_sub_problem":[0.02412104606628418,0.025803089141845703],"objective_values":[1.313591292364552,1.3135912923645514],"time":0.053392887115478516,"objective_value":null,"μ":null,"time_limit":1800,"x":null,"times_mis_problem":[3.5986030101776123,0.5370979309082031],"dual_bounds":[1.313591292364552,1.3135912923645514],"times_master_problem":[1.9719130992889404,0.20045709609985352,0.018157005310058594],"solution":null,"a":null,"iter":2,"G":null,"thermo_feasible":false,"scip_tol":1.0e-6,"termination":"INFEASIBLE"}