{"cuts":10,"times_sub_problem":[0.006150960922241211,0.006136894226074219],"objective_values":[1.313591292364552,1.3135912923645483],"time":0.021606922149658203,"objective_value":null,"μ":null,"time_limit":1800,"x":null,"times_mis_problem":[0.09545302391052246,0.08723807334899902],"dual_bounds":[1.313591292364552,1.3135912923645483],"times_master_problem":[0.4796628952026367,0.6368138790130615,0.021361827850341797],"solution":null,"a":null,"iter":2,"G":null,"thermo_feasible":false,"scip_tol":1.0e-6,"termination":"INFEASIBLE"}