{"cuts":3,"times_sub_problem":[0.006619930267333984,0.006514072418212891],"objective_values":[1.3135912923645512,1.3135912923645572],"time":0.06669902801513672,"objective_value":null,"μ":null,"time_limit":1800,"x":null,"times_mis_problem":[0.05470895767211914,0.05441594123840332],"dual_bounds":[1.3135912923645512,1.3135912923645572],"times_master_problem":[2.616208076477051,2.1410179138183594,0.06622505187988281],"solution":null,"a":null,"iter":2,"G":null,"thermo_feasible":false,"scip_tol":1.0e-6,"termination":"INFEASIBLE"}