{"cuts":63,"times_sub_problem":[0.027880191802978516,0.006042957305908203],"objective_values":[1.3135912923645512,1.3135912934734224],"time":0.07575416564941406,"objective_value":null,"μ":null,"time_limit":1800,"x":null,"times_mis_problem":[3.9915730953216553,0.9665069580078125],"dual_bounds":[1.3135912923645512,1.3135912934734224],"times_master_problem":[4.353663206100464,2.2691612243652344,0.04111504554748535],"solution":null,"a":null,"iter":2,"G":null,"thermo_feasible":false,"scip_tol":1.0e-6,"termination":"INFEASIBLE"}