{"objective_value":1.3135912923645443,"time_limit":1800,"thermo_feasible":false,"dual_bound":1.3135912923645443,"solution":[-0.10324827557985317,0.0,-0.0,0.0,0.0,0.34338567348522253,0.0,0.0,0.34338567348522253,0.00011822321631280897,0.026128644396423175,19.998375875726197,-0.0,10.0,0.00011822321631280897,0.0,0.00011822321631280897,0.00011822321631280897,-1000.0,0.011073574594633113,0.0,-1000.0,6.167271378666123,0.042589688277662296,0.0,0.0,993.8283018186786,20.0,0.0,10.0,0.0,0.0,0.03851755527133221,0.03851755527133221,0.0,0.21871295017883696,-0.0,0.0,9.889644839021344,29.444853200891124,-1000.0,-29.444853200891124,-39.444853200891124,-990.693907432519,49.444853200891124,0.0016748288977647939,0.0,3.3095529631979304,991.7776012977155,-0.5386897514896674,0.0,0.0,0.0,1000.0,0.026128644396423175,0.0,-0.0,8.487080610558905,-0.0,0.0,0.0,-0.2381344545074888,0.0,40.01294575893168,-8.487080610558905,1000.0,0.0,0.0,0.0,0.6380869135471691,40.01294575893168,-960.8503067850116,0.0,-547.7238813265576,-10.0,-39.974428203660345,0.0,-970.8503067850116,0.0,0.0,0.0,-0.0,-3.7857121304009462,-3.7503896605492635,0.0,3.135221948673819,0.026128644396423175,3.0790659209252347,3.135221948673819,6.161879086410966,0.0,6.161879086410966,-0.0,6.161879086410966,0.0037676425447599887,0.0,10.0,0.0,-1000.0,-0.876221368054658,6.171579958105078,0.004308579438955705,6.167271378666123,0.0,1.60768675885723,0.0,1000.0,0.042589688277662296,0.0,500.66519217787715,0.0,0.0,0.0,0.01296882411125667,0.01296882411125667,0.0,-0.042589688277662296,0.042589688277662296,0.0,-0.0,0.8338806620542822,0.0,0.0,0.0,0.029122318951721946,-1000.0,0.0,0.0,0.0,0.0,0.0,975.8339074375374,0.0,0.0,0.0,0.0,0.0,0.0,1000.0,0.0,0.0,-0.0,0.0,0.0,0.0,590.1804232023022,0.0,0.0,0.25775288338777086,0.0,0.0,0.0,0.2577528833877709,-590.2767492082784,0.25775288338777086,0.0,0.000209948354985316,0.0,0.0004466210394039451,0.0,0.0,0.0,0.0,-0.0,0.0,0.25808128121086205,0.34338567348522253,0.0,-999.7422471166122,0.000209948354985316,957.3393741768521,-0.0,0.0,0.0,0.0,0.0,0.0,0.0686220091131238,0.0,6.557555319867963,0.06841206075813848,0.25775288338777086,0.0,0.03509915933198062,0.0,0.0,0.03509915933198062,0.0,0.0,0.0,0.024695516296453442,0.0,0.0,0.21871295017883696,0.0,0.0,0.0,0.0,0.00032839782309113607,0.0,0.0,0.0686220091131238,996.4195013089353,0.0,0.0,0.0,0.0,-0.0,0.34338567348522253,0.000209948354985316,0.0,0.0,0.000209948354985316,0.0,0.0,0.38190322875655475,0.0,0.0,0.0,0.0,0.0,-0.25775288338777086,0.21753071801556853,0.0,0.0,0.0,0.0,0.0,0.0,0.0,513.799259527338,0.0,0.0,1000.0,0.0,0.0,0.0,0.0,0.0,0.0,0.0,0.0,404.1652558041294,0.0,0.0,-0.0,0.0,5.3327302990360295,0.0,-87.15773823479302,0.0,0.0,0.17142343740178004,0.0,0.0,0.0,0.0,0.0,0.0,0.0,0.0,-1.7516300926745365,0.0,0.0,0.0,0.0,0.0,0.0,0.0,0.0,0.0,0.0,-0.0,0.0,0.0,-0.022557421069102992,0.0,0.0,0.0,0.03851755527133221,0.0,0.0,0.0,0.0,0.0,0.0,0.0,0.0,0.0,0.03851755527133221,-0.0,-0.03851755527133221,0.0,0.0,-1000.0,0.0,1000.0,-999.7824692819844,0.0,0.0,0.0,0.0,0.0,0.0,0.0,0.0,0.0,0.027033708796862326,0.027033708796862326,0.027033708796862326,0.027033708796862326,0.027033708796862326,0.0,0.027033708796862326,0.027033708796862326,0.0,0.0,0.0,0.0,-0.0,0.0,0.0,0.0,0.0,0.0,0.0,0.0,0.0,0.0,0.0,0.0,-9.834487497162067,0.0,-0.0,0.0,0.0,0.029122318951721946,0.014029155002453175,0.0,0.0,0.0,0.029122318951721946,0.0,0.0,0.029122318951721946,0.029122318951721946,0.029122318951721946,0.0,0.014029155002453175,0.014029155002453175,0.0,0.0,0.0,0.014029155002453175,0.0,0.006620500113517303,0.0,1000.0,-1000.0,-0.014029155002453175,0.0,0.0,0.0,0.0,0.0,0.0,0.0,0.0,0.0,0.0,0.0,0.0,0.0,0.0,0.0,0.011073574594633113,0.0,0.011073574594633113,0.011073574594633113,0.0,0.011073574594633113,0.011073574594633113,0.011073574594633113,0.0,0.0,0.011073574594633113,1000.0,1.5389990701794878,-22.627093492283166,999.9774425789309,0.2214714918926622,0.0,5.513217742606918,0.0,0.0,0.0,0.030051910190096995,0.0,10.0,10.0,0.0,0.0,0.0,0.0,0.0,0.0,0.07093392978768538,0.0,0.0,1.94437521638946e-12,0.0,0.0,0.0,0.0,0.0,0.0,0.0,0.0,0.0,0.0,0.0,0.0,-0.0,0.0,0.0,0.015960134202229213,0.0,0.0,-0.0,-1.94437521638946e-12,0.0,0.03851755527133221,9.961482444728668,-0.4231370856756707,0.0,0.0,0.0,0.0,0.0,0.0,0.0,0.0,0.0,0.0011953680760517353,0.0011953680760517353,0.0,0.03851755527133221,0.03851755527133221,0.03851755527133221,0.03851755527133221,0.03851755527133221,0.0,0.03851755527133221,0.0,0.0,0.0,0.0,0.0,0.0,0.0,0.01706355088781543,0.03412710177563086,0.01706355088781543,0.03412710177563086,0.01706355088781543,0.01706355088781543,0.006265830464578875,0.0011953680760517353,0.015960134202229213,0.015960134202229213,0.015960134202229213,0.015960134202229213,0.0,0.0,10.0,-0.0,0.0,0.0,-0.0,-0.0,0.0,-0.0,10.0,10.0,4.1994185906446546e-14,-0.0,1.0495077029659683e-16,10.0,-0.0,0.0,-0.0,0.0,0.0,-10.0,-10.000000000000156,0.0,0.0,0.0,-1000.0,1.5389990701794878,0.0,0.0,0.0,0.0,0.0,0.0,0.0,0.0,0.0,0.0,-0.0,0.0,0.0,0.0,0.0,0.0,0.015960134202229213,0.0,0.0,0.015960134202229213,-0.0,0.0,0.0,0.015960134202229213,0.0,-0.0,0.0,-0.0,0.0,0.0,29.131152072934007,10.0,0.0,0.0,0.0,-0.0,0.006423461419662622,0.0,0.0,-0.0,0.0,0.0,-1000.0,0.0,0.0,0.0,0.0,-0.0,0.0,0.0,0.0,0.0,0.0,0.0,0.0,0.0,0.0,0.0,0.0,0.0,0.0,0.0,0.0,-0.0,0.0,0.0,0.0,0.0,-0.03851755527133221,-0.0,0.0,0.0,0.0,0.0,0.0,0.0,0.0,0.0,0.0,0.0,0.0,0.0,0.03851755527133221,0.03851755527133221,0.15358815248246627,0.13871524047369585,0.0,0.0,0.0,0.18994530087591308,0.10324827557985317,0.0,0.0,0.0,0.0,-0.0,0.21871295017883696,-0.0,0.00032839782309113607,-0.0,0.000209948354985316,-0.0,0.34338567348522253,0.0,-0.0,-0.0,0.0,0.0,0.0,0.0,0.0,0.0,0.0,10.0,0.0,0.0,-0.25693845678650484,0.0,0.04256035787261123,10.0,0.0,0.25775288338777086,0.0,-0.0,-0.0,0.0,0.0,0.0,0.0,0.0,0.0,0.0,0.0,0.0,0.0,-0.21871295017883696,0.0,-0.00032839782309113607,0.0,-0.000209948354985316,0.0,-0.34338567348522253,0.03851755527133221,0.01706355088781543,0.0,0.0,-10.0,0.015960134202229213,0.0,957.3393741768521,0.0,-10.000000000000107,0.0,-10.0,0.0,0.0,0.0,0.0,0.0,0.0,0.0,-0.25775288338777086,0.0,-0.0,0.0,0.0,0.0,-10.0,0.0,-0.31683821971832804,0.0,-10.0,-4.1994185906446546e-14,0.0,0.0,0.0,0.0,-1.0495077029659683e-16,0.21753071801556853,-10.0,20.0,0.0,0.0,-0.0,-10.0,40.01294575893168,0.31683821971832804,1000.0,0.0,-10.0,29.131152072934007,-0.31683821971832804,0.0,0.21753071801556853,0.0,-0.2214714918926622,0.0,0.0,0.00010508730338916357,0.0,1000.0,-5.513217742606918,0.0,-0.030051910190096995,0.030814044217065767,0.0,975.8339074375374,-10.0,0.0,-10.0,-10.0,0.0,-0.07093392978768538,0.0,1.5164416491103847,0.0,0.0,-1000.0,0.0,0.0,-0.3373302438792149,-0.25693845678650484,-0.31683821971832804,0.0,0.0,-0.15358815248246627,-0.13871524047369585,-10.0,0.0,0.0,0.0,-0.18994530087591308,-0.04256035787261123,1000.0,0.0,0.0,0.0,614.35392120561,-614.35392120561,0.0,0.0,0.0,0.0,0.0,0.0,9.999999999999803,0.0,0.0008341304706514855,0.0,0.0,0.0,0.0,0.0005254365169458178,8.53834340036954e-5,0.0,0.0,0.00011165525985098627,0.03851755527133221,0.0010180332515825243,0.0,0.0,0.0,0.0,0.0,0.0,0.029122318951721946,0.03851755527133221,0.029122318951721946,0.0,0.0,0.00882733348468974,-5.4043683590798697e-14,0.03851755527133221,0.0,-0.03851755527133221,-10.0,999.9889264254053,0.03851755527133221,-1000.0,10.000000000000156,-9.999999999999803,-1000.0,-0.0,1000.0,0.03851755527133221,5.718550306355383,0.0,0.07163048967966994,0.0,0.24178032628668067,-0.17014983660701072,-0.0,0.0,0.0,1000.0,0.0,0.0,-0.0,-0.0,0.0,0.0,0.0,-999.9996542627719,-998.6696156442457,998.6700819691545,0.0,0.0,0.0,0.006305238203349813,0.0,0.0,0.0,-10.0,0.0,0.0,10.0,0.0,0.0,0.0,-0.0,-0.0,0.0,0.0,0.0,0.0,0.0,0.0,0.0,0.039407738770936326,-1000.0,0.0,0.05254365169458178,0.0,87.15773823479302,0.02627182584729088,-999.9614824447286,-2.168404344971009e-18,0.0,0.0,-0.22395417943523116,0.0,0.006567956461822721,0.0,0.0,1.3135912923645443,0.0,9.834487497162067,0.0,0.0,1.3135912923645443,0.0,-0.005392292255156454,-1000.0,0.0,-0.0,-0.0,993.8283018186786,0.0,-6.171698181321403,-0.0,0.0,0.0,0.0,-0.0,0.0,0.0,0.0,0.0,0.0,0.0,