{"cuts":32,"times_sub_problem":[0.0069539546966552734,0.006577968597412109],"objective_values":[1.3135912923645512,1.3135912927057425],"time":0.0736849308013916,"objective_value":null,"μ":null,"time_limit":1800,"x":null,"times_mis_problem":[0.3708322048187256,0.6263759136199951],"dual_bounds":[1.3135912923645512,1.3135912927057425],"times_master_problem":[2.6205220222473145,3.2697830200195312,0.07343888282775879],"solution":null,"a":null,"iter":2,"G":null,"thermo_feasible":false,"scip_tol":1.0e-6,"termination":"INFEASIBLE"}