{"cuts":19,"times_sub_problem":[0.03231000900268555,0.005973100662231445],"objective_values":[1.3135912923645512,1.3135912923645507],"time":0.12701797485351562,"objective_value":null,"μ":null,"time_limit":1800,"x":null,"times_mis_problem":[3.8259241580963135,0.20384788513183594],"dual_bounds":[1.3135912923645512,1.3135912923645507],"times_master_problem":[5.5765061378479,1.9341349601745605,0.08565807342529297],"solution":null,"a":null,"iter":2,"G":null,"thermo_feasible":false,"scip_tol":1.0e-6,"termination":"INFEASIBLE"}