{"cuts":5,"times_sub_problem":[0.02438187599182129,0.0054738521575927734,0.004485130310058594],"objective_values":[1.313591292364552,1.3135912923645474,1.3135912923645487],"time":0.05163097381591797,"objective_value":null,"μ":null,"time_limit":1800,"x":null,"times_mis_problem":[2.9900360107421875,0.08046412467956543,0.03698921203613281],"dual_bounds":[1.313591292364552,1.3135912923645474,1.3135912923645487],"times_master_problem":[1.9596121311187744,0.2084510326385498,0.14625811576843262,0.018182992935180664],"solution":null,"a":null,"iter":3,"G":null,"thermo_feasible":false,"scip_tol":1.0e-6,"termination":"INFEASIBLE"}