{"cuts":5,"times_sub_problem":[0.0259249210357666,0.005365133285522461,0.005267143249511719,0.005418062210083008,0.004221200942993164],"objective_values":[1.3135912923645512,1.3135912923645572,1.313591292364575,1.3135912923645559,1.313591292364551],"time":0.12167119979858398,"objective_value":null,"μ":null,"time_limit":1800,"x":null,"times_mis_problem":[2.985524892807007,0.037925004959106445,0.025916099548339844,0.055912017822265625,0.05224609375],"dual_bounds":[1.3135912923645512,1.3135912923645572,1.313591292364575,1.3135912923645559,1.313591292364551],"times_master_problem":[4.390635967254639,1.4520230293273926,1.011474847793579,0.8763649463653564,0.9389998912811279,0.08209609985351562],"solution":null,"a":null,"iter":5,"G":null,"thermo_feasible":false,"scip_tol":1.0e-6,"termination":"INFEASIBLE"}