{"cuts":32,"times_sub_problem":[0.029967784881591797,0.005586862564086914],"objective_values":[1.3135912923645512,1.3135912927057425],"time":0.06686687469482422,"objective_value":null,"μ":null,"time_limit":1800,"x":null,"times_mis_problem":[3.8382599353790283,0.3517930507659912],"dual_bounds":[1.3135912923645512,1.3135912927057425],"times_master_problem":[5.32191014289856,3.0508220195770264,0.06671595573425293],"solution":null,"a":null,"iter":2,"G":null,"thermo_feasible":false,"scip_tol":1.0e-6,"termination":"INFEASIBLE"}