{"cuts":48,"times_sub_problem":[0.007560014724731445,0.0070879459381103516],"objective_values":[1.3135912923645512,1.3135912927057523],"time":0.10423898696899414,"objective_value":null,"μ":null,"time_limit":1800,"x":null,"times_mis_problem":[0.7383890151977539,0.7294230461120605],"dual_bounds":[1.3135912923645512,1.3135912927057523],"times_master_problem":[2.630905866622925,2.887821912765503,0.10371994972229004],"solution":null,"a":null,"iter":2,"G":null,"thermo_feasible":false,"scip_tol":1.0e-6,"termination":"INFEASIBLE"}