{"cuts":10,"times_sub_problem":[0.0237429141998291,0.003985881805419922],"objective_values":[1.313591292364552,1.3135912923645483],"time":0.05028390884399414,"objective_value":null,"μ":null,"time_limit":1800,"x":null,"times_mis_problem":[3.0836360454559326,0.07133984565734863],"dual_bounds":[1.313591292364552,1.3135912923645483],"times_master_problem":[2.004794120788574,0.47535014152526855,0.016382932662963867],"solution":null,"a":null,"iter":2,"G":null,"thermo_feasible":false,"scip_tol":1.0e-6,"termination":"INFEASIBLE"}