{"cuts":9,"times_sub_problem":[0.006812095642089844,0.006752967834472656],"objective_values":[1.3135912923645512,1.313591292364551],"time":0.10009098052978516,"objective_value":null,"μ":null,"time_limit":1800,"x":null,"times_mis_problem":[0.08527803421020508,0.11261701583862305],"dual_bounds":[1.3135912923645512,1.313591292364551],"times_master_problem":[2.5950000286102295,2.478893995285034,0.09962582588195801],"solution":null,"a":null,"iter":2,"G":null,"thermo_feasible":false,"scip_tol":1.0e-6,"termination":"INFEASIBLE"}