{"cuts":10,"times_sub_problem":[0.007767915725708008,0.007615089416503906,0.008384943008422852,0.007830142974853516,0.007848024368286133,0.007501125335693359,0.006065845489501953,0.008172035217285156,0.007693052291870117,0.0061969757080078125],"objective_values":[1.3135912923645297,1.3135912923645543,1.3135912923645454,1.3135912998742536,1.3135912969012302,1.3135912923673383,1.3135912928554194,1.3135912923645625,1.3135912923645545,1.3135912923653443],"time":0.10803103446960449,"objective_value":null,"μ":null,"time_limit":1800,"x":null,"times_mis_problem":[0.032910823822021484,0.0373990535736084,0.03532695770263672,0.0332789421081543,0.03517317771911621,0.033006906509399414,0.03425121307373047,0.0358738899230957,0.11257600784301758,0.03545999526977539],"dual_bounds":[1.3135912923645297,1.3135912923645543,1.3135912923645454,1.3135912998742536,1.3135912969012302,1.3135912923673383,1.3135912928554194,1.3135912923645625,1.3135912923645545,1.3135912923653443],"times_master_problem":[4.242420196533203,5.370398044586182,7.097347974777222,3.203178882598877,4.022389888763428,7.0555009841918945,8.097671031951904,36.99559712409973,5.651632070541382,12.023942947387695,0.1078028678894043],"solution":null,"a":null,"iter":10,"G":null,"thermo_feasible":false,"scip_tol":1.0e-7,"termination":"INFEASIBLE"}