{"cuts":5,"times_sub_problem":[0.006840944290161133,0.007822990417480469,0.005921840667724609],"objective_values":[1.313591292364552,1.3135912923645474,1.3135912923645487],"time":0.021347999572753906,"objective_value":null,"μ":null,"time_limit":1800,"x":null,"times_mis_problem":[0.052848100662231445,0.046173095703125,0.04631805419921875],"dual_bounds":[1.313591292364552,1.3135912923645474,1.3135912923645487],"times_master_problem":[0.49367713928222656,0.2908310890197754,0.2059190273284912,0.021150827407836914],"solution":null,"a":null,"iter":3,"G":null,"thermo_feasible":false,"scip_tol":1.0e-6,"termination":"INFEASIBLE"}