{"cuts":40,"times_sub_problem":[0.0066721439361572266,0.006330013275146484],"objective_values":[1.313591292364552,1.3135912923645485],"time":0.022550106048583984,"objective_value":null,"μ":null,"time_limit":1800,"x":null,"times_mis_problem":[0.4210240840911865,0.40548014640808105],"dual_bounds":[1.313591292364552,1.3135912923645485],"times_master_problem":[0.4842219352722168,0.18947291374206543,0.022318124771118164],"solution":null,"a":null,"iter":2,"G":null,"thermo_feasible":false,"scip_tol":1.0e-6,"termination":"INFEASIBLE"}