{"cuts":23,"times_sub_problem":[0.00639796257019043,0.006161928176879883],"objective_values":[1.313591292364552,1.3135912923645545],"time":0.019795894622802734,"objective_value":null,"μ":null,"time_limit":1800,"x":null,"times_mis_problem":[0.2099161148071289,0.1802201271057129],"dual_bounds":[1.313591292364552,1.3135912923645545],"times_master_problem":[0.48601317405700684,0.2949948310852051,0.019589900970458984],"solution":null,"a":null,"iter":2,"G":null,"thermo_feasible":false,"scip_tol":1.0e-6,"termination":"INFEASIBLE"}