{"objective_value":0.9824784386660074,"time_limit":1800,"thermo_feasible":false,"dual_bound":0.9824784386660074,"solution":[0.34964442675245866,0.0,0.05584702188909185,0.05584702188909185,0.0,0.34964442675245866,0.34964442675245866,0.0,0.0764662968813753,0.0,0.0,0.0,0.0,0.0,0.0,0.0,0.0,0.0,0.0,0.0,0.0,0.0,0.0,0.0,0.0,0.0,0.0,0.34964442675245866,0.0,0.0,0.0,0.0,0.0,0.0,0.0,0.0,0.0,0.0,0.0,0.0,0.0,0.0,0.0,0.0,0.0,0.0,0.0,0.2731840247417153,0.2731840247417153,0.0,0.0,0.0,0.0,0.0,-45.617869513218075,0.1217644477745101,0.0,0.0,0.0,0.0,0.0,0.0,0.0,0.0,0.0,0.0,0.0,0.0,0.0,0.0,0.0,-0.0,0.0,0.0,0.0,0.0,0.0,0.0,0.0,0.0,0.0,0.0,0.0,0.0,0.0,0.0,0.0,0.0,0.0,0.0,0.0,0.0,0.0,0.0,0.0,0.0,0.0,0.0,-0.0,0.0,0.0,0.0,0.0,0.0,0.0,0.0,0.0,0.0,0.0,0.0,0.0,0.0,0.0,0.0,0.0,0.0,0.026543619977439523,0.0,0.0,0.0,0.0,0.0,0.0,0.0,0.0,0.0,0.0,0.0,0.0,-0.0,0.0,0.0,0.0,0.0,0.0,0.0,0.0,0.025707530826134743,-0.0,-0.0,-0.0,-0.0,0.0,0.0,-0.0,-0.0,-0.0,-0.0,-0.0,-0.0,-0.0,-0.0,-0.0,-0.0,-0.0,-0.0,-0.005113800273256568,-0.0,-0.0,-0.0,-0.0,-0.0,-0.0,-0.0,-0.0,-0.0,-0.0,-0.0,-0.0,0.0,-0.0,-0.005113800273256569,0.0,-0.0,-0.0,-0.0,0.0,-0.0,-0.0,-0.0,19.670845812960483,-2.4561960966650188e-5,0.0,0.0,-0.0,-0.0,-0.0,-0.0,-0.0,-0.0,-0.0,0.0,0.0,-0.0,-0.0,-0.0,-0.0,-0.0,-0.0006965772130141993,-0.0,-0.0,0.00021909269182251962,-0.0,0.00022105764869985163,-0.0,-0.0,-0.0,0.0,-0.0,1.9649568773320145e-6,0.00044015034052236057,-0.0,-0.0,-0.0,-0.0,-0.0,-0.0,0.0,0.0,0.9824784386660073,-0.0,0.0,-0.0,-0.0,-0.0,-0.0,-0.0,-0.0,-0.0,-0.0,-0.0,-0.0,-0.0,-0.0,-0.0,-0.0,-0.0,-0.0,-0.0,-0.0,-0.0,-0.0,0.0,-0.0,-0.0,-0.0,-0.0,-0.0,-0.0,0.0,0.0,0.0,-0.0,-0.0,-0.0,-0.0,-0.0,-0.0,-0.0,-0.0,-0.0,-0.0,-0.0,-0.0,-0.0,-0.0,-0.0,-0.0,-0.0,-0.01577958620341474,-0.0,0.0,-0.0,-0.0,-0.0,-0.0,0.0,-0.0,0.0,-0.0,-0.0,-0.0,-0.0,0.0,0.0,0.0,0.0,0.0,0.0,-0.0,-0.0,-0.0,-0.0,-0.0,-0.0,-0.0,-0.0,0.0,-0.0,0.0,-0.0,-0.0,-0.0,-0.0,-0.0,-0.0,-0.0,-0.0,-0.0,-0.0,-0.0,-0.0,-0.0,-0.0,-0.0,-0.0,-0.0,-0.0,-0.0,-0.0,-0.0,-0.0,-0.0,-0.0,-0.0,-0.0,-0.0,-0.0,-0.0,-0.0,-0.0,-0.0,-0.0,1.9649568773320145e-6,-10.0,-0.0,-0.0,-0.0,-0.0,-0.0,-0.0,-0.0,-0.0,-0.0,-0.008523000455427613,0.0,-0.0,-0.0,-0.0,0.0,-0.0,-0.0,-0.0,-0.0,-0.0,-0.0,-0.0,-0.0006788926011182111,-0.0,-0.0,-0.0,-0.0,-0.0,-0.0,-0.0,-0.0,-0.0,-0.0,-0.00012673971858791493,-0.0,-0.0,-1.1368683772161603e-13,-0.0,-10.611576699826298,-0.00031734053568912033,0.0,-0.0,-0.0,-0.0,-0.0,-0.0,-0.0003350251475851085,-0.0,-0.0,-0.0,0.0,0.0,-0.0,0.0,0.0,0.0,-17.57432917782044,-0.0,0.0,0.0,-0.0,0.0,0.0,0.0,500.0,-0.0,-0.0,-0.0,-0.0,-0.0,-0.0,0.0,-0.0,-0.0,-0.0,0.0,-0.9477291587687928,0.0,0.0,0.0,-0.0,-0.0,0.0,-0.0,-0.0,-0.0,0.0,0.0,-0.0,-0.0,-0.0,-0.0,-0.0,0.0,0.0,0.0,-0.0,0.0,0.0,-0.0,-0.0,-0.0,-0.0,-0.0,-0.0,-0.0,-0.0,0.0,0.0,0.0,-0.0,0.0,0.0,0.0,-0.0,-0.0,-0.0,0.0,0.0,-0.0,-0.0,-0.0,-0.0,-0.0,0.0,0.0,0.0,-0.0,0.0,-0.0,-0.0,0.0,0.0,0.0,0.0,-0.0,-0.24779088701595336,-0.0,0.0,0.0,-0.0,0.0,-0.0,0.0,0.0,-0.0,0.0,0.0,0.0,-0.0,0.0,0.0,0.0,-0.0,-0.0,0.0,0.0,0.0,0.0,0.0,0.0,-0.0,0.0,0.0,0.0,0.0,0.0,0.0,0.0,0.0,0.0,0.0,-0.34964442675245866,0.0,0.0,9.027239829461223,0.0,0.07646040201074333,0.0,0.2906092623298956,0.2906092623298956,0.8589504420940913,0.2854384783071965,0.2731840247417153,0.0,0.0,0.2731840247417153,-0.0,0.0,-0.0,0.0,0.0,0.34964442675245866,0.34964442675245866,-0.34964442675245866,0.0,-0.34964442675245866,0.5723683588842875,0.0,0.0,0.0,0.0,0.0,0.0,0.0,-0.34964442675245866,0.0,-0.34964442675245866,0.0,45.617869513218075,0.0,0.0,0.00022105764869985163,-0.2731840247417153,-0.12539175817006518,0.0,0.0,0.0,0.0,0.0,0.0,-0.0,0.0,0.0,-0.0,0.0,0.0,0.0,0.0,0.07646040201074333,0.0,0.0,0.0,0.0,0.0,-0.0,0.0,0.0,0.0,0.03823020100537167,0.12539175817006518,0.14779226657165012,0.0,0.0,0.0,0.0,0.0,0.2906092623298956,0.0,0.0,0.07646040201074333,0.0,0.0,4.855698960895071,4.855698960895071,0.0,0.0006572780754674145,-0.2906092623298956,0.0,0.0,0.0,-0.0,-1000.0,0.0,0.0,0.0,-0.0,0.0,0.0,0.0006572780754674145,0.0,1000.0,0.0,-0.0,0.00044015034052236057,0.0,-1000.0,0.0006612079892222258,0.0,0.0,0.0,0.0,0.0,0.06269587908503259,-0.0,0.07389613328582506,0.0,-0.0,-0.0,0.0,0.0,-0.2906092623298956,0.5332431200212833,0.440165077698943,0.0,0.0,0.0,0.0,0.2435288955490202,0.0,-0.440165077698943,-0.0,3.799346003468889,0.0,0.29379740486335876,0.440165077698943,0.0,0.29379740486335876,0.0,-0.0,0.027301110853651014,0.0,0.0,-0.0,0.0,0.0,0.0,0.04095166628047652,999.0130827237481,-0.0,0.0,0.0,0.0,1000.0,0.0,0.0,0.0,0.0,0.0,0.0,-0.0,0.0,0.0,0.0,0.0,0.0,0.0,0.0,0.0,0.0,0.0,0.0,0.0,0.0,-0.0,0.0,0.0,0.0,0.0,0.0,0.0,0.0,0.0,0.0,-0.0,-0.0,0.0,-0.0,0.0,-0.0,-0.0,-0.191772913878534,0.2906092623298956,0.0,-6.938893903907228e-18,0.0,0.0,0.0,-0.0,0.0,-0.0,-0.0,-0.0,0.0,0.0,0.0,0.0,0.0,1.9649568773320145e-6,-0.0,0.0,3.15,0.0,0.00021909269182251962,0.0,0.0,-0.0,-1.0503441192953005,0.0,0.0,0.0,1.9649568773320145e-6,0.0,0.0,0.0,0.0,0.0,-0.0,0.2368313400326344,0.0,0.0,0.0,0.0,0.0,0.0,0.0,0.0005659075806712932,1.0503441192953005,0.3249989551185219,0.0,0.0,0.07389613328582506,0.0,0.0,0.0,0.0,0.0,0.0,0.002238085883281175,0.0,0.0,-2.876381492835241,0.0,0.0,-0.0,0.0,0.0,0.0,0.0,0.0,0.0,0.00043818538364503925,0.0,0.0,0.0,0.0,0.0,0.0,0.0,0.0,-0.0,1000.0,0.0,0.0,0.0,0.0930780423223402,55.800466003492176,0.0,-1000.0,0.2906092623298956,0.0,0.0,0.00011986236951725288,0.2435288955490202,0.00011986236951725288,0.00011986236951725288,0.0,0.0,0.0,0.0,0.0,0.0,0.0,0.0,0.0,0.0,0.0,0.0,-0.0,1000.0,0.0,0.0,0.0,-1000.0,0.0,0.0006965772130141993,0.0,0.0,0.0,0.0,-1000.0,0.0,0.0,-19.670845812960483,0.0,0.0,0.0,0.0,1000.0,0.0,0.0,0.0,0.0,0.0,4.855698960895071,0.0,0.0,0.0,0.0,0.0,0.0,0.0,0.0,0.0,0.0,0.0,0.0025569001366282846,0.0,0.0,-0.0,0.0,1000.0,0.0,-0.14779226657165012,2.4561960966650188e-5,0.0,0.0,0.0,0.00023972473903450576,0.0,0.15771235136686082,0.0,0.0,0.0,0.0,0.0,0.0,0.0,0.0,0.0,0.0,0.0,0.2435288955490202,0.0,0.0,0.0,0.0,0.0,1.9649568773320145e-6,0.0,0.0,0.15121423897352385,0.00021909269182251962,0.0,0.0,0.0,0.0,0.0,35.140329885916316,0.0,0.0,0.0,0.0,0.0,0.0,0.0,0.0,0.0,0.0,0.0,0.0,0.0,0.0,-0.005113800273256568,0.0,0.0,0.0,0.0,0.0,0.6156082174484174,0.0,0.0,0.0,0.0,0.0,0.0,0.013650555426825507,0.3249989551185219,0.00044015034052236057,0.3644493943447168,0.0,0.00043818538364503925,0.0,0.1777352619468737,0.0,0.0,0.0,0.0,0.0,0.0,0.0,0.0,0.0,0.0006572780754674145,0.0,0.0,0.0,0.0,0.0,0.0,0.0,0.0,0.0,0.0,0.33714828349106574,0.0,0.0,0.3644493943447168,0.3644493943447168,0.06269587908503259,0.07389613328582506,0.0,0.0,0.026364808901602158,0.0,0.0006572780754674145,0.0,0.0,0.0,0.0,0.0,0.0,0.0008763707672900785,1.9649568773320145e-6,0.0006572780754674145,0.0,0.0,0.0,0.0,-0.3249989551185219,0.0,0.0006572780754674145,0.0,0.0,0.0,0.0,0.0,0.0,0.0,0.0,0.3744412000659499,0.3744412000659499,0.00027312900594914997,0.0,0.0,0.0,0.2854384783071965,0.3744412000659499,0.0,0.0,0.8589504420940913,0.0,0.0006572780754674145,0.0,0.0,0.0,0.0005659075806712932,0.0,0.0005659075806712932,0.0,0.0,0.0,-0.0,0.0,0.0,0.0,0.0,0.0,0.0,0.0,0.0,0.025707530826134743,0.0,0.0,-0.0,0.0,0.0,0.0,0.0,0.002347140989973091,0.0027853263736181307,0.0,0.0,0.0,0.0,0.0,0.00021909269182251962,0.0,0.0,0.0,1.9649568773320145e-6,0.0,0.0,0.0,0.0,0.0,0.0,0.002347140989973091,0.0,1.9649568773320145e-6,0.0,14.585868708954731,0.0,0.0,0.0,0.0,0.0,0.0,0.0,0.0,0.0,0.0,0.0,0.0,0.0,0.0,0.0,0.0,0.0,0.0,0.34964442675245866,0.0,0.34964442675245866,0.34964442675245866,0.34964442675245866,0.0,0.0,0.0,0.0,0.0,0.0,0.0,0.0,0.0,0.07646040201074333,0.0,0.0,0.12539175817006518,0.14779226657165012,0.0,0.0,0.0,0.0,0.0,0.0,2.1475897942956386,0.0,0.0,0.0,0.0,0.0,0.0,0.0,0.0,0.0,7.783511317688584,0.0,0.0,0.0,0.0,0.0,0.0,0.0,0.0,0.0,0.0,0.0,0.0,0.0,0.0,0.0,0.0,0.0,0.0,0.0,0.3177178074095681,0.0,0.3744412000659499,0.0,0.0,0.0,0.0,0.0,0.0,0.00021909269182251962,0.0,0.0,0.0,0.0012050098050237859,0.0,0.0,0.003505483069160314,0.0,0.0,0.0,0.003835595824552092,0.0,0.0,0.01577958620341474,0.0,0.0,0.0,16.273936144113588,0.0,-0.13659201237085766,0.0,0.0,0.0,0.0,0.0,0.0,0.0,0.00021909269182251962,0.0,0.00021909269182251962,0.0,0.0,0.0,0.0,0.0,0.0,0.0,0.0,-0.0,0.0,