{"objective_value":0.982478438666004,"time_limit":1800,"thermo_feasible":false,"dual_bound":0.982478438666004,"solution":[0.00021909269182251886,0.00022105764869985087,0.0,1.9649568773320077e-6,0.00044015034052236057,0.0,-0.0,-0.0,-0.0,0.0,-0.0,-0.0,-0.0,-0.0,-0.0,-0.0,-0.0,-0.0,-0.0,0.0,-0.0,-0.0,0.982478438666004,-0.0,-0.0,-0.0,-0.0,-0.0,-0.0,-0.0,-0.0,-0.0,-0.0,-0.0,-0.0,-0.0,-0.0,-0.0,-0.0,0.0,-0.0,-0.0,-0.0,-0.0,-0.0,-0.0,-0.0,-0.0,-0.0,-0.0,-0.0,-0.0,-0.0,-0.0,-0.0,-0.0,-0.0,-0.0,-0.0,-0.0,-0.0,-0.0,-0.0,-0.0,-0.0,-0.0,-0.0,-0.0,-0.005113800273306879,-0.0,-0.0,-0.0,-0.0,-0.0,-0.0,0.0,0.0,-0.0,-0.0,-0.0,-0.0,-0.0,-0.0,-0.005113800273256551,0.0,-0.0,-0.0,19.670845812960433,-0.0,-0.0,-0.0,-0.0,-2.4561960966650107e-5,0.0,0.0,-0.0,-0.0,-0.0,-0.0,0.0,0.0,-0.0,-0.0,-0.0,-0.0,-0.0,-0.0,-0.0,-0.0,-0.0,-0.0,-0.0,-0.0,-0.0,-0.0,-0.0,-0.0006965772130141969,-0.0,-0.0,-0.0,-0.0,-0.0,-0.0,-10.0,-0.0,-0.0,-0.0,-0.0,-0.0,-0.0,-0.0,-0.0,-0.0,-0.0,-0.0,0.0,-0.0,-0.0,-0.0,-0.0,-0.0,0.0,-0.0,-0.0,-0.0,-0.0,-0.0,-0.0,-0.0,-0.0,-0.0,-0.0,-0.0,-0.0,-0.0,-0.0,-0.0,-0.0,-0.0,-0.0,9.027239829460314,-0.0,45.617869513218274,-0.0,0.0,-0.0,-0.0,0.0,-0.0,-0.0,-0.1917729138785334,-0.0,0.0,-0.0,-0.0,-0.0,-0.0,-0.0,-0.0,-0.0,-0.0,-0.0,0.0,0.0,-0.0,1.9649568773320077e-6,-0.0,-0.0,-0.0,-0.0,-0.0,-0.0,-0.0,0.0,-0.008523000455427586,0.0,-0.0,-0.0,-0.0,-0.0,-0.0,-0.0,-0.0,-0.0006788926011182088,-0.0,-0.0,-0.0,-0.0,-0.0,-0.0001267397185879145,-0.0,-0.0,-0.0,-0.0,0.0,-0.0,-0.0,-0.0,-0.0,-0.0,-10.611576699826365,0.0,-0.0003173405356891193,0.0,-0.0,-0.0,-0.0,0.0,-0.9477291587688882,-0.0,-0.0,-0.0,0.0,-0.0,0.0,-0.0,0.0,-17.57432917782043,-0.0,-0.0,-0.0,-0.0,-0.0,-0.0,-0.0,-0.0,-0.0,-0.0,-0.0,-0.0,-0.0,-0.0,-0.0,-0.0,-0.0,-0.0,-0.0,-0.0,-0.0,-0.2477908870159531,-0.0,-0.0,-0.0,-0.0,-0.0,-0.0,0.0,-0.0,-0.0,-0.0,-0.0,-0.0,-0.0,-0.0,-0.0,-0.0,-0.0,-0.0,-0.0,-0.0,-0.015779586203414693,-0.0,-0.0,0.0,-0.0,-0.0,-0.0,-0.0,-0.0,-0.0,-0.0,-0.0,-0.0,-0.0,0.0,0.0,-0.0,0.0,-0.0,-0.0,-0.0,-0.0,-0.0,0.0,0.0,0.0,0.0,0.0,0.0,-0.0,-0.0,-0.0,0.0,0.0,-0.0,-0.0,0.0,0.0,0.0,-0.0,-0.0,-0.0,0.0,0.0,0.0,0.0,-0.0,-0.0,0.0,-0.0,-0.0,0.0,0.0,0.0,0.0,0.0,0.0,0.0,-0.0,-0.00033502514758510736,0.0,0.0,0.0,0.0,0.0,0.0,0.0,0.0,0.0,0.0,0.0,0.0,0.0,0.0,0.0,0.0,0.0,0.0,0.0,0.0,0.0,0.0,0.0,0.0,0.0,0.0,-5.551115123125783e-17,0.0,0.0,0.0,0.0,0.0,0.0,-0.0,0.0,0.0,0.0,0.0,0.0,0.0,0.0,0.0,0.0,0.0,0.0,0.0,0.0,0.0,-0.0,0.0,0.0,0.0,0.0,0.0,0.0,0.0,0.0,0.0,0.0,0.0,0.0,0.0,0.0,0.0,0.0,0.0,-0.0,0.0,0.0,0.0,0.07646040201074306,0.0,0.0,0.0,0.0,0.0,0.0,0.0,0.0,-0.0,0.0,0.0,0.0,0.0,0.0,0.0,0.0,0.0,0.0,-0.0,-0.0,0.0,0.0,0.0,0.07646040201074306,0.0,-0.0,0.0,0.0,0.0,0.0,0.0,-0.0,0.0,0.0,0.0,0.0,0.0,-0.0,0.0,0.0,0.0,0.0,0.0,0.0,0.0,0.0,0.0,0.0,0.00022105764869985087,0.0,0.0,0.038230201005371556,0.0,0.0,0.1253917581700648,0.14779226657164968,0.0,0.0,0.0,0.0,0.0,0.2906092623298947,0.0,0.0,0.2906092623298947,0.0,0.2854384783071955,-996.0111395039728,0.07646040201074306,0.0,0.0,0.0,0.0,0.0,0.858950442094089,0.0,0.0,0.0,0.0,0.0,0.0,0.0,0.0,0.0,0.0,0.0,0.0,0.0,0.0,0.0,0.0,0.0,0.0,-0.34964442675245755,-0.34964442675245755,-0.34964442675245755,0.34964442675245755,0.34964442675245755,0.34964442675245755,0.34964442675245755,0.34964442675245755,0.27318402474171444,0.27318402474171444,-0.34964442675245755,-0.34964442675245755,-0.27318402474171444,-0.1253917581700648,0.0,0.0,0.2906092623298947,0.0,0.0,-0.0,0.0,0.0,0.0006572780754675674,4.855698960895052,0.0,4.855698960895052,-0.2906092623298947,0.0006572780754675674,0.0,0.0,0.0,0.0,0.0,0.0,0.0,0.0,-0.06075057177651533,999.2232279844297,0.0,0.0,0.0,0.0006612079892222299,0.0,0.0,0.0,0.0,996.5835078628571,0.0,0.0,0.0,0.0,0.0,0.0,0.0,0.0,0.0,-0.0,0.0,0.0,0.0,0.0,0.07646629688137502,0.0,0.24352889554901996,0.0,0.2937974048633775,1000.0,0.44016507769896146,0.2937974048633775,0.0,-0.0,0.0,0.02730111085365092,0.0,0.0,0.04095166628047638,0.0,-1000.0,0.0,0.0,0.0,-0.0,0.0,0.0,0.0,-0.0,0.0,0.0,0.0,0.0,0.0,0.0,0.0,0.0,0.0,0.0,0.0,0.0,0.0,0.0,0.0,0.0,0.0,-0.0,0.0,0.0,0.0,0.0,0.0,0.0,0.0,0.0626958790850324,0.07389613328582484,0.0,0.0,0.0,0.0,0.0,0.0,0.0,-0.2906092623298947,0.0,0.0,0.00044015034052236057,0.0,0.5332431200213014,0.44016507769896146,-0.44016507769896146,0.0,0.0,-0.0,0.0,0.0,-0.0,-0.0,-0.0,3.7993460034688744,0.0,0.0,0.0,-0.0,-0.0,0.0,0.0,0.0,1.9649568773320077e-6,1.050344119295297,0.0,0.0,0.0,0.0,0.00021909269182251886,0.0,0.0,0.0022380858832811578,0.0,0.0,0.0,0.0,-2.876381492835272,0.0,0.0,0.0,0.0,0.0,-0.0,0.0,0.0,0.0,0.0,0.055847021889091665,0.055847021889091665,0.0,1.9649568773320077e-6,0.0,0.0,0.0,0.0,0.0,0.0,-0.0,0.0,0.0,0.0,3.15,0.0930780423223399,0.0,0.0,0.0,0.6156082174484154,55.80046600349226,0.0,0.0,0.0,0.0,0.00011986236951725247,0.00011986236951725247,0.0,0.0,0.0,0.0,0.0,0.0,0.00011986236951725247,0.24352889554901996,0.0,0.0,0.0,0.0,0.0,1.9649568773320077e-6,0.0,0.0,0.0,0.0,0.0,0.0,0.0,0.0,0.0,0.0,0.0,0.0,0.0,0.0023471409899730837,0.0,0.0,0.0,0.0,0.0,999.9948861997267,0.005113800273306879,0.0,0.0,0.0,0.0,-1000.0,0.0,0.0,0.0,0.0,0.0,0.0,0.0,0.0,0.0,0.0,0.0,0.0,0.0,0.0,0.0,0.0,2.4561960966650107e-5,2.4561960966650107e-5,0.0,0.31771780740956707,0.37444120006594883,0.00021909269182251886,0.0,0.0,0.0,0.0,0.0,0.0,0.0,0.0,0.0004381853836450378,0.0,0.0,0.0,0.0,0.0,0.0,0.0,0.0,0.0,0.0,0.0,0.0,0.0,0.0,0.0,0.0,0.0,0.0,0.0,0.0,0.0,0.00023972473903450495,0.00021909269182251886,0.0,0.0,0.0,0.0,0.0,0.0,0.0,0.0,0.0,0.0,0.0,0.0,0.0,0.0,0.0025569001366282755,0.0,0.005113800273256551,0.0,0.0,1000.0,0.0,0.0,0.0,0.0,0.0,-19.670845812960433,-19.670845812960433,-1000.0,0.0,1000.0,0.0,4.855698960895052,0.0,0.0,0.0,0.0006965772130141969,0.0,0.0,0.0,-0.0,-0.0,0.0,0.0,0.0,-0.0,0.0,0.0,-0.14779226657164968,0.0,0.0,0.0,0.1577123513668603,0.0,0.0,0.0,0.0,0.0006965772130141969,0.0,0.0,0.0,0.0,0.0,0.0,0.0,0.24352889554901996,0.0,0.15121423897352335,0.0626958790850324,0.07389613328582484,0.0,0.0,0.0,0.0,0.0,0.0008763707672900756,0.0,1.9649568773320077e-6,0.0,0.0,0.0,0.0,0.0,0.0,0.0,0.0,0.0,0.0,0.0,35.140329885916294,0.0,0.0,0.0,0.0,0.0,0.0,0.0,0.0,1000.0,0.0,0.1777352619468737,0.0,0.0,0.0,0.0,0.37444120006594883,0.0,0.0,0.0,0.0,0.0,0.0,0.0,0.0,0.0,0.0,0.0,0.0,0.858950442094089,0.2854384783071955,0.8639495696700116,0.0,0.0,0.0,0.0,0.0,0.0,0.0,0.0,0.0,0.0,0.0,0.0,0.01365055542682546,0.0,0.0,0.0,0.0,0.0,0.3644493943447155,0.3644493943447155,0.026364808901602234,0.0,0.0,0.3371482834910646,0.3644493943447155,0.0,0.0006572780754675674,0.0,0.0,0.0,0.0,0.0006572780754675674,0.0,0.0,0.0,0.0,0.0,0.0,0.37444120006594883,0.0,0.0,0.0,0.3249989551185208,0.0,-0.3249989551185208,0.0,0.0,0.0,0.0,0.0,0.0004381853836450378,0.0006572780754675674,0.00044015034052236057,0.0,0.0,0.0002731290059491491,-0.0,0.0,0.0,0.0,0.0,0.0,-0.0,0.0,0.0,0.37444120006594883,0.0,0.0006572780754675674,0.0,0.0006572780754675674,0.0,0.0,0.0,0.0,0.0,0.0,0.0,0.0,0.0,0.0,0.0,0.0,0.0005659075806718206,0.0005659075806718206,0.0,-0.0,0.0,0.0,0.0,0.0,0.0,0.0,0.0,0.0,-0.0,0.0,-0.0,0.0,0.0,0.0,0.0,0.0,0.0,0.0,0.2906092623298947,0.0,0.0,0.025707530826134667,0.0,0.0,0.0,0.0,0.2906092623298947,0.0,0.34964442675245755,0.0,0.0,0.0,0.34964442675245755,0.0,0.34964442675245755,0.34964442675245755,0.34964442675245755,0.27318402474171444,0.0,0.0,0.0,0.0023471409899730837,0.002785326373618122,0.27318402474171444,-0.0,0.0,0.0,0.0,0.0,0.0,-0.0,0.00021909269182251886,0.0,0.0,0.0,0.0,1.9649568773320077e-6,0.0,0.0,0.0,0.0,0.0,0.0,0.0,0.0,14.58586870895468,0.0,0.0,0.0,1.9649568773320077e-6,0.0,0.0,0.0,0.0,0.0,0.0,0.0,0.0,0.0,0.0,0.07646040201074306,0.0,0.0,0.0,0.1253917581700648,0.0,0.0,0.8639495696700116,0.14779226657164968,0.0,-1.050344119295297,0.0,0.0,0.0,0.0,0.0,0.0,0.0,0.0,0.0,0.0,0.0,0.0,0.0,0.0,0.0,0.0,0.0,0.0,0.0,0.0,0.0,0.0,0.0,0.0,0.0,2.147589794295632,0.0,0.0,0.0,0.0,0.23683134003263362,0.0,6.919561748018561,0.0,0.0,0.0,0.0,0.0,0.0,0.00021909269182251886,0.0,0.0,0.0,0.0,0.0,0.0,0.0,0.0,0.0,0.0,0.0,0.0,0.0,0.0,0.0,0.015779586203414693,0.0005659075806718206,0.015779586203414693,0.3249989551185208,0.0,0.0,0.0,0.0,0.0,0.0,0.0,0.0,0.0,0.0,0.0,0.0,0.0,0.0,0.0,0.0,0.0,0.0,0.0,0.0,0.0,0.0,0.0,