{"objective_value":0.9767013604875588,"time_limit":1800,"thermo_feasible":false,"dual_bound":0.9767013604875588,"solution":[0.0,1.953402720975118e-6,0.0,1.953402720975118e-6,0.0,0.0,0.0,0.976701360487559,-0.0,-0.0,-0.0,-0.0,-0.0,-0.0,-0.0,-0.0,-0.0,-0.0,-0.0,-0.0,-0.0,-0.0,-0.0,-0.0,-0.0,-0.0,0.0,0.0,-0.0,-0.0,-0.0,-0.0,-0.0,-0.0,-0.0,-0.0,-0.0,-0.005083730581304735,0.0,-0.0,-0.0,-0.0,-0.0,-0.0,-0.0,-0.0,-0.0,-0.0,0.0,-0.0,-0.0,-0.0,-0.0,-0.0,-0.0,-0.0,-0.0,-0.0,-0.0,-0.005083730581337744,0.0,-0.0,-0.0,-0.0,-0.0,19.909074569999067,-0.0,-2.441753401218897e-5,0.0,0.0,0.0,-0.0,-0.0,-0.0,-0.0,-0.0,-0.0,-0.0,0.0,-0.0,-0.0,-0.0,-0.0,-0.0,-0.0,-0.0,-0.0,-0.0,-0.0006924812645856793,-0.0,-0.0,-0.0,-10.0,-0.0,-0.0,-0.0,-0.0,-0.0,-0.0,-0.0,-0.0,-0.0,-0.0,-0.0,-0.0,-0.0,-0.0,-0.0,-0.0,-0.0,-0.0,-0.0,-0.0,-0.0,-0.0,-0.0,-0.0,-0.0,-0.0,-0.0,-0.0,-0.0,-0.0,-0.0,-0.0,-0.0,-0.0,-0.0,-0.0,0.0,-0.0,-0.0,-0.0,-0.0,-0.0,-0.0,-0.0,-0.0,-0.0,-991.0101545045743,0.0,0.0,-0.0,0.0,-0.0,-0.0,-0.0,545.6965587230972,-0.0,-0.0,0.0,-0.0,-0.0,0.0,-0.0,0.0,-0.0,-1000.0,999.9843131994492,-0.0,-0.0,-0.0,-0.0,-0.0,-0.0,-0.0,-0.0,0.0,-0.0,0.0,-0.0,0.0,0.0,0.0,-0.0,-0.0,0.0,-0.0,-0.0,-0.0,-0.0,-0.0,-0.0,-0.0,-0.19064526865764805,-0.0,-0.0,-0.0,-0.0,-0.0,-0.0,-3.469446951953614e-18,-0.0,-0.0,-0.0,0.0,-0.0,-0.0,-0.0,-0.0,-0.0,0.0,0.0,-0.0,-0.0,-0.0,-0.0,-0.0,1.953402720975118e-6,-0.0,-0.0,-0.0,-0.0,-0.0,-0.0,-0.008472884302229571,0.0,-0.0,-0.0,-0.0006749006400969032,-0.0,-0.0,-0.0,-0.0,-0.0,-0.0,-0.0,-0.0,-0.0001259944755028951,-0.0,-0.0,-0.0,-0.0,-0.0,-0.0,-0.0,-0.0,-0.0,-10.549179495186385,-0.0003154745394374815,-0.0,-0.0,-0.0,-0.0,-0.0,-0.0,-0.0,-0.0,0.0,-0.0,0.0,-0.0,0.0,-0.0,-267.82118178091207,-0.0,-0.0,-0.0,-0.0,-0.0,-0.0,-0.0,-0.0,-0.0,-0.0,-0.0,-0.0,-0.0,-0.0,-0.0,-0.0,-0.0,-0.0,-0.0,-0.0,-0.0,-0.0,-0.0,-0.0,0.0,-0.9421564100683353,-0.0,0.0,-0.0,-0.0,-0.0,-0.0,-0.0,-0.0,-0.0,-0.0,-0.0,-0.0,-0.0,-0.0,-0.0,-0.0,-0.0,-0.00033305516392625757,0.0,0.0,0.0,0.0,0.0,0.0,-0.0,-0.0,-0.0,0.0,-0.0,0.0,0.0,-0.0,-0.0,-0.0,0.0,-0.0,-0.0,-0.0,-0.0,-0.0,-0.0,0.0,-0.0,-0.0,0.0,-0.0,0.0,-0.0,-0.0,-0.0,-0.0,-0.0,-0.246333850128567,0.0,0.0,0.0,0.0,0.0,-0.0,-0.0,0.0,-0.0,0.0,-0.0,-0.0,0.0,-0.0,0.0,-0.0,-0.0,-0.0,0.0,0.0,0.0,0.0,0.0,0.0,0.0,0.0,0.0,0.0,0.0,0.0,0.0,0.0,0.0,0.0,0.0,0.0,0.0,0.0,0.0,0.0,0.0,0.0,-0.0,0.0,0.0,0.0,0.0,0.0,0.0,0.0,0.0,0.0,0.0,0.0,0.0,0.0,0.0,0.0,0.0,0.0,0.0,0.000653413210165655,0.0,0.0,0.0,0.0,0.0,0.0,0.0,0.0,0.0,0.28010232296606385,0.0,0.0,0.0,0.0,0.0,0.8538997217320974,0.0,0.0,0.0,0.0,0.0,0.0,0.0,0.0,-0.34758848017031246,-0.34758848017031246,0.0,0.0,0.0,0.0,0.0,0.0,-0.34758848017031246,-0.34758848017031246,-0.34758848017031246,0.0,0.0,0.0,0.0,0.0,0.0,0.0,-0.2715776734917287,-0.12465444123630615,0.0,0.0,0.0,1000.0,0.0,0.07601080667858377,-0.0,0.0,0.0,0.0,0.0,0.0,0.0,0.0,0.0,0.0,6.298334709036179,6.298334709036179,0.0,0.0,0.0,0.0,0.0,0.07346161612771125,0.28376006956108996,0.0,0.34758848017031246,0.000653413210165655,0.0,0.0,0.0,0.0,0.00043951561221941657,0.0,-996.6642083579387,0.0,999.2277954868647,0.07601080667858377,0.0,0.0,0.0,0.0,0.0,0.0,0.0,0.0,0.0,0.0,0.0,0.0,0.0,0.0,0.0,0.0,0.0,0.0,0.0,0.0,0.0,0.0,0.242096919626772,0.2920698447360612,0.0,0.43757686001877605,0.2920698447360612,0.0,0.0,0.1469232322554225,0.0,-1000.0,1.953402720975118e-6,0.0,0.0,0.0,0.0,0.0,0.0,0.0,0.00043756220949842106,0.0,0.0,0.0,0.0,0.0,0.0,0.038005403339291886,0.0,0.0,0.0,0.0,0.0,0.0,0.0,0.0,0.0,0.0,0.0,0.0,0.0,-0.0,0.0,-0.0,-0.0,-0.0,0.0,0.0,1.953402720975118e-6,0.0,0.0,0.0,0.0,0.0,0.0,0.00021780440338872562,0.06232722061815307,0.12465444123630615,0.07346161612771125,0.0,0.0,0.0,0.05551863543419431,0.0,0.0,0.0,0.0,0.0,0.0,1.953402720975118e-6,0.0,0.07601080667858377,0.5301075935086466,0.0,0.05551863543419431,0.0,0.0,0.0,0.0,0.0,0.0,0.43757686001877605,-0.43757686001877605,0.0,0.0,0.0,5.248193219850839,0.0,0.0,0.0,0.0,0.0,0.027140577405228284,0.07346161612771125,0.0,0.0,0.0,0.04071086610784242,0.0,-1000.0,0.0,0.0,0.0,0.0,0.0,0.0,0.0,0.0,0.0,0.0,0.0,1000.0,0.0,0.0,0.0,0.0,0.0,0.0,-0.0,0.0004356088067774513,0.0,0.0,0.0,0.0,0.0,0.0,0.0,0.0,0.0,0.0,0.0,0.0,0.0,0.0,0.0,0.0,0.28890044882133603,0.28890044882133603,0.0,0.0,0.07601666688674669,0.0,0.0,0.0,0.0,0.0,-0.0,1000.0,0.0,-1.0441679836645974,0.0,0.0,-0.0,0.34758848017031246,0.0,0.34758848017031246,0.0,0.34758848017031246,0.34758848017031246,0.0,0.2715776734917287,3.15,0.0,0.2715776734917287,0.0,0.0,0.0,0.0,0.0,0.0,0.0,0.0,0.0,0.0,0.0,0.0,0.0,0.0,0.0,0.0,0.0,0.0,0.23543874645232848,-19.909074569999067,0.0,0.0,0.0005625799836406418,1.0441679836645974,0.3230879265424821,0.0,0.0,0.002224925699190669,0.0,0.0,0.0,0.0,0.0,0.0,0.0,0.0,0.0,0.0,0.0,0.0,-2.859468062370741,0.0,-0.0,0.0,0.0,0.0,0.0,0.0,0.0,0.0,0.0,0.0,0.6119883753638181,0.0,-0.0,0.09253073348987034,0.0,0.0,0.0,0.0,0.0,0.0,0.0,0.0,52.284502590919345,0.0,0.0,0.0,0.00011915756597948219,0.0,0.0,0.0,0.002333339550204778,0.0,0.0,0.242096919626772,-0.0,0.0,0.0,0.0,0.0,1.953402720975118e-6,0.00011915756597948219,0.0,0.0,0.0,0.0,0.0,0.0,0.0,0.00011915756597948219,0.0,999.9949162694187,0.0,0.0,0.0,0.0,0.0,0.3158495927599087,0.37223944580765744,0.0,0.0,-1000.0,0.00021780440338872562,0.002541865290668872,0.0,0.0,0.0,0.0,0.0,0.0,0.0,0.0,0.0,0.0,0.0,0.0,0.0,0.0,0.0,0.0,0.0,0.0,0.0,0.0,0.0,0.0,0.0,0.3230879265424821,0.0,0.0,0.0,0.0,0.0,0.0,0.000653413210165655,0.0,0.0,0.0,0.0,0.0,0.0,0.0,0.0,0.0,0.013570288702614142,0.0,0.0,0.0,0.0,0.0,0.0004356088067774513,0.0006924812645856793,0.0,0.0,0.17669015961900164,35.64192746466662,0.0,0.0,0.0,0.0,0.0,0.0,0.0,0.0,0.0,0.3623063929714994,0.0,0.3623063929714994,0.0,0.026209781008683118,0.0,-0.0,0.0,0.0,0.0,0.000653413210165655,0.0,0.0,0.0,0.0,0.0,0.0,0.0,-0.0,0.000653413210165655,0.3351658155662712,0.0,0.3623063929714994,0.07346161612771125,0.0,0.0,-0.3230879265424821,0.000653413210165655,0.0,0.0,0.0,0.00023831513195896438,0.0,0.0,0.0,0.0,0.0,0.06232722061815307,0.0008712176135549026,0.37223944580765744,0.37223944580765744,0.0002715229782155414,0.0023333395502047783,-5.312590645178972e-18,1.953402720975118e-6,0.0,0.0,2.441753401218897e-5,0.0005625799836406418,0.0,0.0,0.0,0.0,0.0,0.0,0.0,0.0,0.0,0.0,0.37223944580765744,0.0005625799836406418,0.0,-0.0,0.0,0.8538997217320974,0.000653413210165655,0.0,0.28376006956108996,0.0,0.0,0.0,0.0,2.2712561623645158,0.0,0.0,0.0,0.00021780440338872562,0.0,0.0,0.0,0.0,0.025556367798517464,0.0,0.0,-0.0,-0.0,0.0,0.0,0.0,0.0,0.0,-0.0,0.0,0.0,0.0,1000.0,0.0,0.0,0.0,0.0,-1000.0,0.0,0.0,0.0,15.971290019494086,0.002333339550204778,0.0,0.025556367798517464,0.0027689483569822296,0.0,0.0,0.0,0.0,0.0,0.0,0.0,0.0,0.0,0.00021780440338872562,0.0,0.0,0.0,0.0,0.0,0.0,0.0,0.0,0.0,0.015686800550790685,0.0,0.0,0.0,0.0,1000.0,0.0,0.0,0.0,0.0,0.0,0.0,0.0,0.0,0.0,0.0,0.07601080667858377,0.0,0.0,0.0,0.0,0.0,0.0,0.12465444123630615,0.0,0.1469232322554225,0.0,0.0,2.1349617368761504,0.0,0.34758848017031246,0.34758848017031246,0.34758848017031246,0.0,6.298334709036179,0.0,0.0,0.0,0.34758848017031246,0.34758848017031246,0.0,0.0,6.8786561813134055,0.0,0.0,0.0,0.0,0.0,0.0,0.0,2.2712561623645158,0.0,0.0,0.0,0.0,0.0,0.0,0.0,0.0,0.0,0.0,0.0,-0.1469232322554225,0.0,0.0,0.0,0.00021780440338872562,0.0,0.0,0.0,0.15678498589226542,0.0,0.0,0.0,0.0,0.0,0.0,0.0,0.0,0.0,0.0,0.0,0.0,0.0,0.0,0.0,0.0,0.0,0.0,0.0,0.0,0.0,0.0038130421113434297,-0.0,0.0,0.0,0.0,0.00239584843727546,0.21590471924257731,0.0,0.0,0.0,0.0,0.0,0.0,0.0,0.0,0.0,-0.13578883674586434,0.0,0.0,0.0,0.0,0.0,0.0,0.15032508309400067,249.9960782998623,0.0,0.0,0.0,0.0,6.266740373427018,0.0,0.0,0.0,0.0,0.0,-0.0,0.0,0.0,0.0,0.0,0.0,0.0,0.0,0.0,0.0,0.0,0.09228655814974844,0.0,0.0,0.242096919626772,0.0,0.007626084222686859,0.0,0.0,0.0,0.0,0.0,0.0,0.00348487045421961,0.0,0.0,0.06232722061815307,0.0,0.0,0.00021780440338872565,0.0,0.0,0.0,0.0,0.0,0.0,0.0,0.0,0.0,0.0,0.0,0.0,-0.0,0.0,0.0,0.0,0.0,0.0,0.0,0.000653413210165655,30.06933949185297,0.0,0.0,0.0,0.0,0.0,0.0,0.5048051680639133,0.0,0.0,0.0,0.0,0.43779466442216475,0.0,0.0,-1000.0,0.0,0.0,0.0,0.0,0.0,0.0,0.0,0.0,0.0,0.0,0.0,0.0,0.0,0.0,0.23803774877258532,0.0,0.0,