{"objective_value":0.9865789307433722,"time_limit":1800,"thermo_feasible":false,"dual_bound":0.9865789307433722,"solution":[-0.0,-0.0006817260411436702,-0.0,-0.00012726868206589502,-0.0,-0.0,-0.0,-0.0,-10.655865393138663,-0.0003186649946301092,-0.0,-0.0,-0.0,-0.0,0.0,-0.0,-0.0,-0.0,-0.0,-0.0,-0.0,-0.0,0.0,-0.0,-0.0,-0.0,0.0,-0.0,-0.0,0.0,-0.0,0.0,0.0,-0.0,-0.0,-0.0,-0.0,-0.0,0.0,-0.0,-0.0,-0.0,-0.0,-0.0,-0.0,1.973157861486744e-6,0.0,1.973157861486744e-6,0.0,0.0,0.0,0.9865789307433722,-0.0,-0.0,-0.0,-0.0,-0.0,-0.0,-0.0,-0.0,-0.0,-0.0,-0.0,-0.0,-0.0,-0.0,0.0,-0.0,-0.0,-0.0,-0.0,-0.0,-0.0,-0.0,-0.0,0.0,-0.0,-0.0,-0.0,-0.0,-0.0,-0.0,-0.0,-0.0,-0.0,-0.0,-0.0,-0.0,-0.005135143334541681,-0.0,-0.0,-0.0,-0.0,-0.0,-0.0,-0.0,-0.0,-0.0158454442066693,-0.0,-0.0,-0.0,-0.0,0.0,-0.0,-0.005135143334519253,-0.0,-0.0,-0.0,-0.0,-0.0,0.0,-0.0,19.503627266751835,-2.466447326858431e-5,-0.0,0.0,0.0,-0.0,0.0,0.0,-0.0,-0.0,-0.0,-0.0,0.0,-0.0,-0.0,-0.0,-0.0,-0.0,-0.0006994844618970508,-0.0,0.0,-0.0,-0.0,-0.0,-0.0,0.0,-0.0,-0.0,-0.0,-0.0,-0.0,-0.0,-0.0,-0.0,-0.0,-0.0,-0.0,-0.1925733012285911,0.0,-0.0,0.0,-0.0,-0.0,-0.0,-0.0,-0.0,-0.0,0.0,0.0,0.0,-0.0,-0.0,-0.0,-0.0,0.0,-0.0,-0.0,0.0,-0.0,0.0,-0.0,-0.0,-0.0,-0.0,-0.0,-0.0,-0.0,-0.0,-0.0,-0.0,-0.0,-0.0,-0.0,-0.0,-0.0,-0.0,-0.0,-0.0,0.0,0.0,-17.398580574101103,-0.0,-0.0,1.973157861486744e-6,-0.0,-0.0,-0.0,-0.0,-0.0,-0.0,-0.0,-0.0,-0.0,0.0,-0.0,-0.0,-0.0,-0.008558572224198755,0.0,-0.0,0.0,-0.0,-0.9516846206141736,-0.0,-0.0,-0.0,-0.0,-0.0,-0.0,-0.0,-0.0,-0.0,-0.0003364234153834899,0.0,0.0,0.0,0.0,0.0,0.0,-0.0,-0.0,0.0,-0.0,0.0,0.0,-0.0,-0.0,-0.0,-0.0,0.0,0.0,-0.0,0.0,0.0,-0.0,-0.0,-0.0,0.0,-0.0,0.0,0.0,0.0,0.0,0.0,0.0,-0.0,-0.0,-0.0,-0.0,-0.0,-0.0,0.0,0.0,-0.0,-0.0,-0.0,-0.0,0.0,0.0,0.0,-0.0,0.0,-0.0,0.0,-0.24882507212239346,-0.0,-0.0,-0.0,-0.0,0.0,-0.0,0.0,-0.0,-0.0,-0.0,0.0,0.0,0.0,0.0,-0.0,-0.0,-0.0,-0.0,-0.0,0.0,0.0,-0.0,-0.0,-0.0,-0.0,0.0,0.0,0.0,-0.0,-0.0,-0.0,-0.0,0.0,0.0,-0.0,0.0,-0.0,-0.0,-0.0,0.0,0.0,0.0,-0.0,-0.0,-0.0,0.0,0.0,0.0,0.0,0.0,0.0,0.0,-0.0,-0.0,-0.0,-0.0,-0.0,0.0,0.0,-0.0,0.0,0.0,0.0,0.0,-0.0,-0.0,-0.0,-0.0,-0.0,-0.0,0.0,-0.0,-0.0,-0.0,-0.0,-0.0,0.0,-0.0,-0.0,-0.0,0.0,-0.0,0.0,-0.0,0.0,0.0,0.0,0.0,0.0,0.0,0.0,0.0,0.0,0.0,0.0,0.0,0.0,0.0,-10.0,0.0,0.0,0.0,0.0,0.0,0.07677951870617221,0.0,0.0,0.07677951870617218,0.0,0.0,0.0,-0.0,0.0,0.0,0.0,0.0,0.0,-0.0,0.0,0.0,0.0,0.0,0.0,0.0,0.0,0.0,0.27432419116677914,0.0,0.0,0.0,0.0,0.0,-0.0,0.0,0.0,0.07678543817975741,0.0,1000.0,0.0,-0.0,0.0,0.0,0.0,0.3511037098729513,0.3511037098729513,0.3511037098729513,0.3511037098729513,0.0,0.0,-0.0,0.0,1.973157861486744e-6,0.3511037098729513,0.2743241911667791,0.0,0.0,0.0,0.0,0.0,0.0,0.0,0.0,0.0,0.0,0.28662979016994117,0.8625353752016167,0.0,0.2829350520739098,0.0,-0.0,0.0,-0.3511037098729513,0.0,0.0,-0.0,0.0,0.0,0.07677951870617221,0.0,0.0,0.0,-0.3511037098729513,-0.3511037098729513,0.0,-0.0,0.0,-0.3511037098729513,-0.3511037098729513,-0.2743241911667791,-0.12591509577291513,0.0,0.038389759353086104,0.0,0.12591509577291513,0.14840909539386402,0.0,0.0,-0.0,-0.0,0.0,-1000.0,0.0,-0.0,0.0,0.0,-0.0,-0.0,0.0,0.0,0.00044198736097303404,0.0,-0.0,0.0,0.0,0.0,0.0,-0.0,-0.0,0.0,0.0006600213046352721,0.0,0.5354686744121295,-0.0,0.44200215967138684,0.0,-0.44200215967138684,0.0,0.0,0.0,-0.0,0.0,0.0,0.0,0.0,4.948303806172703,4.948303806172703,3.6009122423001827,0.0,-0.0,0.0,0.02741505532749683,0.0,0.0,0.0,0.06295754788645756,0.07420454769693201,0.04112258299124525,-1000.0,0.0,0.0,-0.0,0.0,0.0006600213046352721,-996.63047285016,0.0,1000.0,0.0,0.0,0.0,0.0,999.2199860328669,0.0,0.0004439605188345097,0.0,0.0,0.0,-1000.0,0.0,0.0,-0.0,-0.0,0.0,0.0,0.0,0.0,0.0,0.0,0.0,0.0,0.0,-0.0,0.24454529272082937,0.44200215967138684,0.0,0.0,-0.0,0.0,0.2950236037271736,0.2950236037271736,0.0,0.0,0.0,-0.0,0.0,0.0,0.0,0.0,-0.0,-0.0,-0.0,-0.0,-0.0,0.0,0.0,0.0,0.0,-0.0,0.0,0.0,0.0,1.973157861486744e-6,0.0,0.0,0.0,9.06491610198923,0.0,0.00022000710155577205,0.0,0.0,-0.0,0.0,0.0,0.0560801061602455,0.0,0.0,45.55982796997898,0.0,0.06295754788645756,-0.0,0.0,0.0,0.0,0.0,0.0,0.0,-0.0,0.0,0.0,0.0,3.15,0.0,0.0,0.0,0.0,0.0,0.0,0.0,1.973157861486744e-6,0.0,0.0,0.0,0.0,0.0,0.0,0.0560801061602455,0.0,0.0,0.0,0.0,0.0,0.0,0.0,-0.0,0.0,-2.601756627238416,0.0,0.0,0.0,0.06295754788645756,0.07420454769693201,0.0,0.0,0.0,0.0,0.0,0.0,0.0,0.0,0.0,-0.0,0.0,0.09346651474075429,0.0,-0.0,55.32223391979061,0.0,0.0,0.0,0.0,0.0,0.0,0.0,0.0,0.0001203626295506914,0.0,0.0,0.24454529272082937,0.00044001420311154404,0.0,-0.0,0.0,0.0,1.973157861486744e-6,0.0,0.0001203626295506914,0.0001203626295506914,0.0,999.9948648566655,0.0,0.0,0.0,0.0,0.0,0.0,0.0,0.0,0.0,0.0,0.0,-1000.0,0.2918221550824436,0.2918221550824436,0.0,0.0,0.0,0.0,0.0,0.0,0.0,-0.7680980667935273,0.0,0.0,0.0,0.0,0.0,0.0,0.2378197841503436,0.0,0.0,0.0,0.0,0.0,0.0,0.0,0.0,0.0002407252591013828,0.0,0.0005682694637130226,0.7680980667935273,-0.0,0.0,0.0,0.0,0.3263553773950889,0.0,0.0,0.0006994844618970508,0.0,0.0,0.00022000710155577205,0.0,0.0022474268042334015,0.0,0.0,0.0,0.0,0.0,0.0,0.0,0.0,0.0,0.0,-19.503627266751835,0.0,0.0,0.0,0.0,0.0,0.0,0.0,0.0,34.78879791860629,0.0,0.0,0.0,0.0,0.0,0.0,0.24454529272082937,0.0,0.15184534980964312,0.0,0.0,0.0,0.0,0.0,0.0,0.0,0.0,0.0,0.0,0.0,0.0,0.013707527663748414,0.0,0.0,0.17847706146574183,0.0,0.0,0.0,0.0,0.0,0.3263553773950889,0.0,0.0,0.0006600213046352721,0.0,0.0,0.0,0.0,0.0,0.0,0.0,0.0,0.0,0.33855541245282633,0.36597046778032316,0.0,0.0,0.0,0.0,0.0,0.0,0.06295754788645756,0.0,0.07420454769693201,0.0,0.0,0.00044001420311154404,0.0,-0.0,0.0,0.0,0.0008800284062230881,0.0,0.0,0.0006600213046352721,0.0,0.0,-0.3263553773950889,0.0006600213046352721,1.973157861486744e-6,0.0,0.0,0.0,0.0,-0.0,0.0,0.0,0.0,0.0,0.0,0.8625353752016167,0.0,0.3760039755059337,0.3760039755059337,0.0002742689427466575,-0.0,0.3760039755059337,0.0,0.0,0.0,0.28662979016994117,3.2526065174565133e-18,0.0,0.0005682694637130226,0.0006600213046352721,0.0,0.0,0.0,0.0,0.0,0.36597046778032316,0.36597046778032316,0.026474845606467845,0.0,0.0,0.0,0.0,0.0005682694637130226,0.0,0.0,-0.0,0.0,0.0,0.0,0.0006600213046352721,0.0,-0.0,0.0,0.0,0.0,0.025814824301831078,0.0,-0.0,0.0,0.0,0.00235693706554585,0.0027969512686567555,0.025814824301831078,0.0,0.0,0.00022000710155577205,0.0,0.0,0.0,0.0,0.0,0.0,0.0,0.0,0.0,0.0,0.0,-0.0,0.00235693706554585,0.0,0.0,0.0,0.0,0.0,0.0,0.0,0.0,0.0,0.0,0.0,0.0,1.973157861486744e-6,0.0,0.0,0.0,0.0,1.973157861486744e-6,0.0,0.0,0.0,0.0,0.0,0.0,0.0,0.0,0.0,0.0,0.0,0.0,0.0,0.0,0.0,0.0,0.0,0.0,0.0,0.0,0.0,0.0,0.0,0.0,0.0,0.0,0.2743241911667791,0.0,0.0,0.0158454442066693,0.14840909539386402,0.0,0.0,0.0,0.0,0.0,0.3511037098729513,2.15655301892275,0.0,0.3511037098729513,0.0,0.2743241911667791,0.0,0.0,0.0,14.719083589415465,0.0,7.929851937582725,0.0,0.0,0.0,0.0,0.0,0.0,0.0,0.0,0.0,0.0,0.0,0.0,0.0,0.0,0.0,0.0,0.0,0.0,0.0,0.0,0.0,0.0,0.0,0.0,0.07677951870617218,0.0,0.00022000710155577205,0.0,0.0,0.0,0.0,0.12591509577291513,0.0,0.0,0.0,0.0,0.0,0.0,0.0,0.21808820553547614,0.0,0.0,0.0,0.0,0.0,0.0,0.0,0.0,0.0038516041456221253,-0.13716209558338954,0.0,0.0,0.0,-0.0,0.0035201136248923528,0.4422221667729426,0.0,1.1005095589767393,0.0,0.0,0.0024200781170811148,0.0,0.0,0.0,0.0,0.0,0.0,0.0,-0.0,0.0,0.0,0.0,0.0,0.2404450706849559,16.414196377319474,0.0,0.0,0.0,0.0,0.0,0.09321987000807976,0.0,0.0,0.0,0.0,0.0,0.0,0.0,0.0,0.0,0.0,0.0,0.4422221667729426,0.0006600213046352721,0.0,0.0,0.0,0.0,0.0,0.0,0.0,0.09321987000807976,0.0,0.0,0.0,0.0,0.5099103606179197,0.0,4.629760160782103,3.6343899143168983,0.0,0.0,996.5436539042839,0.0,0.0,-0.0,0.0,0.0,996.5436539042839,0.0,-0.0,0.0,0.0,0.0,0.0,0.0,-0.0,-0.0,0.0,0.0,0.0,996.5436539042839,996.5436539042839,10.0,0.0,-1000.0,0.0,0.0,1.7863146107165448,1000.0,0.0,0.0,0.0,0.0,-0.02741505532749683,0.5099103606179197,0.0,0.0,0.0,0.0,0.0,0.0,0.0,0.0,-8.15030465125983,0.0035201136248923528,-1000.0,0.0002742689427466575,0.0,0.0,0.0,0.0,0.0,0.0,0.0035201136248923528,0.0,0.0,0.0,0.0,1000.0,0.0,0.0,0.0,-0.0,0.0,0.0,0.0,0.0,0.0,0.0,0.0,0.0,0.0,0.0,0.0,0.0,0.0,0.0,0.0,0.0,0.0,0.0,0.05387164923058663,0.0,0.0,0.0,0.0,0.0,0.0,0.0,