{"objective_value":0.9853648657315409,"time_limit":1800,"thermo_feasible":false,"dual_bound":0.9853648657315409,"solution":[19.55346132243884,-2.4634121643288526e-5,0.0,0.0,0.0,0.0,0.0,-0.0,-0.0,-0.0,0.0,-0.0,0.0,-0.0,0.0,0.0,-0.0006986236898036625,0.0,-0.0,0.0,0.0,-0.0,-0.0,-0.0,-0.0,-0.0,-0.0,-0.0,-0.0,-0.0,-0.0,-0.0,-0.0,-0.0,-0.0,-0.0,-0.0,0.0,0.0,-0.0,-0.0,0.0,-0.0,-0.0,-0.0,-0.0,-0.0,-0.0,-0.0,-0.0,-0.0,-0.0,-0.0,-0.0,-0.0,-0.0,-0.0,-0.0,-0.0,-0.0,-0.0,-0.0,-0.0,-0.0051288241261318035,-0.0,-0.0,-0.0,-0.0,-0.0,-0.0,-0.0,-0.0,-0.0,-0.0,-0.0,-0.0,-0.0,-0.0,-0.0,-10.0,-0.0,-0.005128824126132671,-0.0,0.0,-0.0,-0.0,-0.0,-0.0,-0.0,-0.0,-0.0,-0.0,-0.0,-0.0,0.0,-0.0,-0.0,-0.0,-0.0,-0.0,-0.0,-0.0,1.970729731463082e-6,-0.0,-0.0,-0.0,0.0,-0.0,-0.0,-0.0,-0.0,1.970729731463082e-6,0.0,0.0,0.0,0.9853648657315409,-0.0,-990.9304130639031,-0.0,-0.0,545.569684794666,-0.0,-0.0,-0.0,-0.0,-0.0,-0.0,0.0,0.0,-0.0,0.0,-0.0,-0.0,-0.0,-0.0,-0.0,0.0,-0.0,-0.0,0.0,-0.0,-0.0,-0.0,-0.0,-0.0,-0.0,-0.0,-0.0,-0.0,-0.0,-0.0,-0.0,-0.0,-0.0,-0.0,-0.0,-0.0,-0.0,-0.0,-0.0,-0.0,0.0,-0.0,-0.0,-0.0,-0.0,-0.0,0.0,-0.0,-0.0,-0.0,-0.0,-0.0,-0.0,0.0,-0.19233632423673666,-0.0,-0.0,-0.0,-0.0,0.0,-0.0,0.0,-0.0,-0.0,-0.0,-0.0,-0.0,-0.0,0.0,0.0,-0.0,-0.0,-0.0,-0.0,-0.0,-0.0,-0.0,-0.0,-0.0,-0.0,-0.0,0.0,-0.0,-0.0,-0.0,-0.0,-0.0,-0.0,-0.0,-0.0,0.0,-0.0,-0.0,-0.0,-1000.0,-0.0,-0.0,-0.0,-0.0,-0.0,-0.0,-0.0,-0.0,-0.0,-0.0,999.9841740548915,1.970729731463082e-6,-0.0,-0.0,-0.0,0.0,-0.0,-0.008548040210221118,0.0,-0.0,-0.0,-0.0,-0.0,-0.0,-0.2485188727861516,-0.0,-0.0,-0.0,-0.0006808871222204947,-0.0,-0.00012711206767936878,-0.0,0.0,-0.0,-0.0,-0.0,-0.0,-0.0,-0.0,-10.642752490549993,-0.0003182728516312877,-0.0,-0.0,-0.0,-0.0,-0.0,-0.0,-0.0,-0.0,-0.0,-0.0,-0.0,0.0,0.0,0.0,-0.0,-0.0,-0.0,-267.4470485733531,0.0,-0.0,-0.0,-0.0,0.0,-0.0,-0.0,-0.0,-0.0,-0.0,-0.0,-0.0,0.0,-0.0,0.0,-0.0,-0.0,-0.0,-0.0,-0.0,-0.0,0.0,-0.9505134957961117,-0.0,-0.0,-0.0,-0.0,0.0,-0.0,-0.0,-0.0,-0.0,-0.0,-0.0,-0.0,-0.0,-0.0,-0.0,0.0,-0.0,-0.0,-0.0,-0.0,-0.0,0.0,-0.0,-0.0,-0.0,-0.0,-0.0,-0.0,0.0,-0.0,-0.0,-0.0,-0.0,-0.0,-0.00033600941921445543,0.0,-0.0,0.0,-0.0,-0.0,-0.0,0.0,0.0,0.0,0.0,0.0,-0.0,-0.0,0.0,-0.0,0.0,-0.0,0.0,0.0,0.0,0.0,0.0,0.0,0.0,0.0,0.0,0.0,0.0,0.0,0.0,0.0,0.0,0.0,0.0,0.0,0.07668503531069144,0.0,0.0,0.0,0.0,0.0,0.0,0.0,0.0,0.0,0.0,0.0,0.0,0.0,0.0,0.0,0.0,0.0,0.0,0.0,-0.0,0.0,0.0,0.0,0.0,0.0,0.0,0.0,0.0,0.0,0.0,0.0,0.0,0.0,0.0,0.0,0.0,0.0,0.0,0.0,0.0,0.0,0.0,0.0,0.0,0.0,0.0,0.0,0.0,0.29146304436446396,0.29146304436446396,1.970729731463082e-6,0.28627706907611883,0.0,-995.9738572951482,0.8614739557982483,0.0,0.0,0.03834251765534572,0.0,0.0,0.1257601470835851,0.0,0.0,0.0,0.0,0.14822646602226425,0.0,0.0,0.0,0.07668503531069144,0.0,0.0,0.0,0.0,0.0,0.0,0.0,0.0,0.0,-0.35067164841654075,-0.35067164841654075,0.0,0.0,0.0,-0.35067164841654075,-0.35067164841654075,0.0,0.0,0.0,-0.35067164841654075,-0.2739866131058493,0.0,-0.1257601470835851,0.0,0.0,0.29146304436446396,0.0,0.0,0.0,0.0,0.0,0.35067164841654075,0.35067164841654075,0.35067164841654075,-0.0,0.0,0.35067164841654075,0.0,0.35067164841654075,4.971748456265093,4.971748456265093,0.2739866131058493,-0.29146304436446396,0.0,0.0,0.2739866131058493,0.0,0.0,0.0,0.0,0.0,0.0,0.0,0.0,0.0,0.0,0.0,8.094992466363488,0.0,0.0,0.0,0.0,0.07669094749988584,1000.0,996.5479072171665,0.0,0.0,0.0,0.0,0.0,0.0,0.0,0.0,0.0,0.0,0.0,0.0,0.0006592090951743217,0.0006592090951743217,0.0,0.0,0.0,0.0,0.0,0.0,0.0,0.0,0.0,0.0,0.24424435999860816,0.29466055335376085,0.44145824032071435,0.29466055335376085,-0.08671210818431929,999.2209459030311,0.0,0.0,0.0,0.0,0.0,0.0,0.0004434141895791934,0.0,0.0,0.0,-0.0,0.0,0.0,0.0,0.0,0.0,0.0,0.0,-0.0,0.0,0.0,0.0,0.0,0.0,0.0,0.0,0.0,0.0,0.0,0.0,0.0,0.0,0.0,0.0,0.0,0.0,0.0,0.0,0.0,0.0,0.06288007354179255,0.0,-0.0,0.0,-0.0,0.07411323301113212,0.0,0.0,0.0,-0.29146304436446396,0.0,-0.0,-0.0,-0.0,0.0,0.00044144345984772904,-0.0,0.0,0.0,0.0,0.534809736970389,0.44145824032071435,-0.44145824032071435,1.970729731463082e-6,0.0,3.6260149664733436,0.0,0.0,0.00021973636505813362,0.0,0.0,0.0,0.0,0.0,0.0,0.02738131888894806,0.0,0.0,0.0,0.0,0.0,0.0,0.041071978333422084,0.05601109506277798,0.0,0.0,999.010183255805,0.0,0.0,0.05601109506277798,0.0,1.970729731463082e-6,0.0,0.0,-0.0,0.0,0.0,0.0,0.0,0.0,0.0,0.0,0.0,0.0,0.0,0.0,0.0,0.0,0.0,0.0,0.0,0.0,0.0,0.0,0.0,-0.0,0.0,0.0,0.0,0.0,0.0,0.0,0.0,0.0,0.0,0.0,0.0,0.0,0.0,0.0,0.0,0.00043947273011626725,0.0,0.0,0.0,0.0,0.0,0.0,0.0,0.0,0.0,0.0,0.0,0.0,0.0,0.0,0.0,0.0,0.0,0.0,0.0,-0.767152860120694,0.07668503531069144,0.0,0.0,0.0,0.0,0.0,0.0,0.0,0.0,0.0,0.0,0.0,0.0,0.0,0.0,0.2375271277089166,0.0,0.0,0.0,0.0,0.0,0.0,0.0,0.0,0.0,0.29146304436446396,0.29146304436446396,0.0,0.0005675701626610408,0.0,0.325953770759665,0.767152860120694,0.0,0.0,0.0,0.0,0.0,0.0,0.0022446611641364494,0.0,0.0,0.0,0.0,-2.5985549556639285,0.0,0.0,0.0,0.0,0.0,0.0,0.0,-0.0,0.0,0.0,0.0,0.0051288241261318035,0.0,0.0,-1000.0,0.0,0.0,0.0,0.0,0.0,0.0,0.0,0.0,-0.0,0.0,3.15,0.09335149664967472,0.6174168151241289,0.0,0.0,55.4904269440354,0.0,0.0,0.0,0.0,0.0,0.0,0.0,-19.55346132243884,0.00012021451361924799,0.00012021451361924799,0.0,0.0,0.00012021451361924799,0.24424435999860816,-0.0,0.0,0.0,0.0,0.0,0.0,0.0,0.0,0.0,-19.55346132243884,0.0,0.0,0.0,0.0,1.970729731463082e-6,0.0,0.0,0.0023540366642326514,0.0,0.0,0.0,0.0,0.0,0.0,0.0,0.0,0.0,0.0,2.4634121643288526e-5,0.0,0.0,0.0,0.0,0.0,0.0,0.0,999.9948711758739,0.0,0.24424435999860816,0.0,0.1516584918496072,0.31865123173972865,0.375541272262739,0.00021973636505813362,0.0,2.4634121643288526e-5,0.0,0.0,0.0,0.0,0.0,0.0,0.0,0.0,0.0,0.0,0.0,0.0,34.893657181293534,0.0,0.0,0.0,0.0,0.0,0.0,0.0,0.0,0.0,0.0,0.0,0.0,0.0,0.0,0.1782574310351641,0.0,0.0,0.0,0.0,0.0,0.0,0.0,0.0,0.0,0.0,0.0,0.0,0.0,0.0,0.0,0.0,0.0,0.0025644120630663354,0.0,0.005128824126132671,0.0,0.0,0.0,0.0,0.0,0.0,0.0,0.0,0.0,0.0,0.0,0.0,0.01369065944447403,0.0,0.8614739557982483,0.0,0.0,0.0,0.28627706907611883,0.0,0.0,0.0,0.0,0.3381387926893013,0.3655201115782493,0.0,0.0,0.0,0.0,0.0,-0.0,0.0,0.0,0.0,0.0,0.0,0.3655201115782493,0.3655201115782493,0.0,0.06288007354179255,0.07411323301113212,0.0,0.02644226617190582,0.0006592090951743217,0.0,0.0,0.0,0.0,0.0,0.0,0.0008789454602325345,1.970729731463082e-6,-0.0,0.0,0.0,0.0006592090951743217,0.0,0.0,0.0,0.0,0.0,0.0,0.325953770759665,0.0,-0.325953770759665,0.0,0.0,0.00043947273011626725,0.0,0.0,0.0,0.0006592090951743217,0.0,0.0,-0.0,0.00024042902723849598,0.0,0.0,0.375541272262739,0.0,0.0,0.0,0.375541272262739,0.0,0.0,0.375541272262739,0.0,0.00021973636505813362,0.0,0.0,0.0,0.0,0.0,0.0,0.0,0.0,0.00027393143267336837,0.0,0.0011770183321163257,0.0,0.0,0.0,0.0,0.0,0.0,0.0,0.0,0.0,0.0,0.025783057076731498,0.0,0.0,0.0,0.0,0.0,0.0,0.0,0.0,0.0006592090951743217,0.0006592090951743217,0.0,0.0,0.0,0.0,0.025783057076731498,0.0023540366642326514,0.0027935093943489185,0.0,0.0,0.0,0.0,0.0,0.0005675701626610408,0.00021973636505813362,0.0,0.0,0.0005675701626610408,0.0,0.0,0.0,0.0,0.0,0.0,0.0,-0.0,0.0,0.0,0.0,0.0,0.0,-0.0,0.0,0.0,0.0,1000.0,0.0,0.0,0.0,0.0,0.0,0.0,0.0,0.0,0.0,0.0,0.0,-1000.0,0.0,0.0,0.0,0.0,0.0,0.0,0.0,0.0,0.0,0.0,0.0,0.0,1000.0,0.0,0.0,0.0,0.0,0.0,0.0,-0.0,0.0,0.0,0.0,0.0,0.0,0.0,0.0,0.0,0.0,0.35067164841654075,0.07668503531069144,0.0,4.971748456265093,0.0,0.1257601470835851,0.35067164841654075,0.35067164841654075,0.14822646602226425,0.0,0.0,0.0,0.35067164841654075,0.35067164841654075,0.0,0.0,0.0,0.0,0.0,0.2739866131058493,0.2739866131058494,0.0,0.0,0.0,0.0,0.0,0.0,0.0,0.0,0.0,0.0,0.0,0.0,0.0,0.0,0.0,1.970729731463082e-6,0.0,0.0,14.730504506280825,-0.0,0.0,0.0,2.1538992063539175,0.0,0.0,0.0,0.0,0.0,1.970729731463082e-6,0.0,0.0,0.0,0.0,0.0,0.0,0.0,0.0,7.937321744783802,0.0,0.0,0.0,-0.14822646602226425,0.0,0.0,0.0,0.0,0.0,0.0,0.0,-999.9841740548915,0.00021973636505813362,0.0,0.0,0.0,0.0,0.15817569507155552,0.0,0.0,0.0,0.0,0.0,0.0,0.0,0.0,0.0,0.0,0.0,0.0,-0.0,0.0,0.0,0.0,0.0,0.0,0.0,1000.0,0.015825945108514275,0.0,0.0,0.0,0.0,0.0,0.0,0.0,0.0,0.0,0.0,0.0,0.0,0.0,0.0,0.0,0.0006986236898036625,0.0,0.0,0.0,0.0,0.0,0.0,0.0,0.0006986236898036625,0.0,0.0,