{"objective_value":0.982396346134299,"time_limit":1800,"thermo_feasible":false,"dual_bound":0.982396346134299,"solution":[0.0,-0.0,19.67531095081548,-2.455990865335748e-5,0.0,0.0,0.0,0.0,-0.0,-0.0,-0.0,-10.0,-0.0,-0.0,-0.0,0.0,-0.0,-0.0,-0.000696519009409218,-0.0,-0.0,1.9647926922685984e-6,-0.0,0.0,1.9647926922685984e-6,0.0004401135630681674,0.0,-0.0,-0.0,-0.0,-0.0,-0.0,-0.0,-0.0,-0.0,-0.0,-0.0,-0.0,-0.0,-0.0,-0.0,-990.9577361880501,-0.0,545.6122774728273,0.0,0.9823963461342992,-0.0,-0.0,-0.0,0.0,-0.0,-0.0,-0.0,-0.0,-0.0,-0.0,-0.0,-0.0,-0.0,0.0,0.0,0.0,-0.0,-0.0,-0.0,-0.0,-0.0,-0.0,-0.0,-0.0,-0.0,-0.0,-0.0,-0.0,-0.0,-0.0,-0.0,-0.0,-0.0,-0.0,-0.0,-0.0,-0.0,-0.0,-0.0,-0.0,-0.0,-0.0,-0.0,-0.0,-0.0,-0.0,-0.0,-0.0,-0.0,-0.0,-0.0,-0.0,-0.0,-0.0,-0.0,-0.0,-0.0,-0.19175688999099225,-0.0,-0.0,-0.0,-0.0,0.0,-0.0,0.0,0.0,-0.0,-0.0,-0.0,-0.0,-0.0,-0.0,-0.0,0.0,0.0,0.0,-0.0,-0.0,-0.0,-0.0,-0.0,-0.0,-0.0,-0.0,-0.0,-0.0,-0.0,-0.0,-0.0,-0.0,-0.0,-0.0,-0.0,-0.0,-0.0,-0.0,-0.0,-0.0,-0.0,-0.0,-0.0,-0.0,-0.0,-0.0,-0.0,0.0,-0.0,1.9647926922685984e-6,0.0,-0.0,-0.0,-0.0,-0.0,-0.0,-0.0,-0.0,-0.0,-0.0,-0.008522288302715043,0.0,-0.0,-0.0,-0.0,-0.0,-0.0,-0.0,-0.0006788358751788007,-0.0,-0.0,-0.005113372981629026,-0.0,-0.0,-0.0001267291286513246,-0.0,-0.0,-0.0,-0.0,-0.0,-10.61069003283972,-0.0,-0.0,-0.0,-0.0,-0.0,-0.0,-0.005113372981629027,-0.00031731401980137855,-0.0,-0.0,-0.0,-0.0,-0.0,-0.0,0.0,-0.0,0.0,0.0,-267.5752440008779,-0.0,-0.0,-0.0,-0.0,-0.0,-0.0,-0.0,-0.0,-0.0,-0.0,-0.0,-0.0,-0.0,-0.0,-0.0,-0.00033499715403179596,0.0,0.0,0.0,0.0,-0.0,-0.0,0.0,-0.9476499697678978,-0.0,-0.0,-0.0,0.0,0.0,0.0,-0.0,0.0,-0.0,0.0,0.0,0.0,-0.0,-0.0,-0.0,-0.0,0.0,0.0,0.0,0.0,-0.0,-0.0,-0.0,0.0,0.0,0.0,0.0,0.0,0.0,-0.0,-0.0,-0.0,-0.0,-0.0,0.0,-0.0,0.0,0.0,-0.0,0.0,-0.0,-0.0,-0.0,0.0,0.0,0.0,0.0,-0.0,0.0,-0.0,0.0,-0.0,0.0,-0.0,0.0,0.0,-0.0,-0.0,0.0,-0.0,0.0,0.0,-0.24777018245853105,-0.0,-0.0,-0.0,-0.0,-0.0,-0.0,-0.0,-0.0,-0.0,-0.0,-0.0,0.0,0.0,0.0,0.0,-0.0,-0.0,-0.0,-0.0,0.0,0.0,-0.0,-1000.0,-0.0,0.0,0.0,-0.0,0.0,999.9842217322847,0.0,-0.0,-0.0,-0.0,-0.0,-0.0,0.0,0.0,0.0,0.0,0.0,0.0,0.0,-0.0,-0.0,0.0,-0.0,0.0,0.0,-0.0,-0.0,-0.0,-0.0,0.0,0.0,-0.0,-0.0,0.0,-0.0,0.0,0.0,0.0,0.0,-0.0,-0.0,-0.0,0.0,-0.0,-0.0,0.0,0.0,0.0,0.0,0.0,0.0,0.0,0.0,0.0,0.0,0.0,0.0,0.0,0.0,0.0,0.0,0.0,0.0,0.0,-0.0,-0.0,-0.0,0.0,-0.0,0.0,0.0,0.0,-0.0,0.0,0.0764540132415557,0.0,0.0,0.0,0.0,0.0,0.0,0.0,0.0,0.0,0.0,0.0,0.0,0.0,-0.0,0.0,0.0,0.0,0.0,0.0,0.0,0.0,0.0,0.0,0.0,0.0,0.0,0.0,0.0,0.3496152116622744,0.0,-0.0,0.0,0.0764540132415557,0.3496152116622744,0.3496152116622744,-0.0,0.3496152116622744,0.3496152116622744,0.0,0.0,0.0,0.0,0.0,0.0,0.2731611984207187,0.2731611984207187,0.0,0.0,0.0,0.0,0.0,0.0,0.0,0.0,0.0,0.0,0.0,-0.0,0.0764540132415557,0.0,0.0,0.0,0.0,0.07645990761963245,0.0,0.0,-0.0,0.0,0.0,0.0,0.0,0.0,0.0,0.0,0.0,0.0,0.0,0.0,0.0,0.0,0.0,0.0,0.0,0.0,0.0,-0.0,0.0,0.0,0.29058498001575656,0.29058498001575656,0.2854146280460518,-995.9855444127239,0.0,0.8588786711384868,0.0,0.0,-0.0,0.0,0.0,0.0,0.0,0.0,-0.0,0.0,0.0,0.0,0.0,0.0,1.9647926922685984e-6,0.0,0.0,0.03822700662077785,0.0,0.0,-0.0,0.0,-0.3496152116622744,-0.3496152116622744,0.0,0.12538128086442832,0.14777991755629036,-0.3496152116622744,-0.0,-0.3496152116622744,-0.3496152116622744,0.0,-0.0,0.29058498001575656,-0.2731611984207187,-0.12538128086442832,0.0,0.0,-0.0,-0.0,0.0,-0.0,4.857824371613113,4.857824371613113,-0.29058498001575656,0.0,0.0,0.0,0.0,-0.29058498001575656,0.0,0.0004401135630681674,0.533198564053444,0.44012829901337275,0.06269064043221416,0.07388995877814518,0.0,-0.44012829901337275,-0.0,3.8015596794202833,0.0,0.0,0.0,0.0,996.5578649464694,0.0,0.0,-0.0,0.0,0.0,0.027298829666379903,0.0,0.0,0.0,-0.0,0.0,0.0,0.0006572231555637595,0.0006572231555637595,0.0,0.0,0.04094824449956985,0.0,-1000.0,0.0,0.0,0.0,-0.0,0.0,0.0,0.0,0.0,-0.08645087845978904,-0.0,999.2232928888376,0.0,0.0,0.0,0.0,0.0,0.0,0.0,0.0,0.0,-0.0,0.0,0.0,-0.0,0.0,0.0,0.0,-0.0,0.0,0.0,0.0,0.0,0.0,0.00044207835576043846,0.0,0.0,0.0,0.0,0.0,0.0,0.0,0.24350854710900047,0.29377285615897725,0.44012829901337275,0.0,0.29377285615897725,-0.0,0.0,0.0,0.0,0.0,-0.0,0.05584235550331196,0.0,0.0,0.0,-0.0,0.0,-0.0,0.0,0.0,-0.0,0.0,0.0,0.0,-0.0,-0.0,-0.0,-0.0,0.0,0.0,0.0,0.0,0.0,0.0,0.0,0.0,0.0,0.0,1.9647926922685984e-6,0.0,0.0002190743851879487,0.0,0.0,0.0,0.0,0.0,0.0,0.0,0.0,0.06269064043221416,1.9647926922685984e-6,0.07388995877814518,0.0,0.0,0.05584235550331196,0.0,0.0,0.0,0.0,-2.8761411522541476,0.0,0.0,0.0,0.0,0.0,0.0,0.0,-0.0,0.0,0.0,0.0,0.0,0.0,0.06269064043221416,0.0,0.0,0.0,-0.0,0.07388995877814518,0.0,3.15,0.0023469448709148404,0.0,0.0,0.0,0.09307026504007122,55.816052598037516,0.0,0.0,0.0,0.0,0.0,0.0,0.0,0.0,0.0,0.0,0.0,0.0001198523542283845,0.0001198523542283845,0.0001198523542283845,0.24350854710900047,-0.0,0.0,0.3176912599982941,0.0,0.0,0.0,0.0,1.9647926922685984e-6,0.37440991304235777,0.0002190743851879487,0.0,0.0,0.0,0.0,0.0,0.0,0.0,0.0,0.0,0.0,0.0,0.0,0.0,0.0,0.0,0.0,0.0,0.0,0.0,0.0,0.0,0.005113372981629026,0.0,0.0,0.0,0.0,0.0,0.0,-0.005113372981629026,0.0,0.0,0.0,0.0,0.0,0.0,0.0,0.0,0.0,0.0,0.0,0.0,0.0,0.0,0.0,0.0,0.0,0.0025566864908145135,0.005113372981629027,0.0,0.0,0.6155567793352521,0.0,0.0,0.0,0.0,0.0,0.0,0.0,0.0,0.0,-19.67531095081548,-19.67531095081548,0.0,0.0,0.0,0.0,0.0,0.0,2.455990865335748e-5,0.0,2.455990865335748e-5,0.0,0.0,0.0,0.0,0.0,0.0,0.0004381487703758974,0.0,0.0,0.0,0.0,0.0,0.000239704708456769,0.0002190743851879487,0.0,0.0,0.0,0.0,0.0,0.0,0.0,0.0,0.0,0.0,0.0,0.0,0.0,0.0,1000.0,0.0,0.0,0.0,0.0,-1000.0,0.0,1000.0,0.0,0.0,0.0,0.0,4.857824371613113,0.0,0.0,0.0,0.0,0.0,0.0,-0.0,0.013649414833189951,0.0,0.0,0.0,0.33712011253579216,0.3644189422021721,0.0,0.0,0.0,-0.14777991755629036,0.0,-0.0,0.0,0.15769917346320836,0.0,0.0,-0.0,0.0,0.0,0.06269064043221416,0.0,0.07388995877814518,0.0,0.0,0.0,0.000696519009409218,0.000696519009409218,0.0,0.0,0.0008762975407517949,1.9647926922685984e-6,0.0,0.0,0.0,0.0,0.0,0.0,0.0,0.0,0.0,0.0,0.0,0.0,0.0,0.0,0.0,0.0,0.0,0.0,0.0,0.0,0.0,0.24350854710900047,0.0,0.0,0.0,0.0,0.0,0.1512016040298761,0.0,0.0,0.0,0.37440991304235777,0.0,0.0,0.0,0.0,0.0,0.0,0.0,0.0,0.0,35.15004936178713,0.0,0.0,0.8588786711384868,0.2854146280460518,0.0,0.0,0.0,0.0,0.0,0.0,0.0,0.0,0.0,0.0,0.1777204109974249,0.0,0.0,0.0,0.0,0.0,0.0,0.3644189422021721,0.0,0.0,0.0,0.37440991304235777,0.3644189422021721,0.026362605948513827,0.0006572231555637595,0.0,0.0,0.0,0.0,0.0,0.0,0.0,0.0006572231555637595,0.0,0.0,0.0,0.3249717993194955,0.0,0.0,-0.3249717993194955,0.0,0.0,0.00027310618422533514,-0.0,0.0,0.0,0.0004381487703758974,0.0,0.0,0.0,0.0,0.0006572231555637595,0.0004401135630681674,0.0,0.0,0.0,0.0,0.0,0.0,0.0006572231555637595,0.0006572231555637595,-0.0,0.0,0.0,0.37440991304235777,0.0,0.0,0.0,0.0,0.0,0.0,0.0,0.0,0.0005658602953728664,0.0,0.0005658602953728664,0.0,0.0,-0.0,0.0,0.0,0.0,0.0,0.0,0.0,0.0,-0.0,0.0,0.0,0.0,0.0,0.0,0.3496152116622744,0.3496152116622744,0.3496152116622744,0.3496152116622744,0.3496152116622744,0.02570538279295007,0.0,0.2731611984207187,0.2731611984207187,0.29058498001575656,0.0,0.0,0.0,0.0,-0.0,0.0,0.29058498001575656,0.0,0.0,0.0,0.0,0.0,0.0,0.0,1.9647926922685984e-6,0.02570538279295007,0.0,0.0023469448709148404,0.002785093641290738,0.0,14.58718110003068,0.0,0.0002190743851879487,0.0,0.0,0.0,0.0,0.0,0.0,1.9647926922685984e-6,0.0,0.0,0.0,0.0,0.0,0.0,0.0,0.0,0.0,0.0,0.0,0.0,0.0,0.0,0.0,0.0,0.0,0.0,0.0,0.0,0.0,0.0,0.0,0.0,0.0,0.0,0.0,0.0,0.0,0.0,0.0,0.0,0.0,0.0,0.0,0.0,-1.050256356139872,0.0,0.0,0.0764540132415557,0.0,0.0,0.0,0.12538128086442832,0.0,2.147410349051503,0.14777991755629036,0.0,0.0,0.0,0.0,0.0,0.0,0.0,0.0,0.0,0.0,0.0,0.0,0.0,0.0,7.784337450320273,0.0,0.0,0.0,0.0,0.0,0.0,0.0,0.0,0.0,0.0,0.0002190743851879487,0.0,0.0,0.0,0.0,0.0,0.0,0.0,0.0,0.0,0.0,0.0,0.0,249.99605543307118,0.0038352753353083037,0.0,0.0,0.0,0.0,1000.0,0.007670550670616607,0.2368115512174035,0.0,0.0,0.0,0.0,0.0,0.0,0.015778267715262976,0.0,0.0,0.0,0.0,0.0,0.0,0.0,0.0002190743851879487,0.0,0.0,0.0,0.0,0.0,-0.0,0.0,0.0,0.0,0.0,0.0,0.0,0.0,0.0,0.0,0.0,0.0,0.0006572231555637595,0.0,0.0,0.0,0.0,