{"objective_value":0.9823963461343028,"time_limit":1800,"thermo_feasible":false,"dual_bound":0.9823963461343028,"solution":[-0.0,-0.0,-0.0,-0.0,-0.0,-0.005113372981668363,-0.0,-0.0,-0.0,-0.0,-0.0,-0.0,-0.0,-0.005113372981629047,0.0,-0.0,19.675310950815458,-0.0,0.0,-2.4559908653357573e-5,-0.0,0.0,-0.0,0.0,-0.0,-0.0,0.0,-0.0,-0.0,1.9647926922686056e-6,0.0,0.0,1.9647926922686056e-6,0.0,0.0,0.0,0.9823963461343028,-0.0,-0.0,-0.0,-0.0,-0.0,-0.0,-0.0,-0.0,-0.0,-0.0,-0.0,-0.0,-10.0,-0.0,-0.0,-0.0,-0.0,-0.0,-0.0,-0.0,-0.0,-0.0,-0.0,-0.0,-0.0,-0.0,-0.0,-0.0,-0.0,-0.0,-0.0,-0.0,-0.0,-0.0,-0.0,-0.0,-0.0,-0.0,-0.0,-0.0,-0.0,-0.0,-0.0,-0.0,-0.0,-0.0,-0.0,-0.0,-0.0,-0.0,-0.0,-0.0,-0.0,-0.0,-0.0,-990.9577361880508,-0.0,-0.0,-0.0,545.6131576999534,-0.0,-0.0,-0.0,-0.0,-0.0,-0.0,-0.0,-0.0006965190094092207,0.0,0.0,0.0,-0.0,-0.0,-0.0,-0.0,-0.0,-0.0,-0.0,-0.0,-0.0,-0.0,-0.0,-0.0,-0.0,-0.0,-0.0,-0.0,-0.0,0.0,-0.0,-0.0,-0.0,-0.0,-0.0,-0.0,-0.0,-0.0,-0.0,0.0,-0.0,-0.0,-0.0,-0.0,-0.0,-0.19175688999099297,-0.0,-0.0,-0.0,-0.0,-0.0,0.0,-0.0,0.0,-0.0,-0.0,0.0,-0.0,-0.0,-0.0,0.0,-0.0,-0.0,-0.0,0.0,-0.0,-0.0,-0.0,-0.0,0.0,-0.0,-0.0,-0.0,-0.0,-0.0,-0.0,-0.0,-0.0,-0.0,-0.0,-0.0,-0.0,-0.0,-0.0,-0.0,-0.0,-0.0,1.9647926922686056e-6,-0.008522288302715078,0.0,-0.0,-0.0,-0.0006788358751788033,-0.0,-0.00012672912865132507,-0.0,-0.0,-0.0,-0.0,-0.0,-0.0,-0.0,0.0,-0.0,-10.610690032839635,-0.0,-0.0,-0.0,-0.0,-0.0003173140198013798,-0.0,-0.0,-0.0,-0.0,-0.0,-0.0,-0.0,-0.0,-0.0,0.0,-0.0,-0.0,-0.0,-0.0,-0.0,-0.0,-0.0,-0.0,0.0,-267.57524400087783,-0.0,-0.0,-0.0,-0.0,-0.0,-0.0,-0.0,-0.0,-0.0,-0.0,-0.0,-0.00033499715403179726,-0.0,-0.0,-0.0,0.0,-0.9476499697680341,-0.0,0.0,0.0,0.0,-0.0,-0.0,-0.0,0.0,0.0,-0.0,0.0,0.0,0.0,0.0,0.0,0.0,-0.0,-0.0,-0.0,-0.0,-0.0,-0.0,-0.0,-0.0,-0.0,0.0,0.0,0.0,0.0,-0.0,-0.0,0.0,-0.0,-0.0,-0.0,0.0,0.0,0.0,-0.0,0.0,-0.0,0.0,0.0,-0.0,-0.0,-0.0,0.0,-0.0,0.0,0.0,0.0,0.0,-0.0,-0.0,-0.0,-0.0,-0.0,-0.0,-0.0,-0.24777018245853222,-0.0,-0.0,0.0,0.0,0.0,0.0,0.0,0.0,-0.0,0.0,-0.0,0.0,-0.0,-0.0,-0.0,-0.0,0.0,0.0,0.0,0.0,-0.0,-0.0,-0.0,-0.0,-0.0,-0.0,-0.0,-0.0,-0.0,0.0,0.0,0.0,-0.0,-0.0,0.0,-0.0,0.0,0.0,-0.0,-0.0,0.0,-0.0,0.0,0.0,0.0,0.0,0.0,0.0,0.0,0.0,0.0,0.0,0.0,0.0,0.0,0.0,0.0,-0.0,0.0,0.0,0.0,0.0,0.0,0.0,0.0,0.0,0.0,0.0,0.0,0.0,0.2731611984207197,0.0,0.0,0.0,0.0,0.0,0.0,0.0,-0.0,0.0,0.0,0.0,0.0,0.0,0.0,1.9647926922686056e-6,-0.0,0.0,0.03822700662077799,0.0,0.0,0.0,0.0,0.0,-0.0,0.0,0.0,0.1253812808644288,0.1477799175562909,0.0,0.07645401324155598,0.0,0.0,0.0,0.0,0.0,0.0,-0.0,0.0,0.0,0.0,0.0,0.0,-1000.0,0.0,0.0,0.07645401324155598,0.0,0.07645990761963278,0.2905849800157577,0.0,1000.0,999.9842217322847,0.34961521166227566,0.0,0.0,0.34961521166227566,0.34961521166227566,0.0,-0.0,0.0,0.34961521166227566,0.34961521166227566,0.2731611984207197,0.0,0.0,0.0,0.0,0.0,0.0,0.0,0.0,0.0,0.0,-0.0,0.07645401324155598,0.0,0.0,0.2905849800157577,0.5723205337455373,0.0,0.28541462804605283,0.0,0.0,0.0,0.8588786711384906,0.0,0.0,0.0,0.0,0.0,-0.0,0.0,0.0,0.0,-0.0,0.0,0.2905849800157577,-1000.0,0.0,0.0,0.00044011356306816767,0.0,0.0,0.0,0.0,0.0,-0.0,0.0,0.0,0.0,0.0,0.0,0.0,0.0,0.0,0.0,0.0,0.0,0.0,0.0,0.0,0.0,0.0,0.0,-0.34961521166227566,-0.34961521166227566,-0.34961521166227566,-0.2731611984207197,0.0,0.0626906404322144,0.07388995877814546,0.0,-0.1253812808644288,0.0,-0.34961521166227566,-0.34961521166227566,0.0,0.0,-0.2905849800157577,0.0,0.0,0.0,0.5331985640534224,0.44012829901335077,-0.44012829901335077,0.0,0.0,-0.2905849800157577,3.8015596794202793,-0.0,0.0,4.857824371613131,4.857824371613131,0.0,0.0,-0.0,0.0,0.0,0.0,0.0626906404322144,0.027298829666380007,0.0006572231555637696,-0.0,0.0,0.0006572231555637696,-1000.0,0.0,2.5789770639082916,0.0,0.0,0.040948244499570005,999.0131651871739,0.0,0.0,0.0,1000.0,0.0,0.0,0.0,0.0,-0.0,-1000.0,0.0,0.0,0.0,0.0,-0.0,0.0,-0.0,0.0,0.0,-0.0,0.0,0.0,0.0,0.0,0.0,0.00044207835576043624,0.0,-0.0,0.0,0.0,0.0,0.2435085471090016,0.29377285615895476,0.44012829901335077,0.29377285615895476,0.0,0.0,0.0,0.0,0.0,0.0,0.0,-0.0,-0.0,0.0,0.0,0.0,-0.0,0.0,-0.0,-0.0,-0.0,0.0,0.0,-0.0,0.0,-0.0,0.0,-0.0,0.0,0.0,0.0,0.0,0.0,0.0,-0.0,0.0,0.0,0.0,0.0,3.15,0.0,0.0,0.0005658602953730518,-0.0,0.0,0.0,0.0,0.0,1.9647926922686056e-6,0.0,0.0,0.0,0.0,0.00021907438518794953,0.0,0.0,0.05584235550331217,0.0,0.0,0.0,0.0,0.0,0.0,0.0,0.32497179931949666,0.0,0.0,0.0,0.0,0.05584235550331217,1.9647926922686056e-6,1.050256356139876,0.0,0.002237898876493941,0.0,-2.876141152254111,0.0,0.0,0.0,0.0,0.0,0.0,0.0,0.0,0.0626906404322144,0.0,0.0,0.0,0.0,0.0,0.0,0.0,0.0,0.0,-0.0,0.0,55.81605259803761,0.0,0.0,0.0,0.0,-0.0,0.0,0.0,0.0,0.09307026504007158,0.0,0.0,0.00043814877037589905,0.0,0.0,0.0,0.0,0.00011985235422838494,0.2435085471090016,0.0,0.0,-0.0,0.0,0.0,0.0,0.0,0.0,1.9647926922686056e-6,0.00011985235422838494,0.0,0.0,0.0,0.2905849800157577,0.00011985235422838494,0.0,0.0,0.2905849800157577,0.0,999.9948866270183,0.0,0.0,0.0,0.0,0.0,0.0,-1.050256356139876,0.0,0.0,-1000.0,0.0,0.0,0.0,0.0,0.0,0.0,0.23681155121740435,0.0,0.6155567793352544,0.0,0.0,0.0,-19.675310950815458,0.0,0.0,0.0,0.0,0.0,0.0,0.0,0.0,0.0,-0.0,0.0,0.0,0.0,0.0,0.0,0.0,0.0,0.0,0.0,0.0,-0.0,0.0,0.0,0.0,0.0,0.0,0.0,0.0,0.0,0.0,0.0,0.0,0.0,0.0,0.0,0.013649414833190003,0.0,0.0,0.0,0.0006965190094092207,0.0,0.0,0.0,0.0,35.15004936178713,0.00023970470845676987,0.0,0.00021907438518794953,0.0,0.17772041099742578,0.0,0.0,0.0,0.0,0.0,0.0,0.0,0.0,-0.0,0.0,0.0,0.0,0.0,0.0,0.0,1000.0,0.0,0.0,1000.0,0.0,4.857824371613131,0.0,0.0,0.3371201125357935,0.36441894220217347,0.0,0.0,0.0,-1000.0,0.0,0.0,0.0626906404322144,0.07388995877814546,0.0,0.0,0.0,0.0,0.0,-0.1477799175562909,0.0,0.0,0.0008762975407517981,1.9647926922686056e-6,0.0,0.0,0.0,0.15769917346320894,0.0,0.0,0.0,0.0,0.0,0.0,0.0,0.0,0.0,0.0,0.0,0.15120160402987667,0.0,0.0,0.0,0.3744099130423592,0.0,-0.0,0.0,0.8588786711384906,0.0,0.2435085471090016,0.28541462804605283,0.0,0.0,0.0,0.0,0.36441894220217347,0.0,0.0,0.32497179931949666,0.0,0.0,0.0,0.0006572231555637696,0.0,0.0,0.0,0.0,0.0,0.0,0.0,0.0,0.0,0.0,0.0,0.0,0.0,0.0,0.0,0.0,0.0,0.00043814877037589905,0.0,0.0,0.0,0.0,0.0,0.0,0.026362605948513935,0.0,0.0,0.0,0.36441894220217347,0.00021907438518794953,0.0,0.0,0.0,0.0,0.0,0.0,0.0006572231555637696,0.0,0.0,0.0,0.0006572231555637696,0.0,0.0,0.0,0.0,0.0,0.0,0.0,0.0,0.0,-0.32497179931949666,0.0006572231555637696,14.587181100030762,0.0023469448709148495,0.0,0.0,-0.0,0.0,0.0,0.0,0.3744099130423592,0.0,0.3744099130423592,0.00027310618422533617,0.0,0.0,0.0,0.0011734724354574247,0.0,0.0,0.0,0.0,0.0,0.0005658602953730518,0.34961521166227566,0.34961521166227566,0.34961521166227566,0.34961521166227566,0.34961521166227566,0.0,0.0,0.0,-0.0,0.0005658602953730518,0.0,0.0006572231555637696,0.0,0.0,0.0,0.0,0.0,0.0,0.0,0.0,0.0,0.0,0.0,0.0,0.0,0.0,0.0,0.0,0.0,0.0,0.0,0.025705382792950166,0.0,0.0,0.0023469448709148495,0.0,0.002785093641290748,0.0,0.0,0.0,0.025705382792950166,0.00021907438518794953,0.0,0.0,0.0,0.0,0.0,0.0,0.0,0.0,0.0,0.0,0.0,0.0,0.0,0.0,0.0,0.0025566864908145234,0.0,0.0,0.003835275335308318,0.0,0.0,0.0,0.0,0.0,0.0,0.0,0.0,0.3176912599982954,0.0,0.002409818237067366,0.0,0.0,0.0,0.0,0.0,0.0,0.0,0.0,0.0,0.0,0.0,0.3744099130423592,0.0,0.0,0.0,0.015778267715263035,0.0,0.0,249.99605543307118,4.826045814608358,0.0,0.0,0.07645401324155598,0.0,-0.0,0.0,0.0,0.0,0.0,0.0,0.1253812808644288,2.147410349051511,0.0,0.0,0.0,7.784337450320308,0.0,0.0,0.0,0.0,0.0,0.0,0.0,0.007670550670616636,0.0,0.0,0.00021907438518794953,0.0,0.0,0.0,0.0,0.0,0.0,0.0,0.0,0.0,0.0,0.0,0.0,0.0,0.0,0.0,0.0,0.0,0.0,0.0,0.00021907438518794953,0.0,31.022203436736262,0.0006572231555637696,0.0,0.0,0.0,0.0,0.0,0.0,0.0,0.0,0.0,0.0,0.0,0.0,0.09282466595353801,0.0,2.4559908653357573e-5,0.0,0.0,0.2171636242947183,0.0,-0.0,0.0,0.0,0.0,0.0,-0.13658059921035984,0.0,0.0,0.0,0.0,0.0,0.0,-0.0,0.0,0.0,0.0,0.0,0.0,0.0,0.0,0.0,0.0,0.0,0.0035051901630071924,0.0,0.0,0.0,1.0958439673840517,0.0,0.0,0.07388995877814546,0.0,0.0,0.0,0.0006572231555637696,0.23942570789446763,16.275107486059188,0.0,0.0,0.0,0.0,0.0,0.0,0.0,0.0,0.0,0.0,0.0,0.0,0.0,0.0,0.0,0.0,0.4403473733985387,0.0,0.0,