{"objective_value":0.9823963461343264,"time_limit":1800,"thermo_feasible":false,"dual_bound":0.9823963461343264,"solution":[-0.0,-0.0,-0.0,-0.0,0.0,-0.0,-0.0,-0.0,-0.0,0.0,-0.0,0.0,-0.0,-0.0,-0.0,-0.0,-0.0,-0.0,-0.0,-0.0,-0.0,-0.0,-0.0,-0.0,-0.0,-0.0,-0.0,0.0,-0.0,-0.0,-0.19175688999099763,-0.0,-0.0,0.0,-0.0,-0.0,-0.0,-0.0,-0.0,-10.0,-0.0,-0.0,-0.0,-0.0,-0.0,-0.0,-0.0006788358751788195,-0.0,-0.0,-0.0001267291286513281,-0.0,-0.008522288302715281,0.0,-0.0,-0.0,-0.0,-0.0,-0.0,-0.0,-10.610690032839289,-0.0003173140198013875,-0.0,-0.0,-0.0,-0.0,-0.0,-0.0,-0.0,-0.0,-0.0,-0.0,-0.0,0.0,0.0,-17.579188567806582,-0.0,-0.0,-0.0,-0.0,-0.0,-0.0,-0.0,-0.0,-0.0,-0.0,-0.0,-0.0,9.026485544234447,-0.0,-0.0,0.0,-0.0,-0.0,45.62016660668393,-0.0,-0.0,0.0,-0.0,-0.0,0.0,-0.0,0.0,0.0,-0.0,-0.9476499697676175,-0.0,-0.0,-0.0,-0.0,-0.0,-0.0,-0.0,-0.0,-0.0,-0.0,-0.0,0.0,-0.0,0.0,-0.0,-0.0,-0.0,-0.0,-0.0,-0.0,-0.0,-0.0,-0.0,-0.0,-0.0,-0.0,0.0,-0.0,-0.0,0.0,-0.0,-0.0,-0.0006965190094092375,-0.0,-0.0,-0.0,-0.0,-0.0,-0.0,-0.0,-0.0,-0.0,-0.0,-0.0,-0.0,-0.0,-0.0,-0.0,-0.0,-0.0,-0.0,-0.00511337298162917,-0.0,-0.0,-0.0,-0.0,-0.0,-0.0,-0.0,-0.0,-0.0,-0.0,-0.0,-0.0,-0.0,-0.0,-0.0,-0.0,-0.0,-0.0,-0.005113372981629169,0.0,0.0,-0.0,-0.0,-0.0,19.67531095081585,-0.0,-2.4559908653358163e-5,0.0,-0.0,0.0,0.0,0.0,-0.0,-0.0,0.0,0.0,0.0,-0.0,-0.0,-0.0,-0.0,-0.015778267715263417,-0.0,-0.0,0.0,-0.0,-0.0,-0.0,-0.0,0.0,-0.0,0.0,0.0,0.0,1.9647926922686526e-6,-0.0,-0.0,-0.0,-0.0,-0.0,-0.0,-0.0,-0.0,-0.0,0.0,-0.0,-0.0,-0.0,-0.0,-0.0,-0.0,-0.0,0.0,-0.0,-0.0,1.9647926922686526e-6,-0.0,0.0,-0.0,-0.0,0.0,1.9647926922686526e-6,0.00044011356306817835,-0.0,0.0,0.0,0.0,-0.0,0.9823963461343264,-0.0,0.0,-0.0,-0.0,0.0,-0.0,-0.0,0.0,-0.0,-0.0,0.0,-0.0,-0.0,-0.0,-0.0,-0.0,-0.0,-0.24777018245853846,-0.0,-0.0,-0.0,-0.0,-0.0,-0.0,0.0,-0.0,-0.0,-0.0,-0.0,-0.0,-0.0,0.0,-0.0,-0.0,-0.0,-0.0,-0.0,-0.0,-0.0,-0.0,-0.0,0.0,-0.0,-0.0,-0.0,-0.0,-0.0,-0.0,-0.0,-0.0,-0.0,-0.0,-0.0,-0.0,0.0,-0.0,-0.0,-0.0,-0.0,-0.0,-0.0,0.0,0.0,-0.0,-0.0,-0.0,-0.0,0.0,-0.0,0.0,-0.0,-0.0,-0.0,-0.0,-0.0,-0.0,0.0,-0.0,-0.0,-0.0,-0.0,0.0,-0.0,-0.0,-0.0,-0.0,-0.0,-0.0,-0.0,-0.0,-0.0,0.0,-0.0,-0.0,-0.0,-0.0,0.0,-0.0,-0.0,0.0,-0.0,-0.0,-0.0003349971540318053,0.0,0.0,0.0,0.0,0.0,0.0,0.0,0.0,0.0,0.0,0.0,0.0,0.0,0.0,0.0,0.0,0.07645401324155784,0.0,0.0,0.0,0.0,0.0,0.0,0.0,0.0,0.0,0.0,0.0,0.0,0.0,0.0,0.0,0.0,0.0,0.0,0.0,0.0,0.0,0.0,0.0,0.07645401324155784,0.0,0.0,0.0,0.0,0.27316119842072634,0.27316119842072634,0.0,0.0,0.0,0.0,0.0,0.0,0.0,-0.0,0.0,0.0,0.0,0.0,0.0,0.0,0.0,0.0,0.0,0.0,0.0,0.0,0.0,0.07645990761963467,1000.0,0.0,0.0,0.0,0.0,0.0,0.0,0.0,0.0,0.0,0.0,0.0,0.0,0.0,0.0,0.0,0.0,0.0,0.0,1.9647926922686526e-6,0.0,0.0,0.2905849800157647,0.2905849800157647,0.0,0.0,0.03822700662077892,0.28541462804605977,0.0,0.5723205337455515,0.0,0.0,0.8588786711385117,0.0,0.12538128086443184,0.14777991755629447,0.0,0.0,0.0,0.0,0.0,0.07645401324155784,0.0,0.0,0.0,0.0,0.0,0.0,0.0,0.0,0.0,0.0,-0.34961521166228415,0.0,0.0,-0.34961521166228415,0.0,-0.34961521166228415,0.0,-0.34961521166228415,0.0,0.0,0.0,0.0,0.0,-0.34961521166228415,-0.27316119842072634,-0.12538128086443184,0.0,0.0,0.0,0.34961521166228415,0.0,0.0,0.34961521166228415,0.2905849800157647,0.0,-0.0,0.34961521166228415,0.34961521166228415,0.34961521166228415,0.0,4.857824371613185,0.0,4.857824371613185,-0.2905849800157647,0.0,0.0,0.0,0.0,0.0,0.0,0.0,0.0,0.06269064043221592,0.0,0.07388995877814723,0.0,0.0,0.0006572231555637823,0.0006572231555637823,0.0,0.0,0.0,0.0,0.0,0.0,0.0,0.0,0.0,-1000.0,2.5789770639081104,0.0,0.0,0.0,0.0,-0.5711220102032676,0.0,0.0,0.0,0.0,0.0,-0.0,0.0,0.0,1000.0,-1000.0,0.0,0.0,0.0,0.0,0.0,0.0,0.0,0.0,0.0,0.0,0.0,0.0,-1000.0,0.0,0.0,0.0,0.00044207835576044697,0.24350854710900777,0.0,-0.0,0.0,0.0,0.0,0.2937728561588394,0.4401282990132391,0.2937728561588394,0.0,0.0,0.0,0.0,-0.0,0.0,0.0,0.0,0.0,0.0,0.0,-0.0,0.0,0.0,0.0,0.0,0.0,-0.0,0.0,0.0,0.0,0.0,0.0,0.0,0.0,0.0,-0.0,0.0,0.0,0.0,0.0,0.0,0.0,0.0,0.0,0.0,-0.0,0.0,0.0,-0.0,0.0,-0.0,-0.0,0.0,0.06269064043221592,0.07388995877814723,0.0,0.0,0.0,0.0,0.0,1.9647926922686526e-6,-0.2905849800157647,0.0,0.0,0.00021907438518795484,0.0,0.0,0.0,0.00044011356306817835,0.5331985640533129,0.4401282990132391,-0.4401282990132391,3.8015596794203255,0.0,0.0,0.0,0.0,0.0,0.0,0.0,0.0,0.0,0.05584235550331351,0.05584235550331351,0.0,1.9647926922686526e-6,0.0,0.02729882966638067,0.0,0.0,0.0,0.0,0.0,0.0,0.040948244499571004,0.0,0.0,0.0,0.0,0.0,0.0004381487703759096,0.0,0.0,0.0,0.0,0.0,0.0,0.0,0.06269064043221592,0.07388995877814723,0.0,0.0,0.0,0.0,0.0,0.0,0.0,0.0,0.0,0.0,0.0,0.0,0.0,0.0,0.0,0.0,0.0,0.0,0.0,0.0,0.0,0.0,0.0,0.0,0.0,0.0,0.0,0.0,0.0,0.0,0.0,0.00011985235422838781,0.00011985235422838781,0.2905849800157647,0.2905849800157647,0.0,0.0,0.00011985235422838781,0.0,0.24350854710900777,-0.0,0.0,0.0,0.0,-1.0502563561399012,0.0,0.0,0.0,0.0,1.9647926922686526e-6,0.0,0.0,0.0,0.0,0.0,0.0,0.0,0.0,0.0,0.0,0.0,0.0,0.0,0.23681155121741007,0.0,0.0,0.0,0.0,0.0,0.0,0.0,0.0,0.0,0.0,0.00511337298162917,0.0,0.0,0.0005658602953733938,0.3249717993195046,1.0502563561399012,0.0,0.0,-0.00511337298162917,0.0,0.0,0.0,0.0,0.0,0.0,0.0,0.002237898876493996,0.0,0.0,-2.8761411522539366,0.0,0.0,0.0,0.0,0.6155567793352694,0.0,0.0,0.0,0.0,0.0,0.0,0.0,-0.0,0.0,0.0,0.0,0.0,0.0,0.0,0.0,0.0,0.0,0.0,-0.0,0.0,0.0,0.0,0.0,0.0,0.0,3.15,0.09307026504007385,55.81605259803747,0.0,0.0,0.0,0.0,0.0,0.0023469448709149063,0.0,-0.0,0.0,0.0,0.0,-0.14777991755629447,0.0,0.0,0.0,0.0,0.15769917346321277,0.0,0.0,0.0,0.0,-0.0,0.0,0.0,0.0,0.0,0.0006965190094092375,0.0,0.0006965190094092375,0.0,0.0,0.31769125999830305,0.3744099130423683,0.0,0.00021907438518795484,0.0,0.0,0.0,0.0,0.0,0.0,0.0,0.0,0.0,0.0,0.0,0.0,0.0,0.0,0.06269064043221592,0.07388995877814723,0.0,0.0,0.0,0.0,0.0,0.24350854710900777,0.0,0.0,0.0008762975407518192,1.9647926922686526e-6,0.0,0.1512016040298803,0.0,0.0,0.0,0.0,0.0,0.0,0.0,0.0,0.0,0.0,0.0,0.0,35.150049361786984,0.0,0.0,0.0,0.0,0.0,0.0,0.0,0.0,0.0,0.0,0.0,0.0,0.0,-0.0,0.0,0.3744099130423683,0.0,0.0,0.1777204109974304,0.0,0.0,0.0,0.0025566864908145846,0.0,0.005113372981629169,0.0,0.0,0.0,0.0,-0.0,0.8588786711385117,0.28541462804605977,0.0,0.0,0.0,0.0,0.0,0.0,0.0,0.0,0.0,0.0,0.0,0.0,0.0,0.0,0.0,0.0,0.0,0.0,0.0,0.0,0.36441894220218235,0.36441894220218235,0.0,0.0,0.0,0.026362605948514573,0.0,0.0006572231555637823,0.013649414833190335,0.0,0.0,-19.67531095081585,0.0,0.0,0.0,0.0006572231555637823,0.0,0.0,0.0,0.3371201125358016,0.36441894220218235,0.0,0.0,0.0,0.0,-19.67531095081585,0.0,0.0,0.0,0.3249717993195046,-0.3249717993195046,0.0,0.0004381487703759096,0.0,0.0006572231555637823,0.0,0.00044011356306817835,0.0,0.0,0.0,0.0,0.0,0.0,0.0,2.4559908653358163e-5,0.0,0.3744099130423683,0.3744099130423683,0.0,0.0,0.0,0.0,0.0,0.0006572231555637823,0.0006572231555637823,-0.0,0.0,0.0,2.4559908653358163e-5,0.0002731061842253428,-0.0,0.0,0.0,0.0,0.0,0.0005658602953733938,0.0005658602953733938,0.0,0.0,0.0,0.0,0.0,0.34961521166228415,0.0,0.34961521166228415,0.0,0.0,0.0,0.0,0.34961521166228415,0.34961521166228415,0.27316119842072634,0.27316119842072634,0.0,0.0,0.0,0.0,0.0,0.025705382792950787,0.0,0.0,0.0,0.0,0.0,0.0,0.0,-0.0,0.0,0.0,1.9647926922686526e-6,0.0,0.0,0.0,14.58718110003101,0.0,0.0,0.0,0.025705382792950787,0.0,0.0023469448709149063,0.0027850936412908154,0.0,0.0,0.0,1.9647926922686526e-6,0.0,0.0,0.0002190743851879548,0.0,0.0,0.0,0.0,0.0,0.0,0.0,0.0,0.0,0.0,0.0,0.0,0.0,0.0,0.0,0.0,0.0,0.0,0.0,0.0,0.0,0.0,0.0,0.0,0.0,0.0,0.0,0.0,0.0,0.0,0.0,0.0,0.0,0.0,0.0,0.0,0.0,0.0,0.0,0.0,0.0,0.0,0.07645401324155784,0.0,0.0,0.0,0.0,0.0,0.0,0.0,0.0,0.12538128086443184,0.14777991755629447,0.0,0.0,0.0,0.0,0.0,0.0,0.0,0.0,0.0,0.0,0.0,0.0,0.0,0.34961521166228415,0.0,0.0,0.00023970470845677562,0.0,0.00021907438518795484,0.0,0.0,0.0,0.0,0.0,0.0,0.0,0.0,0.0,2.1474103490515635,0.0,0.0,0.0,0.0,0.0,0.0,0.0,0.0,0.0,0.0,0.0,0.0,0.0,0.0,0.015778267715263417,0.015778267715263417,0.0,7.784337450320329,0.0,0.0,0.0,0.0,0.0,0.0,0.0,0.0,0.0,0.00021907438518795484,0.0,0.0,0.0,0.0,0.0,0.0,0.0,0.0,0.0,0.0002190743851879548,0.0,0.0,0.0,0.0,-0.0,0.0,0.0,0.0,