{"objective_value":0.98247843866602,"time_limit":1800,"thermo_feasible":false,"dual_bound":0.98247843866602,"solution":[0.0,0.0,0.00021909269182252247,0.00087637076729009,0.000438185383645045,0.0,-0.0,-0.0,-0.0,-0.0,0.0,0.0,0.0,0.0,0.0,-0.0,0.0,0.0,-0.0,-0.0,0.00044015034052236057,0.0,-0.0,0.0,0.0,0.0,0.0,0.0,0.0,-0.0,-0.0,-0.0,0.0,0.0,0.36444939434472146,0.0,0.0,0.0,0.2435288955490234,0.0,0.0,0.0,-0.36444939434472146,0.0,0.0,0.0,0.0,0.0,0.0,-0.0,0.0,0.0,-0.0,0.0,0.0,0.0,0.0,0.0,0.0,0.02570753082613508,0.026543619977439863,0.026543619977439863,0.02570753082613508,1.960024115707986,-2.084549687826053,0.0,0.0,0.0,0.0,0.0002190926918225225,0.0,-0.02570753082613508,-0.0,-0.0,-0.0,-0.0,-0.0006965772130142083,-0.0,-0.0,-0.0,-0.0,-0.0,-0.0,-0.0,-0.0,-0.0,-0.0,-0.0,-0.0,-0.0,0.0002190926918225225,0.0,0.0002190926918225225,0.00022105764869985453,0.0,1.9649568773320403e-6,0.00044015034052236057,0.0,0.0,0.98247843866602,-0.0,-1000.0,999.9842204137966,-0.0,-0.0,0.0,0.0,0.0,0.0,0.0,0.0,0.0,-0.0,-0.0,-0.0,-0.0,-0.0,-0.0,0.0,-0.0,-0.0,-0.0,-0.0,-0.0,-0.0,-0.0,0.0,-0.0,-0.0,-0.0,0.0,0.0,0.0,-0.0,-0.0,-0.0,-0.0,-0.0,-0.0,-0.0,-0.0,-0.0,-0.0,-0.0,-0.0,-0.0,-0.0,-0.0,-0.0,-0.0,-0.0,-0.0,-0.0,-0.0,-0.0,-0.0,-0.0,-0.0,-0.0,-0.0,-0.0,-0.0,0.0,0.0,-0.0,-10.0,-0.0,-0.0,-0.0,-0.0,-0.0,-0.0,-0.0,-0.0,-0.0,-0.0,-0.0,-0.0,-0.0,-0.0,-0.0,-0.0,-0.0,-0.0,-0.0,-0.0,-0.0,-0.0,-0.0,-0.0,-0.0,-0.0,-0.0,-0.0,-0.0,-0.0,1.9649568773320403e-6,-0.0,-0.0,-0.0,-0.0,-0.0,-0.0,-0.0,-0.0,-0.0,-0.008523000455427723,0.0,-0.0,-0.0,-990.9569805843363,-0.0,-0.0,-0.0,545.609979720116,-0.0,-0.0,-0.0006788926011182199,-0.0,-0.0,0.0,-0.00012673971858791658,-0.0,-0.0,-0.0,-0.0,-0.0,0.0,0.0,-0.0,-0.0,-0.0,-0.0,-0.0,-10.611576699826118,-0.00031734053568912445,0.0,-0.0,-0.0,-0.0,-0.0,-0.0,-0.0,-0.0,-0.0,0.0,0.0,-0.0,0.0,-267.5703842812696,-0.0,-0.0,-0.0,-0.0,-0.0,-0.19177291387853646,0.0,-0.0,-0.0,-0.0,-0.0,-0.0,-0.0,-0.0,-0.0,0.0,-0.0,-0.0,-0.2477908870159566,-0.0,-0.0,-0.0,-0.9477291587686789,-0.0,-0.0,-0.0,-0.0,-0.0,-0.0,-0.0,-0.0,-0.0,-0.0,-0.0,-0.0,-0.0,-0.0,-0.0,-0.0,-0.0,-0.0,-0.0,-0.0,-0.0,-0.0,-0.0,-0.0,-0.0,-0.0,-0.0,-0.0,-0.0,-0.0,-0.0,0.0,0.0,0.0,-0.0,-0.0,-0.0,0.0,-0.0,-0.0,0.0,-0.0,0.0,-0.0,0.0,-0.0,-0.0,-0.0,-0.0,0.0,-0.0,-0.0,-0.0,-0.0,-0.0,-0.0,0.0,-0.0,0.0,0.0,0.0,-0.0,-0.0,-0.0,-0.0,-0.0,-0.0,-0.0,-0.0,0.0,0.0,0.0,0.0,0.0,0.0,-0.0,-0.0,-0.0,0.0,0.0,-0.0,-0.0,-0.0,0.0,0.0,-0.0,0.0,0.0,-0.0003350251475851129,-0.0,0.0,0.0,0.0,0.0,-0.0,0.0,0.0,0.0,0.0,0.0,0.0,0.0,0.0,0.0,0.0,0.0,0.0,0.0,0.0,0.0,0.0,0.0,0.0,0.0,0.0,0.0,-0.0,0.0,0.0,0.0,0.0,0.0,0.0,-0.0,0.0,0.0,0.0,0.0,0.0,0.0,0.0,0.0,0.0,0.0,0.0,0.0,0.0,0.0,0.0,0.0,-0.0,0.0,-0.0,0.0,-0.0,0.0,0.0,-0.0,0.0,-0.0,0.0,0.0,0.0,0.0,5.551115123125783e-17,0.0,0.0,-0.0,0.0,0.0,0.0,0.0,0.0,0.0,-0.0,0.0,0.0,0.0,0.0,0.0,0.0,0.0,-0.0,0.0,0.0,0.0,0.0,0.0,0.0764604020107444,0.0,-0.0,0.0,0.0,-0.0,0.0,0.0,0.0,0.0,0.0,0.0764604020107444,0.0,0.0,0.0,0.0,0.0,0.0,0.0,0.0,0.0,0.0,0.0,0.0,0.0,0.0764604020107444,0.0,0.0,0.0,-0.0,0.0,0.0,0.0,0.0,0.0,-0.0,0.34964442675246327,0.34964442675246327,0.34964442675246327,0.34964442675246327,0.34964442675246327,0.0,0.0,-0.0,0.0,0.0,0.0,0.0,0.0,0.2731840247417189,0.2731840247417189,-0.0,0.0,0.0,0.0,0.0,0.0,-0.0,0.0,0.0,0.0,0.0,0.0,0.0,-0.0,0.0764662968813764,0.0,0.0,0.0,0.0,0.0,0.0,0.00022105764869985453,0.0,0.0,0.03823020100537217,0.0,0.0,0.0,0.0,0.0,0.0,0.0,0.0,0.0,0.12539175817006679,-0.0,0.14779226657165206,0.0,0.0,0.2906092623298994,0.2906092623298994,0.2854384783072001,-0.0,-996.0104782959836,0.8589504420941023,0.0,0.0,-0.0,0.0,0.0,0.0,-0.0,-0.0,-0.0,0.0,0.0,-0.0,0.0,0.0,0.0,-0.0,-0.34964442675246327,-0.34964442675246327,-0.2731840247417189,-0.34964442675246327,-0.0,-0.34964442675246327,-0.34964442675246327,-0.12539175817006679,0.0,0.0,0.2906092623298994,-0.0,0.0,-0.0,0.0,4.855698960895093,4.855698960895093,-0.2906092623298994,-0.0,0.0,0.0,0.0,-0.0,0.0,0.0,0.0,0.0,0.06269587908503339,0.0,0.0,0.0,0.0006572780754670368,0.0,0.0,0.0006572780754670368,0.0,0.0,0.0,0.0,996.5828466548679,0.0,0.0,-0.0,-0.0607505717766928,999.2232279844297,0.0,0.0,0.0,0.0,-0.0,0.0,-0.0,0.0,0.0,-0.0,1000.0,-1000.0,0.0,0.0,-0.0,0.0,0.0,0.0,-0.0,0.0,0.0,-0.0,0.0,0.0,0.0,0.0,0.0,-0.0,0.0006612079892222406,0.2435288955490234,-0.0,0.29379740486329936,0.44016507769888513,0.29379740486329936,0.0,0.0,0.0,0.0,0.0,0.0,0.0,-0.0,0.0,0.06269587908503339,0.07389613328582603,-0.0,0.0,0.0,-0.005113800273256634,-0.2906092623298994,0.0,0.0,0.00044015034052236057,-0.0,0.5332431200212265,0.44016507769888513,0.0,0.027301110853651365,-0.0,0.0,-0.44016507769888513,3.7993460034688957,0.0,0.0,0.0,-0.0,0.0,0.0,-0.0,0.0,0.04095166628047704,0.0,-0.0,0.0,-0.0,999.0130827237481,0.0,-0.005113800273256634,0.005113800273256634,-0.0,0.0,0.0,0.0,-0.0,0.0,-0.005113800273256635,0.0,0.0,0.0,0.0,0.0,0.0,-0.0,0.0,0.0,0.0,0.0,0.0,0.0,0.0,-0.0,0.0,0.0,0.0,0.0,0.0,0.0,0.0,0.0,-0.0,0.05584702188909258,0.05584702188909258,0.0,-0.0,-0.0,-0.0,19.670845812960607,-0.0,0.0,1.9649568773320403e-6,0.0,0.0,0.0,1.9649568773320403e-6,-2.4561960966650507e-5,0.0,0.0002190926918225225,0.0,0.0,0.0,0.0,0.0,0.0,0.0,0.06269587908503339,0.0,0.0,0.0,0.0,0.0,0.0,0.0,0.0,0.0,0.0,0.0,0.0,0.0,0.0,0.0,0.000438185383645045,0.0,0.0,0.0,-0.0,0.0,0.0,0.0,-1000.0,0.0,0.0,1000.0,0.2906092623298994,0.2906092623298994,0.0,0.0,0.0,0.0,0.0,0.0,0.0,0.0,0.0,0.0,-1.050344119295314,0.0,0.0,1.050344119295314,0.0,0.0,0.0,0.0,0.0,0.0,0.0,0.0,0.0,0.0,0.0,0.0,0.0,0.0005659075806713487,0.32499895511852606,0.23683134003263742,0.0,0.0,55.8004660034922,0.0022380858832811816,0.0,-2.8763814928351517,0.0,0.0,0.0,0.0,-0.0,0.0,0.0,0.0,0.0,3.15,0.0930780423223414,0.0,0.0,-0.0,0.0,0.0,0.0,0.0,0.0,0.0,0.0,0.0,1.9649568773320403e-6,0.0,0.0,0.0,0.0,0.0,0.005113800273256634,0.0,0.0,0.0,0.00011986236951725444,0.0,-0.005113800273256634,0.0,0.0,0.0,0.00011986236951725444,0.0,0.0,0.0,0.0,0.00011986236951725444,0.0,0.0,0.0,0.0,0.0,0.6156082174484254,0.0,0.0,0.0,0.0,0.0,0.0,0.2435288955490234,0.0,0.0,0.002347140989973122,0.0,0.0,0.0,0.0,0.0,0.0,0.0,0.0,0.0,0.0,0.0,0.0,0.0,0.0,0.0,0.0,0.0,0.0,0.0,0.0,0.0,0.0,0.0,0.0,0.31771780740957223,0.3744412000659544,0.0,0.0002190926918225225,0.0,0.0,0.0,-19.670845812960607,0.0,0.0,0.0,-19.670845812960607,0.0,0.0,0.0,0.0,0.0,0.0,0.0025569001366283176,2.4561960966650507e-5,2.4561960966650507e-5,0.0,0.0,0.0,0.0002190926918225225,0.0,0.0,0.0,0.0,0.0,0.0,0.0,0.0,0.0,0.0,0.0,0.0,0.0,0.0,0.0,0.0,0.00023972473903450888,0.0,0.005113800273256635,0.0,-0.0,0.0,0.0,0.0,1000.0,0.0,0.0,0.0,-0.14779226657165206,0.0,0.15771235136686285,-1000.0,0.0,0.0,1000.0,0.0,-0.0,0.0,4.855698960895093,0.0,0.0,0.0,0.0,0.0,0.0006965772130142083,0.0006965772130142083,0.0,0.0,-0.0,0.0,0.0,35.1403298859162,0.0,0.0,0.0,0.0,0.0,0.0,0.0,0.0,0.0,0.0,-1000.0,0.0,0.0,1000.0,0.0,0.17773526194687608,0.0,0.0,0.0,0.0,0.2435288955490234,0.0,0.0,0.0,0.0,0.0,0.0,0.0,0.1512142389735258,0.0,0.0,0.0,0.0,0.0,0.33714828349107007,0.36444939434472146,0.0,0.0,0.013650555426825682,0.0,0.06269587908503339,0.07389613328582603,0.0,0.0,0.0,0.0,0.0,0.0,0.0,0.0,0.0,0.00087637076729009,0.0,0.0,0.0,0.0,1.9649568773320403e-6,0.0,0.0,0.0,0.0,0.0,0.0,0.0,0.3744412000659544,0.0,0.0,0.0,0.0,0.0,0.0,-0.0,0.0,0.8589504420941023,0.0,0.2854384783072001,0.0,0.0,0.0,0.0,0.0,0.36444939434472146,0.36444939434472146,0.0,0.0,0.0,0.0,0.0,0.0,0.0,0.026364808901602116,0.0006572780754670368,0.0,-0.32499895511852606,-0.0,0.0006572780754670368,0.0,0.32499895511852606,0.0,0.3744412000659544,0.0,0.0,0.0,0.0,0.0,0.0,0.000438185383645045,0.0,0.00027312900594915354,0.0002190926918225225,0.0,0.001173570494986561,0.0,0.0,0.0006572780754670368,0.0,0.0,0.0,0.0,0.00044015034052236057,0.0,0.0,0.0,0.0,0.0,0.0005659075806713487,0.0006572780754670368,0.0006572780754670368,0.0,0.0005659075806713487,-0.0,0.0,-0.0,0.0,0.0,0.0,0.0,0.0,0.0,0.0,0.0,0.0,0.0,-0.0,0.0,0.0,0.0,0.0,0.0,0.3744412000659544,0.0,0.0,0.0,0.0,0.02570753082613508,0.0,0.0,0.0,0.0,0.0,0.34964442675246327,0.34964442675246327,0.34964442675246327,0.34964442675246327,0.34964442675246327,0.2731840247417189,0.0,0.0,0.0,0.2731840247417189,0.12539175817006679,