{"objective_value":0.9824784386660264,"time_limit":1800,"thermo_feasible":false,"dual_bound":0.9824784386660264,"solution":[-0.0,-0.0,-0.0,-0.0,-0.0,-0.0,-0.0,-0.0,-0.0,-0.0,-0.0,-0.0,-0.0,-0.0,-0.0,-0.0,-0.0,-0.0,-0.0,-0.0,0.0,-0.0,-0.0,-0.0,-0.0,-0.0,-0.0,0.0,-0.0,-0.0,-0.0,-0.0,-0.0,-0.0,-0.0,-0.0,-0.0,-0.0,-0.0,-0.0,-0.0,-0.0,0.0002210576486998559,0.0,-0.0,-0.0,-0.0,-0.0,-0.0,-0.0,-0.0,-0.0,-0.005113800273306879,-0.0,0.0,0.00021909269182252385,0.0,1.964956877332053e-6,0.0,0.00044015034052238833,-0.0,0.0,0.9824784386660265,-0.0,-0.0,-0.0,-0.0,-0.0,-0.0,-0.0,-0.0,-0.0,-0.0,-0.0,-0.0,-0.0,-0.0,-0.0,-0.0,-0.0,-0.0,-0.0,-0.005113800273256668,0.0,-0.0,19.670845812960753,-2.4561960966650662e-5,-0.0,-0.0,-0.0,-0.0,-10.0,-0.0,0.0,0.0,-3.375077994860476e-14,-0.0,-0.0,0.0,-0.0,-0.0,-0.0,-10.611576699825976,-0.0,0.0,-0.0,-0.00031734053568912657,-0.0,-0.0,-0.0,-0.0,-0.0,-0.0,-0.0,-0.0,-0.0006965772130142128,-0.0,-0.0,-0.0,0.0,-0.0,-0.0,-0.0,-0.0,-0.0,-0.0,-0.0,-0.0,-0.0,-0.0,-0.0,-0.0,-0.0,-0.0,-0.0,-0.0,-0.0,-0.0,-990.9569805843364,-0.0,-0.0,-0.0,0.0,-0.0,545.609979720116,-0.0,-0.0,-0.0,-0.0,0.0,0.0,0.0,-0.0,-0.0,-0.0,-0.0,-0.0,0.0,-0.0,-0.0,-0.0,-0.0,-0.0,-267.5703842812696,-0.0,0.0,-0.0,-0.0,-0.0,-0.0,-0.0,-0.0,-0.0,0.0,0.0,-0.0,-0.0,0.0,-0.0,-0.0,0.0,-0.0,-0.0,-0.19177291387853765,-3.469446951953614e-18,-0.0,-0.0,-0.0,-0.0,-1000.0,-0.0,-0.0,-0.0,-0.0,0.0,999.9842204137966,-0.0,-0.0,0.0,0.0,0.0,-0.0,-0.0,-0.0,0.0,0.0,-0.0,-0.0,-0.0,0.0,0.0,-0.0,0.0,-0.0,-0.0,-0.0,-0.0,-0.0,-0.0,-0.0,-0.0,-0.0,-0.0,-0.0,-0.0,0.0,-0.0,-0.0,-0.0,-0.0,-0.0,-0.0,-0.0,-0.0,-0.0,1.964956877332053e-6,-0.0,-0.0,-0.0,-0.0,-0.0,-0.0,-0.0,-0.0,-0.0,-0.0,0.0,-0.008523000455427778,0.0,-0.0,-0.0,-0.0,-0.0,-0.0,-0.9477291587686256,-0.0006788926011182243,-0.0,-0.0,-0.0,-0.00012673971858791742,-0.0,-0.0,-0.0,-0.0,-0.0,-0.0,-0.0,-0.0,-0.0,-0.0,0.0,0.0,0.0,-0.0,-0.0,-0.0,-0.0,0.0,0.0,-0.0,0.0,-0.0,-0.0,-0.0,-0.000335025147585115,0.0,0.0,0.0,0.0,0.0,0.0,0.0,0.0,-0.0,0.0,0.0,0.0,0.0,0.0,0.0,0.0,0.0,-0.0,0.0,0.0,0.0,0.0,0.0,0.0,-0.0,0.0,0.0,0.0,0.0,0.0,0.0,0.0,0.0,0.0,-0.0,0.0,0.0,-0.0,0.0,0.0,0.0,0.0,0.0,0.0,0.0,0.0,0.0,0.0,0.0,-0.0,0.0,0.0,0.0,0.0,0.0,0.0,0.0,-0.0,0.0,0.0,0.0,-0.0,0.0,0.0,0.0,0.0,0.0,0.0,0.0,0.0,0.0,0.0,0.0,0.0,0.0,0.0,0.07646040201074483,-0.0,0.0,0.0,0.0,0.0,0.0,0.0,0.0,-0.0,0.0,0.0,0.0,0.0,0.0,-0.0,0.0,0.0,0.0,0.0,0.0,0.0,0.07646040201074483,0.0,0.0,0.0,0.0,0.0,0.0,0.0,0.0,0.0,0.0,0.0,0.0,0.0,0.0,0.0,0.0,0.0,-0.0,0.0,0.0,-0.0,0.0,0.0,0.0,0.0,-0.0,0.0,0.0,0.0,0.0,0.0,0.0,0.0,0.0,0.0,-0.0,0.0,0.0,0.0,0.0764662968813768,0.0002210576486998559,0.0,0.0,-0.0,0.0,0.0,0.0,0.038230201005372416,-0.0,0.0,0.0,0.0,0.0,-0.0,0.0,0.0,0.0,0.0,0.29060926232990125,0.0,0.12539175817006762,0.147792266571653,0.0,0.0,0.29060926232990125,0.285438478307202,0.07646040201074483,0.0,0.572368358884299,-0.0,0.8589504420941082,0.0,0.0,0.0,0.0,0.0,0.0,-0.0,0.0,0.0,0.0,0.0,0.0,0.0,0.0,0.0,0.0,0.0,0.0,1000.0,0.0,0.0,-0.3496444267524655,-0.0,-0.3496444267524655,-0.3496444267524655,0.3496444267524655,0.3496444267524655,0.3496444267524655,-0.3496444267524655,0.3496444267524655,-0.24779088701595856,0.3496444267524655,0.2731840247417206,-0.3496444267524655,-0.2731840247417206,0.2731840247417206,-0.12539175817006762,-0.0,0.0,0.0,0.0,0.0,0.0,0.0,0.29060926232990125,0.0,-0.0,0.0,4.855698960895127,0.0738961332858265,0.0,0.0,4.855698960895127,-0.0,-0.29060926232990125,0.0,0.0,0.0,0.0,0.0,0.0,0.0,0.0,-0.0,0.0,0.0,0.0,-0.0,0.0,0.0,-0.0,-0.29060926232990125,0.0006572780754676517,0.0006572780754676517,0.0,0.0,0.0,-996.6435972266447,999.2232279844297,0.0,0.00044015034052238833,0.5332431200211881,0.4401650776988461,-0.4401650776988461,0.0,-0.0,0.0,0.0,0.0,3.7993460034689264,0.0,0.0,0.0,0.0,-0.0,1000.0,0.027301110853651542,-1000.0,0.0,0.0,-0.0,0.0,-0.0,0.0,0.04095166628047731,0.0,-1000.0,0.0,0.0,0.0,0.0,0.0,0.0,0.0006612079892222491,0.24352889554902532,1000.0,-1000.0,-0.0,0.0,0.0,0.2937974048632588,0.4401650776988461,0.2937974048632588,0.0,0.0,0.0,-0.0,-0.0,0.0,-0.0,0.0,0.0,-0.0,0.0,0.0,0.0,0.0,0.0,-0.0,0.0,0.0,0.0,0.0,0.0,-0.0,0.0,-0.0,0.0,0.0,0.0,-0.0,0.0,0.0,0.0,-0.0,0.0,0.0,-0.0,0.0,0.0,0.0,0.0,-0.0,0.0,-0.0,0.0,0.0,0.0,0.0,0.0,0.06269587908503381,0.0738961332858265,0.0,-0.0,-0.0,-0.0,-0.0,0.0,0.0,-0.0,1.964956877332053e-6,0.0,0.0,0.0,0.00021909269182252385,-0.0,0.0,0.0,-0.0,0.0,0.0,0.05584702188909294,0.0,-1.050344119295321,0.0,0.05584702188909294,-0.0,0.0,1.964956877332053e-6,0.0,0.0,0.0,0.0,0.0,0.23683134003263898,0.0,0.0,0.0,0.0,0.0,0.0,0.0,0.0,0.0,0.0,-0.0,0.0,0.0,0.0,0.0738961332858265,0.0,0.0,0.0,0.0005659075806716706,0.0,0.3249989551185281,0.0,1.050344119295321,0.0,0.0,0.0,0.0,0.0,0.0,0.0,0.0,0.0004381853836450478,0.0,0.002238085883281196,0.0,-0.0,-2.876381492835086,0.0,0.0,0.0,0.0,0.0,0.0,0.0,0.0,0.0,-0.0,0.0,0.0,0.0,-0.0,0.0,0.0,0.0,0.0,0.0,0.0,-0.0,0.0,-0.0,0.0,3.15,0.093078042322342,55.80046600349227,0.0,0.0,0.0,0.0,0.0,-0.0,0.0,1000.0,0.0,0.0,0.0,-0.0,-1000.0,0.0,0.00011986236951725524,-0.0,0.00011986236951725524,0.00011986236951725524,0.29060926232990125,0.29060926232990125,0.0,0.0,0.24352889554902532,-0.0,0.0,0.0,1.964956877332053e-6,0.0,0.0,0.0,-0.0,0.0,0.0,0.0,0.0,0.0,0.0,0.0,0.0,0.0,-0.0,0.0,0.0,0.0,0.0,0.0,0.0,0.0,0.0,0.0,0.0,0.0,999.9948861997267,0.005113800273306879,0.0,0.0,-1000.0,0.0,0.0,0.0,0.0,0.0,0.0,0.0,0.0,0.0,0.0,0.0,0.0,0.0,0.0,0.0,0.002556900136628334,0.0,0.005113800273256668,0.0,0.0,0.6156082174484294,0.0,0.0,0.0,0.0,0.0,0.0,0.0,0.0,-19.670845812960753,-19.670845812960753,0.0,0.0,0.0,0.0,0.0,0.0,2.4561960966650662e-5,2.4561960966650662e-5,0.0,0.0,0.0,0.0,0.0,0.0,0.0,0.0,0.0,0.0,0.0,1000.0,0.0,0.0,0.0,0.0,0.002347140989973137,0.0,0.0,0.0,0.0,0.0,0.0,0.0,0.0,0.0,0.0,0.0,0.0,0.0,0.0,0.00023972473903451048,0.00021909269182252385,0.0,0.0,0.0,0.0,0.3177178074095742,0.0,0.0,0.3744412000659574,-1000.0,0.00021909269182252385,0.0,0.0,-0.0,0.0,0.0,0.17773526194687755,0.0,0.0,0.8589504420941082,0.285438478307202,0.8639495696702219,0.0,0.0,0.0,0.0,1000.0,0.0,-1000.0,0.0,0.0,0.0,0.0,0.0,0.0,0.36444939434472384,0.0,0.36444939434472384,0.0,0.0,0.0,0.026364808901602897,0.0006572780754676517,4.855698960895127,0.0,0.0,0.0,0.0,0.0,0.0,0.0,0.0,0.013650555426825771,0.0006572780754676517,0.0,0.0,0.0,0.3249989551185281,0.0,0.0,0.0,0.0,0.3371482834910723,0.36444939434472384,-0.3249989551185281,0.0004381853836450478,0.0006572780754676517,0.0,0.0,0.0,0.0,0.00044015034052238833,-0.0,0.0,0.0,0.0,0.3744412000659574,0.3744412000659574,0.0,0.0,0.0,0.0,0.06269587908503381,0.0738961332858265,0.0,0.0,0.0,0.0,0.0,0.0008763707672900956,0.0,0.0,0.0,0.00027312900594915533,1.964956877332053e-6,0.0,0.0011735704949865685,-0.0,0.0,0.0,0.0,0.0,0.0,0.0,0.0,0.0,0.0,0.0,0.0,0.0,0.0,0.0,0.0,0.0006572780754676517,0.0006572780754676517,0.0,0.0,0.0,0.0,0.0,0.3744412000659574,0.0,0.0,0.0,0.0005659075806716706,0.0005659075806716706,0.0,-0.147792266571653,0.0,0.0,0.0,-0.0,0.0,0.0,0.0,0.0,0.0,0.2731840247417206,-0.0,0.0,0.0,0.0,0.0,0.0,0.15771235136686385,0.0,0.0,0.0,0.025707530826135246,0.0,0.0,0.0,0.0,1.964956877332053e-6,0.0,0.0,0.0,0.0,14.585868708954973,0.0,-0.0,0.0,0.0,0.0,0.0,0.002347140989973137,0.0027853263736181844,0.0,1.964956877332053e-6,0.0,0.0,0.0,-0.0,0.00021909269182252385,0.0,0.0,0.0,0.0,0.0,0.0,0.0,0.0,0.0,0.0,0.8639495696702219,0.0,0.0006965772130142128,0.0,0.0,0.0,0.0,0.0,0.0,0.0,0.0,0.0006965772130142128,0.0,0.0,0.0,0.0,0.0,0.0,0.0,0.0,0.0,0.0,0.0,0.0,0.0,0.0,0.0,0.0,0.07646040201074483,0.0,0.0,0.0,0.0,0.0,0.0,0.0,0.12539175817006762,0.147792266571653,0.0,0.0,0.0,0.0,0.0,0.0,0.0,0.0,0.0,0.0,0.0,0.0,0.0,0.0,0.0,0.0,0.3496444267524655,0.3496444267524655,0.3496444267524655,0.3496444267524655,0.0,0.0,0.0,0.0,0.3496444267524655,0.0,0.2731840247417206,0.0,0.0,0.0,0.0,2.1475897942956803,0.0,0.0,0.0,0.0,0.0,0.0,0.0,0.0,0.0,0.0,6.91956174801841,0.0,0.0,0.0,0.0,0.0,0.0,0.0,0.0,0.0,0.00021909269182252385,0.0,0.0,0.24352889554902532,0.0,0.0,0.0,0.0,0.0,0.0,0.0,0.0,0.0,0.0,0.0,0.0,0.0,0.0,0.0,0.0,1000.0,0.0,249.99605510344915,0.0038355958245521672,0.015779586203415047,0.15121423897352676,0.0,0.0,0.0,0.0076711916491043345,0.0,0.0,0.0,