{"objective_value":0.9824784386660153,"time_limit":1800,"thermo_feasible":false,"dual_bound":0.9824784386660153,"solution":[-0.0,-0.0,-0.0,-0.0,-0.0,-0.0,-0.0,0.0,-0.0,-0.0,0.0,-0.0,-0.0,-0.0,-0.0,-0.0,-0.0,-0.0,-0.0,0.0002190926918225214,0.00022105764869985344,0.0,-0.0,-0.00511380027325661,1.96495687733203e-6,-0.0,0.00044015034052238833,-0.0,0.0,0.0,-0.0,-0.0,-0.0,0.9824784386660154,-0.0,-0.0,-0.0,0.0,-0.0,-0.0,-0.0,-0.0,-0.0,-0.0,-0.0,-0.0,-0.00511380027325661,0.0,-0.0,19.670845812960653,-2.4561960966650385e-5,0.0,0.0,-0.0,-0.0,-0.0,0.0,-0.0,-0.0,-0.0,-0.0,-0.0,0.0,-0.0,-0.0,-0.0,-0.0,-0.0,-0.0,-0.0,-0.000696577213014205,-0.0,-0.0,-0.0,-0.0,-0.0,-0.0,-0.0,-0.0,-0.0,-0.0,-0.0,-0.0,-0.0,-0.0,-0.0,-0.0,-0.0,-0.0,-0.0,-0.0,-0.0,-0.0,-0.0,-0.0,-0.0,-0.0,-0.0,-0.0,-0.0,-0.0,-0.0,-0.0,-0.0,-0.0,-0.0,-0.0,-0.0,-0.0,-0.0,-0.0,0.0,-0.0,-0.0,-0.0,0.0,-0.0,-0.0,0.0,-0.0,-0.0,-0.0,0.0,-0.0,-0.0,-0.0,0.0,-0.0,0.0,-0.0,-0.0,-0.0,-0.0,-0.0,-0.0,-0.0,-0.0,-0.01577958620341487,-0.0,0.0,-0.0,-0.0,-0.0,-0.0,-0.0,0.0,0.0,0.0,0.0,0.0,0.0,0.0,-0.008523000455427683,0.0,-0.0,-0.0,-0.0006788926011182166,-0.0,-0.00012673971858791596,-0.0,-0.0,-0.0,-0.0,-0.0,-0.0,-0.0,-0.0,-10.611576699826141,-0.0,-0.0,-0.0,0.0,-0.00031734053568912294,0.0,-0.0,-10.0,-0.0,-0.0,-0.0,-0.0,-0.0,-0.0,-0.0,-0.0,0.0,0.0,-17.574329177820463,-0.0,-0.0,-0.0,-0.0,-0.0,-0.0,-0.0,-0.0,-0.0,-0.0,0.0,-0.0,-0.0,0.0,-0.0,-0.9477291587687594,-0.0,-0.0,-0.0,-0.0,-0.0,-0.0,-0.0,-0.0,-0.0,-0.0,-0.0,-0.0,-0.0,-0.0,-0.0,-0.0,-0.0,-0.0,-0.0,-0.0,-0.0,-0.0,-0.0,-0.0,-0.0,-0.0,-0.0,-0.0,-0.0,-0.0,-0.0,-0.0,-0.0,-0.0,-0.0,-0.0,-0.0,-0.0,0.0,-0.0,-0.00033502514758511115,-0.0,0.0,-0.0,0.0,-0.0,0.0,-0.0,-0.0,0.0,0.0,-0.0,-0.0,0.0,-0.0,0.0,0.0,0.0,0.0,0.0,0.0,-0.0,-0.0,-0.0,-0.24779088701595567,-0.0,-0.0,0.0,0.0,0.0,-0.0,-0.0,-0.0,-0.0,0.0,-0.0,0.0,-0.0,-0.0,0.0,0.0,-0.0,0.0,0.0,0.0,-0.0,-0.0,-0.0,-0.0,-0.0,-0.0,-0.0,-0.0,0.0,0.0,0.0,0.0,0.0,0.0,-0.0,-0.0,-0.0,0.0,-0.0,0.0,0.0,0.0,-0.0,-0.0,-0.0,0.0,0.0,-0.0,0.0,0.0,0.0,0.0,0.0,0.0,0.0,0.0,0.0,0.0,0.0,0.0,0.0,0.0,-0.0,0.0,0.0,0.0,0.0,0.0,0.0,0.0,-0.0,0.0,0.0,0.0,0.0,0.0,-0.0,0.0,-0.0,0.0,0.0,9.027239829460768,0.0,-0.0,0.0,45.617869513218174,0.0,0.0,0.0,0.0,0.0,0.0,0.0,0.0,0.0,0.0,0.0,0.0,0.0,0.0,0.0,0.0,-0.0,0.0,0.0,0.0,0.0,0.0,0.0,0.0,0.0,0.0,0.0,-0.0,0.0,0.0,0.0,0.0,0.0,0.0,0.0,0.0,0.0,0.0,0.0,0.00022105764869985344,0.0,0.0,0.0,0.0,0.0,0.0,0.0,0.03823020100537199,0.0,0.0,0.0,0.0,0.0,0.0,0.0,0.12539175817006618,0.0,0.0,0.07646040201074399,0.14779226657165132,0.0,0.0,0.07646040201074399,0.0,0.0,0.0,0.0,0.0,0.0,0.0,0.0,0.0,0.0,0.0,0.0,0.0,0.0,0.0,0.0,0.0,0.0,0.07646040201074399,0.0,0.0,0.0,0.0,-0.0,0.0,-0.0,0.0,0.3496444267524615,0.0,0.07646629688137596,1000.0,0.0,0.0,0.3496444267524615,0.3496444267524615,0.3496444267524615,0.3496444267524615,0.2731840247417175,0.0,0.0,0.2731840247417175,0.0,-0.0,-0.0,0.0,0.0,0.0,0.0,0.0,0.0,0.0,0.0,0.0,0.290609262329898,0.0,0.290609262329898,-0.0,0.2854384783071987,0.00511380027325661,0.0,0.0,0.0006572780754674777,0.5723683588842925,0.8589504420940985,0.0,0.0,0.0006572780754674777,0.0,-0.0,0.0,0.0,0.0,0.0,1000.0,0.0,0.0,-997.4203692422149,0.0,0.0,-0.0,0.0,0.0,0.0,0.0,-0.3496444267524615,-0.0,-0.3496444267524615,-0.3496444267524615,0.0,0.0,0.0,0.0,0.0,-0.3496444267524615,-0.3496444267524615,-0.2731840247417175,-0.12539175817006618,0.0,0.0,0.0,0.0,-0.0,0.290609262329898,0.0,-0.0,0.0,0.0,0.0006612079892222332,0.2435288955490225,0.2937974048633124,0.0,4.855698960895117,-0.0,4.855698960895117,-0.290609262329898,0.440165077698898,0.2937974048633124,0.0,0.0,0.0,-0.0,0.0,-0.0,0.06269587908503309,0.07389613328582566,0.0,0.0,0.0,0.0,0.0,-0.0,0.0,-0.0,0.0,0.0,0.0,0.0,0.0,0.0,0.0,0.0,-0.00511380027325661,0.0,0.0,-0.0,0.0,0.0,0.0,0.027301110853651233,0.0,0.0,-0.0,0.0,0.0,0.0,0.06269587908503309,0.07389613328582566,0.0,0.04095166628047685,0.0,999.0130827237481,0.0,0.0,0.0,-0.0,0.0,0.0,-0.290609262329898,0.0,0.0,0.0,0.00044015034052238833,-0.19177291387853554,0.533243120021239,0.440165077698898,-0.440165077698898,3.7993460034689255,0.0,0.0,0.0,0.0,0.0,0.0,-0.0,0.0,0.0,0.0,0.0,0.0,0.0,0.0,0.0,0.0,0.0,0.0,0.0,0.0,0.0,0.0,0.0,0.0,0.0,0.0,0.0,-0.0,0.06269587908503309,0.0,0.0,0.0,0.07389613328582566,-0.0,0.0,0.0,0.0,0.0,0.0,-0.0,0.0,0.0,0.0,0.0,0.0,0.0,0.0,0.0,-0.0,-0.0,0.0,-0.0,0.0,-0.0,0.0004381853836450428,-0.0,0.0,0.0,0.0,0.0,0.0,1.96495687733203e-6,0.0,0.0002190926918225214,0.0,0.0,-0.0,0.0,0.0,0.0,0.0,0.0,0.0,0.0,0.0,0.0,0.0,0.0,0.0,0.0,0.055847021889092296,0.055847021889092296,0.0,1.96495687733203e-6,0.0,0.0,0.0,0.32499895511852456,0.0,1.050344119295309,0.0,0.0,0.0,0.0,0.0022380858832811703,1000.0,0.0,0.0,-1000.0,0.290609262329898,0.290609262329898,0.0,0.0,-0.0,0.0,0.0,0.0,-2.8763814928351676,0.0,0.0,0.0,-1.050344119295309,0.0,0.0,0.0,0.0,0.0,-0.0,0.0,0.0,-0.0,0.0,0.23683134003263628,0.0,0.0,0.0,0.0,0.0,-0.0,0.0,0.0,-0.0,0.0,0.0,-0.0,0.0,0.000565907580671597,3.15,0.09307804232234096,55.80046600349231,0.0,0.0,0.0,0.0,0.0,-0.0,0.0,0.0,0.00011986236951725384,0.00011986236951725384,0.00011986236951725384,0.6156082174484225,-0.0,0.0,0.0,0.2435288955490225,0.0,0.0,0.0,0.0,1.96495687733203e-6,0.0,-0.0,0.0,0.0,0.0,0.0,0.0,0.0,0.0,0.0,0.0,0.0,0.0,0.0,0.0,0.0,0.0,0.0,0.0,-0.0,0.0,0.00511380027325661,0.0,0.0,0.002347140989973111,0.0,0.0,0.0,-0.00511380027325661,0.0,0.0,-0.0,0.0,0.0,0.0,0.0,0.0,0.0,0.0,0.0,0.0,0.3177178074095707,0.0,0.0,0.374441200065953,0.0,0.0002190926918225214,0.0,-0.0,0.0,-19.670845812960653,0.0,0.0,0.0,-19.670845812960653,0.0,0.0,-0.0,0.0,0.0,2.4561960966650385e-5,0.0,-0.0,0.0,0.0,2.4561960966650385e-5,0.0,0.0,0.0,0.0,0.0,0.0,0.0,0.0,0.0,0.0,0.0,0.0,0.0,0.0,0.0,-0.0,0.0,0.0,0.0,0.0,0.0,0.0,0.0,0.0,0.0,-0.0,0.0002397247390345077,0.0002190926918225214,0.0,0.0,0.0,0.0,1.96495687733203e-6,0.0,0.0,0.0,0.0,0.0,1000.0,0.0,0.0,0.002556900136628305,0.00511380027325661,0.0,-0.0,-1000.0,0.0,0.0,-0.0,0.0,1000.0,0.0,4.855698960895117,0.0,0.0,0.0,-0.0,0.0,0.0,0.0,0.0,0.0,0.0,0.0,1.96495687733203e-6,0.2435288955490225,0.0,0.15121423897352507,0.0,0.0,0.0,0.0,0.0,-0.0,0.0,0.0,-0.14779226657165132,0.0,0.15771235136686212,0.0,-0.0,0.0,0.000696577213014205,0.000696577213014205,0.0,0.0,35.14032988591636,0.0,0.0,0.0,0.0,0.0008763707672900856,0.0,1000.0,0.0,0.17773526194687544,0.0,0.0,0.0,0.0011735704949865553,0.0,0.0,0.0,0.0,0.0,0.0,0.0,0.0006572780754674777,0.0,0.0006572780754674777,0.0,0.0,0.0,0.0,0.0,0.0,0.0,0.0,0.0,0.000565907580671597,0.0,0.0,0.0,0.0,0.000565907580671597,0.0,0.0,0.0,0.013650555426825616,0.0,0.0,0.0,-0.0,0.0,0.0,0.0,-0.0,0.0,0.33714828349106846,0.0,0.3644493943447197,0.0,-0.0,0.0,0.0,0.0,0.0,0.0,0.0,0.0,0.0626958790850331,0.07389613328582566,0.02570753082613496,0.0,0.0,0.0,0.0,0.0,0.0,0.0,0.0,0.0,0.0,0.0,0.0,0.002347140989973111,0.0,0.0,0.0,0.0,0.0027853263736181536,-0.0,0.0002190926918225214,0.0,0.0,0.0,0.3496444267524615,0.0,0.0,0.3496444267524615,0.0,0.0,0.0,0.3496444267524615,0.3496444267524615,0.0,0.0,0.0,0.0,0.0,0.0,0.0,0.0,0.3496444267524615,0.2731840247417175,0.2731840247417175,0.0,0.0,0.0,0.0,0.0,0.0,0.0,0.0,0.0,0.0,0.0,0.0,0.0,0.0,1.96495687733203e-6,0.0,14.585868708954848,0.0,0.0,0.0,0.0,0.0,0.0,0.0,0.374441200065953,0.0,0.0,0.0,0.0,0.0,1.96495687733203e-6,0.0,0.0,0.0,0.0,0.0,0.0,0.0,0.0,0.0,0.0,0.0,0.0,0.0,0.0,0.8639495696701431,0.0,0.0,0.0,0.0,0.0,2.147589794295656,0.0,0.0,0.0,0.0,0.0,0.0,0.0,0.0,0.0,0.0,0.0,0.0,6.91956174801847,0.0,0.0,0.0,0.07646040201074399,0.8589504420940985,0.0,0.0,0.12539175817006618,0.14779226657165132,0.0,0.0,0.0,0.0,0.0002190926918225214,0.0,0.0,0.2854384783071987,0.0,0.0,0.0,0.0,0.0,0.0,0.0,0.0,0.0,0.0,0.0,0.0,0.0,0.0,0.8639495696701431,0.0,0.0,0.01577958620341487,0.0,0.0,0.01577958620341487,0.0,0.0,0.0,0.0,0.0,0.0,0.0,0.0,0.0,0.0,0.0,0.0,0.0,0.0,0.0,0.0,0.0,0.0,0.0,0.0,0.0,0.0,0.0,0.0,0.0,0.0,0.0,0.0,0.0,0.0,0.0,0.0,0.0,0.0,0.0,0.0,0.0,0.0,0.0,0.0038355958245521234,0.0,0.0,0.0,0.0,0.0,0.007671191649104247,0.0,0.0,0.0,0.0,0.0,0.0,0.0002190926918225214,0.0,0.0,0.0,0.09283242271267446,0.0,0.0,0.0,0.0,-0.0,0.0,0.0,0.0,0.0035054830691603426,0.0,0.0,0.0,0.0,0.0,0.0,0.0,0.0,0.0,0.0,0.0,0.0,0.0,0.0,0.0,0.0,