{"objective_value":0.9756145115851254,"time_limit":1800,"thermo_feasible":false,"dual_bound":0.9756145115851254,"solution":[-0.0,-0.0,-0.0,-0.0,-0.0,-0.0,-0.0,-0.0,-0.00507807353278622,-0.0,-0.0,-0.0,-0.0,-0.0,0.000217562036083483,0.00021951326510665325,-0.0,0.0,-0.0,-0.0,-0.0,1.9512290231702502e-6,-0.0,-0.0,-0.0,0.0004370753011901374,0.0,-0.0,-0.0,-0.0,0.0,0.9756145115851252,-0.0,-0.0,-0.0,-0.0,-0.0,-0.0,-0.0,-0.0,-0.0,-0.0,-0.0,-0.0,-0.0,-0.0,-10.0,-0.0,-0.0,-0.0,-0.0,-0.0,-0.0,-0.0,-0.0,-0.0,-0.0,-0.0,-0.0,-0.0,-0.0,-0.0,-0.0,-0.0,-0.0,-0.0,-0.0,-0.0,-0.0,-0.0,-0.0,-0.0,-0.0,-0.0,-0.0,-0.0,-0.0,-0.0,-0.0,-0.0,-0.0,-0.0,-0.0,-0.0,-0.0,-0.0,-0.0,-0.0,-0.0,-0.0,-0.0,-991.0201581803188,-0.0,545.7105132748555,-0.0,-0.005078073532800577,-0.0,-0.0,-0.0,-0.0,0.0,-0.0,0.0,-0.0,0.0,0.0,-0.0,-0.0,-0.0,-0.0,-0.0,-0.0,-0.0,-0.0,-0.0,0.0,-0.0,-0.0,-0.0,-0.0,-0.0,-0.0,-0.0,0.0,19.952598941252162,-0.0,-0.0,-0.0,-0.0,-0.0,0.0,-0.0,-0.0,-0.0,-0.0,-2.4390362789628137e-5,-0.19043312335983542,0.0,-0.0,-0.0,-0.0,-0.0,0.0,-0.0,-0.0,-0.0,-0.0,-0.0,0.0,0.0,-0.0,-0.0,-0.0,0.0,0.0,-0.0,-0.0,0.0,-0.0,-0.0,1.9512290231702502e-6,-0.0,-0.0,0.0,-0.0,-0.0,-0.0,-0.0,-0.0,-0.008463455888000963,-0.0,0.0,-0.0,0.0,-0.0,-0.0,-0.0,-0.0,-0.0,-0.0,-0.0,-0.0006741496275053215,-0.0,-0.0,-0.00012585427199448114,-0.0,-0.0,-0.0,-0.0,-10.537440631476969,-0.0003151234872419955,0.0,-0.0,-0.0,-0.0,0.0,-0.0,-0.0,-0.0,-0.0,-0.0,-0.0,-0.0,-0.0,-0.0,0.0,0.0,-267.86681194512596,-0.0,-0.0,-0.0,-0.0,-0.0,-0.0,-0.0,-0.0,-0.0,-0.0,-0.0,-0.0,-0.0,-0.0006917106887138539,-0.0,-0.0,-0.0,0.0,-0.9411080019249164,-0.0,-0.0,-0.0,-0.0,-0.0,-0.0,-0.0,-0.0,-0.0,-0.0,-0.0,-0.0,-0.0,-0.0,-0.0,-0.00033268454845052775,0.0,0.0,0.0,-0.0,-0.0,-0.0,0.0,0.0,-0.0,0.0,-0.0,-0.0,-0.0,-0.0,0.0,0.0,0.0,0.0,0.0,0.0,0.0,-0.0,-0.0,-0.0,-0.0,0.0,-0.0,0.0,0.0,-0.0,-0.0,-0.0,-0.0,-0.0,0.0,0.0,0.0,0.0,-0.0,-0.0,0.0,-0.0,-0.0,-0.0,-0.0,0.0,0.0,0.0,-0.24605973596688435,-0.0,-0.0,-0.0,-0.0,0.0,0.0,0.0,0.0,-0.0,-0.0,0.0,-0.0,0.0,-0.0,0.0,0.0,0.0,-0.0,-0.0,-0.0,-0.0,-0.0,0.0,0.0,-0.0,-0.0,-0.0,-0.0,0.0,0.0,0.0,-0.0,-0.0,0.0,0.0,0.0,0.0,-0.0,0.0,0.0,0.0,0.0,0.0,0.0,0.0,-0.0,0.0,0.0,0.0,0.0,0.0,-0.0,0.0,0.0,0.0,0.0,0.0,0.0,-0.0,0.0,0.0,0.0,0.0,0.0,0.0,0.0,0.0,0.0,0.0,0.0,0.0,0.0,0.0,0.0,0.0,0.0,0.0,0.0,0.0,-0.0,0.0,0.0,0.0,0.0,0.0,0.0,0.0,0.0,0.0,0.0,0.0,-0.0,0.00021951326510665325,0.0,0.0,0.0379631118748004,0.0,0.0,0.0,0.0,0.0,0.0,0.0,0.0,0.0,0.1245157288845864,0.14675973974872725,0.0,0.0,0.0,0.0,-0.0,0.0,0.0,0.0759262237496008,0.0,0.0,0.0,0.0,0.0,0.0,0.0,-0.0,0.0,0.0,0.0,0.0,0.0,0.0,0.0,0.0,0.0,0.0,0.0,0.0,0.0,0.34720169238291443,0.0,0.0,0.0,0.34720169238291443,0.34720169238291443,0.0,-0.0,0.0759262237496008,0.0,0.34720169238291443,0.34720169238291443,0.27127546863331364,0.0,0.0,-0.0,0.0,0.0,0.0,0.27127546863331364,-0.0,0.0,0.0,0.0,0.0,0.0,0.0,0.0,0.0,0.0,0.0,0.0759262237496008,0.0,-0.0,0.0,0.0759320774366703,1000.0,0.0,0.0,0.0,-0.0,0.0,0.0,0.0,0.0006526861082504326,0.0006526861082504326,0.0,0.0,0.0,0.0,0.0,0.0,-0.060326147709327205,999.228654776778,0.0,0.0,0.0,0.0,0.0,0.0,0.2885789676107874,0.2885789676107874,0.28344430843631496,0.0,0.0,0.0,0.0,0.0,-996.0383504456272,0.8529495234290161,-0.0,0.0,0.0,0.0,0.0,-0.0,0.0,0.0,-0.0,0.0,0.0,0.0,0.0,0.0006565885662968026,0.2418275202156281,0.29174483670089507,0.4370899354078238,0.29174483670089507,0.0,-0.0,0.0,0.0,0.0,-0.34720169238291443,-0.34720169238291443,-0.34720169238291443,-0.34720169238291443,0.0,0.0,0.0,-0.0,-0.34720169238291443,-0.27127546863331364,0.0,-0.0,-0.0,-0.1245157288845864,0.0,0.0,0.0,0.2885789676107874,0.0,0.0,0.0,0.0,-0.0,0.0,6.31321897688218,6.31321897688218,-0.2885789676107874,0.0,0.0,0.0,0.0,0.0,0.0,0.0,0.0,0.0,0.0,0.0,0.0,0.07337986987436362,0.0,0.0,0.0622578644422932,0.07337986987436362,0.0,0.0,0.0,0.0,0.0,-0.2885789676107874,996.6067200453284,0.0,0.0,0.0,0.0,0.0004370753011901374,0.5295177030063755,0.4370899354078238,-0.4370899354078238,-0.0,5.2642460589419455,0.0,0.0,0.0,0.027110376047927466,0.0,0.0,0.0406655640718912,0.0,0.0,0.0,-0.0,-1000.0,0.0,0.0,0.0,0.0,0.0,-0.0,-0.0,0.0,0.0,0.0,0.0,0.0,0.07337986987436362,0.0,0.0,0.0,0.0,0.0,0.0,0.0,0.0,0.0,0.0,0.0,0.0,-0.0,0.0,0.0,0.0,-0.0,0.0,0.0,0.0,0.0,0.0,0.0,-0.0,0.0,0.0,0.0,0.0004351240721669659,0.0,0.0,0.0,0.0,0.0,0.0,0.0,0.0,0.0,0.0,0.0,0.0,0.0,0.0,0.0,-0.0,0.0,0.0,0.0,-1000.0,0.0,0.0,0.0,0.0,0.0,0.0,0.0,-0.0,-0.0,-0.0,-0.0,1000.0,999.9843306553295,0.0,0.0,0.0,0.0,1.9512290231702502e-6,0.0,0.000217562036083483,0.0,0.0,0.0,-1000.0,0.2885789676107874,0.2885789676107874,0.0,0.0,0.0,0.0,0.0,0.0,0.0,-1.0430060595873796,0.055456855682033276,0.0,0.055456855682033276,-0.0,0.0,1.9512290231702502e-6,0.0,0.0,0.0,0.0,-0.0,0.0,0.0,1.0430060595873796,0.0,0.0,0.0,0.0022224498573909257,0.2351767560901524,0.0,0.0,0.0,0.0,0.0,0.0,0.0,-2.856286117663056,0.0005619539586729783,0.0,0.3227284023598016,0.0,0.0,0.0,0.0,0.0,0.0,-0.0,0.0,0.0,0.0,0.0,0.611307369970589,0.0,0.0,0.0,-0.0,0.0,0.0,0.0,0.0,3.15,0.0924277675985516,52.44974487179647,0.0,0.0,0.0,0.0,0.0,0.0,0.0,0.0,0.00011902497041338526,0.00011902497041338526,0.0,0.0,0.0,0.0,0.00011902497041338526,0.2418275202156281,0.0,0.0,0.0,0.0,0.0,0.0,1.9512290231702502e-6,0.0023307430681768653,0.0,0.0,0.0,0.0,0.0,0.0,0.0,0.0,0.0,0.0,0.0,0.0,0.0,0.0,0.0,0.0,0.0,0.0,0.0,0.3154981232144442,0.3718252270408114,999.9949219264672,0.00507807353278622,0.0,0.0,0.000217562036083483,0.0,-1000.0,0.0,0.0,0.0,0.0,0.0,0.0,0.0,0.0,0.0,0.0,0.0,0.0,0.0,0.0,0.0,0.0,0.0,0.0,0.0,0.0,0.0,0.0,0.0,-0.0,0.0,0.0,0.0,-19.952598941252162,0.0,-19.952598941252162,-0.0,0.0,0.0,0.0,0.0,0.0,0.0,0.0,2.4390362789628137e-5,2.4390362789628137e-5,0.0,0.0,0.0,0.0,0.0025390367664002884,0.005078073532800577,0.0,0.0,0.0,0.0,-0.0,0.0,0.0,0.0,0.0,0.0,0.0,-0.0,0.0,0.0,0.0,0.0,0.0,0.0,0.00023804994082677052,0.000217562036083483,0.0,0.0,0.0,0.2418275202156281,0.0,0.1501578050925782,0.0,0.0,0.0,-0.0,0.0,0.0,0.0,0.0,0.0,0.0,0.0,0.0,0.0,0.0,0.0,35.733188278372545,-0.0,0.0,0.0,1000.0,0.0,0.0,0.0,-0.0,0.0,0.0,-1000.0,0.0,1000.0,0.17649354321830707,0.0,0.0,0.0,6.31321897688218,0.0,0.0,0.0,0.0,0.0,0.0,0.0,0.0,0.0,-0.0,0.0,0.0,0.0,-0.0,0.0,0.0,0.0,0.0,0.0,-0.14675973974872725,0.0,0.0,0.0,0.013555188023963733,0.0,0.15661051947220228,0.0,-0.0,0.0,0.0006917106887138539,0.0,0.0,0.0006917106887138539,0.0,-0.0,0.33479285141006315,0.3619032274579906,0.0,0.0,0.0,-0.0,0.0,0.0,0.0,0.0,0.0,0.0,0.0,0.0622578644422932,0.07337986987436362,0.0,0.0,0.0,0.0,0.0,0.0,0.0,0.0,0.0,0.0,0.0008702481443339317,1.9512290231702502e-6,0.0,0.0,0.0,0.0,0.3718252270408114,0.0,0.0,0.0,0.0,0.0,0.0,0.0,0.0,0.0,0.0,0.0,0.0,0.8529495234290161,0.0,0.28344430843631496,0.0,0.0,0.0,0.0,0.0,0.34720169238291443,0.34720169238291443,0.34720169238291443,0.34720169238291443,0.34720169238291443,0.0,0.0,0.0,0.0,0.27127546863331364,0.27127546863331364,0.0,0.3619032274579906,0.0,0.3619032274579906,0.026180615418386826,0.0006526861082504326,0.0,0.0,0.0,0.0,0.0,0.0,0.0,0.0006526861082504326,0.0,1.9512290231702502e-6,0.0,15.975410464038761,0.0,0.0,-0.0,0.0006526861082504326,0.0,0.3227284023598016,0.0,0.0,-0.3227284023598016,0.0,0.0,1.9512290231702502e-6,0.0,0.0,0.0006526861082504326,0.0004351240721669659,0.0006526861082504326,0.0004370753011901374,0.0,0.0,0.0,0.0,0.0,0.0,-0.0,0.0,0.0,0.0,0.0,0.3718252270408114,0.3718252270408114,0.0,0.0,0.0,0.0,0.0,0.0,0.0,0.0,0.0,0.0,0.0,0.0,0.0,0.00027122083422066495,0.0,0.0,0.0,0.0,0.0011653715340884327,0.0759262237496008,0.0,0.0,0.0,0.0,0.1245157288845864,0.0,0.14675973974872725,0.0,0.0,0.0,0.0,0.0,0.0,0.0,0.0,0.0,0.0,0.0,0.0,1.066293002364405,0.0,0.0,0.0,0.0,0.0,0.0,0.0,0.0,0.0005619539586729783,0.0,0.0,0.0,0.0,0.0005619539586729783,0.0,9.150713258652303,0.0,0.0,0.0,0.0,0.0,0.0,0.0,0.0,0.0,0.0,0.000217562036083483,0.0,0.0,0.0,0.0,0.0,0.0,0.0,0.0,0.0,0.0,0.0,0.0,0.0,0.0,0.0,0.0,0.0,249.99608266383237,0.00380879905322833,0.0,1000.0,0.00761759810645666,0.0156693446705687,0.0,0.0,0.0,0.0,0.0,0.0,0.0,0.0,0.0,0.0,0.0,0.00021756203608348294,0.0,0.0,0.0,0.0,0.0,0.0,-0.0,0.0,0.0,0.0,0.0,0.0,0.0,0.0,0.0,0.0,0.0,30.144908444854295,0.0,0.0,0.0,0.0,-999.9843306553295,0.0,0.0,0.0,0.0,