{"objective_value":0.982478438666016,"time_limit":1800,"thermo_feasible":false,"dual_bound":0.982478438666016,"solution":[-0.0,-0.0,-0.0,-0.0,-0.0,-0.0,-0.0,0.00021909269182252163,0.00022105764869985366,0.0,-0.0,-0.0,-0.0,-0.0,1.9649568773320322e-6,0.0004401503405223753,-0.0,0.0,0.0,0.982478438666016,-0.0,-0.0,-0.0,-0.0,-0.0,-0.0,-0.0,-0.0,-0.0,-0.0,-0.0,-0.0,-0.0,-0.0,-0.0,-0.0,-0.0,-0.0,-0.0,0.0,-0.0,-0.0,-0.0,-0.0,-0.0,-0.0,-0.0,-0.0,-0.0,-0.0,-0.0,-0.0,-0.0,-0.0,0.0,-0.0,-0.0,-0.0,-0.0,0.0,0.0,-0.0,-0.0,-0.0,0.0,-0.0,-0.0,-0.0,-0.0,-0.0,-0.0,-0.0,-0.0,-0.0,-0.0,-0.0,-0.0,-0.0,-0.0,-0.0,-0.0,-0.0,0.0,0.0,0.0,-0.0,-0.0,-0.0,-0.0,-0.0,-0.0,-0.1917729138785357,3.469446951953614e-18,-0.0,-0.0,-0.0,-0.0,-0.0,-0.0,-0.0,-0.0,0.0,-0.0,0.0,-0.0,-0.005113800273306879,-0.0,0.0,-0.0,-0.0,-0.0,-0.0,-0.0,-0.0,-0.0,-0.0,-0.0,-0.0,0.0,-0.0,-0.0,-0.0,-0.005113800273256614,0.0,-0.0,0.0,-0.0,-0.0,19.67084581296062,-0.0,-0.0,-0.0,-2.4561960966650405e-5,0.0,-0.0,0.0,-0.0,-0.0,0.0,-0.0,0.0,-0.0,-0.0,1.9649568773320322e-6,-0.0,-0.0,-0.0,-0.0,-0.0,-0.0,-0.00852300045542769,-0.0,-0.0,-0.0006965772130142053,-0.0,-0.0,0.0,-0.0,-0.0,-0.0,-0.0,-0.0,-0.0,-0.0006788926011182171,-0.0,-1000.0,-0.0,-0.0,-0.0,-0.00012673971858791607,-0.0,999.9842204137966,-0.0,-0.0,-0.0,-0.0,-0.0,-0.0,-0.0,-10.611576699826154,-0.0,-0.00031734053568912315,-0.0,0.0,-0.0,-0.0,-0.0,-0.0,0.0,-0.0,-0.0,0.0,-0.0,-267.57038428126964,-0.0,-0.0,-0.0,-0.0,-0.0,0.0,-0.0,-0.0,-0.0,-0.0,-0.0,-0.0,-0.0,0.0,0.0,-0.0,-0.0,-0.0,-0.0,-0.0,-0.0,0.0,-0.0,0.0,-0.0,-0.9477291587687064,-0.0,0.0,-0.0,-0.0,-0.0,-0.0,-0.0,-0.0,-0.0,-0.0,-0.0,-0.0,-0.2477908870159554,-0.0,0.0,-0.0,-0.0,-0.0,-0.0,0.0,-0.0,-0.0,0.0,0.0,0.0,-0.0,-0.0,0.0,-0.0,0.0,0.0,-0.0,-0.0,-0.0,-0.0,0.0,0.0,-0.0,0.0,0.0,0.0,0.0,-0.0,-0.0,-0.0,-0.0,-0.0,-0.0,0.0,0.0,-0.0,0.0,0.0,0.0,-0.0,-0.0,-0.0,0.0,0.0,-0.0,0.0,-0.0,-0.0,0.0,-0.0,0.0,-0.0,-0.0,-0.0,-0.0,0.0,0.0,0.0,0.0,-0.0,-0.0,-0.0,-0.0,-0.0,0.0,0.0,-0.0,0.0,0.0,0.0,0.0,-0.0,-0.0,-0.0,-0.0,-0.0,-0.0,0.0,0.0,-0.0,-0.0,-0.0,0.0,0.0,0.0,-0.0,-0.0,-0.0003350251475851115,0.0,0.0,0.0,0.0,0.0,0.0,0.0,0.0,0.0,0.0,0.0,0.0,0.0,-0.0,0.0,0.0,0.0,0.0,-0.0,0.0,0.0,0.0,0.0,-0.0,0.0,0.0,0.0,0.0,0.0,0.0,0.0,-0.0,0.0,0.0,0.0,0.0,-0.0,0.0,0.0,0.0,0.0,0.0,-0.0,0.0,0.0,0.0,0.0,0.0,0.0,0.0,-0.0,0.0,0.0,0.0,-0.0,0.0,0.0,0.0,0.0,-0.0,0.0,0.0,0.0,0.0,0.0,0.0,0.0,0.12539175817006634,0.14779226657165148,0.0,0.0,-0.0,0.0,0.07646040201074406,0.0,0.0,0.07646040201074406,0.0,0.0,0.0,-0.0,0.0,0.0,0.0,0.0,0.0,0.0,0.0,-0.0,0.0,0.0,0.0,0.0,0.0,0.0,0.0,0.0,0.0,0.0,0.3496444267524619,0.0,0.0,0.07646040201074406,0.0,0.3496444267524619,0.0,-0.0,0.0,0.0,0.3496444267524619,0.3496444267524619,0.3496444267524619,0.2731840247417178,0.0,-0.0,0.0,0.2731840247417178,-0.0,0.0,-0.0,0.0,-0.0,0.0,0.0,0.0,-0.0,0.0,0.0,0.0,0.0,0.0,0.0,0.0,0.0,0.0,0.0,0.07646629688137602,0.0,0.0,-10.0,0.0,0.0,0.0,0.0,0.0,0.0,-0.0,0.0,0.0,0.0,0.0,0.00022105764869985366,-0.0,0.0,0.0,0.03823020100537203,0.0,0.0,0.0,0.0,0.29060926232989825,0.29060926232989825,0.0,-0.0,0.28543847830719904,-0.0,0.5723683588842925,0.8589504420940987,0.0,0.0,0.0,0.0,0.0,-0.0,0.0,0.0,0.0,0.0,-0.0,-0.3496444267524619,-0.3496444267524619,-0.3496444267524619,0.0,-0.0,0.000661207989222229,0.2435288955490222,0.29379740486331335,0.44016507769889895,-0.3496444267524619,-0.3496444267524619,-0.2731840247417178,-0.12539175817006634,0.29379740486331335,0.0,0.0,-0.0,0.0,-0.0,0.29060926232989825,0.0,0.0,0.0,-0.0,-0.0,0.0,-0.0,0.0,4.855698960895103,0.0,-0.0,0.0,0.0,4.855698960895103,-0.29060926232989825,-0.0,0.0,0.0,0.0,0.06269587908503317,0.07389613328582574,0.0,0.0,0.0,0.0,0.0,0.0,0.0,0.0,0.0,0.0,0.0,-0.0,0.0,0.0,0.0,0.0,0.0,0.0,0.06269587908503317,0.0,-0.0,0.0,0.07389613328582574,0.0,0.0,0.0006572780754672566,-0.0,0.0006572780754672566,0.0,0.0,0.0,1000.0,0.0,-0.29060926232989825,0.0,0.0004401503405223753,0.53324312002124,0.44016507769889895,-0.44016507769889895,3.7993460034689153,0.0,-997.4203692422149,0.0,0.0,0.0,0.0,0.0,-0.0,0.0,0.027301110853651257,0.0,0.0,1000.0,0.0,-0.0,0.0,0.04095166628047689,0.0,-1000.0,0.0,0.0,-1000.0,0.0,0.0,-0.0,0.0,0.0,0.0,1000.0,-1000.0,0.0,-0.0,-0.0,0.0,0.0,0.0,0.0,-0.0,0.0,0.0,0.0,0.0,0.0,-0.0,0.0,0.0,0.0,-0.0,0.0,0.0,-990.9569805843362,0.0,0.0,0.0,0.0,0.0,0.0,0.0,0.0,0.0,0.0,0.0,0.0,0.0,-0.0,0.0,0.0,0.0,0.0,-0.0,0.0,0.0,545.6099797201164,-0.0,0.0,0.0,-0.0,-0.0,-0.0,0.0,-0.0,-1000.0,0.0,-0.0,-0.0,0.0,0.0,1.9649568773320322e-6,0.0,0.0,1000.0,0.29060926232989825,0.29060926232989825,0.0,0.00021909269182252163,0.0,0.0,0.0,0.0,0.0,0.0,0.0,0.0,0.0,-1.0503441192953098,0.0,0.0,0.055847021889092366,0.0,0.055847021889092366,0.0,1.9649568773320322e-6,0.0,0.0,0.0,0.0,0.0,0.0,0.0,0.23683134003263653,0.0,0.0,0.0,0.0,0.0,0.0,0.0,0.0,0.06269587908503317,0.07389613328582574,0.0,0.0,0.0,0.0,0.0,0.0,0.0,0.0,0.0005659075806710712,0.3249989551185249,1.0503441192953098,0.0,0.0,-0.0,0.0,0.0,0.0,0.0,0.0,0.0,0.00043818538364504315,0.0,0.0,0.002238085883281173,0.0,-2.876381492835171,0.0,0.0,0.0,3.15,0.0,0.0,-0.0,0.0,0.0,0.0,0.0,0.0,0.0,0.09307804232234104,0.0,0.0023471409899731128,55.80046600349236,0.0,0.0,0.0,0.0,0.0,0.0,0.0,0.0,0.0,0.0,0.0,0.0,0.317717807409571,2.4561960966650405e-5,0.0,0.0,0.0,0.0,0.0,0.0,0.0,0.0,0.3744412000659531,0.00021909269182252163,0.0,0.0,0.0,0.0,0.0,0.0,0.0,0.0,0.0,0.0,0.0,0.0,0.0,0.0,0.0,0.0,0.0,0.0002397247390345079,0.00021909269182252163,0.0,0.0,0.0,0.0,0.0,0.0,0.0,0.0,0.0,0.0,0.0,1000.0,0.0,0.0,0.0,0.0,0.0,0.0,0.0,-1000.0,0.0,0.0,0.0,0.0,0.0,1000.0,0.0,4.855698960895103,0.0,0.002556900136628307,0.005113800273256614,0.0,0.0,0.0,0.0,0.0,0.0,0.0,-0.0,0.0,0.0,0.0,-19.67084581296062,0.00011986236951725395,-19.67084581296062,0.0,0.0,-0.14779226657165148,0.0,0.15771235136686226,0.0,2.4561960966650405e-5,0.00011986236951725395,0.0,0.0,-0.0,0.0,0.0006965772130142053,0.0006965772130142053,0.0,0.0,0.0,0.0,-0.0,0.2435288955490222,0.0,0.00011986236951725395,0.0,0.0,0.15121423897352523,0.0,0.2435288955490222,0.0,0.0,0.0,0.0,0.0,-0.0,0.0,0.0,0.0,0.0,0.0,35.14032988591631,0.0,0.0,0.0,0.0,0.0,0.0,0.0,0.0,0.0,0.0,0.0,-0.0,0.0,0.0,0.0,0.17773526194687514,0.0,0.0,0.0,0.3744412000659531,0.0,0.0,0.0,0.0,0.0,0.0,0.0,0.0,0.0,-1000.0,0.0,0.0,0.0,0.0,0.0,0.0,0.8589504420940987,0.28543847830719904,0.8639495696701345,0.0,0.0,0.0,0.0,1.9649568773320322e-6,0.0,0.0,0.0,0.0,0.0,0.0,0.013650555426825629,0.0,0.0,0.0,0.0,0.36444939434472007,0.0,0.0,0.3371482834910688,0.36444939434472007,0.026364808901602237,0.36444939434472007,0.0,0.0,0.0006572780754672566,0.0,0.0,0.0,-0.0,0.0,0.0,0.0006572780754672566,0.0,0.0,0.06269587908503317,0.0,0.0,0.3249989551185249,0.07389613328582574,0.0,0.0,0.0,0.0,-0.3249989551185249,0.0,0.0,0.0008763707672900863,0.0,1.9649568773320322e-6,0.0,0.00043818538364504315,0.0006572780754672566,0.0004401503405223753,0.0,0.0,0.0,0.0,0.3744412000659531,0.3744412000659531,0.0,0.0,0.0002731290059491525,0.0,0.0,0.0,0.0,0.0,0.0,0.0011735704949865564,0.0,0.0,0.0,0.0,0.0,0.0,0.0,0.0006572780754672566,0.0,0.0,0.0,0.0,0.0006572780754672566,999.9948861997267,0.0,0.0,0.0,0.0,0.0005659075806710712,0.0,0.0,0.0,0.0,0.0,0.0005659075806710712,0.0,0.005113800273306879,0.0,0.0,-0.0,0.0,0.0,0.0,0.3496444267524619,0.0,0.3496444267524619,-0.0,0.0,0.0,0.3496444267524619,0.3496444267524619,0.3496444267524619,0.0,0.0,0.0,0.0,0.02570753082613498,0.0,0.2731840247417178,0.2731840247417178,0.0,0.0,0.0,0.0,0.0,0.0,-1000.0,0.0,0.0,0.0,0.0,0.0,0.0,0.0,1.9649568773320322e-6,0.0,0.0,0.0,0.0023471409899731128,14.585868708954848,0.0027853263736181562,0.0,-0.0,0.0,0.0,0.0,1.9649568773320322e-6,0.0002190926918225216,0.0,0.0,0.0,0.0,0.0,0.0,0.0,0.0,0.0,0.0,0.0,0.0,0.0,0.0,0.0,0.0,0.0,0.0,0.0,0.0,0.0,0.0,0.8639495696701345,0.0,0.0,0.0,0.0,0.0,0.0,0.0,0.0,0.0,0.0,0.0,0.0,0.0,0.0,0.0,0.0,0.0,0.0,0.0,0.0,0.0,0.07646040201074406,0.0,0.0,0.0,0.0,0.0,0.0,0.12539175817006634,0.14779226657165148,0.0,0.6156082174484232,0.0,0.0,0.0,0.0,0.0,-999.9842204137966,0.0,0.0,0.0,0.0,0.0,0.0,0.0,0.0,2.147589794295658,0.0,0.0,0.0,0.0,0.0,0.0,0.0,0.0,0.0,0.0,0.0,0.0,0.0,0.0,0.0,6.919561748018474,0.0,0.0,0.0,0.0,0.0,0.0,0.0,0.00021909269182252157,