{"objective_value":1.0374775435572854,"time_limit":1800,"thermo_feasible":false,"dual_bound":1.0374775435572854,"solution":[-0.0,0.0,0.0,-0.0,-0.0,-0.0,-0.0,-0.0,-0.0,-0.0,-0.0,0.00023135749221327463,0.00023343244730038922,0.0,-0.0,2.074955087114571e-6,0.00046478993951371006,-0.0,-0.0,-0.0,0.0,0.0,-0.0,1.0374775435572854,-0.005400070614200558,-0.0,-0.0,-0.0,-0.0,-0.0,-0.0,-0.0,-0.0,-0.0,-0.0,-0.0,-0.0,-10.0,-0.0,-0.0,-0.0,-0.0,0.0,-0.0,-0.0,-0.0,-0.0,-0.0,-0.0,-0.0,-0.0,-0.0,-0.0,-0.0,-0.0,-0.0,-0.0,-0.0,-0.0,-0.0,-0.0,-0.0,-0.0,-0.0,-0.0,-0.0,-0.0,-0.0,-0.0,-0.0,-0.0,-0.0,-0.0,-0.0,-0.0,-0.0,-0.0,-0.0,-0.0,-0.0,-0.0,-0.0,-0.0,-0.0,-0.0,-0.0,-0.0,-0.0,9.060441821987297,-0.0,-0.0,-0.0,-0.0,47.152200755988524,-0.0,-0.0,-0.0,-0.0,-0.0,0.0,-0.0,0.0,-0.0,-0.0,-0.0,0.0,-0.0,-0.0,0.0,-0.0,-0.0,-0.0,-0.0,-0.0,-0.0,-0.0,-0.0,-0.005400070614215671,-0.0,-0.0,0.0,-0.0,-0.0,0.0,-0.0,-0.0,-0.0,-0.0,0.0,-0.0,-0.0,-0.0,-0.0,-0.0,-3.2612801348363973e-16,20.23189634022944,-0.0,-0.0,-0.20250835415957721,0.0,-2.5936938588932135e-5,-0.0,-0.0,0.0,-0.0,0.0,-0.0,-0.4674157951764073,0.0,0.0,-0.0,-0.00900011769035945,0.0,-0.0,-0.0,-0.0,0.0,-0.0,-0.0007168969825980842,-0.0,-0.0001338346031188898,-0.0,-0.0,0.0,-0.0,-0.0,-0.0,-0.0,-0.0,-0.002363373844223495,-0.0,-0.0,-10.735833182709731,-0.0,-0.00033510524656900315,-0.0,-0.0,0.0,-0.0,-0.0,-0.0,-0.0,-0.0,-0.0,-0.0,0.0,0.0,-18.71795879091942,-0.0,2.074955087114571e-6,-0.0,-0.0,-0.0,-0.0,-0.0,-0.0,-0.0,-0.0,-0.0,-0.0,-0.0007355715783821153,-0.0,-0.0,-0.0,-0.0,-0.0,-0.0,-0.0,-0.0,-0.0,0.0,-1.0007830002664773,-0.0,-0.0,-0.0,-0.0,-0.0,-0.0,-0.0,-0.0,-0.0,-0.0,-0.0,-0.0,-0.0,-0.0,-0.0,-0.0,-0.0,-0.0,-0.0,-0.0,-0.0,-0.0,-0.0,-0.0,-0.0,-0.0,-0.0,-0.0,-0.0,-0.0,-0.0,-0.0003537798423530343,0.0,-0.0,0.0,-0.0,0.0,0.0,-0.0,0.0,-0.0,0.0,-0.0,-0.0,-0.0,-0.0,-0.0,0.0,0.0,0.0,0.0,0.0,0.0,0.0,-0.0,-0.0,-0.0,-0.0,-0.0,-0.2616622112602851,0.0,0.0,-0.0,-0.0,-0.0,-0.0,-0.0,0.0,0.0,-0.0,0.0,-0.0,0.0,-0.0,-0.0,0.0,-0.0,-0.0,-0.0,-0.0,-0.0,-0.0,-0.0,0.0,0.0,0.0,0.0,0.0,0.0,-0.0,0.0,-0.0,-0.0,-0.0,-0.0,0.0,0.0,-0.0,0.0,-0.0,-0.0,0.0,-0.0,0.0,-0.0,0.0,0.0,-0.0,0.0,-0.0,0.0,0.0,0.0,0.0,0.0,0.0,-0.0,0.0,0.0,0.0,0.0,0.0,0.0,0.0,0.0,0.0,-0.0,0.0,0.0,0.0,0.0,0.0,-0.0,0.0,-0.0,0.0,0.0,0.0,0.0,-0.0,0.0,0.0,0.0,0.0,0.08074065234980218,0.0,0.0,0.0,0.0,0.0,0.0,-0.0,0.0,0.0,0.0,0.0,0.0,0.0,0.0,0.0,-0.0,0.0,0.0,0.0,0.0,-0.0,0.0,0.0,0.0,0.0,0.0,0.0,0.0,0.0,0.0,0.0,0.0,0.0,0.0,0.0,-0.0,0.0,0.0,0.0,0.0,0.0,-0.0,0.0,0.0,0.0,0.0,0.0,0.00023343244730038922,0.0,0.0,0.0,0.0,0.0,0.0,0.04037032617490109,0.0,0.0,0.0,0.0,0.0,0.0,0.13241118392909357,0.1560656719222493,0.0,0.0,0.0,0.0,0.0,0.0,0.0,0.08074065234980218,0.0,0.0,0.0,0.0,0.0,0.0,0.0,0.0,-0.0,0.08074065234980218,0.0,0.0,0.0,0.0,0.0,0.0,0.0,0.0,0.0,0.0,0.0,0.0,0.0,0.0,0.0,-0.0,0.36921750820124544,0.36921750820124544,-0.0,0.36921750820124544,0.36921750820124544,0.36921750820124544,-0.0,0.288476855851286,0.288476855851286,5.659809684092579,-0.0,5.659809684092579,-0.30687755756389656,-0.0,0.0,-0.016662926827073554,0.0,0.0,0.0,0.0,0.0,0.0,0.07803283596112465,0.0,0.0,0.0,0.0,0.0,0.0,0.0,0.0807468772150628,1000.0,0.0,0.0,0.0,0.0,0.0,0.0,0.0,0.0,0.0,-0.0,0.0,0.0,-0.0,0.0,0.0,0.0,0.0,0.0006940724757091843,0.0006940724757091843,0.0,0.0,0.0,0.0,0.0,0.30687755756389656,0.30687755756389656,0.30141731325215915,0.0,2.7240383874804754,0.6044095174150925,0.0,0.4396186593515381,0.0,-1000.0,0.0,0.0,0.0,0.0,0.0,0.0,0.0,0.0,0.0,1000.0,0.0,-1000.0,0.0,0.0,0.0,0.0,0.0,0.0,0.0,0.0,0.0,-0.36921750820124544,0.0,0.0,0.0,0.0006982223868141624,0.2571616336763327,0.3102441721570708,-0.36921750820124544,-0.36921750820124544,-0.36921750820124544,0.0,-0.36921750820124544,-0.288476855851286,0.4648055016401713,0.3102441721570708,0.0,-0.13241118392909357,0.0,0.0,-0.0,0.0,0.0,-0.0,0.0,0.0,-0.0,0.0,0.30687755756389656,0.0,-0.0,0.0,-0.0,0.0,-0.0,0.0,0.0,0.0,0.0,0.0,0.0,-0.0,0.0,0.0,0.0,0.0,-0.0,0.06620559196454678,0.07803283596112465,0.0,0.0,-0.0,-0.0,0.0,-0.30687755756389656,0.0,-0.0,0.0,0.0,-0.0,-0.0,0.0,0.00046478993951371006,0.5630940491617196,0.4648055016401713,-0.4648055016401713,4.544322129078637,-0.0,-0.0,0.0,0.0,0.0,0.0,0.0,0.0,0.0,2.074955087114571e-6,-0.0,0.0,0.028829425980369194,3.2612801348363973e-16,0.00023135749221327463,-0.0,0.0,0.0,0.04324413897055379,0.0,0.0,-1000.0,0.0,0.0,0.0,0.0,0.0,0.0,0.05897333600842677,-0.0,0.05897333600842677,0.0,1000.0,-1000.0,0.0,2.074955087114571e-6,-0.0,0.0,0.0,0.0,0.0,0.0,-0.0,0.0,0.0,0.0,0.0,0.0,0.0,0.0,0.0,0.0,0.0,0.07803283596112465,-0.0,0.0,0.0,0.0,0.0,0.0,0.0,0.0,-0.0,0.0,0.0,0.0,0.0,-0.0,0.0,0.0,0.0,0.0,0.0,0.0,0.0,-0.0,0.0,0.0,0.0,0.0,0.0004627149844265155,0.0,0.0,0.0,0.0,0.0,0.0,0.0,0.0,0.0,0.0,-1000.0,0.0,0.00012657226031398882,0.0,0.0,0.0,0.00012657226031398882,0.0,0.00012657226031398882,0.2571616336763327,0.0,0.0,0.0,0.0,0.0,2.074955087114571e-6,0.0,0.0,1000.0,0.0,0.30687755756389656,0.0,0.0,0.0,0.0,0.0,0.0,0.0,0.0,0.0,0.0,0.0,0.3355036379457292,0.39540240392210446,0.0,999.9945999293858,0.00023135749221327463,0.30687755756389656,0.0,0.0,0.005400070614200558,0.0,0.0,0.0,0.0,0.0,0.0,-1000.0,0.0,0.0,0.0,0.0,0.0,0.0,0.0,0.0,0.0,0.0,0.0,0.0,0.0,0.0,0.0,0.6500699415850022,0.0,0.0,0.0,0.0,0.0,0.0,0.0,0.0,0.0,0.0,0.0,0.0,0.0,0.0,-1.1091423423559945,0.0,0.0,0.0,0.0,0.0027000353071078356,0.0,0.0,0.0,0.0,0.0,0.0,0.0,0.005400070614215671,0.0,0.0,0.0,0.0,0.0024785338515582733,0.0,0.0,0.0,0.0,0.0,0.0,-20.23189634022944,0.0,0.0,0.0,-20.23189634022944,0.0,0.0,2.5936938588932135e-5,2.5936938588932135e-5,0.0,0.0,0.0,0.0,0.0,0.0,0.0,0.0,0.0,0.0,0.0,0.0,0.0,0.0,0.0,0.00025314452062797765,0.15967920620647647,0.00023135749221325774,0.0,0.0,0.0,0.0,0.0,0.0,0.0,0.25008914926220144,0.0,0.0,0.0,0.0,0.0,0.0,0.0,0.0,37.4271228847021,0.0,0.0,1000.0,0.0,0.0,0.0,-0.0,0.0,0.0,-1000.0,0.0,0.0,0.0,1000.0,0.0,0.0,5.659809684092579,0.0,0.18768487501696995,0.0,0.0,0.0,0.0,0.0,-0.0,0.0,0.0,-0.1560656719222493,0.0,0.0,-1000.0,0.16654108267960055,0.0,0.0,0.0,0.0,-0.0,0.0,0.0,0.0,0.0,0.0,0.0007355715783821153,0.0007355715783821153,0.0,0.0,0.0,0.0,0.0,0.0,0.0,0.0,0.0,0.0,0.0,0.014414712990184923,0.0,0.0,0.0,0.0,0.0,0.35602183132459686,0.0005975870648171622,0.3848512573050584,0.0,0.0,0.0,0.0,-0.0,0.0,0.3431923840211084,0.0,0.0,1.1091423423559945,0.0,0.2571616336763327,0.0,0.06620559196454678,0.07803283596112465,0.0,0.0,0.0,0.0,0.0,0.000925429968853031,2.074955087114571e-6,0.0,0.0,0.0,0.0,0.0,0.0,0.0,0.0,0.0,0.0,0.0,0.0,0.0,0.39540240392210446,0.0,0.0,0.0,0.0,0.0,0.0,0.0,0.0,0.0,0.0006940724757091843,0.0,0.0,-0.0,0.4396186593515381,0.30141731325215915,0.0,0.0,0.0006940724757091843,0.0,0.0,0.0,0.0,0.0,0.0,0.0,0.0,0.0,0.0,0.0005975870648171622,0.0005975870648171622,0.0,-0.0,0.0,0.0,-3.035037843327758,0.3848512573050584,0.3848512573050584,-0.0,0.0,0.027840709880428527,0.0,0.0006940724757091843,0.0,0.0,0.0,-0.0,0.0,0.0,0.0,0.0,0.02714663740471993,-0.0,0.0006940724757091843,0.0,0.0,0.0,0.3431923840211084,0.0,0.0,-0.3431923840211084,0.0,0.0,0.0,0.0,0.0,0.0,0.0,0.0004627149844265155,0.0006940724757091843,0.0,0.0,0.0024785338515582733,0.00046478993951371006,0.0029412488359845668,0.0,0.0,0.0,0.39540240392210446,-0.0,0.00023135749221327463,0.0,0.0,0.0,0.39540240392210446,0.0,0.0,0.0,0.0,0.0,0.0,0.0,0.0,0.0,0.0,0.0,0.0002884187571089154,-0.0,0.0012392669257791367,0.0,0.0,0.0,0.0,0.0,0.0,0.0,0.0,0.0,0.0,0.0,0.0,0.0,0.0,0.0,0.0,0.0,0.0,0.0,0.0,0.0,0.0,0.0,0.0,0.0,0.0,0.0,0.36921750820124544,0.1560656719222493,0.0,0.0,0.0,0.36921750820124544,0.36921750820124544,0.0,0.36921750820124544,-0.0,0.36921750820124544,0.288476855851286,0.288476855851286,0.0,0.0,0.0,0.0,0.0,0.0,0.0,0.0,0.0,0.0,0.0,0.0,0.0,0.0,0.0,0.0,0.0,2.074955087114571e-6,0.0,3.15,0.0,2.267811787687606,0.0,0.0,14.530063197887358,0.0,0.0,0.0,0.0,0.0,0.0,0.0,2.074955087114571e-6,0.0,0.0,0.09828854752154825,7.904346341901913,0.0,0.0,0.0,0.0,0.0,0.0,59.0855066660547,0.0,0.0,0.0,0.0,0.00023135749221325774,0.0,0.0,0.0,0.0,0.0,0.0,0.0,0.0,0.0,0.0,0.0,0.0,0.0,0.0,0.0,0.0,0.0,0.0,0.0,0.016662926827073554,0.016662926827073554,0.0,0.0,0.0,0.0,0.0,0.08074065234980218,0.0,0.0,0.13241118392909357,0.0,0.0,0.0,