{"objective_value":0.9824784386659847,"time_limit":1800,"thermo_feasible":false,"dual_bound":0.9824784386659847,"solution":[-0.0,-0.0,-0.0,-0.0,-0.0,-0.0,-0.0,-0.0,-0.0,-0.0,0.0002190926918225146,-0.0,-0.0,0.0,-0.0,0.0,0.0,0.0002210576486998466,-0.0,0.0,-0.0,-0.0,1.9649568773319696e-6,-0.0,-0.0,0.0004401503405223611,-0.0,-0.0,-0.0,-0.0,0.0,-0.0,-0.0,-0.005113800273306879,-0.0,-0.0,-0.0,-0.0,-0.0,-0.0,-0.0,-0.0,-0.0,-0.0,-0.0,-0.0,-0.0,-0.0,-0.0,-0.0,-0.0,-0.00511380027325645,0.0,-0.0,19.670845812960213,-0.0,-2.4561960966649622e-5,-0.0,0.0,0.0,0.0,0.0,0.0,-0.0,-0.0,-0.0,-0.0,-0.0,-10.0,-0.0,0.9824784386659848,-0.0,-0.0,-0.0006965772130141832,-0.0,-0.0,-0.0,-0.0,-0.0,-0.0,-0.0,-0.0,-0.0,-0.0,-0.0,-0.0,-0.0,-0.0,-0.0,-0.0,-0.0,-0.0,-0.0,-0.0,-0.0,-0.0,-0.0,-0.0,-0.0,-0.0,-0.0,-0.0,-0.0,-0.0,-0.0,-0.0,-0.0,-0.0,-0.0,-0.0,-0.0,-0.0,-0.0,0.0,-0.0,-990.956980584336,-0.0,545.6099797201173,-0.0,-0.0,0.0,-0.0,-0.0,-0.0,0.0,0.0,-0.0,-0.0,-0.0,0.0,0.0,0.0,-0.0,-0.0,-0.0,-0.0,-0.0,-0.0,-0.0,-0.0,-0.0,-0.0,0.0,-1000.0,-0.0,-0.0,999.9842204137966,-0.0,-0.0,-0.0,0.0,-0.0,-0.0,0.0,-0.0,-0.0,0.0,0.0,0.0,-0.19177291387852952,-3.469446951953614e-18,-0.0,-0.0,-0.0,0.0,0.0,0.0,-0.0,-0.0,-0.0,-0.0,0.0,-0.0,-0.0,0.0,-0.0,-0.0,-0.0,-0.0,-0.0,-0.0,-0.0,-0.0,0.0,-0.0,-0.0,-0.0,-0.0,-0.0,-0.0,-0.0,1.9649568773319696e-6,-0.0,-0.0,-0.0,-0.0,-0.0,-0.0,-0.0,-0.0,-0.0,-0.008523000455427417,-0.0,0.0,-0.0,-0.0,-0.0,-0.0,-0.0,-0.0006788926011181954,-0.0,-0.0,-0.0,-0.00012673971858791203,-0.0,-0.0,-0.0,-0.0,-0.0,-0.0,0.0,-0.0,-0.0,-0.0,-0.0,-0.0,-10.611576699826664,-0.00031734053568911307,0.0,-0.0,-0.0,-0.0,-0.0,-0.0,-0.0,-0.0,0.0,0.0,-267.5703842812697,-0.0,-0.0,-0.0,-0.0,-0.0,-0.0,-0.0,-0.0,-0.0,-0.0,-0.0,-0.0,-0.0,-0.0,-0.0,-0.0,-0.0,-0.0,-0.0,-0.0,-0.0,-0.0,-0.0,-0.0003350251475851008,0.0,0.0,-0.947729158769107,-0.0,-0.0,0.0,0.0,0.0,-0.0,-0.0,-0.0,-0.0,-0.0,0.0,0.0,0.0,0.0,0.0,0.0,-0.0,-0.0,-0.0,0.0,0.0,-0.0,-0.0,0.0,0.0,-0.0,-0.0,-0.0,-0.0,-0.0,-0.0,0.0,0.0,0.0,0.0,0.0,-0.0,0.0,-0.0,0.0,-0.0,0.0,0.0,-0.0,-0.0,-0.0,0.0,0.0,-0.0,0.0,0.0,-0.0,-0.0,-0.0,-0.0,-0.0,0.0,0.0,0.0,0.0,0.0,-0.247790887015948,-0.0,-0.0,-0.0,-0.0,0.0,0.0,-0.0,0.0,-0.0,-0.0,-0.0,-0.0,0.0,-0.0,-0.0,-0.0,-0.0,-0.0,-0.0,-0.0,-0.0,-0.0,-0.0,-0.0,-0.0,-0.0,-0.0,0.0,-0.0,0.0,0.0,0.0,0.0,0.0,-0.0,0.0,0.0,0.0,0.0,0.0,0.0,-0.0,0.0,0.0,0.0,0.0,0.0,0.07646040201074158,0.0,0.0,0.0,0.0,-0.0,0.0,0.0,0.0,0.0,0.0,0.0,0.0,0.0,0.0,0.0,0.0,0.0,0.0,0.0,0.0,0.0,0.0,0.0,0.0,-0.0,0.0,0.0,0.0,0.07646040201074158,0.0,0.0,0.0,0.0,0.0,0.0,-0.0,0.0,0.0,0.0,0.0,0.0,-0.0,0.0,0.0,0.0,0.0,0.0,0.0,-0.0,0.0,0.0,0.0,0.0,0.0,0.0,0.0,0.0,0.0,-0.0,0.0,0.0,0.0,0.0,0.0,0.0,0.0,0.0,0.0,0.0,0.0002210576486998466,0.0,0.0,0.0,0.0,0.0,0.0,0.0,0.0,0.0,0.0,0.0,0.0,0.03823020100537079,0.0,0.0,0.1253917581700623,0.0,0.0,0.14779226657164676,-0.0,0.0,-0.0,999.2232279844296,0.0,0.07646040201074158,-0.0,0.0,0.0,0.0,0.0,0.8589504420940719,0.0,0.0,0.0,0.0,0.0,0.0,0.0,0.0,0.0,0.0,0.0,0.0,0.0,0.34964442675245067,0.0,0.0,0.0,0.0,0.0,-0.34964442675245067,-0.34964442675245067,-0.34964442675245067,0.34964442675245067,0.34964442675245067,0.34964442675245067,0.34964442675245067,0.27318402474170905,0.27318402474170905,-0.0,-0.34964442675245067,-0.34964442675245067,-0.27318402474170905,-0.1253917581700623,0.0,0.0,0.0,0.29060926232988893,0.0,0.0,-0.0,0.0,0.0,0.0,0.0,0.0,4.855698960895011,0.0,0.0,0.0,0.07646629688137363,4.855698960895011,-0.29060926232988893,0.0,0.0,0.0,0.06269587908503114,0.07389613328582338,1000.0,0.0,0.0,0.0,0.0,0.0,0.0,0.0,0.0,0.0,0.0,0.0,0.0,0.0,0.0,1000.0,0.0,-1000.0,1000.0,0.29060926232988893,0.29060926232988893,0.2854384783071898,0.5723683588842747,0.0,0.0,0.0,0.000657278075467507,0.000657278075467507,0.0,0.0,-1000.0,0.0,0.0,0.0,-996.643597226644,0.0,-0.0,0.0,0.0,0.0,0.0,0.0,0.04095166628047557,0.0,0.05584702188909057,0.05584702188909057,-1000.0,0.0,0.0,0.0,0.0,1000.0,-1000.0,0.0,1.9649568773319696e-6,0.0,0.0,0.0,0.0,0.0,0.0,0.0,0.0,0.0,0.0,0.0,0.0,0.0,0.0,0.06269587908503114,0.07389613328582338,0.0,-0.0,0.0006612079892222076,0.0,0.0,0.0,0.0,0.0,0.0,0.0,0.0,0.0,0.0,0.0,0.0,0.0,0.0,0.0,0.0,0.0,0.0,0.0,0.0,0.24352889554901497,0.0,0.0,0.0004381853836450292,0.0,0.0,0.0,0.0,0.0,0.293797404863474,-0.0,0.0,-0.0,0.0,0.0,0.0,0.0,-0.0,-0.0,-0.0,0.0,0.0,0.0,-0.0,0.0,-0.0,0.440165077699055,0.0,0.0,1.9649568773319696e-6,0.0,0.0,0.0,0.0,0.0,1000.0,0.0002190926918225146,0.0,0.0,0.293797404863474,0.0,0.0,0.0,-1000.0,0.0,0.29060926232988893,0.0,0.29060926232988893,0.0,0.0,0.0,-1.050344119295276,0.0,0.0,0.0,0.0,0.0,-0.0,0.0,0.0,0.0,0.23683134003262893,0.0,-0.0,0.0,0.0,0.0,0.0,0.0,0.0,1.9649568773319696e-6,0.0,0.0,0.0,0.0,0.0,0.0,0.0,0.0,0.0,0.0005659075806716608,0.32499895511851445,1.050344119295276,0.0,0.0,0.0,0.002238085883281101,0.0,0.0,0.0,0.0,999.9948861997267,0.005113800273306879,-2.87638149283542,0.0,0.0,0.0,0.0,0.0,0.0,-1000.0,0.0,0.0,0.0,0.0,0.0,-0.0,0.0,0.0,0.0,0.0,-0.0,0.0,3.15,0.09307804232233806,0.0,0.0,0.0,0.0,0.6156082174484034,0.0,0.0,55.800466003492474,0.0,0.0,0.0,0.0,0.0,0.0,0.00011986236951725014,0.00011986236951725014,0.00011986236951725014,0.0,0.0,0.0,0.0,0.0,0.0,0.0,0.24352889554901497,0.0,0.0,0.0,0.0,0.0,0.0,0.0,0.0,0.0,0.0,0.0,0.0023471409899730373,0.0,0.0,0.0,0.0,0.0,0.31771780740956074,0.37444120006594134,0.0002190926918225146,0.0,0.0,0.0,0.0,0.0,0.0,0.0,0.0,0.0,0.0,0.0,0.0,0.0,0.0,0.0,0.0,0.0,0.0,0.0,0.0,0.0,0.0,0.0,0.0,0.0,0.0,0.0,0.0002397247390345003,0.0002190926918225146,0.0,0.0,0.0,0.0,0.0,0.0,0.0,0.0,0.0,0.0,0.0,0.0,0.0,0.0,0.0,0.0,0.0,0.0,0.0,0.0,0.002556900136628225,0.00511380027325645,0.0,1000.0,0.0,0.0,-1000.0,0.0,1000.0,0.0,0.0,0.0,0.0,-19.670845812960213,-19.670845812960213,0.0,4.855698960895011,0.0,0.0,0.0,0.0,0.0,0.0,0.0,2.4561960966649622e-5,2.4561960966649622e-5,-0.0,0.0,0.0,0.0,0.0,-0.14779226657164676,0.0,0.0,0.15771235136685724,0.0,-0.0,0.0,0.0,0.0,0.0,0.0,0.0,0.0006965772130141832,0.0,0.0006965772130141832,0.0,0.0,0.0,0.0,0.0,0.0,0.24352889554901497,0.0,0.15121423897352032,0.0,0.06269587908503114,0.0,0.0,0.0,0.07389613328582338,0.0,0.0,0.0,0.0,0.0,35.140329885916444,0.06269587908503114,0.07389613328582338,0.0,0.0,0.0,0.0008763707672900584,1.9649568773319696e-6,0.0,0.0,0.0,0.0,0.0,0.0,-0.0,0.0,0.0,0.0,0.0,0.0,0.0,0.0,0.0,0.17773526194687,0.0,0.0,0.0,0.0,0.0,0.0,0.0,0.0,0.37444120006594134,0.0,-1000.0,0.0,0.0,0.0,0.0,0.0,0.0,0.0,0.0,0.0,-0.0,0.0,0.0,0.0,0.0,0.0,0.8589504420940719,0.2854384783071898,-0.29060926232988893,0.8639495696698519,0.0,0.0,0.0,0.0,0.0,0.0,0.013650555426825191,0.0,0.0,0.0,0.33714828349105797,0.36444939434470836,0.0,-0.0,0.0,0.0,0.0,0.36444939434470836,0.0,0.36444939434470836,0.0,0.02636480890160166,0.000657278075467507,0.0,0.0004401503405223611,0.0004381853836450292,0.000657278075467507,0.0,0.0,0.0,0.0,0.000657278075467507,0.0,0.0004401503405223611,-0.0,0.0,0.0,0.37444120006594134,0.0,0.32499895511851445,0.0,0.37444120006594134,0.5332431200213931,0.0,0.0,-0.32499895511851445,0.0,0.440165077699055,0.0,0.0,-0.440165077699055,0.0,0.0,0.0,0.0,0.0023471409899730373,0.00027312900594914373,-0.0,0.002785326373618066,3.7993460034688598,-0.0,0.0002190926918225146,0.0,0.0,0.0,0.0,0.0,0.0,0.0,0.0,0.0,0.0,0.000657278075467507,0.0,0.000657278075467507,0.0,0.0,0.0,0.0,0.0,0.0,0.0,0.0,0.0,0.0,0.0,0.0005659075806716608,0.0005659075806716608,0.0,0.0,0.0,0.0,0.0,0.0,0.0,0.0,0.0,0.0,0.0,0.0,0.0,0.0,0.0,0.0,-0.0,0.0,0.0,0.0,0.0,0.025707530826134153,0.0,0.0,0.0,0.0,0.0,0.0,0.0,0.0,0.0,0.0,0.0,0.0,0.0,0.0,0.0,0.0,0.34964442675245067,0.027301110853650383,0.34964442675245067,0.34964442675245067,0.34964442675245067,0.0,0.34964442675245067,0.27318402474170905,0.27318402474170905,0.0,0.0,0.0,0.0,0.0,0.0,0.0,1.9649568773319696e-6,0.0,0.0,0.0,0.0,0.0,0.0,0.0,0.0,1.9649568773319696e-6,0.0,14.585868708954443,0.0,0.0,0.8639495696698519,0.0,0.0,0.0,0.0,0.0,0.0,0.0,0.0,0.0,0.0,0.0,0.0,0.0,0.0,0.0,0.0,0.0,0.0,0.07646040201074158,0.0,0.0,0.0,0.0,0.0,249.99605510344915,0.0,0.0,0.1253917581700623,0.0038355958245520046,0.0002190926918225146,0.0,0.007671191649104009,0.14779226657164676,0.0,0.0,0.0,0.0,0.0,0.0,0.0,0.0,0.0,0.0,