{"objective_value":0.9756145115851272,"time_limit":1800,"thermo_feasible":false,"dual_bound":0.9756145115851272,"solution":[-0.0,-0.0,-0.0,-0.0,-0.0,-0.0,-0.0,-0.0,0.00021756203608348337,0.00021951326510665363,0.0,1.9512290231702545e-6,0.0004370753011901374,-0.0,-0.0,-0.0,-0.0,-0.0,-0.0,-0.0,0.0,0.0,0.9756145115851272,-0.0,-0.0,-0.0,-0.0,-0.0,-0.0,-0.0,-0.0,-0.0,0.0,-0.0,-0.0,-0.0,-0.0,-0.0,545.7105132748557,-0.0,-0.0,-0.0,-0.0,-0.0,-0.0,-0.0,-0.0,-0.0,-0.0,0.0,-0.0,-0.0,-0.0,-0.0,-0.0,0.0,0.0,0.0,-0.0,-0.0,0.0,-0.0,-0.0,-0.0,-0.0,-0.0,-0.0,-0.0,-0.0,-0.0,-0.0,-0.0,-0.0,-0.0,-0.0,-0.0,-0.0,-0.0,-0.0,-0.0,-0.0,-0.0,-0.0,-0.0,-0.0,0.0,0.0,-0.0,-0.0,-0.0,0.0,-0.0,-0.0,-0.0,-0.19043312335983575,-0.0,-0.0,-0.0,-0.0,-0.0,0.0,-0.0,-0.0,-0.0,-0.0,-0.0,-0.005078073532800431,-0.0,-0.0,-0.0,-0.0,-0.0,-0.0,0.0,0.0,-0.0,-0.0,-0.0,-0.0,-0.0,-0.0,-0.0,-0.0,-0.0,-0.0,-0.0,-0.005078073532800588,0.0,-0.0,19.95259894125218,-2.439036278962818e-5,0.0,0.0,0.0,-0.0,-0.0,-0.0,-0.0,-0.0,1.9512290231702545e-6,0.0,-0.0,-0.0,-0.0,0.0,-0.0,-0.0,-0.0006917106887138553,-0.0,-0.0,-0.0,-0.0,-0.0,-0.0,-0.00846345588800098,0.0,-0.0,-0.0,-0.000674149627505323,-0.0,-0.0,-0.0,-0.0,-0.0,-0.0,-0.0001258542719944814,-0.0,-0.0,-0.0,-0.0,-0.0,-0.0,-0.0,-10.537440631476958,-0.0,-0.0003151234872419961,0.0,-0.0,-0.0,-0.0,-0.0,-0.0,-0.0,-0.0,-0.0,-0.0,-0.0,-0.0,0.0,0.0,-267.866811945126,-0.0,-0.0,-0.0,-0.0,-0.0,-0.0,-0.0,-0.0,0.0,-0.0,-0.0,-0.0,-0.0,-0.0,0.0,-0.0,-0.0,-0.0,0.0,0.0,-0.9411080019250112,-0.0,-0.0,-0.0,-0.0,-0.0,0.0,-0.0,-0.0,-0.0,-0.0,-0.0,-0.0,-0.0,-0.24605973596688424,0.0,-0.0,-0.0,-0.0,-0.0,0.0,0.0,-0.0,0.0,0.0,-0.0,-0.0,-0.0,0.0,-0.0,0.0,-0.0,0.0,-0.0,-0.0,-0.0,-0.0,-0.0,0.0,0.0,0.0,-0.0,-0.0,-0.0,-0.0,0.0,0.0,0.0,0.0,0.0,-0.0,-0.0,-0.0,0.0,0.0,-0.0,0.0,-1000.0,0.0,-0.0,-0.0,0.0,-0.0,0.0,999.9843306553295,-0.0,-0.0,0.0,0.0,-0.0,-0.0,-0.0,-0.0,0.0,0.0,0.0,-0.0,-0.0,-0.0,-0.0,-0.0,-0.0,-0.0,-0.0,0.0,0.0,0.0,0.0,0.0,0.0,0.0,0.0,-0.0,-0.0,0.0,0.0,-0.0,-0.0,0.0,-0.0,-0.0,-0.0003326845484505284,0.0,0.0,0.0,0.0,0.0,0.0,0.0,0.0,0.0,0.0,0.0,0.0,0.0,0.0,0.0,0.0,0.0,0.0,0.0,0.0,0.0,0.0,0.0,0.0,0.0,0.0,0.0,0.0,0.0,0.0,0.0,0.0,0.0,0.0,0.0,0.0,0.0,0.0,0.0,0.0,0.0,0.0,0.0,0.0,0.0,0.0,-0.0,0.0,0.0,0.0,0.12451572888458663,-0.0,0.14675973974872752,0.0,0.0,0.0,0.0,0.0,0.0,0.0,0.07592622374960095,0.0,0.0,0.0,-0.0,0.0,0.0,0.0,0.0,0.0,0.0,0.0,0.0,0.0,0.0,0.0,0.0,0.0,-0.0,0.0,0.0,0.0,0.0,0.0,0.07592622374960095,0.0,-0.0,0.3472016923829151,0.3472016923829151,0.0,0.0,0.0,0.3472016923829151,0.0,-0.0,0.0,0.0,0.3472016923829151,0.3472016923829151,0.0,0.0,0.27127546863331414,0.27127546863331414,0.0,0.0,0.0,0.07592622374960095,0.0,-0.0,0.0,0.0,0.0,0.0,0.0,0.0,0.0,0.0,0.0,0.0,0.0,0.0,0.0,0.0,0.07593207743667052,1000.0,0.0,0.0,0.0,-0.0,0.0,0.0,0.0,0.0,0.0,0.0,0.0,0.0,0.0,0.0,0.0,0.0,0.0,0.0,-0.0,0.0,0.0,0.288578967610788,0.288578967610788,0.2834443084363154,-996.0390070341934,0.0,0.0,0.852949523429017,0.00021951326510665363,-0.0,0.0,0.0,0.0,0.0,0.037963111874800476,0.0,0.0,0.0,0.0,0.0,-0.0,0.0,0.0,0.0,0.0,0.29174483670088996,0.0,-0.0,0.0,-0.3472016923829151,0.0,-0.3472016923829151,0.0,-0.0,-0.0,-0.3472016923829151,0.0,-0.3472016923829151,-0.0,-0.3472016923829151,-0.0,-0.27127546863331414,0.0,-0.12451572888458663,0.0,-0.0,0.0,0.0,0.0,0.288578967610788,0.0,-0.0,0.0,6.313218976882185,0.0,0.0,0.0,0.0,0.0,0.0,0.0,6.313218976882185,-0.288578967610788,0.0,0.0,-0.0,0.0,0.062257864442293316,0.07337986987436376,0.0,0.062257864442293316,0.0,-0.0,0.0,0.0,996.6073766338947,0.07337986987436376,0.0,0.0,-0.288578967610788,0.0,0.0004370753011901374,0.5295177030063708,0.0,0.0,0.0,0.0,0.0,0.43708993540781904,-0.43708993540781904,0.0,-0.0,0.0006526861082504135,0.0006526861082504135,0.0,5.264246058941948,0.0,0.0,0.0,0.0,0.0,0.0,0.02711037604792752,-0.06032614770925754,999.228654776778,0.0,-0.0,0.0,0.040665564071891286,0.0,0.0,0.0,0.0006565885662967873,0.0,0.0,0.0,-1000.0,0.0,0.0,0.0,0.0,0.0,0.0,1000.0,-0.0,-1000.0,0.0,0.0,0.0,0.0,0.0,0.0,0.0,0.24182752021562795,-0.0,0.29174483670088996,0.0,0.0,0.0,0.43708993540781904,-0.0,0.0,0.0,-0.0,0.0,0.0,0.0,0.0,0.0,0.0,-0.0,0.0,0.0,0.0,0.0,0.0,0.0,-0.0,-0.0,0.0,0.0,0.0,0.0,0.0,0.0,-0.0,0.0,-0.0,-0.0,-0.0,0.0,-0.0,0.0,-0.0,0.0,0.0,1.9512290231702545e-6,0.0,0.00021756203608348337,-1000.0,0.0,0.0,1000.0,0.288578967610788,0.288578967610788,0.0,0.0,0.0,-0.0,0.0,0.0,0.0,0.0,0.0,0.0,0.0,-1.0430060595873816,-0.0,0.0,0.0,0.055456855682033394,0.055456855682033394,0.0,0.0,1.9512290231702545e-6,-10.0,0.0,0.0,0.0,0.0,0.0,0.0,0.0,0.0,0.23517675609015287,0.0,0.0,0.0,0.0,0.0,0.0,-0.0,0.0,0.0,0.0005619539586723399,0.062257864442293316,0.07337986987436376,0.0,0.0,0.0,0.3227284023598022,0.0,1.0430060595873816,-0.0,0.0,0.0,0.0,0.0,0.0,0.0,-0.0,0.0,0.0,0.0004351240721669668,0.0,0.0,0.00222244985739093,0.0,-2.85628611766305,0.0,0.0,0.0,0.0,-0.0,0.0,0.0,0.0,0.0,-0.0,0.0,0.0,0.0,-0.0,0.0,0.0,0.0,0.0,0.0,-0.0,-0.0,-0.0,0.0,3.15,0.0924277675985518,0.0,52.449744871796504,0.0,0.0,0.0,0.0,0.0,0.0,-0.0,0.0,0.0,0.00011902497041338552,0.0,-0.0,0.0,0.0,0.00011902497041338552,0.00011902497041338552,-0.0,0.24182752021562795,0.0,0.0,0.31549812321444476,0.3718252270408121,0.00021756203608348337,1.9512290231702545e-6,0.0,0.0,0.0,0.0,0.0,0.0,0.0,0.0,0.0,0.0,0.0,0.0,0.0,0.0,0.0,0.0,0.0,-0.0,8.97476374614821,0.0,0.0,0.0,0.005078073532800431,-0.0,0.0,0.0,-8.97984181968101,0.0,0.0,0.0,0.0,0.0,0.0,0.0,0.0,0.0,0.0,0.0,0.0,0.0,0.0,0.6113073699705902,0.0,0.0,0.0,0.002539036766400294,0.0,0.0,0.005078073532800588,-0.0,0.0,0.0,0.0,0.0,0.0,0.0,0.0,0.0,-19.95259894125218,0.0,-19.95259894125218,0.0,-0.0,0.0,0.0,0.0,0.0,0.0,0.0,0.0,2.439036278962818e-5,2.439036278962818e-5,0.0,0.0,0.0,0.0,0.0,0.0,0.0,0.002330743068176869,0.0,0.0,0.0,0.0,0.0,0.0,-0.0,0.00023804994082677103,0.0,0.0,0.0,0.00021756203608348337,0.0,-0.0,0.0,0.0,0.0,0.0,0.0,0.0,0.0,0.0,1000.0,0.0,0.0,0.0,-0.0,0.17649354321830674,0.0,0.0,1000.0,0.0,0.0,0.0,0.0,-1000.0,0.0,0.0,-0.0,-1000.0,0.0,1000.0,0.0,6.313218976882185,0.0,0.0,0.0,0.0,0.0,0.0,0.0,0.0,0.0,-0.0,0.0,0.0,-0.14675973974872752,0.0,0.0,0.0,0.0,0.15661051947220261,0.01355518802396376,0.0,-0.0,-0.0,0.0,0.0,0.0,0.0,0.0006917106887138553,0.3347928514100639,0.3619032274579914,-0.0,0.0,-0.0,0.0006917106887138553,0.0,0.0,0.0,0.0,0.0,0.062257864442293316,-0.0,0.0,0.0,0.0,0.0,0.07337986987436376,0.0,0.0,0.0,-991.020158180319,0.0,0.0,0.0,0.0,0.0,0.0008702481443339336,1.9512290231702545e-6,0.0,0.24182752021562795,0.0,-0.0,0.1501578050925785,0.0,0.0,0.0,0.0,0.0,0.0,0.0,0.0,0.0,0.0,0.0,0.0,35.73318827837255,0.0,0.0,0.0,0.0,0.0,0.0,0.0,0.0,2.279493912258893,0.0,0.0,0.0,0.3718252270408121,0.0,0.0,0.0,0.0,0.0,0.852949523429017,0.2834443084363154,0.0,0.0,0.0,-0.0,0.0,0.3619032274579914,0.3619032274579914,0.026180615418386857,0.0006526861082504135,0.0,0.0,1.9512290231702545e-6,0.0,15.975410464038783,0.0,0.0,0.0,0.0,0.0006526861082504135,0.0,0.0,0.0,0.0,1.9512290231702545e-6,0.0,0.0,0.0,0.0,0.0,0.0,0.3227284023598022,-0.3227284023598022,0.0,0.0004351240721669668,0.0,0.0,0.0006526861082504135,0.0,0.0004370753011901374,0.0,0.0,0.0,0.3718252270408121,0.3718252270408121,0.0,0.0,0.0,2.279493912258893,0.0,0.0,0.0,0.0,0.0,0.0,0.0,0.0,0.0,0.0,0.0,0.0,0.00027122083422066533,-0.0,0.0,0.0,0.0,0.0,0.0,0.0,0.0,0.07592622374960095,0.0,0.0,0.12451572888458663,0.14675973974872752,0.0,0.0,0.0,0.0,0.0,0.0,0.0,0.0006526861082504135,0.025527929310136442,0.0006526861082504135,0.0,0.0,0.0,0.0,0.0,0.0,0.0,0.0,0.0,0.0,0.0,0.0005619539586723399,0.0005619539586723399,0.0,0.0,0.0,0.0,-0.0,0.0,0.0,0.0,0.0,0.0,0.0,0.0,0.0,0.0,0.0,0.0,0.0,0.0,0.0,0.0,0.0,1.066293002364407,0.0,0.0,0.0,0.0,0.0,0.0,0.0,0.0,0.0,0.0,6.871219346393413,0.0,0.0,0.0,0.0,1000.0,0.01566934467056873,0.0,0.0,0.0,0.0,0.0,0.0,0.0,0.0,0.0,0.00021756203608348337,0.002330743068176869,0.0,0.0,0.0027658671403438355,0.0,0.0,0.0,0.0,0.007617598106456674,0.0,0.0,0.0,0.0,0.0,-999.9843306553295,0.0,0.0,0.0,0.0,0.0,0.0,0.0002175620360834834,0.0,0.0,0.0,0.0,0.00021756203608348337,-0.0,0.0,0.0,0.0,0.0,0.0,0.0,0.0,0.0,0.0,0.0,0.0,0.0,0.0,0.0,0.0,0.0,0.0,0.0,0.0,0.0,0.0,0.0,0.0,0.0,0.0,0.0,0.0,0.0,0.0,0.0,0.0,0.0,