{"objective_value":0.9824634433767294,"time_limit":1800,"thermo_feasible":false,"dual_bound":0.9824634433767294,"solution":[-0.0,0.00021908934787301067,0.00022105427475976414,0.0,-0.0,1.9649268867534586e-6,0.0004401436226327826,-0.0,0.0,-0.0,0.0,0.9824634433767295,-0.0,-0.0,-0.0,0.0,-0.0,-0.0,-0.0,0.0,-0.0,0.0,-0.0,-0.0,-0.0,-0.0,-0.0,-0.0,-0.0,-0.0,0.0,-0.0,-0.0,-0.0,-1000.0,999.9842206546359,-0.0,-0.0,0.0,0.0,-0.0,-0.0,-0.0,0.0,-0.0,-0.0,-0.0,-0.0,-0.0,-0.0,-0.0,-0.0,0.0,0.0,-0.0,0.0,0.0,-0.0,-0.0,-0.0,-0.0,-0.0,-0.0,-0.0,-0.0,0.0,-0.0,0.0,-0.0,-0.0,-0.0,-0.0,0.0,-0.0,-0.0,-0.0,-0.0,-0.0,-0.0,-0.0,-0.0,-0.0,-0.0,-0.0,-0.0,-0.005113722222745309,-0.0,-0.0,-0.0,-0.0,-0.0,-0.0,-0.0,-0.0,-0.0,-0.0,-0.0,-0.0,-0.0,-0.0,-0.0,-0.0,-0.0,-0.0,-0.0,-0.0,-0.005113722222775878,0.0,-0.0,-0.0,-0.0,-0.0,19.670146809291445,-2.4561586084418238e-5,0.0,0.0,-0.0,-0.0,-10.0,0.0,0.0,-0.0,-0.0,-0.0,-0.0,-0.0,-0.0,-0.0,-0.0,-0.0,-0.0,-0.0,-0.0,-0.0006965665813541012,-0.0,-0.0,-0.0,-0.0,-0.0,-0.0,-0.0,-0.0,-0.0,-0.0,-0.0,-0.0,-0.0,-0.0,-0.0,-0.0,-0.0,-0.0,0.0006572680436189812,-0.0,-0.0,-0.0,-0.0,-0.0,-0.0,-0.0,-0.0,-0.0,-0.0,-0.0,-0.0,-0.0,-990.956461337327,-0.0,-0.0,-0.0,-0.0,-0.0,545.6088848148217,-0.0,-0.0,-0.0,0.0,-0.0,-0.0,-0.0,0.0,0.0,0.0,-0.0,-0.0,0.0,-0.0,-0.0,-0.0,-0.0,-0.0,-0.0,-0.0,-0.0,-0.0,0.0,-0.0,-0.0,-0.0,-0.0,-0.0,-0.19176998690303396,0.0,-0.0,-0.0,-0.0,-0.0,-0.0,-0.0,-0.0,-0.0,-0.0,-0.0,0.0,-0.0,-0.0,-0.0,-0.0,0.0,-0.0,-0.0,-0.0,-0.0,-0.0,-0.0,-0.247787105054045,-0.0,-0.0,-0.0,-0.0,-0.0,-0.0,-0.0,-0.0,-0.0,0.0,-0.0,-0.0,-0.0,-0.0,-0.0,-0.0,-0.0,-0.0,-0.0,-0.0,-0.0,1.9649268867534586e-6,-0.0,-0.0,-0.0,-0.0,0.0,-0.0,-0.0,-0.0,-0.0,-0.0,0.0,-0.008522870371293128,0.0,-0.0,-0.0,-0.0006788822393733201,-0.0,-0.0,-0.0,-0.0,-0.0,-0.0,-0.0,-0.00012673778419559808,-0.0,0.0,-0.0,-0.0,-0.0,0.0,-0.0,-0.0,-0.0,-0.0,-10.61141473834812,-0.0003173356922106836,-0.0,0.0,-0.0,0.0,-0.0,-0.0,-0.0,-0.0,-0.0,0.0,-0.0,-0.0,-0.0,-0.0,-0.0,0.0,0.0,-267.570045970371,-0.0,-0.0,-0.0,-0.0,-0.0,-0.0,0.0,-0.0,-0.0,-0.0,-0.0,-0.0,-0.0,-0.0,-0.0,0.0,0.0,-0.9477146938487697,-0.0,-0.0,-0.00033502003419146476,0.0,-0.0,0.0,-0.0,-0.0,0.0,0.0,0.0,-0.0,-0.0,-0.0,0.0,0.0,0.0,0.0,-0.0,-0.0,0.0,0.0,0.0,0.0,-0.0,-0.0,-0.0,-0.0,-0.0,0.0,0.0,0.0,0.0,0.0,-0.0,-0.0,0.0,0.0,-0.0,0.0,0.0,0.0,0.0,0.0,0.0,0.0,0.0,0.0,0.0,0.0,0.0,0.0,0.0,0.0,1000.0,0.0,0.0,0.0,0.34963909022891043,0.0,0.0,0.0,0.0,0.34963909022891043,0.34963909022891043,0.0,0.0,0.34963909022891043,0.0,0.34963909022891043,0.2731798552115599,0.2731798552115599,0.0,0.0,0.0764592350173506,0.0,0.0,0.0,0.0,0.0,0.0,0.0,0.0,0.0,0.0,0.0,0.0,0.0,0.0,0.0,0.0,0.0,0.0,0.0,0.0,0.0764651297980109,1000.0,0.0,0.0,0.0,0.0764592350173506,0.0,0.0,0.0,0.0,0.0,0.0,0.0,0.0,0.0,0.0,0.0,0.0,0.0,0.0,0.2906048268432896,0.0,0.0,0.0,0.2906048268432896,0.2854341217407978,0.5723596229886416,0.0,0.0,0.0,0.85893733217753,0.0,0.0,0.0,0.0,0.0,0.0,0.0,0.0,0.0,0.0,0.0,0.0,0.0,0.0,0.0,0.0,0.0,0.0,-0.34963909022891043,-0.34963909022891043,0.00022105427475976414,0.0,0.0,0.0,0.0382296175086753,-0.34963909022891043,-0.34963909022891043,-0.34963909022891043,0.0,-0.2731798552115599,0.0,0.0,-0.12538984435128522,0.12538984435128522,0.0,0.14779001086027466,0.0,0.0,0.2906048268432896,0.0,0.0,0.0764592350173506,0.0,0.0,0.0,0.0,4.855991154920999,0.0,0.0,0.0,0.0,0.0,4.855991154920999,-0.2906048268432896,0.0,0.0,0.0,0.0,0.0,0.06269492217564261,0.0,0.0,0.0,0.0,0.0,0.0,0.0,0.06269492217564261,0.07389500543013733,0.0,0.0,0.0,0.0,0.0,0.0,-0.2906048268432896,0.0,0.0,0.0,0.0,0.0,0.0,0.0004401436226327826,0.5332349812834702,0.4401583595848456,-0.4401583595848456,0.0,0.0,3.799654320309885,0.0,0.0,0.0,0.0006572680436189812,0.0006572680436189812,0.0,0.0,0.0,0.0,0.027300694164552556,0.0,0.0,0.040951041246828836,0.0,-1000.0,0.0,0.0,2.5795913856147425,-1000.0,0.0,0.0,0.0,0.000661197897392544,0.0,0.0,0.0,1000.0,0.0,-1000.0,0.0,0.0,-1000.0,1000.0,0.0,0.0,0.0,0.0,0.0,0.0,0.0,0.0,0.24352517863667675,0.2937929207174673,0.4401583595848456,0.0,0.0,0.0,0.0,0.0,0.0,0.2937929207174673,0.0,0.0,0.0,0.0,0.0,0.0,-0.0,0.0,0.0,0.0,0.0,-0.0,0.0,0.0,-0.0,0.0,0.0,0.0,0.0,0.0,0.0,0.0,0.0,-0.0,0.0,0.0,0.0,0.0,0.0,0.0,0.0,0.0,0.0,-0.0,-0.0,-0.0,0.0,0.0,1.9649268867534586e-6,0.0,-0.0,0.0,0.00021908934787301067,0.0,0.0,0.0,0.0,-1.0503280881914205,0.0,0.0,0.0,0.0,0.0,0.0,0.0,0.055846169511863435,0.055846169511863435,0.0,1.9649268867534586e-6,0.0,0.0,0.0,0.23682772534317745,0.0,0.0,0.0,0.0,0.0,0.0,0.0,0.0,0.0,0.0,0.0,0.0,0.0005658989433850736,0.0,0.3249939947518052,1.0503280881914205,0.0,0.06269492217564261,0.0,0.0,0.0,0.0,0.0,0.0,0.0,0.0,0.0,0.0,0.0,0.0,0.0022380517240122,0.0,-2.87633759144258,0.0,0.0,0.0,0.0,0.0,0.0,0.0,-0.0,0.0,0.00043817869574602135,0.0,0.0,0.0,0.0,0.0,0.0,0.0,0.0,0.0,0.0,0.0,0.0,0.0,-0.0,0.0,3.15,0.09307662169862461,55.799587072077266,0.0,0.0,0.0,0.0,0.0,0.0,0.0,0.0,0.00011986054009196099,0.0,0.00011986054009196099,0.00011986054009196099,0.0,0.0,1000.0,0.24352517863667675,0.0,0.0,0.0,-1000.0,0.0,0.0,1.9649268867534586e-6,0.0,0.2906048268432896,0.2906048268432896,0.0,0.0,0.0,0.0,0.0,0.0,0.0,0.0,0.0,0.0,0.0,0.0,0.0,0.0,0.0,0.0,0.0,0.0,999.9948862777773,0.005113722222745309,0.0,0.0,0.0,0.0,0.002556861111387939,0.005113722222775878,-1000.0,0.0,0.0,0.0,0.0,0.0,0.0,0.0,0.0,-19.670146809291445,0.0,-19.670146809291445,0.0,0.0,0.6155988215950947,0.0,0.0,0.0,2.4561586084418238e-5,0.0,0.0,0.0,0.0,2.4561586084418238e-5,0.0,0.0,0.0,0.0,0.0,0.0,0.0,0.0,0.0,0.0,0.0,0.0,0.0,0.0,0.0,0.0,0.0,0.0,0.0,0.0,0.0,0.002347105166227007,0.0,0.0,0.0,0.0,0.0,0.0,0.0,0.0,0.0,0.0,0.0,0.00023972108018392195,0.00021908934787301067,0.0,0.0,0.0,0.31771295817294026,0.37443548507629565,0.0,0.0,0.0,0.0,0.00021908934787301067,0.0,0.0,0.0,0.0,0.0,0.0,0.0,0.0,0.0,1000.0,0.0,0.0,0.0,0.0,-1000.0,0.0,0.0,0.0,1000.0,0.0,0.0,0.0,0.0,4.855991154920999,0.0,0.0,0.0,0.0,0.0,0.0,0.0,0.0,0.0,-0.0,0.0,0.1577099442480495,0.0,-0.0,-0.0,0.0,0.0,-0.14779001086027466,0.0,0.0006965665813541012,0.0,0.0,0.0,0.0,0.0006965665813541012,0.0,0.0,0.0,0.0,0.0,0.0,-0.0,0.0,0.0,0.0,0.0,0.0002731248372587308,0.0011735525831135035,0.0,0.0,0.0,0.0,0.0,0.0,0.0,0.0,0.0006572680436189812,0.0006572680436189812,0.0,0.0,0.24352517863667675,0.0,0.1512119310335558,0.0,0.06269492217564261,0.0,0.0005658989433850736,0.0,0.0,0.0,0.0,0.0,0.0005658989433850736,0.0,-0.0,0.0,0.0,0.0,-0.0,0.0,0.0,35.13965327081455,0.0,0.0,0.0,0.0,0.0,0.0,-0.0,0.0,0.07389500543013733,0.0257071384593955,0.0,0.0,0.17773254922406734,0.0,0.0,0.0,0.0,0.0,0.0,0.0,0.0,0.0,0.0,0.0,0.0,0.002347105166227007,0.002785283861973028,0.0,0.0,-1000.0,0.0,0.0,0.0,0.0,0.0,0.00021908934787301067,0.0,0.0,0.0,0.0,0.0,0.0,0.013650347082276278,0.0,0.0,0.0,0.0,0.0,0.0,0.0,0.0,0.0,0.0,0.0,0.0,0.0,0.0,0.0,0.0,0.0,0.0,0.3371431376926019,0.36444383185715445,0.0,0.37443548507629565,0.0,0.0,0.0008763573914920427,0.0,0.0,0.12538984435128522,1.9649268867534586e-6,0.14779001086027466,0.0,0.0,0.0,0.0,0.0,0.0,0.0,0.0,0.0,0.0,0.0,0.0,0.0,0.0,0.0,0.0,0.0,0.0,0.0,0.0,0.0,0.0,0.34963909022891043,0.34963909022891043,0.34963909022891043,0.0,0.0,0.34963909022891043,0.0,0.0,0.0,0.0,2.147557016242759,0.34963909022891043,0.2731798552115599,0.2731798552115599,-0.0,0.0,0.0,0.0,0.0,0.0,0.0,0.0,0.0,0.0,0.0,0.0,7.783606198188492,0.0,0.0,1.9649268867534586e-6,0.0,0.0,0.0,0.0,0.0,14.586012394164223,0.0,0.0,0.00021908934787301067,0.0,0.0,0.0,1.9649268867534586e-6,0.0,0.0,0.0,0.0,0.0,0.0,0.0,0.0,0.0,0.0,0.0,0.0,0.0,0.0,0.0,0.0,0.0,0.0,0.0,1000.0,0.01577934536407365,0.0,0.0,0.0,0.0,0.0,0.0,0.0,0.0,0.0,0.0,0.0,0.0,0.0,0.0,0.0,0.0,0.0,0.0,0.0,0.0764592350173506,0.0,0.0,0.0,0.0,0.0,0.0,0.0,0.0,0.0,0.0,0.0,0.0,-999.9842206546359,0.0,0.0,0.0,0.0,4.824210427455488,0.0,0.0,0.0,0.0,0.0,0.0,0.0,0.0,0.0,0.0,0.0,0.0,0.0,0.0,0.0,0.0,0.09283100583778041,0.0,0.0,0.0035054295659681708,0.0,0.0,0.0,-0.0,0.0,0.37443548507629565,0.0,0.0,0.0,0.0,0.07389500543013733,0.0,0.0,0.0,0.0,0.0,0.0,0.0,0.0,0.0,0.0,0.0,0.0,0.0,0.0,0.0,-0.13658992760577995,0.0,0.0,0.0,0.0,0.0,0.0,249.99605516365898,0.003835537282942751,0.0,0.007671074565885502,0.0,0.0,0.0,0.0,0.0,0.0,0.0,0.0,0.0,0.0,