{"objective_value":0.9824784386660221,"time_limit":1800,"thermo_feasible":false,"dual_bound":0.9824784386660221,"solution":[-0.0,-0.0,-0.0,-0.0,-0.0,-0.0,-0.0,-0.0,-0.0,-0.0,-0.0,0.0002190926918225229,-0.0,0.00022105764869985494,0.0,1.964956877332044e-6,-0.0,0.00044015034052238833,0.0,-0.0,0.0,0.9824784386660221,-0.0,-0.0,0.0,-0.0,-0.0,-0.0,-0.0,-0.0,0.0,-0.0,-0.0,-0.0,-0.0,-0.0,-0.0,-0.0,-0.0,-0.0,-0.0,-0.0,-0.0,0.0,0.0,-0.0,-0.0,-0.0,-0.0,-0.0,-0.015779586203414978,0.0,-0.0,-0.0,0.0,0.0,0.0,-0.0,-0.0,0.0,-0.0,0.0,0.0,-0.0,0.0,0.0,-0.0,-0.0,-0.0,-0.0,-0.0,-0.0,-0.0,-0.0,-0.0,-0.0,-0.0,0.0,-0.0,0.0,-0.0,-0.0,-0.0,-0.0,-0.0,-0.0,-0.0,-0.19177291387853687,3.469446951953614e-18,-0.0,-0.0,-0.0,-0.0,-0.0,-0.0,-0.0,-0.0,-0.0,-0.0,0.0,-0.0,-0.0,0.0,0.0,-0.0,-0.0,-0.0,-0.0,-0.0,-0.0,-0.0,-0.0,-0.0,-0.0,-0.0,-0.0,-0.0,-0.0,-0.0,-0.0,-0.0,-0.0,-0.0,-0.0,-0.0,-0.0,-0.0,-10.0,-0.0,-0.0,-0.0,1.964956877332044e-6,-0.0,-0.0,-0.0,-0.0,-0.0,-0.0,-0.0,-0.008523000455427742,-0.0,-0.0,-0.0,0.0,-0.0,-0.0,-0.0,-0.0006788926011182213,-0.0,-0.0,-0.0,-0.0,-0.0,-0.0,-0.0,-0.00012673971858791685,-0.0,-0.0,-0.0,-0.0,-0.0,-0.0,-0.0,-0.0,-0.0,-0.0,-10.611576699826031,-0.00031734053568912516,-0.0,-0.0,-0.0,-0.0,0.0,-0.0,-0.0,9.027239829460768,-0.0,-0.0,-0.0,0.0,45.617869513217784,-0.0,-0.0,-0.0,0.0,0.0,0.0,-17.574329177820424,-0.0,-0.0,-0.0,-0.0,0.0,-0.0,-0.0,-0.0,-0.0,-0.0,-0.0,-0.0,-0.0,-0.0,-0.0,-0.0,-0.0,-0.0,0.0,-0.9477291587688041,-0.0,-0.0,0.0,-0.0,-0.0,-0.0,-0.0,-0.0,-0.0,-0.0,-0.0,-0.0,-0.0,-0.0,-0.0,-0.0,-0.0,-0.0,-0.0,-0.0,0.0,-0.0,-0.0,-0.0,-0.0,-0.0,-0.0,-0.0,-0.0,-0.24779088701595783,-0.0,-0.0,0.0,-0.0,-0.0,-0.0,-0.0,-0.0,0.0,-0.0,0.0,-0.0,0.0,0.0,-0.0,-0.0,-0.0,-0.0,-0.0,-0.0,-0.0,-0.0,0.0,0.0,0.0,0.0,0.0,0.0,0.0,-0.0,-0.0,-0.0,0.0,-0.0,0.0,0.0,-0.0,-0.0,-0.0,0.0,0.0,0.0,-0.0,-0.0,-0.0,0.0,-0.0,0.0,0.0,-0.0,-0.0,-0.0,-0.0,-0.0,0.0,0.0,0.0,0.0,0.0,-0.0,-0.0,0.0,-0.0,-0.0,-0.0,-0.0,0.0,0.0,0.0,0.0,-0.0,-0.0,-0.0,-0.0,-0.0,0.0,0.0,-0.0,0.0,-0.005113800273306879,0.0,0.0,-0.0,-0.0,-0.00033502514758511354,0.0,0.0,0.0,0.0,0.0,0.0,0.0,0.0,0.0,0.0,-0.0,0.0,0.0,0.0,0.0,0.0,0.0,0.0,-0.0,0.0,0.0,-1000.0,0.0,0.0,-1000.0,-0.0,0.0,0.0,0.0,0.0,0.0,0.0,0.0,0.0,-0.0,0.0,0.0,0.0,0.0,0.0,0.0,-0.0,0.0,-0.0,0.0,-0.0,-0.0051138002732566456,0.0,-0.0,19.670845812960728,-2.4561960966650554e-5,0.0,0.0,0.0,0.0,0.0,0.0,0.0,0.0,0.0,0.0,0.0,0.0,-0.0,0.0,0.0,0.0,-0.0,0.0,0.0,-0.0,0.0,0.0,-0.0,0.0,0.0,-0.0006965772130142098,0.0,-0.0,-0.0,0.0,0.0,0.00022105764869985494,-0.0,0.0,0.07646040201074453,0.0,0.0,-0.0,0.038230201005372264,0.0,0.0,0.0,0.0,0.0,0.0,0.1253917581700671,0.14779226657165237,0.0,0.0,0.0,-0.0,0.0,0.0,0.0,0.07646040201074453,0.0,0.0,0.0,-0.0,0.0,0.0,0.07646040201074453,0.0,0.0,0.0,-0.0,0.0,0.0,0.0,-0.0,0.0,0.0,0.0,0.0,0.0,0.349644426752464,0.0,0.0,0.0,0.0,-0.0,0.0,0.349644426752464,0.349644426752464,0.349644426752464,0.0,-0.0,0.0,0.349644426752464,0.27318402474171943,0.0,0.27318402474171943,-0.0,-0.0,0.0,0.0,0.0,0.0,0.0,0.0,0.0,0.0,0.0,0.0,0.0,0.07646629688137652,0.0,-0.0,0.0,0.0,0.0,0.0,-0.0,0.0,-0.0,0.0,0.0,0.0,-0.0,0.29060926232990003,0.0,0.0,0.28543847830720076,0.0,-0.0,0.0,-996.0104782959836,0.8589504420941048,0.0,0.29060926232990003,0.0,0.0,-0.0,0.0,0.0,-0.06075057177666294,999.2232279844297,0.0,0.0,0.0,-0.0,0.0,0.0,0.0,0.0,0.0,0.0,0.0,0.0,-0.349644426752464,-0.0,-0.349644426752464,-0.349644426752464,0.0,0.0,0.0,-0.349644426752464,-0.349644426752464,-0.27318402474171943,-0.1253917581700671,0.0,0.0,0.0,0.0006612079892222356,0.24352889554902463,0.0,0.29379740486327754,0.0,-0.0,0.29060926232990003,0.0,0.44016507769886404,0.29379740486327754,0.0,0.0,-0.0,0.0,-0.0,0.0,4.8556989608951255,4.8556989608951255,-0.29060926232990003,0.0,0.0,0.0,-0.0,-0.0,0.0,-0.0,0.0,0.0,0.0,0.0,0.0,0.0,0.0,0.0,0.0,0.0,0.0,0.0,996.5828466548679,-0.0,0.0,0.0,0.0,0.0,0.0,0.0,0.0,0.0,0.0,0.0,0.0,0.0,0.0006572780754674243,0.0006572780754674243,0.0,0.0,0.0,0.0,0.06269587908503355,0.07389613328582618,0.0,0.0,-0.29060926232990003,0.0,0.00044015034052238833,0.0,0.5332431200212057,0.027301110853651427,0.44016507769886404,-0.44016507769886404,1.964956877332044e-6,0.0,0.0,0.0,3.799346003468928,0.0,0.0,0.0,0.0,0.0,0.0,0.0,0.0558470218890927,0.0558470218890927,0.0,0.0,0.0,0.0,0.0,0.0,0.0,0.0,0.0,0.0,0.0,0.0,0.0,0.0,0.0005659075806720426,0.0,0.0,0.32499895511852683,0.0,0.04095166628047714,0.0,1.0503441192953165,0.0,0.0,0.00043818538364504586,0.0,0.0,0.0,0.002238085883281209,0.0,-1000.0,0.0,0.0,0.0,0.0,0.0,-2.876381492835114,0.0,0.0,0.0,0.0,0.0,0.0,0.0,-0.0,0.0,0.0,0.0,0.0,0.0,0.0,0.0,0.0,0.0,0.0,0.0,0.0,-1000.0,-0.0,0.0,0.0,0.0,1000.0,3.15,0.09307804232234161,55.80046600349219,0.29060926232990003,0.0,0.29060926232990003,0.0,0.0,0.0,0.0,0.0,0.0,0.0,0.0001198623695172547,0.0,-1.0503441192953165,0.0001198623695172547,0.0,1000.0,0.0,0.0,0.0001198623695172547,0.24352889554902463,0.0,-1000.0,0.0,0.23683134003263792,0.0,0.0,0.0,1.964956877332044e-6,0.0,0.0,0.0,0.0,0.0,0.0,0.0,0.0,0.005113800273306879,0.0,999.9948861997267,0.0,0.0,-1000.0,0.0,0.0,0.0,0.0,0.0,0.0,0.0,0.0,0.0,0.0,0.0,0.0,0.0,0.0,0.6156082174484269,0.0,0.0,0.0,0.0,0.0,0.0,0.0,0.0,0.0,0.0,0.0,0.0,0.0,0.0,0.0,0.0,0.0,0.0,0.0,0.0,0.0,0.0,0.0,0.0,0.0,0.0,0.0025569001366283228,0.0051138002732566456,0.0,0.0,0.0,0.0,0.0,0.0,0.0,0.0,0.0023471409899731266,-19.670845812960728,-19.670845812960728,0.0,0.0,0.0,0.0,2.4561960966650554e-5,0.0,2.4561960966650554e-5,0.0,0.0,0.0,0.0,0.0,0.0,0.0,0.0,0.0,0.0,0.0,0.0,0.0,0.0,0.0,0.0,0.3177178074095729,0.0,0.0,0.0,0.0,0.0,0.37444120006595555,0.0002190926918225229,0.0,0.0,0.0,0.0,0.0002397247390345094,0.0,0.0,0.0,0.0,0.0002190926918225229,0.0,0.0,0.0,0.0,0.0,0.0,0.0,0.0,0.0,0.0,0.0,1000.0,0.0,0.0,1000.0,0.0,0.0,0.17773526194687714,-1000.0,0.0,1000.0,0.0,0.0,4.8556989608951255,0.0,0.0,0.0,0.0,0.0,0.0,-1000.0,0.0,0.0,0.0,0.0,-0.0,0.0,0.0,0.0,0.0,0.0,-0.14779226657165237,0.0,0.0,0.0,0.0,0.15771235136686323,0.0,0.0,0.0,-0.0,0.0,0.0,0.0,0.013650555426825714,0.0,0.0,0.0,0.0006965772130142098,0.0006965772130142098,0.0,0.0,0.0,0.3371482834910709,0.36444939434472234,0.0,0.0,-0.0,0.0,0.0,0.0,0.0,0.0,-0.0,0.0,0.0,0.0,0.06269587908503355,0.07389613328582618,0.0,0.0,0.0,0.0,0.0,0.0,0.0,0.0008763707672900917,0.0,1.964956877332044e-6,0.0,0.0,0.0,0.0,0.0,0.24352889554902463,0.0,0.15121423897352612,0.0,0.0,0.0,0.0,0.0,0.0,0.0,0.0,0.0,0.0,0.0,0.0,0.0,0.0,35.14032988591628,0.0,0.0,-0.0,0.37444120006595555,0.0,0.0,0.0,0.0,0.0,0.0,0.0,-0.0,0.0,0.8589504420941048,-0.0,0.28543847830720076,0.0,-0.0,0.0,0.0,0.0,0.0,0.0,0.0,0.0,0.0,0.0,0.0,0.0,0.0005659075806720426,0.0,0.0005659075806720426,0.0,0.0,0.36444939434472234,0.36444939434472234,0.026364808901602556,0.0006572780754674243,0.0,-0.0,0.0,0.0,0.0,0.0,0.0,0.0,0.0,1.964956877332044e-6,-0.0,0.0006572780754674243,0.0,0.0,0.0,0.0,0.0,0.025707530826135132,0.32499895511852683,0.0,0.0,0.0002190926918225229,0.0,0.0,-0.32499895511852683,0.0,0.0,0.0,0.0,0.0,0.0,0.0,0.0,0.00043818538364504586,0.0006572780754674243,0.00044015034052238833,-0.0,0.0,0.0023471409899731266,0.0027853263736181723,0.0,0.0,0.37444120006595555,0.0002190926918225229,0.0,0.0,0.0,0.37444120006595555,0.0,0.0,0.0,0.0,0.0,0.0,0.0,0.0,0.0,0.0,0.0,0.0,0.0,0.0,0.0,0.00027312900594915414,0.0023471409899731266,0.0,0.0,0.0,0.0,0.0,0.0,0.0,0.0,0.0,0.0,0.0,0.0,0.0,0.0,0.0,0.0006572780754674243,0.0006572780754674243,0.0,0.0,0.0,0.0,0.0,0.0,0.0,0.0,0.0,0.0,0.0,0.0,0.0,0.0,0.0,0.0,0.0,0.349644426752464,0.349644426752464,0.0,0.349644426752464,0.0,0.349644426752464,0.349644426752464,0.27318402474171943,0.27318402474171943,0.0,0.0,0.0,0.0,0.0,0.0,0.0,0.0,0.0,0.0,0.0,1.964956877332044e-6,0.0,0.0,0.0,0.0,0.0,0.0,0.0,0.0,14.585868708954935,0.0,0.0,0.0,0.0,0.0,0.0,0.0,0.0,1.964956877332044e-6,0.0,0.0,0.0,0.0,0.0,0.0,0.0,0.0,0.0,0.0,0.0,0.0,0.0,0.0,0.0,0.0,0.0,0.0,0.0,0.0,0.0,0.0,0.0,0.0,0.0,0.0,0.0,0.0,0.0,0.0,0.0,0.0,0.0,0.0,0.0,0.00383559582455215,0.0,0.0,0.0,0.07646040201074453,0.0,0.0,0.0076711916491043,0.0,0.1253917581700671,0.0,0.0,0.0,0.0,0.14779226657165237,0.0,0.0,2.1475897942956714,0.00021909269182252293,0.0,0.0,0.0,-0.0,0.0,0.0,0.0,0.0,0.0,0.0,0.0,0.0,0.0,