{"objective_value":0.9824784386660501,"time_limit":1800,"thermo_feasible":false,"dual_bound":0.9824784386660501,"solution":[1.9649568773321e-6,0.0,0.0,0.0,0.0,0.0,0.00044015034052238833,-0.0,0.0,0.00021909269182252922,0.0002210576486998613,0.9824784386660503,-0.0,-0.0,-0.0,-0.0,-0.0,-0.0,-0.0,-0.0,-0.0,-0.0,-0.0,-0.0,-0.0,-0.0,-0.0006965772130142297,-0.0,-0.0,-0.0,-0.0,-0.0,-0.0,-0.0,-0.0,-0.0,-0.0,-0.0,-0.0,-0.0,-0.0,-0.0,-0.0,-0.0,-0.0,-0.0,-0.0,-0.0,-0.0,-990.9569805843358,-0.0,545.609979720115,-0.0,-0.0,0.0,0.0,0.0,-0.0,-0.0,-0.0,-0.0,-0.0,-0.0,-0.0,-0.0,-0.0,-0.0,-0.0,-0.0,-0.0,-0.0,-0.0,-0.0,-0.0,-0.0,-0.0,-0.0,-0.0,-0.0,-0.0,-0.0,-0.0,-0.0,-0.0,0.0,-0.0,-0.0,-0.0,-0.0,-0.0,-0.0,-0.0,-0.0,-0.0,0.0,0.0,-0.0,-0.0,-0.0,-0.0,-0.0,-0.0,-0.1917729138785424,3.469446951953614e-18,1.734723475976807e-18,-0.0,-0.0,-0.0,-0.0,-0.0,-0.0,-0.0,0.0,-0.0,-0.0,-0.0,-0.0,-0.0,-0.0,-0.0,0.0,0.0,-0.0,-0.0,0.0,-0.0,-0.0,-0.0,-0.0,-0.0,-0.0,-0.0,-0.0,-0.0,-0.0,-0.0,-0.0,-0.0,-0.0,-0.0,-0.0,-0.0,-0.0,-0.0,-0.0,-0.005113800273256792,-0.0,-0.0,-0.0,-0.0,-0.0,-0.0,-0.0,-0.0,1.9649568773321e-6,-0.0,-0.0,-0.0,-0.0,-0.0,-0.0,-0.0,-0.008523000455427985,-0.005113800273256792,-0.0,0.0,-0.0,19.670845812961055,0.0,-0.0,-0.0,-0.0006788926011182406,-0.0,-2.456196096665126e-5,0.0,-0.00012673971858792046,6.661338147750939e-16,-0.0,-0.0,-0.0,-0.0,-0.0,-0.0,-0.0,-0.0,-0.0,-0.0,-0.0,-0.0,-10.611576699825596,-0.0003173405356891342,0.0,-0.0,-0.0,-0.0,-0.0,-0.0,-0.0,0.0,0.0,-267.5703842812695,0.0,-0.9477291587681295,-0.0,-0.0,-0.0,-0.0,-0.0,0.0,-0.0,0.0,0.0,0.0,-0.0,-0.0,-0.0,0.0,-0.0,0.0,0.0,-0.0,-0.0,-0.0,-0.0,-0.0,-0.0,0.0,0.0,0.0,0.0,0.0,0.0,-0.0,-0.0,0.0,-0.0,0.0,0.0,-0.0,0.0,0.0,0.0,-0.0,-0.0,-0.0,-0.0,0.0,0.0,-0.0,0.0,-0.0,-0.0,-0.0,-0.0,-0.0,-0.0,-0.0,0.0,0.0,0.0,0.0,0.0,-0.2477908870159645,-0.0,0.0,0.0,0.0,-0.0,-0.0,0.0,0.0,0.0,0.0,0.0,-0.0,-0.0,-0.0,0.0,0.0,-0.0,0.0,-0.0,-0.0,-0.0,-0.0,-0.0,-0.0,-0.0,-0.0,-0.0,-0.0,-0.0,-0.0,-0.0,-0.0,0.0,0.0,0.0,0.0,0.0,0.0,-0.0,0.0,-0.0,0.0,-0.0,0.0,-0.0,-0.0,0.0,-0.0,0.0,0.0,-0.0,-0.0,-0.0,0.0,0.0,-0.0,-0.0,-0.0,-0.0,-0.0,-0.0,-0.0,0.0,0.0,0.0,0.0,0.0,0.0,-0.0,-0.0,-0.0,0.0,-0.0,0.0,-1000.0,0.0,0.0,-0.0,-0.0,-0.0,999.9842204137966,-0.0003350251475851231,0.0,0.0,0.0,0.0,0.0,0.0,0.0,-0.0,0.0,0.0,0.0,0.0,0.0,0.0,0.0,0.0,0.0,0.0,0.0,0.0,0.0,0.0,0.0,0.0,0.0,0.0,0.0,0.0,0.0,0.0,0.0,0.0,0.0,0.0,0.0,0.0,0.0002210576486998613,0.0,0.0,0.03823020100537336,0.0,0.0,0.0,0.0,0.0,0.0,0.0,0.0,0.0,0.12539175817007064,0.1477922665716566,0.0,0.0,0.0,0.0,0.0,0.0,0.0,0.0,0.0,0.07646040201074672,0.0,0.0,0.0,-0.0,0.0,0.0,0.07646040201074672,0.0,0.0,0.0,0.0,0.0,0.0,0.0,0.0,0.0,0.0,0.0,0.0,0.0,-0.0,0.0,0.0,0.0,0.0,0.0,0.0,0.3496444267524739,0.3496444267524739,0.07646040201074672,-0.0,0.0,0.0,0.3496444267524739,0.3496444267524739,0.0,0.3496444267524739,0.0,0.0,0.0,0.0,0.2731840247417272,0.2731840247417272,-0.0,0.0,0.0,0.0,0.0,0.0,-0.0,0.0,0.0,0.0,0.0,0.07646629688137868,-0.0,1000.0,-0.0,0.0,0.0,0.0,0.0,0.29060926232990836,0.0,0.29060926232990836,0.0,0.0,0.0,0.0,0.0,0.0,0.2854384783072089,0.5723683588843129,0.8589504420941291,0.0,0.0,0.0,0.0,1000.0,-1000.0,0.0,-0.0,0.0,0.0,0.0,0.0,0.0,0.0,0.0,-0.3496444267524739,0.0006612079892222519,-0.0,0.0,0.0,-0.3496444267524739,-0.3496444267524739,-0.3496444267524739,-0.3496444267524739,-0.2731840247417272,-0.12539175817007064,0.0,-0.0,0.0,0.0,0.0,0.0,0.0,0.0,0.29060926232990836,0.24352889554903118,0.0,-0.0,-0.0,0.0,0.29379740486310885,0.4401650776987283,0.29379740486310885,4.855698960895195,4.855698960895195,0.0,-0.0,-0.29060926232990836,0.0,0.0,-0.0,0.0,0.0,0.0,0.0,0.0,0.0,0.0,-0.0,0.0,-0.0,0.0,0.0,0.0,0.0,-0.0,0.0,0.0,0.0,0.0,0.0,0.0,0.0,0.0,-0.0,0.0,0.0,0.0006572780754679452,0.0,0.0,0.0,0.0006572780754679452,0.0,0.0,0.0,-0.0,0.0,-0.0,0.06269587908503532,0.0409516662804783,0.0,0.0738961332858283,-0.0,0.0,-1000.0,0.0,0.0,-0.0,-0.29060926232990836,0.0,0.0,0.0,0.00044015034052238833,-0.0,-0.0,0.0,0.5332431200210725,0.4401650776987283,-0.4401650776987283,0.0,-0.0,0.0,3.799346003468966,0.0,0.0,0.0,0.0,0.0,0.0,0.0,0.0,-0.0,0.0,0.0,0.0273011108536522,0.0,0.0,0.0,-0.0,0.0,0.0,0.0,0.0,-0.0,0.0,-0.0,0.0,0.0,0.0,-0.0,0.0,-0.0,0.0,0.0,0.0,0.0,0.0,0.0,0.0,0.0,0.0,-0.0,-0.0,0.0,-0.0,0.00043818538364505844,0.0,0.0,-0.0,-0.0,0.0,0.0,0.0,0.0,1.9649568773321e-6,0.0,0.0,-0.0,0.0,0.0,0.00021909269182252922,0.0,0.0,0.0,0.0,0.0,-0.0,0.0,0.0,0.0,0.0,0.0,0.0,0.0,0.05584702188909429,0.05584702188909429,0.0,1.9649568773321e-6,0.0,0.0,-0.0,-1000.0,0.0,0.0,0.0,0.0,0.0,0.0,-10.0,1000.0,0.29060926232990836,0.0,0.0,0.0,0.0,0.29060926232990836,0.0,-0.0,0.0,0.0,0.0,-1.0503441192953462,0.0,-0.0,0.0,0.0,-0.0,0.0,0.0,0.0,0.2368313400326447,-0.0,0.0,-0.0,0.0,0.0,0.0,0.0,0.0,0.0,0.0005659075806716263,-0.0,0.3249989551185361,-0.0,1.0503441192953462,0.0,0.0,0.0,0.005113800273256792,0.0022380858832812727,0.0,-2.87638149283487,0.0,0.0,0.0,0.0,-0.0,0.0,0.0,0.0,0.0,0.6156082174484445,0.0,0.0,0.0,0.0,0.0,0.0,0.0,0.0,0.0,0.0,-0.0,0.0,0.0,0.0,0.0,0.0,0.0,0.0,0.0,3.15,0.09307804232234428,55.80046600349201,0.0,0.0,0.0,0.0,0.00011986236951725811,0.00011986236951725811,0.0023471409899731943,0.0,0.0,0.0,0.0,0.0,0.0,0.0,0.00011986236951725811,0.24352889554903118,0.0,0.0,0.0,0.0,0.0,0.31771780740958194,0.0,1.9649568773321e-6,0.0,0.0,0.0,0.0,0.0,0.37444120006596676,0.00021909269182252922,0.0,0.0,0.0,0.0,0.0,0.0,0.005113800273256792,0.0,0.0,0.0,0.0,0.0,0.0,0.0,-0.005113800273256792,0.0,0.0,0.0,0.0,0.0,0.0,0.0,0.0,0.0,0.0,0.0,0.0,0.0,0.0,0.0,-0.0,0.0,-19.670845812961055,0.0,0.0,0.0,0.0006965772130142297,0.0,0.0006965772130142297,-19.670845812961055,0.0,0.0,-0.0,0.0,0.002556900136628396,0.0,0.0,0.0,0.0,0.0,0.0,0.0,0.0,0.06269587908503532,0.0738961332858283,0.0,0.0,0.0,0.0,0.0,0.0,0.0,0.0,0.0,0.0,0.0008763707672901169,0.24352889554903118,0.0,1.9649568773321e-6,2.456196096665126e-5,0.0,0.15121423897353045,0.0,0.0,2.456196096665126e-5,0.0,0.0,0.0,0.0,0.0,0.0,0.0,0.0,0.0,0.0,0.0,0.0,0.0,0.0,35.140329885916124,0.0,0.0,0.0,0.0,0.0,0.37444120006596676,0.0,1000.0,0.0,0.0,0.17773526194688177,0.0,0.0,0.0,0.0,0.0,0.0,0.0,0.8589504420941291,0.0,0.2854384783072089,-6.661338147750939e-16,-6.661338147750939e-16,0.0,0.0,0.0,-1000.0,0.0,0.0,0.0,0.0,0.0,0.0,0.0,0.0,0.0,0.0,0.0,0.36444939434473267,0.0,0.36444939434473267,0.0,0.02636480890160382,0.0006572780754679452,0.0136505554268261,-1.734723475976807e-18,0.0,0.0,0.0,-4.065758146820641e-20,0.0,0.0,-0.0,0.0006572780754679452,0.0,0.0,0.33714828349108045,0.36444939434473267,0.37444120006596676,0.37444120006596676,0.0,0.3249989551185361,0.0,0.0,-0.3249989551185361,0.0,0.0,0.0,0.0,0.0,0.0,0.00043818538364505844,0.0006572780754679452,0.00044015034052238833,0.0,0.0,0.00027312900594916205,0.0,0.0,0.0,0.0,0.0,0.0,0.0,0.0,0.0,0.0,0.0,0.0,0.0,0.0,0.0,0.0006572780754679452,0.0006572780754679452,0.0,0.0,0.0,0.0,0.0,0.0,0.0,0.0,0.0005659075806716263,0.0005659075806716263,0.0,-0.0,0.0,0.0,0.0,0.0,0.0,-0.0,0.0,0.0,0.0,0.0,0.0,-0.0,0.0,0.0,0.0,0.0,0.0,0.0,0.0,0.0,0.0,0.0,0.025707530826135874,0.0,0.0,0.0,0.3496444267524739,0.0,0.3496444267524739,0.0,0.3496444267524739,0.3496444267524739,0.0,0.0,0.0,0.0,0.0,0.0023471409899731943,0.3496444267524739,0.2731840247417272,0.2731840247417272,0.0,0.0,0.0,0.002785326373618253,0.0,0.0,0.0,0.0,0.0,0.0,1.9649568773321e-6,0.00021909269182252922,0.0,0.0,0.0,0.0,0.0,14.58586870895528,0.0,0.0,0.00023972473903451623,0.0,0.0,0.00021909269182252922,0.0,0.0,1.9649568773321e-6,0.0,0.0,0.0,0.0,0.0,0.0,0.0,0.0,0.0,0.0,0.0,0.0,0.0,0.07646040201074672,0.0,0.0,6.661338147750939e-16,0.0,0.0,0.12539175817007064,0.1477922665716566,0.0,0.0,0.0,0.0,0.0,0.0,0.0,0.0,0.0,0.0,0.0,0.0,0.0,0.0,0.0,0.0,0.0,0.0,0.0,0.0,-999.9842204137966,0.0,0.0,0.0,0.0,0.0,0.0,0.0,0.0,0.0,0.0,2.1475897942957323,0.0,0.0,0.0,0.0,0.0,0.0,0.0,0.0,0.0,0.0,0.0,0.0,0.0,0.0,7.783511317688689,0.0,0.0,0.0,0.0,0.0,0.0,0.0,0.0,0.0,0.00021909269182252922,0.0,0.0,0.0,0.0,0.0,0.0,0.0,0.0,0.0,0.0,0.0,0.0,0.0,0.0,0.0,0.0,249.99605510344915,0.0038355958245522596,0.0,0.0,0.0,1000.0,0.015779586203415432,0.0,0.0,0.0,0.007671191649104519,0.0,0.0,0.0,0.0,0.0,0.0,0.0,0.0,0.0,0.0,0.0,