{"objective_value":0.9824784386660043,"time_limit":1800,"thermo_feasible":false,"dual_bound":0.9824784386660043,"solution":[-0.0,-0.0,-0.0,-0.0,-0.0,-0.0,-0.0,-0.0,-0.0,-0.0,-0.0,-0.0,-0.0,-0.0,0.00021909269182251897,0.00022105764869985098,-0.0,0.0,1.964956877332008e-6,0.00044015034052236057,0.0,0.0,-0.0,-0.0,-0.0,-0.0,-0.0,-0.0,0.9824784386660044,-0.0,-0.0,-0.0,-0.0,-0.0,-0.0,-0.0,-0.0,-0.0,-0.0,-0.0,-0.0,-0.0,-0.0,-0.0,0.0,-0.0,-0.0,-0.0,-0.0,0.0,-0.0,-0.0,-0.0,-0.0,-0.0,-0.0,-0.0,-0.0,5.032606276156315e-14,-0.0,-0.0,0.0,-0.0,-0.0,-0.0,0.0,-0.0,-0.0,-0.0,-0.0,-0.0,0.0,-0.0,-0.0,-0.0,-0.0,0.0,0.0,-0.0,-0.1917729138785334,-6.938893903907228e-18,-0.0,-0.0,0.0,-0.0,-0.0,-0.0,-0.0,-0.0,-0.0,-0.0,0.0,-0.0,-0.0,0.0,-0.0,-0.0,-0.0,-0.0,-0.0,-0.0,-0.005113800273256553,-0.0,-0.0,-0.0,-0.0,-0.0,-0.0,-0.0,-0.0,-0.0,-0.0,-0.0,-0.0,-0.0,-0.0,-0.0,-0.0,-0.005113800273256553,0.0,-0.0,-0.0,-0.0,-0.0,19.670845812960465,-2.456196096665011e-5,-0.0,-0.0,1.964956877332008e-6,0.0,0.0,-0.0,-1000.0,-0.0,-0.0,0.0,0.0,-0.0,-0.0,-0.0,999.9842204137966,-0.0,-0.0,-0.008523000455427587,0.0,-0.0,-0.0,-0.000678892601118209,-0.0006965772130141971,-0.0,-0.0,-0.0,-0.0,-0.00012673971858791455,0.0,-0.0,-0.0,-0.0,-0.0,-0.0,-0.0,-0.0,-0.0,-10.61157669982634,-0.0,-0.0,-0.0,-0.0,-0.0003173405356891194,0.0,-0.0,-0.0,0.0,-0.0,-0.0,-0.0,-0.0,0.0,-0.0,0.0,0.0,-267.57038428126964,-0.0,-0.0,-0.0,-0.0,-0.0,-0.0,-0.0,-0.0,-0.0,-0.0,0.0,-0.0,-0.0,0.0,-0.0,-0.0,-0.0,-0.0,0.0,0.0,0.0,-0.0,-0.9477291587689827,-0.0,0.0,-0.0,-0.0,-0.0,-0.0,-0.0,-0.0,-0.0,-0.0,0.0,-0.0,-0.0,-0.0,-0.0,-0.0,-0.0,0.0,-0.0,-0.0,-0.0,-0.0,-0.0,-0.0,-0.0,-0.24779088701595325,-0.0,-0.0,-0.0,-0.0,-0.0,-0.0,-0.0,-0.0,-0.0,-0.0,0.0,0.0,-0.0,-0.0,-0.0,0.0,0.0,-0.0,0.0,0.0,-0.0,-0.0,-0.0,0.0,-0.0,0.0,0.0,0.0,0.0,0.0,-0.0,-0.0,-0.0,-0.0,-0.0,-0.0,0.0,0.0,-0.0,-0.0,0.0,-0.0,0.0,0.0,0.0,-0.0,-0.0,-0.0,-0.0,-0.0,0.0,0.0,0.0,-0.0,-0.0,0.0,-0.0,0.0,0.0,0.0,0.0,0.0,0.0,0.0,-0.0,-0.0,-0.0,-0.0,-0.0,0.0,0.0,0.0,-0.0,0.0,0.0,-0.0,-0.0,-0.0,0.0,-0.0,0.0,-0.0,-0.0,-0.0,-0.0,-0.0003350251475851074,0.0,0.0,0.0,-0.0,0.0,0.0,0.0,0.0,0.0,0.0,0.0,0.0,0.0,0.0,0.0,0.0,0.0,-0.0,0.0,0.0,0.0,0.0,-0.0,0.0,0.0,0.0,0.0,-0.0,0.0,0.0,0.0,0.0,0.0,0.0,0.0,-0.0,0.0,0.0,0.0,0.0,0.0,0.0,0.0,0.0,0.0,0.0,0.0,-0.0,0.0,0.0,-0.0,0.0,0.0,0.0,0.0,0.0,-0.0,0.0,0.0,-0.0,0.0,0.1477922665716497,0.0,0.0,-0.0,0.0,0.0,0.07646040201074311,0.0,0.0,0.0,0.0,0.0,0.0,-0.0,0.0,0.0,0.0,0.0,0.0,0.07646040201074311,0.0,0.0,-0.0,0.0,0.0,0.0,-0.0,0.0,0.0,0.0,0.0,0.0,-0.0,0.0,0.0,0.0,-0.0,0.0,0.34964442675245755,0.34964442675245755,0.34964442675245755,0.34964442675245755,0.34964442675245755,0.27318402474171444,0.27318402474171444,0.0,0.0,0.0,0.0,0.07646040201074311,0.0,0.0,-0.0,0.0,0.0,0.0,-0.0,0.0,0.0,0.0,0.0,0.0,0.0,0.0,0.0,-10.0,0.0,-0.0,0.07646629688137513,0.0,0.0,0.0,1000.0,0.0,0.0,0.0,0.0,0.0,0.0,-0.0,0.0,0.0,0.0,0.0,0.0,0.0,0.0,0.0,0.0,-0.0,0.2906092623298947,0.2906092623298947,0.0,0.0,0.28543847830719554,-0.0,-996.0104782959837,0.0,0.0,0.00022105764869985098,0.8589504420940892,0.0,0.0,0.0,0.0,0.0,0.0,0.038230201005371556,-0.0,0.0,0.0,0.1253917581700648,0.2937974048633721,-0.0,0.0,0.24352889554902013,0.0,-0.0,0.0,0.0,0.44016507769895635,-0.0,0.2937974048633721,0.0,0.0,-0.34964442675245755,-0.34964442675245755,-0.0,-0.34964442675245755,-0.34964442675245755,-0.34964442675245755,-0.27318402474171444,-0.0,0.0,0.0,0.0,-0.0,0.0,-0.1253917581700648,0.0,0.0,-0.0,-0.0,0.0,0.0,0.0,0.2906092623298947,0.0,-0.0,0.0,4.855698960895068,0.0,0.0,-0.0,0.0,4.855698960895068,0.0,-0.2906092623298947,-0.0,0.0,0.0,0.0,0.0,0.0,0.0,0.0626958790850324,0.0,-0.0,0.0626958790850324,0.07389613328582485,0.0,0.0,0.0,0.0,0.0,-0.0,996.582846654868,0.0,-0.2906092623298947,0.0,0.0,0.00044015034052236057,-0.0,0.5332431200212963,0.44016507769895635,0.0,0.0,0.0,0.0,-0.44016507769895635,3.799346003468889,0.0,0.0,0.0,0.0,0.0006572780754678148,0.0006572780754678148,0.0,0.027301110853650928,0.0,0.0,0.0,-0.0,0.0409516662804764,0.0,0.0,-0.0607505717763927,999.2232279844297,0.0,-1000.0,0.0,-0.0,0.0,0.0,0.0,0.0,-0.0,0.0,0.0,999.9948861997267,-1000.0,0.005113800273256553,-5.032606276156315e-14,0.0,0.0,0.0,0.0,0.0,0.0,0.0,0.0,0.0,0.0,0.0,0.0,-0.0,0.0006612079892222173,-0.0,0.0,-0.0,0.0,0.0,0.0,-0.0,0.0,0.0,-990.9569805843357,0.0,-0.0,0.0,0.0,0.0,0.0,0.0,-0.0,0.0,0.0,0.0,0.0,0.0,0.2906092623298947,0.2906092623298947,0.0,-0.0,-0.0,545.6099797201166,-0.0,-0.0,0.0,0.0,0.0,0.0,-1.0503441192952971,-0.0,0.0,0.0,0.0,1.964956877332008e-6,0.0,0.0,0.0,-0.0,0.0,0.00021909269182251897,0.0,0.0,0.0,0.0,0.0,0.2368313400326336,0.0,0.0,0.0,0.0,0.0,0.0,0.0,0.05584702188909167,0.05584702188909167,0.0,0.0,0.0005659075806719593,0.3249989551185209,0.0,1.964956877332008e-6,1.0503441192952971,0.0,0.0,0.0,0.0,0.0,0.0,0.0,0.0,0.0,-0.0,0.0022380858832811456,0.0,-0.0,-2.8763814928352613,0.0,0.0,0.0,0.0,0.0626958790850324,-0.0,0.0,0.0,0.0,0.0,-0.0,0.0,0.00043818538364503795,0.0,-0.0,0.0,0.0,0.0,0.0,0.0,0.0,-0.0,0.0,0.0,0.0,-0.0,0.0,3.15,0.0,0.09307804232233992,-0.0,55.80046600349226,0.0,0.0,0.0,0.0,0.0,0.0,0.0,0.0,0.0,0.0,0.0,0.00011986236951725252,0.0,0.0,0.00011986236951725252,0.0,0.00023972473903450503,0.00011986236951725252,0.0,0.24352889554902013,0.0,0.00021909269182251897,0.0,0.0,0.0,0.31771780740956707,0.0,0.0,1.964956877332008e-6,0.0,0.0,0.0,0.0,0.0,0.0,0.0,0.0,0.0,0.0,0.0,0.0,1000.0,0.3744412000659491,0.0,0.0,-1000.0,0.0,0.005113800273256553,0.0,0.0,1000.0,0.0,0.00021909269182251897,-0.005113800273256553,0.0,0.0,0.0,4.855698960895068,0.0,0.0,0.0,0.0,-0.0,0.0,0.0,0.0,0.0,0.0,0.0,0.0,-0.1477922665716497,0.6156082174484157,0.0,0.0,0.0,0.1577123513668603,0.0,0.0,0.0,0.0,-0.0,0.0,0.0,0.0006965772130141971,0.0,0.0,0.0,0.0006965772130141971,0.0,0.0,0.0,0.0,0.0,0.0,0.0,0.0,0.0,0.0,0.0,0.0,0.0,0.0,0.0,0.0,0.0,0.0,0.0023471409899730837,0.0,0.0,0.0,0.0,0.0,0.24352889554902013,0.0,0.0,0.0,0.0,0.0,0.0,0.15121423897352337,0.0,0.0,0.0,0.0,0.0,-0.0,0.0,0.0,0.0,0.0,0.0,35.140329885916344,0.0,0.0,0.0,1000.0,0.8589504420940892,0.0,0.0,0.17773526194687383,0.28543847830719554,0.0,0.0,0.0,0.0,0.0,0.0,0.0,0.0,0.0,0.0,-1000.0,0.0,0.0,0.0,0.0,0.0,0.3644493943447156,0.0,0.0,0.3644493943447156,0.0,0.0,0.0,0.0,0.02636480890160248,0.0006572780754678148,0.0,0.0,0.0,0.0,0.0,0.0,0.0,-0.0,0.013650555426825464,0.0006572780754678148,0.0,0.0,0.0,0.0,0.0,0.3249989551185209,0.0,0.0,-0.3249989551185209,0.3371482834910647,0.3644493943447156,0.0,0.0,0.0,0.0,0.0,0.00043818538364503795,0.0006572780754678148,0.0,0.0,0.0626958790850324,0.00044015034052236057,0.0,0.0,0.07389613328582485,0.0,0.0,0.0,0.0,0.0,0.0008763707672900759,1.964956877332008e-6,0.0,0.3744412000659491,0.3744412000659491,0.0,0.0,0.0,0.0,0.0,0.0,0.0,0.0,0.0,0.0,0.0,0.0,0.0,0.0,0.0,0.0,0.0,0.0,0.00027312900594914915,0.002347140989973084,0.0,0.0,0.0,0.0,0.0,0.3744412000659491,0.0,0.0,0.0,0.0,0.0006572780754678148,0.0,0.0,0.0,0.0,0.0,0.0,0.0006572780754678148,0.0,0.0,0.0,0.0,0.0,0.0005659075806719593,0.0005659075806719593,0.0,0.0,0.0,0.0,0.0,0.0,0.0,0.0,0.0,0.0,0.0,0.0,0.0,0.0,0.025707530826134667,0.0,0.0,0.0,0.0,0.0,1.964956877332008e-6,0.0,0.0,0.0,0.0,14.585868708954699,0.0,0.0,0.0,0.0,0.0,0.0025569001366282764,0.0,0.0,1.964956877332008e-6,0.0023471409899730837,0.0027853263736181215,0.005113800273256553,-0.0,0.00021909269182251897,0.0,0.0,0.0,0.0,0.0,0.0,0.0,0.0,0.0,0.0,0.0,0.0,0.0,0.0,0.0,0.0,0.0,0.0,0.0,0.0,0.0,0.0,0.0,0.0,0.0,0.0,0.0,0.0,0.0,0.0,0.0,0.0,0.0,0.0,0.0,0.0,0.0,0.0,0.0,0.0,0.07646040201074311,0.0,0.0,0.1253917581700648,0.0,0.0,0.0,0.1477922665716497,0.0,0.0,-19.670845812960465,0.0,0.0,0.0,0.0,0.0,0.0,0.0,-19.670845812960465,0.0,0.0,0.0,0.0,0.0,0.0,0.0,0.0,0.0,0.0,2.456196096665011e-5,0.0,0.0,0.0,0.0,0.0,0.34964442675245755,0.34964442675245755,0.34964442675245755,0.34964442675245755,0.34964442675245755,0.27318402474171444,0.0,2.147589794295632,0.0,0.27318402474171444,0.0,0.0,2.456196096665011e-5,0.0,0.0,0.0,0.0,7.783511317688579,0.0,0.0,0.0,0.0,0.0,0.0,0.0,0.00021909269182251897,0.0,0.0,0.0,249.99605510344915,0.0038355958245520805,0.0,0.0,0.0,0.007671191649104161,0.0,0.0,0.0,0.0,0.0,0.0,0.0,0.0,0.0,0.0,0.0,0.0,0.0,