{"objective_value":0.9828409640718899,"time_limit":1800,"thermo_feasible":false,"dual_bound":0.9828409640718899,"solution":[0.0,1.9656819281437798e-6,0.0,1.9656819281437798e-6,0.0004403127519042038,0.0,0.0,0.9828409640718899,-0.0,-0.0,-0.0,0.0,-0.0,-0.0,-0.0,-0.0,-0.0,-0.0,-0.0,-0.0,-0.0,-0.0,-0.0,-0.0,-0.0,-0.0,-0.0,-0.0,-0.0,-0.0,-0.0,-0.0,0.0,0.0,0.0,-0.0,-0.0,-0.0,-0.0,-0.0,-0.015785408723958623,0.0,0.0,-0.0,-0.0,-0.0,-0.0,0.0,-0.0,-0.0,-0.0,-0.0,-0.0,-0.0,-0.0,-0.0,0.0,0.0,0.0,0.0,-0.0,-0.0,0.0,-0.0,0.0,0.0,-0.0,-0.0,-0.0,-0.0,-0.0,0.0,0.0,-0.0,-0.0,-0.0,-0.0,-0.0,-0.0,0.0,-0.0,-0.0,-0.0,-0.0,-0.0,-0.0,-0.0,-0.0,-0.0,-0.0,-0.0,-0.0,-0.0,-0.0,-0.0,-0.0,-0.005115687217994187,-0.0,-0.0,-0.0,-0.0,-0.0,-0.0,-0.0,-0.0,-0.0,-0.0,-0.0,-0.0,-0.0,-0.0,-0.0,-0.0,-0.0,-0.0,-0.0,-0.0,-0.005115687217994187,0.0,-0.0,19.67371778649752,-2.457102410179725e-5,-0.0,-10.0,-0.0,0.0,0.0,-0.0,-0.0,-0.0,-0.0,-0.0,0.0,0.0,-0.0,-0.0,-0.0,-0.0,-0.0,-0.0,0.0,-0.0006968342435269699,-0.0,-0.0,-0.0,-0.0,-0.0,-0.0,-0.0,-0.0,-0.0,-0.0,-0.0,-0.0,-0.0,-0.0,-0.0,-0.0,-0.0,-0.0,-0.0,-0.0,-0.0,-0.0,-0.0,-0.0,-0.0,-0.0,9.024433938017069,-0.0,-0.0,-0.0,-0.0,45.61541189679157,-0.0,-0.0,-0.0,-0.0,-0.0,-0.0,-0.0,0.0,0.0,0.0,-0.0,-0.0,0.0,-0.0,-0.0,-0.0,-0.0,-0.0,-0.0,-0.0,-0.0,-0.0,-0.0,-0.0,0.0,-0.0,-0.0,-0.0,0.0,-0.0,-0.0,-0.0,-0.0,-0.0,-0.1918436763000844,-0.0,-3.469446951953614e-18,-0.0,-0.0,-0.0,-0.0,-0.0,-0.0,-0.0,-0.0,-0.0,-0.0,0.0,0.0,-0.0,-0.0,-0.0,-0.0,-0.24766314601358339,-0.0,-0.0,-0.0,-0.0,0.0,-0.0,-0.0,-0.0,-0.0,-0.0,-0.0,-0.0,-0.0,-0.0,-0.0,-0.0,-0.0,-0.0,-0.0,-0.00021917353498803144,-0.0,-0.0,0.0,-0.0,-0.0,-0.0,-0.0,-0.0,1.9656819281437798e-6,-0.0,-0.0,-0.0,-0.0,-0.0,-0.008526145363323644,0.0,-0.0,-0.0,-0.0,-0.0,-0.0,-0.0,-0.0,-0.000679143106173676,0.0,-0.0,0.0,-0.00012678648436527382,-0.0,-0.0,-0.0,-0.0,-0.0,-0.0,-0.0,0.0,-0.0,-0.0,-0.0,-0.0,-0.0,-10.610012934556861,-0.00031745763139522044,0.0,-0.0,-0.0,-0.0,-0.0,-0.0,-0.0,-0.0,-0.0,0.0,0.0,-17.57566044884663,-0.0,-0.0,-0.0,-0.0,-0.0,-0.0,-0.0,-0.0,-0.0,-0.0,-0.0,0.0,-0.0,-0.0,-0.0,-0.00033514876874851445,0.0,0.0,-0.0,0.0,0.0,-0.9480788620141917,0.0,-0.0,0.0,0.0,0.0,-0.0,0.0,-0.0,-0.0,-0.0,-0.0,-0.0,-0.0,0.0,0.0,0.0,0.0,0.0,0.0,0.0,-0.0,-0.0,0.0,0.0,0.0,-0.0,-0.0,0.0,-0.0,-0.0,0.0,0.0,0.0,-0.0,0.0,0.0,0.0,0.0,0.0,0.0,0.12543802656256714,0.14784680054340624,0.0,0.0,0.0,0.0,0.0,0.0,0.0,0.07648861518793075,0.0,0.0,0.0,0.0,0.0,0.0,0.0,0.0,0.0,0.0,0.0,0.0,0.0,0.0,0.0,0.0,0.0,0.0,0.0,0.0,0.0,0.0,0.07648861518793075,0.0,1000.0,0.0,0.0,0.34977344229390417,0.34977344229390417,0.34977344229390417,0.34977344229390417,0.0,0.0,0.0,0.34977344229390417,0.0,0.2732848271059734,0.2732848271059734,0.0,0.0,0.0,-0.0,0.0,0.0,0.0,0.0,0.0,0.0,0.0,0.0,0.0,0.0,0.0,0.0,0.07649451223371523,0.07648861518793075,0.0,0.0,1000.0,0.0,0.0,0.0,0.0,0.0,0.0,0.0,0.0,0.0,0.0,0.0,0.0,0.0,0.0,0.0,0.0,0.0,0.0,0.0,0.0,0.0,0.0,0.0,0.0,0.29071649444475245,0.29071649444475245,0.2855438024508421,0.5723603839501574,0.8592673868181671,0.0,0.0,0.0,0.0,0.0,1.9656819281437798e-6,0.0,0.0,-0.0,0.0,0.0,0.038244307593965375,0.0,0.0,-1000.0,0.0,0.0,0.0,0.0,0.0,0.0,0.0,0.0,0.0,0.0,0.0,0.0,0.0,0.0004422784338323451,0.24339958191143954,0.29390581337331495,0.4396699739138528,0.0,-0.34977344229390417,-0.34977344229390417,-0.34977344229390417,-0.34977344229390417,0.29390581337331495,0.0,0.0,-0.34977344229390417,-0.2732848271059734,-0.12543802656256714,-0.0,0.0,0.0,0.0,-0.0,0.0,0.0,0.0,0.29071649444475245,0.0,-0.0,0.0,-0.0,0.0,0.0,4.8565689738378035,4.8565689738378035,0.0,0.0,0.0,-0.29071649444475245,0.0,0.0,0.0,0.0,0.0,0.0,0.0,0.06271901328128357,0.0,0.0,0.0,0.0,0.0,0.0,0.0,0.0,0.0,0.0,0.06271901328128357,0.0,0.0,0.07392340027170312,0.0,0.0,0.0,0.0,-0.29071649444475245,0.0,0.0,0.0,0.0,0.0004403127519042038,0.5327823611680955,0.0,0.0,0.0,0.0,0.0,0.4396699739138528,-0.4396699739138528,3.8004837526003943,0.0,0.0,0.0,0.0,0.027311184709629677,0.0,0.0,1000.0,-997.4224858119477,0.0,0.0,0.0,0.0,0.0,0.040966777064444515,0.0,-1000.0,0.0,0.0,0.0,1000.0,0.0,0.0,0.0,0.0,0.0,-0.0,0.0,0.0,0.0,0.0,0.0,0.0,0.0,0.0,0.0,0.0,0.0,0.0,0.0,0.0,0.00043834706997606293,0.0,0.0,-0.0,0.0,0.0,0.0,0.0,0.0,0.0,0.0,0.0,0.0,0.0,0.0,0.0,0.0,0.0,0.0,0.0,0.0,0.0,0.0,0.0,0.0,0.0,0.0,0.0,0.0,0.0,0.0,0.0,1000.0,0.0,0.0,-0.0,0.0,0.0,0.0,0.0,0.0,0.0,-0.0,-0.0,-1000.0,0.29071649444475245,0.29071649444475245,0.0,-0.0,0.0,-0.0,0.0,0.0,1.9656819281437798e-6,0.0,0.0,0.0,0.0,-1.05073168650612,0.0,0.0,0.0,0.0,0.0,0.0,0.0,0.0,0.0,0.0,0.0,0.0,0.0,0.23691872859434943,0.0,0.0,0.055867628920738446,0.055867628920738446,0.0,0.0,0.0,1.9656819281437798e-6,0.0,0.0,0.0005661163953054327,0.32511887671016076,0.0,0.0,0.0,0.0,1.05073168650612,0.0,0.0,0.0,0.0,0.0,0.0,0.06271901328128357,0.0,0.002238911716155753,0.0,0.0,0.0,0.0,-2.876785330248361,0.0,0.0,0.0,0.0,0.0,0.0,0.6158353711549132,0.0,0.0,0.0,0.0,0.0,-0.0,0.0,0.0,0.0,0.0,0.0,0.0,0.0,-0.0,0.0,0.0,3.15,0.0931123872542427,0.0,0.0,0.0,0.0,55.80529891024827,0.0,0.0,0.0,0.0,0.0,0.0,0.0,0.0,0.0,0.002348007063167745,0.0,0.0,0.0,0.00011990659761677056,0.00011990659761677056,0.00011990659761677056,0.24339958191143954,0.0,0.0,0.0,0.0,1.9656819281437798e-6,0.0,0.0,0.0,0.0,0.0,0.0,0.0,0.0,0.0,0.0,0.0,0.31761586879043596,0.0,0.37370267124616247,0.0,0.00021917353498803144,0.0,0.0,0.0,0.0,0.0,0.0,0.0,0.005115687217994187,0.0,0.0,0.0,0.0,0.0,-0.005115687217994187,0.0,0.0,0.0,0.0,0.0,0.0,0.0,0.0,0.0,0.0,0.0,0.0,0.0,0.0,0.0,0.0,0.0,0.0,0.0,0.0,0.0025578436089970934,0.005115687217994187,0.0,0.0,0.0,0.0,0.0,0.0,0.0,0.0,0.0,0.0,-19.67371778649752,0.0,0.0,0.0006968342435269699,-19.67371778649752,0.0,0.0,0.0006968342435269699,0.0,0.0,0.0,-0.0,0.0,0.0,2.457102410179725e-5,2.457102410179725e-5,0.0,0.0,0.0,0.0,0.0,0.0,0.0,0.0,0.0,0.0,0.0,0.0,0.0,0.0,0.0,0.24339958191143954,0.0,0.0,0.0,0.0,0.0,0.15127003562126867,0.0,0.0,0.0,0.0,0.0,0.00023981319523354116,0.00021917353498803144,0.0,0.0,0.0,0.0,0.0,0.0,0.0,0.0,35.14298935484082,0.0,0.0,0.0,0.0,0.0,0.0,0.0,0.0,-0.0,0.0,0.0,1000.0,0.0,0.0,0.17780084460542528,0.0,0.0,0.0,0.0,0.0,-1000.0,0.0,1000.0,0.0,4.8565689738378035,0.0,-1000.0,0.0,0.0,0.0,0.0,0.0,0.0,0.0,-0.0,0.0,0.0,0.0,0.0,0.0,-0.14784680054340624,0.0,0.0,0.0,0.0,-0.0,0.1577705457576401,0.0,0.3372726880718738,0.3645838727815035,0.0,0.0,0.013655592354814838,0.0,0.0,0.0,0.0,-0.0,0.0,0.0,0.0,0.0,0.06271901328128357,0.07392340027170312,0.0,0.0,0.0,0.32511887671016076,-0.32511887671016076,0.0,0.00043834706997606293,0.0,0.0004403127519042038,-0.0,0.0008766941399521259,1.9656819281437798e-6,0.0,0.0,0.0,0.37370267124616247,0.37370267124616247,0.0,0.0,0.0,0.0,0.0,0.0,0.0,0.0,0.0,0.0,0.0,0.002348007063167745,0.0,0.0,0.0,0.0,0.0,0.00027322978801198536,0.0025671805981557763,0.0011740035315838725,0.0,0.0,0.37370267124616247,0.0,0.0,0.0,-0.0,0.0,0.0,0.0,0.8592673868181671,0.2855438024508421,0.8670365712049664,0.0,0.0,0.0,0.0,0.0,0.0,0.0,0.0,0.0,0.0,0.0,0.0,0.0,0.0,0.0,0.0,0.00021917353498803144,0.0,0.3645838727815035,0.0,0.0005661163953054327,0.0005661163953054327,0.3645838727815035,0.025717016665905073,0.0,0.0,0.0,0.0,0.0,0.0,0.0,-0.0,0.0,-0.0,0.0,0.0,0.0,0.0,0.0,0.0,0.0,0.0,0.0,0.0,0.025717016665905073,0.0,0.0,0.0,0.0,0.0,0.0,0.0,0.0,0.8670365712049664,0.0,0.0,0.0,0.0,0.0,0.0,0.0,0.0,0.0,-0.0,0.0,0.0,0.0,0.0,0.0,0.0,0.0,0.0,0.0,0.0,0.0,0.0,0.07648861518793075,0.0,0.0,0.015785408723958623,0.015785408723958623,0.0,0.12543802656256714,0.0,0.0,0.0,0.0,0.14784680054340624,0.0,0.0,0.0,0.0,0.0,0.0,0.0,0.0,0.0,0.0,0.0,0.0,0.0,0.0,0.0,0.0,0.0,0.0,0.0,0.0,0.0,0.0,0.0,0.0,0.0,0.0,0.0,0.0,0.0,0.0,2.1483822349551036,0.0,0.0,0.0,0.0,0.0,0.0,0.0,0.0,0.0,0.0,0.0,0.0,0.0,0.0,0.0,6.917293184175689,0.0,0.0,0.0,0.0,0.0,0.0,0.0,0.0,0.0,0.00021917353498803147,0.0,0.0,0.0,0.0,0.0,0.0,0.0,0.0,0.0,0.0,0.0,0.0,0.0,0.0,0.0,0.0,0.0,0.0,0.0,0.0,0.0,0.0,0.0,0.0,0.0038370111237366576,0.0,0.007674022247473315,0.0,0.0,0.00021917353498803147,0.0,0.0,-0.0,0.0,0.0,0.0,0.0,0.0,0.0,0.0,0.0,0.0,31.016729204925298,0.0,0.0,-0.1366424135529867,0.0,0.0,0.0,0.0,0.0,0.0,0.0,0.0,0.0,0.0,0.0,0.0,0.0,0.0,0.0,0.0006575206049640944,0.0,0.0,0.0,0.0,0.0,0.0,4.824776034332315,