{"objective_value":20.52222562979604,"time_limit":1800,"thermo_feasible":false,"dual_bound":20.52222562979604,"solution":[7.303449657131921,7.303449657131921,7.303449657131921,7.303449657131921,7.303449657131921,5.706327969718643,5.706327969718643,1.5972448207670311,6.070310163488631,6.070310163488631,5.9623016899990136,-566.842124266059,17.941945679138257,0.0,0.0,-0.0,-6.070310163488631,-0.0,-0.0,0.0,-0.0,0.0,-0.0,-0.0,3.1585962689075386,-0.17803030733848066,0.013729368946294618,-0.014180857910189063,-0.0,0.0,0.013729368946294618,0.0,-0.002647367106243689,-0.0,-0.0,-221.65694711566164,-0.006628678878424121,-0.0,-0.0,-999.9999999999999,-0.0,0.0,3.7125732275603696,0.0,-0.0,0.0,1000.0,-19.796375031491152,-0.0,7.042427469346478,7.612699075147191,0.0,0.01830582526177807,-0.0,0.013811457848852475,7.8214101098021525,-0.0,5.086885111310892,0.0,17.941945679138257,5.9623016899990136,9.194264915521728,7.612699075147191,6.136904785646101,7.612699075147191,0.5507139247755407,0.0,0.0,-0.0,0.013729368946294618,6.788649627208372,-5.175910526092947,-6.788649627208372,-0.0,0.0,-0.0,-0.0,-0.0,-0.0,0.013729368946294618,7.8214101098021525,0.0057051787250833,0.013729368946294618,0.013729368946294618,0.011820801964859129,-0.0,-0.0,-6.070310163488631,-0.0,-0.0,-0.0,-0.0,0.011820801964859129,0.0,0.5369845558292432,-0.0,0.0,0.00919395708214843,0.0,-0.0,-0.00699807893976045,7.303449657131921,11.138499527237357,7.303449657131921,9.194264915521728,7.303449657131921,-9.194264915521728,7.303449657131921,7.303449657131921,5.706327969718643,-17.864898403372525,17.864898403372525,0.004576456315444517,5.706327969718643,-31.916459451355934,0.5702716058007723,0.0,0.8554074087011584,0.0,-0.0,-0.0,0.0,0.0,0.004576456315444517,-0.0,0.0,-0.0,-0.0,0.0,0.0,185.37588228401717,1.9391040553081682,-0.0,0.0,0.0,-0.0,-2.8531639848593215,0.0,0.0,-0.0,0.0,-0.0,0.0,0.0,4.104445125959208e-5,0.0,-0.0,1000.0,-0.000513055640744901,0.0,-0.0,1.1665448714744997,-0.0,-0.014550257971525394,-0.0,-0.0,-0.0,-49.39723651686606,8.053064992704659,0.013729368946294618,1.9391040553081682,5.001594741591256,-175.49960908509092,-0.0,1.1665448714744997,-0.0,0.0,0.0,37.15784955867025,-0.0,0.009152912630889035,0.0,9.198841371837172,-0.5702716058007723,-0.0,0.07322330104711228,-0.0,0.0,-0.0,0.07322330104711228,0.0,6.070310163488631,0.0,-0.0,-0.0,0.0,0.0,0.0,0.0,0.0,-0.0,-0.0,-0.0,629.5721364471701,610.2879632352715,0.0,0.0,5.001594741591256,0.0,-0.0,0.0,-21.939818887399724,0.0,0.0,-0.0,-4.005794787356779,-0.0,0.0,0.0,0.0,0.0,0.0057051787250833,0.013729368946294618,-0.0,0.0,0.0,0.0,0.0,0.011820801964859129,6.788649627208372,-60.08248900959496,0.0,-984.3290643312919,7.303449657131921,3.15,7.303449657131921,7.303449657131921,7.303449657131921,8.190769126687314,3.158124257720175,0.5369845558292432,0.5544489698401996,0.0,0.5544489698402018,0.5369845558292432,0.0,7.303449657131921,5.706327969718643,5.706327969718643,10.79150973628876,0.0,0.04674962998467559,1.944234611715629,0.0,0.0,6.070310163488631,0.0,9.24589883521764,0.0,0.0,1.944234611715629,6.788649627208372,0.0,1.944234611715629,5.086885111310892,0.009152912630889035,-6.788649627208372,0.0,0.013729368946294618,0.0,-14.327119812252533,11.168523543345081,4.536540586594583,0.011820801964859129,0.5702716058007723,1.944234611715629,0.0,5.086885111310892,890.5597865985874,0.0,0.0,22.06533281935026,-4.835801897806746e-14,1.944234611715629,1.944234611715629,-1.9391040553081682,0.0,34.14011784649901,0.0,1.1665448714744997,-5.9623016899990136,0.0,-11.138499527237357,0.049027597029582745,5.001594741591256,49.39723651686606,0.0,0.0,-0.04332241830449945,9.24589883521764,83.53735436336507,-9.24589883521764,6.636559413065962,-9.24589883521764,9.24589883521764,0.0,-3.8020501313041635,0.0,-0.0,0.009152912630889035,7.8214101098021525,0.004576456315444517,0.011820801964859129,0.0,1000.0,0.0,0.004576456315444517,0.0,0.03661165052355614,0.011820801964859129,0.0,-0.0,0.0,0.0,186.03973523871105,0.0,0.0,-102.8120065341643,0.0,0.011820801964859129,2.8345092817617985,1.5972037763157687,3.8020501313041635,5.086885111310892,0.004576456315444517,-253.877775751694,0.0,9.198841371837172,-0.0,1.944234611715629,0.0,0.049027597029582745,0.018428958615556844,0.5544489698402018,3.167790225989687,0.0,0.0,0.011820801964859129,0.0,9.194264915521728,1.944234611715629,18.05036459712491,0.2684922779146216,9.198841371837172,0.0,-15.925794348064361,-83.65317496409504,7.8214101098021525,34.14011784649901,18.05036459712491,34.14011784649901,3.167790225989687,-15.10892767909596,0.0,0.0,566.842124266059,0.011820801964859129,5.086885111310892,0.0,0.0,0.009173434856518831,0.0,7.612699075147191,0.0,0.04674962998467559,-7.612699075147191,0.0,5.086885111310892,0.0,0.0,0.004576456315444517,0.004576456315444517,0.01830582526177807,0.0,0.009152912630889035,0.004576456315444517,0.0,0.0,-0.0,0.004576456315444518,7.8214101098021525,0.0,0.0,0.5369845558292432,0.5544489698401996,3.294330269222968,0.0,0.0,7.8214101098021525,0.0,3.1585962689075386,0.0,0.0,0.0,0.0,0.0,0.0,0.0,7.8214101098021525,0.0,0.0,0.0,0.0,163.97440241936079,0.0,-0.0,0.0,0.0,0.0,0.0,0.0,0.0,578.7978803845651,1000.0,10.77129534405475,-0.0,-0.0,0.0,0.0,60.74634196428883,-0.0,-0.0,-0.0,0.0,0.0,0.0,0.0,-0.0,0.0,-0.0,0.04674962998467559,0.0,-0.0,-4.049903890973365,-0.0,-0.0,0.0,0.0,0.0,0.0,0.0,-0.0,-0.0,-0.0,0.0,7.612699075147191,0.0,0.0,-0.0,-0.0,5.9623016899990136,-0.0,0.0,0.0,-0.0,0.0,11.168523543345081,0.0,-0.0,-0.0,0.004576456315444517,0.0,0.0,0.0,0.0,0.0,0.0,-0.0,-0.0,-0.0,-0.0,-0.0,-0.0,-0.0,0.0,9.198841371837172,1.1665448714744997,0.0,-0.0,-4.049903890973365,-0.0,-0.0,0.0,0.0,0.0,0.0,0.0,0.0,-11.875890457090996,0.0,-0.0,0.0,0.0,-0.0,0.5369845558292432,-0.0,0.0,0.0,-0.0,-0.0,0.0,0.004576456315444517,-0.0,-0.0,-0.0,-0.0,-0.0,0.04674962998467559,-0.0,-20.76481201821652,-0.0,-0.0,-0.0,0.0,0.0,7.001259884735158,0.0,0.0,1.1457763791325135,0.0,0.0,0.0,4.536540586594583,0.0,0.0,-0.0,-0.0,21.77153663722413,-0.0,-2.8345092817617985,0.0,4.536540586594583,0.0,0.0,0.0,0.0,0.5702716058007723,0.0,0.0,0.0,0.0,0.0,0.0,0.0,0.0,1000.0,0.0,0.0,0.0,0.5702716058007723,0.0,0.0,1.9391040553081682,0.0,-0.0,0.5702716058007723,-0.0,-0.0,0.0,-0.0,0.0,-0.0,0.5702716058007723,-0.0,-0.0,0.0,-0.0,0.004576456315444517,-0.0,0.5702716058007723,-0.0,0.004617500766704109,-0.0,0.0,0.5702716058007723,4.104445125959208e-5,0.00919395708214843,-0.0,-0.0,-0.0,0.0,0.0,20.52222562979604,-0.0,-0.0,-0.0,-0.0,0.5702716058007723,-0.0,-0.0,-0.0,0.0,-0.0,-0.0,-0.0,-0.0,-0.0,-0.0,175.1700016192508,0.0,7.758201654862454,-0.0,0.0,-0.0,-0.0,-0.0,0.0,0.0,-0.0,-0.0,0.0,0.0,0.0,0.0,0.0,-0.0,-0.0,-0.0,-0.0,0.0,-0.0,-0.0,0.0,-0.0,-0.0,-0.0,0.0,-0.0,-0.0,-0.0,-0.0,-0.0,-0.0,0.004576456315444517,-0.0,-0.0,-0.0,-0.0,-0.0,-0.0,-0.0,-0.0,0.009152912630889035,0.0,0.0,-0.0,-0.0,-0.0,-0.0,0.004576456315444517,-0.0,-0.0,-0.0,-0.0,-0.0,-0.0,-0.10681818440309598,-0.5369845558292432,-0.0,-0.0,-0.0,-0.0,-0.0,-0.0,-0.0,-0.0,-0.0,-0.0,-0.0,-0.0,-0.0,-0.0,-0.10681818440308839,0.0,-0.0,-0.0,0.0,0.0,0.0,0.0,-0.0,0.0,0.0,-0.0,0.0,-0.0,-0.0,-0.0,979.3850549548085,-0.0,-0.0,-0.0,-0.0,-0.0,-0.0,0.0,-0.0,-0.0,-0.0,-0.0,-0.0,0.0,0.0,0.0,-0.0,-0.0,-0.0,-0.0,-0.0,-0.0,-0.0,0.0,-0.0,-0.0,-0.0,-0.0,0.0,-0.0,-0.0,0.0,-0.0,0.0,-0.0,-0.0,0.0,0.0,-0.0,-0.0,4.104445125959208e-5,-0.0,-0.0,-0.0,-0.0,0.0,-0.0,-0.0,0.0,-0.0,0.0,-0.0,-0.0,-0.0,0.0,0.0,-0.0,-0.0,-0.0,-0.0,-0.0,0.0,-0.0,-0.0,-0.0,-0.0,-0.0,-1000.0,-0.0,-0.0,-0.0,-0.0,-0.0,-0.0,-0.0,-0.0,-0.0,-0.0,0.0,-0.0,-0.0,-0.0,0.0,-0.0,-0.0,-0.0,0.0,0.0,-0.0,0.0,0.0,-0.0,-0.0,-0.0,-0.0,-0.0,-0.0,0.0,0.0,0.0,0.0,0.0,0.0,-0.0,-0.0,0.0,-0.0,0.0,-0.0,-0.0,0.0,0.0,0.0,0.0,0.0,0.0,0.0,0.0,0.0,0.0,0.0,6.136904785646101,0.0,0.0,0.0,0.0,0.0,0.0,0.0,0.0,0.0,0.0,0.0,0.0,0.0,0.0,0.0,0.0,0.0,-1000.0,0.0,0.0,0.0,0.0,0.0,0.0,0.0,0.0,0.0,0.0,0.0,0.0,0.0,0.0,0.0,0.0,0.0,0.0,0.0,0.0,0.0,0.0,0.0,0.0,0.0,0.0,0.0,0.0,0.0,0.0,0.0,0.0,0.0,0.0,0.0,0.0,0.0,0.0,0.0,0.0,0.0,0.0,0.0,0.0,0.0,0.0,0.0,0.0,0.0,0.0,0.0,0.0,0.0,0.0,0.0,0.0,0.0,0.0,0.0,0.0,0.0,-7.303449657131921,-7.303449657131921,-7.303449657131921,-7.303449657131921,