{"objective_value":0.9824784386660063,"time_limit":1800,"thermo_feasible":false,"dual_bound":0.9824784386660063,"solution":[-0.0,0.00021909269182251946,0.00022105764869985147,0.0,-0.0,-0.0,1.9649568773320128e-6,0.00044015034052238833,-0.0,0.0,-0.0,-0.0,0.0,-0.0,-0.0,0.9824784386660064,-0.0,-0.0,-0.0,0.0,-0.0,-0.0,-0.0,-0.0,0.0,0.0,-0.0,-0.0,-0.0,-0.0,0.0,-0.0,-0.0,-0.0,-0.0,-0.01577958620341473,0.0,-0.0,-0.0,0.0,0.0,-0.0,-0.0,-0.0,-0.0,-0.0,-0.0,-0.0,-0.0,-0.0,-0.0,0.0,0.0,0.0,-0.0,-0.0,0.0,0.0,0.0,0.0,-0.0,-0.0,-0.0,-0.0,-0.0,-0.0,-0.0,-0.0,-0.0,-0.0,-0.0,0.0,-0.0,-0.0,-0.0,-0.0,-0.0,-0.0,-0.0,-0.005113800273306879,-0.0,-0.0,-0.0,-0.0,-0.0,-0.0,-0.0,-0.0,-0.0,-0.0,-0.0,-0.0,-0.0,-0.0,-0.0,-0.0,-0.005113800273256563,-0.0,-0.0,-0.0,-0.0,0.0,-0.0,19.670845812960508,-0.0,-2.456196096665016e-5,-0.0,-0.0,0.0,0.0,0.0,-0.0,-0.0,-0.0,-0.0,0.0,-10.0,-0.0,-0.0,-0.0,-0.0,-0.0,-0.0,-0.0,-0.0,-0.0,-0.0,-0.0006965772130141986,-0.0,-0.0,-0.0,-0.0,-0.0,-0.0,-0.0,-0.0,-0.0,-0.0,-0.0,-0.0,-0.0,-0.0,-0.0,-0.0,-0.0,-0.0,-0.0,-0.0,-0.0,-0.0,-0.0,-0.0,-0.0,-0.0,-0.0,-0.0,-0.0,-0.0,-0.0,-0.0,-0.0,-0.0,-0.0,-0.0,-0.0,-0.0,-0.0,-0.0,9.027239829461223,-0.0,-0.0,45.61786951321821,-0.0,0.0,-0.0,-0.0,-0.0,-0.0,-0.0,0.0,0.0,-0.0,0.0,-0.0,-0.0,-0.0,-0.0,-0.0,-0.0,-0.0,-0.0,-0.0,-0.0,-0.0,-0.0,-0.0,-0.0,0.0,-0.0,-0.0,-0.0,-0.0,-0.19177291387853382,0.0,-0.0,-0.0,-0.0,-0.0,-0.0,-0.0,-0.0,-0.0,-0.0,-0.0,-0.0,-0.0,-0.0,0.0,0.0,-0.0,-0.0,-0.0,-0.24779088701595348,-0.0,-0.0,-0.0,-0.0,-0.0,-0.0,-0.0,-0.0,-0.0,-0.0,0.0,-0.0,-0.0,-0.0,-0.0,-0.0,-0.0,-0.0,-0.0,-0.0,-0.0,-0.0,-0.0,-0.0,-0.0,-0.0,1.9649568773320128e-6,-0.0,-0.0,-0.0,0.0,-0.0,-0.0,-0.0,-0.0,-0.0,-0.0,-0.0,-0.0,-0.0,-0.0,-0.008523000455427605,0.0,-0.0,-0.0,0.0,-0.0,-0.0006788926011182104,-0.0,0.0,-0.0,-0.0,-0.0,-0.00012673971858791482,-0.0,-0.0,-0.0,0.0,-0.0,-0.0,-0.0,-0.0,0.0,-0.0,-10.611576699826294,-0.0,-0.00031734053568912006,-0.0,0.0,0.0,-0.0,-0.0,0.0,-0.0,-0.0,-0.0,-0.0,-0.0,-0.0,0.0,0.0,-17.574329177820466,-0.0,-0.0,-0.0,-0.0,-0.0,-0.0,-0.0,-0.0,0.0,-0.0,-0.0,-0.00033502514758510817,0.0,0.0,0.0,0.0,-0.0,-0.0,0.0,-0.0,0.0,0.0,0.0,-0.9477291587689359,0.0,-0.0,0.0,-0.0,-0.0,-0.0,0.0,0.0,0.0,0.0,-0.0,-0.0,0.0,-0.0,0.0,0.0,0.0,0.0,-0.0,-0.0,-0.0,-0.0,-0.0,0.0,-0.0,-0.0,0.0,0.0,-0.0,0.0,-0.0,0.0,0.0,0.0,-0.0,0.0,0.0,0.0,0.0,0.0,0.0,0.0,0.0,0.0,0.0,0.0,0.0,0.0,0.0,0.0,0.0,0.0,0.0,0.0,0.0,0.07646040201074328,0.0,0.0,0.0,0.0,0.0,0.0,0.0,0.0,0.0,0.0,0.0,0.0,0.0,0.0,0.0,0.0,0.0,0.0,0.0,0.0,0.0,1000.0,0.07646040201074328,0.0,0.0,0.0,0.0,0.0,0.0,0.3496444267524583,0.0,0.0,0.0,0.0,0.3496444267524583,0.3496444267524583,0.0,0.3496444267524583,0.3496444267524583,0.27318402474171505,0.0,0.0,0.0,0.0,0.0,0.07646040201074328,0.27318402474171505,-0.0,0.0,0.0,0.0,0.0,0.0,0.0,0.0,0.0,0.0,0.0,0.0,0.0,0.0,0.0,0.0,0.0,0.0764662968813753,0.0,1000.0,0.0,0.0,0.0,0.0,0.0,0.0,0.0,0.0,0.0,0.0,0.0,0.0,0.0,0.0,0.0,0.0,0.0,0.0,0.0,0.0,0.0,0.29060926232989537,0.29060926232989537,0.00022105764869985147,0.0,0.0,0.0,0.03823020100537164,0.0,0.2854384783071962,-996.0104782959837,0.8589504420940908,0.0,0.0,0.0,0.12539175817006507,0.0,0.14779226657165,0.0,0.0,0.0,0.0,0.0,0.0,0.0,0.0,0.0,0.0,0.0,0.0006612079892222251,0.24352889554902035,0.0,0.2937974048633597,0.440165077698944,0.0,-0.3496444267524583,-0.3496444267524583,-0.3496444267524583,0.2937974048633597,0.0,0.0,-0.3496444267524583,0.0,-0.3496444267524583,0.0,-0.27318402474171505,-0.12539175817006507,0.0,-0.0,0.0,0.0,0.0,0.0,0.29060926232989537,0.0,0.0,0.0,0.0,-0.0,0.0,0.0,0.0,0.0,4.855698960895083,0.0,4.855698960895083,-0.29060926232989537,0.0,0.0,0.0,0.0,0.0,0.0,0.0,0.0,0.0,0.0,0.06269587908503253,0.0,0.0,0.0,0.0,0.0,0.0,0.06269587908503253,0.0,0.0,996.582846654868,0.0,0.073896133285825,0.0,0.0,0.0,0.0,-0.29060926232989537,0.0,0.00044015034052238833,0.5332431200212842,0.0,0.0,0.0,0.0006572780754676102,0.440165077698944,-0.440165077698944,0.0006572780754676102,0.0,0.0,0.0,0.0,3.799346003468902,0.0,0.0,0.0,-0.06075057177648757,999.2232279844297,0.027301110853650987,0.0,0.0,0.0,0.0,0.0,0.0,0.0,0.0,0.04095166628047648,0.0,999.0130827237481,0.0,0.0,0.0,-0.0,0.0,0.0,0.0,-0.0,0.0,0.0,0.0,0.0,0.0,0.0,0.0,0.0,0.0,0.0,-0.0,0.0,0.0,0.00043818538364503887,0.0,0.0,0.0,0.0,0.0,0.0,0.0,0.0,0.0,0.0,0.0,0.0,0.0,0.0,0.0,0.0,0.0,0.0,0.0,0.0,0.0,0.0,0.0,0.0,0.0,0.0,0.0,0.0,0.0,0.0,0.0,0.0,-0.0,0.0,0.0,-1000.0,0.0,-0.0,-0.0,-0.0,0.0,0.0,1000.0,-0.0,0.0,-0.0,-0.0,0.0,0.29060926232989537,0.29060926232989537,0.0,0.0,0.0,1.9649568773320128e-6,0.0,0.0,0.0,-1.0503441192952996,0.0,0.0,0.0,0.0,0.0,0.0,0.00021909269182251946,0.0,0.0,0.0,0.0,0.0,0.0,0.0558470218890918,0.0558470218890918,0.0,1.9649568773320128e-6,0.0,0.2368313400326342,0.0,0.0,0.0,0.0,0.0,0.0005659075806715708,0.0,0.0,0.0,0.32499895511852156,-0.0,1.0503441192952996,0.0,0.0,0.0,0.0,0.0,0.0,0.0,0.0,0.002238085883281173,0.06269587908503253,0.0,0.0,0.0,0.0,-2.8763814928352414,0.0,0.0,0.0,0.0,0.0,0.0,0.0,0.0,0.0,0.0,0.0,0.0,0.0,-0.0,0.0,-19.670845812960508,0.0,0.0,0.0,-19.670845812960508,0.0,0.0,0.0,2.456196096665016e-5,0.0,3.15,0.0,0.0,0.0,0.0,2.456196096665016e-5,0.0,0.0,0.0,0.0,0.0,0.0,0.0023471409899730893,0.0,0.0,0.0,0.09307804232234013,0.0,0.0,0.0,0.0,0.0,0.0,55.800466003492225,0.0,0.0,0.0,0.0,0.0,0.0,0.0,0.3177178074095678,0.0,0.00023972473903450557,0.00021909269182251946,0.0,0.0,0.3744412000659497,0.00021909269182251946,0.0,0.0,0.0,0.0,0.0,0.0,0.0,0.0,0.0,0.0,0.0,0.0,0.0,0.0,0.0,0.0,0.0,1000.0,0.0,0.0,-1000.0,0.0,1000.0,0.0,0.0,0.0,0.0,0.0,0.0,4.855698960895083,0.0,0.0,0.0,0.0,0.0,0.0,0.0,0.0,0.00011986236951725279,-0.0,0.0,0.0,0.0,0.0,0.0,-0.14779226657165,0.00011986236951725279,0.0,0.0,0.0,0.15771235136686068,0.0,-0.0,0.0,0.0025569001366282816,0.005113800273256563,0.0,0.0,0.0,0.00011986236951725279,0.0,0.0,0.0006965772130141986,0.0006965772130141986,0.24352889554902035,0.0,0.0,0.0,0.06269587908503253,0.0,0.073896133285825,0.0,0.0,0.0,0.0,0.0,1.9649568773320128e-6,0.0,0.0,0.0,0.0,0.0,0.0008763707672900777,1.9649568773320128e-6,0.0,0.0,0.0,0.0,0.0,0.0,0.24352889554902035,0.0,0.15121423897352373,0.0,0.0,0.0,0.0,0.0,0.0,0.0,0.0,0.0,0.0,0.0,0.0,0.0,0.0,0.0,0.0,35.140329885916366,0.0,0.0,0.0,0.3744412000659497,0.0,0.0,0.0,0.0,0.0,0.0,0.0,-0.0,0.8589504420940908,0.0,0.0,0.0,0.17773526194687383,0.2854384783071962,0.8639495696700544,0.0,0.0,0.0,0.0,0.0,0.0,0.0,0.0,0.0,0.0,-1000.0,0.0,0.0,0.36444939434471646,0.36444939434471646,0.0,0.026364808901602334,0.0,0.0006572780754676102,0.0,0.0,0.0,0.0,0.0,0.0,0.0,0.0,-0.0,0.0,0.0,0.0006572780754676102,0.0,0.0,0.0,0.0,0.0,0.013650555426825493,0.0,0.32499895511852156,0.0,999.9948861997267,0.0,0.0,0.33714828349106546,0.36444939434471646,0.0,-0.32499895511852156,0.00043818538364503887,0.0006572780754676102,0.00044015034052238833,0.0,0.0,0.0,0.0,0.005113800273306879,0.0,0.0,0.3744412000659497,0.3744412000659497,0.0,0.0,0.0,0.0,0.0,0.0,0.0,0.0,0.0,0.0,-1000.0,0.0002731290059491498,0.0011735704949865447,0.0,0.0,0.0,0.0,0.0,0.0,0.0,0.0,0.0,0.0,0.0,0.0,0.0,0.0,0.0006572780754676102,0.0006572780754676102,0.0,0.0,0.0,0.0,0.0,0.0,0.0,0.0,0.0,0.0,0.0005659075806715708,0.0005659075806715708,0.0,0.0,0.0,0.0,0.0,0.3496444267524583,0.3496444267524583,0.0,-0.0,0.0,0.3496444267524583,0.0,0.0,0.0,-0.0,0.0,0.3496444267524583,0.3496444267524583,0.27318402474171505,0.27318402474171505,0.0,0.0,0.0,0.0,0.025707530826134726,0.0,0.0,0.0,0.0,0.0,0.0,0.0,0.0,0.0,0.0,0.0,1.9649568773320128e-6,0.0,0.0,0.0,0.0,0.0,14.58586870895473,0.0,0.0,0.0023471409899730893,0.002785326373618128,-0.0,0.0,0.0,0.0,1.9649568773320128e-6,0.00021909269182251943,0.0,0.0,0.615608217448417,0.0,0.0,0.0,0.0,0.0,0.0,0.0,0.0,0.0,0.0,0.0,0.0,0.8639495696700544,0.0,0.0,0.0,0.0,0.0,0.0,0.0,0.0,0.0,0.0,0.0,0.0,0.0,0.0,0.0,0.0,0.0,0.0,0.0,0.07646040201074328,0.0,0.0,0.12539175817006507,0.14779226657165,0.0,0.0,0.0,0.0,0.0,0.0,0.0,0.0,0.0,0.0,0.0,0.0,0.0,0.0,0.0,0.0,0.0,0.0,0.0,0.0,0.0,0.0,0.0,0.0,0.0,0.0,0.0,0.0,0.0,0.0,0.0,0.0,0.0,0.0,0.0,0.0,31.01532764925347,2.1475897942956363,0.0,0.0,0.0,0.0,0.0,0.0,0.0,0.0,0.0,0.0,0.0,0.0,0.0,0.0,6.919561748018534,0.0,0.0,0.0,0.0,0.0,0.0,0.0,0.0,