{"objective_value":0.9824784386660114,"time_limit":1800,"thermo_feasible":false,"dual_bound":0.9824784386660114,"solution":[-0.0,-0.0,-0.0,-0.0,0.0,-0.0,-0.0,-0.0,-0.0,-0.0,0.00021909269182252046,-0.0,-0.0,0.00022105764869985247,0.0,0.0,-0.0,-0.0,-0.0,0.0,0.0,-0.0,0.0,0.0,1.9649568773320225e-6,0.0,0.0,-0.0,-0.0,-0.0,0.0,-0.0,0.00044015034052236057,-0.0,-0.0,-0.0,-0.0,-0.0,-0.0,-0.0,-0.0,0.0,0.0,-0.0,-0.0,-0.0,-0.0,-0.0,-0.0,0.0,-0.0,-0.0,-0.0,0.0,0.0,-0.0,-0.0,-0.0,0.0,-0.0,-0.0,-0.0,-0.0,-0.0,0.0,-0.0,-0.0,-0.0,-0.0,-0.0,-0.0,-0.0,-0.005113800273306879,-0.0,-0.0,-0.0,-0.0,-0.0,-0.0,-0.0,-0.0,0.9824784386660114,-0.0,-0.0,-0.0,-0.0,-0.0,-0.0,-10.0,-0.0,-0.0,-0.0,-0.0,-0.0,-0.0,-0.0,-0.0,-0.005113800273256589,0.0,-0.0,-0.0,19.67084581296056,-2.4561960966650283e-5,-0.0,-0.0,0.0,-0.0,0.0,-0.0,-0.0,-0.0,-0.0,0.0,0.0,-0.0,-0.0,-0.0,-0.0,-0.0,-0.0,-0.0,-0.0,-0.0,-0.0006965772130142021,-0.0,-0.0,-0.0,-0.0,-0.0,-0.0,-0.0,-0.0,-0.0,-0.0,-0.0,-0.0,-0.0,9.027239829460768,-0.0,-0.0,-0.0,45.61786951321815,-0.0,-0.0,-0.0,-0.0,-0.0,0.0,0.0,0.0,-0.0,-0.0,-0.0,-0.0,-0.0,-0.0,-0.0,-0.0,-0.0,-0.0,-0.0,-0.0,-0.0,-0.0,-0.0,-0.0,-0.0,-0.0,-0.0,0.0,-0.0,-0.0,-0.0,-0.0,0.0,-0.0,-0.0,-0.0,-0.0,-0.0,0.0,-0.19177291387853473,-0.0,0.0,-0.0,-0.0,0.0,0.0,-0.0,-0.0,-0.0,-0.0,-0.0,-0.0,0.0,-0.0,-0.0,-0.015779586203414804,0.0,-0.0,-0.0,-0.0,-0.0,-0.0,-0.0,-0.24779088701595475,-0.0,-0.0,-0.0,-0.0,-0.0,-0.0,-0.0,-0.0,-0.0,-0.0,-0.0,-0.0,-0.0,-0.0,-0.0,-0.0,-0.0,-0.0,-0.0,-0.0,-0.0,-0.0,-0.0,-0.0,-0.0,-0.0,-0.0,1.9649568773320225e-6,-0.0,-0.0,-0.0,-0.0,-0.0,-0.0,-0.0,-0.0,-0.0,-0.0,-0.0,0.0,-0.0,-0.008523000455427648,0.0,-0.0,-0.0,-0.0,-0.0,-0.0006788926011182139,-0.0,-0.0,-0.0,-0.00012673971858791544,-0.0,-0.0,-0.0,-0.0,-0.0,-0.0,-10.611576699826232,-0.00031734053568912164,-0.0,-0.0,-0.0,-0.0,-0.0,-0.0,-0.0,0.0,-0.0,-0.0,-0.0,-0.0,-0.0,-0.0,-0.0,-0.0,0.0,0.0,-0.0,-0.0,-0.0,-0.0,-0.00033502514758510985,0.0,-17.574329177820445,-0.0,-0.0,-0.0,0.0,0.0,-0.0,-0.0,-0.0,-0.0,-0.0,-0.0,-0.0,0.0,0.0,0.0,0.0,0.0,0.0,0.0,0.0,0.0,0.0,-0.9477291587688836,-0.0,-0.0,-0.0,-0.0,0.0,0.0,-0.0,0.0,0.0,0.0,-0.0,-0.0,-0.0,-0.0,-0.0,-0.0,-0.0,-0.0,-0.0,-0.0,-0.0,-0.0,-0.0,0.0,0.0,0.0,0.0,0.0,0.0,0.0,0.0,0.0,0.0,-0.0,-0.0,-0.0,-0.0,-0.0,-0.0,-0.0,-0.0,0.0,-0.0,-0.0,-0.0,0.0,-0.0,0.0,0.0,0.0,0.0,0.0,0.0,0.0,0.0,0.0,0.0,0.0,0.0,0.0,0.0,0.0,0.0,0.07646040201074367,0.0,9.357744676115807e-18,0.0,0.0,0.3496444267524601,0.3496444267524601,0.3496444267524601,0.0,0.0,0.3496444267524601,0.0,0.3496444267524601,0.0,0.0,0.0,0.27318402474171644,0.27318402474171644,0.0,0.0,0.0,0.0,0.0,0.0,0.0,0.0,0.0,0.0,0.07646040201074367,9.357744676115807e-18,0.0,0.0,0.0,0.0,0.07646629688137568,0.0,0.0,0.0,0.0,0.0,0.0,0.0,0.0,0.0,0.0,0.0,0.0,0.0,0.0,0.2906092623298968,0.2906092623298968,0.0,-0.0,0.0,0.0,0.0,0.0,0.0,0.0,0.0,0.28543847830719754,-996.0104782959836,0.8589504420940951,0.0,0.0,0.0,0.0,0.0,0.0,0.0,0.0,0.0,0.00022105764869985247,0.0,0.0,0.03823020100537183,0.0,0.0,0.0,0.0,0.0,-0.3496444267524601,0.0,0.0,0.1253917581700657,-0.3496444267524601,0.0,-0.3496444267524601,-0.3496444267524601,0.14779226657165073,0.0,0.0,0.0,0.07646040201074367,0.0,-0.3496444267524601,-0.27318402474171644,-0.1253917581700657,0.0,0.0,0.0,0.0,0.2906092623298968,0.0,0.0,0.0,0.0,-0.0,0.0,4.855698960895088,4.855698960895088,-0.2906092623298968,-0.0,0.0,-0.0,0.0,0.0,0.0,4.6788723380579034e-18,0.0,0.0,0.0,0.0,0.0,0.07389613328582537,0.0,0.0,0.0,0.0,0.0,0.0,0.0,996.5828466548679,0.0,0.0,0.0,4.6788723380579034e-18,0.0,0.0,0.0,0.0,0.0,0.06269587908503285,0.07389613328582537,0.0,0.0,0.0006572780754675107,0.0006572780754675107,0.0,0.0,-0.2906092623298968,0.0,0.0,0.0,0.0,-0.06075057177653466,999.2232279844297,0.0,0.00044015034052236057,0.5332431200212638,0.44016507769892327,0.0,-0.44016507769892327,0.0,3.799346003468903,0.0,0.0,0.0,0.0,0.0,0.0,0.0,-0.0,0.0,0.027301110853651122,0.0,0.0,0.0,0.0,0.0,0.0,0.0,0.04095166628047669,0.0,-1000.0,0.0,0.0,0.0,0.0,0.0,0.0,0.0006612079892222306,0.2435288955490216,-0.0,0.0,0.0,0.0,0.0,0.29379740486333833,0.44016507769892327,0.29379740486333833,0.0,-0.0,0.0,0.0,0.0,0.0,0.0,0.0,0.0,-0.0,0.0,0.0,0.0,0.0,0.0,0.0,0.0,-0.0,0.0,0.0,0.0,0.0,0.0,0.0,-0.0,0.0,0.0,0.0,0.0,0.0,0.0,0.0,0.0,0.0,0.0,-0.0,0.0,-0.0,-0.0,-0.0,0.0,1000.0,0.0,0.0,0.0,0.0,1.9649568773320225e-6,0.0,0.0,0.00021909269182252046,-1000.0,0.2906092623298968,0.2906092623298968,0.0,0.0,0.0,0.0,0.0,0.0,0.0,0.05584702188909208,0.0,0.0,0.0,0.0,-1.0503441192953047,0.0,0.0,0.0,0.05584702188909208,0.0,1.9649568773320225e-6,0.0,0.0,0.0,0.0,0.0,0.0,0.0,0.0,0.0,0.23683134003263534,0.0,0.0,0.0,0.0,0.0,0.0,0.0,0.0,4.6788723380579034e-18,0.0,0.07389613328582537,0.0,0.0,0.0,0.0,0.0,0.0,0.0005659075806717373,0.32499895511852317,0.0,0.0,0.0,0.0,1.0503441192953047,0.0,0.0,0.0,0.000438185383645041,0.0,0.0,0.0022380858832811838,0.0,0.0,0.0,0.0,0.0,0.0,0.0,0.0,0.0,-2.8763814928352103,0.0,0.0,0.0,0.0,0.0,0.0,-0.0,0.0,0.0,0.0,0.0,0.0,0.0,0.0,0.0,-0.0,55.80046600349226,0.0,0.0,0.0,0.0,0.0,3.15,0.09307804232234057,0.0,0.00011986236951725337,0.00011986236951725337,0.0,0.0,0.0,0.0,0.00011986236951725337,0.0,0.0,0.0,0.2435288955490216,0.0,0.0,0.0,0.0,0.0,0.0,0.0,1.9649568773320225e-6,0.0,0.0,0.0,0.0,0.0,0.0,0.0,0.0,0.0,0.0,0.0,0.0,0.0,0.0,0.0,0.0,999.9948861997267,0.005113800273306879,0.3177178074095694,0.3744412000659515,0.0,9.357744676115807e-18,0.0,-1000.0,0.00021909269182252046,0.0,0.0,0.0,0.0,0.0,0.0,0.0,0.0,0.0,0.0,0.0,0.0,0.0,0.0,0.0,0.0,0.0,0.0,0.0,0.0,0.61560821744842,0.0,0.0,0.0,0.0,0.0,0.0,0.0,0.0,0.0,0.0,0.0,0.0,0.0,0.0,0.0,0.0,0.0,0.0,0.0,0.0,0.0,0.0,0.0,0.0,0.0,0.0,0.0,0.0,0.0,0.0025569001366282946,0.005113800273256589,0.0,0.0,0.0,0.0023471409899731006,0.0,0.0,0.0,0.0,-19.67084581296056,-19.67084581296056,0.0,0.0,0.0,0.0,2.4561960966650283e-5,2.4561960966650283e-5,0.0,0.0,0.0,0.0,0.0,0.0,0.0,0.0,0.0,0.0,0.0,0.0,0.0,0.0,0.0,0.15121423897352443,0.0,0.0,0.00023972473903450674,0.00021909269182252046,0.0,0.0,0.0,0.0,0.0,0.0,0.0,0.0,0.0,0.0,0.0,0.0,0.0,0.0,0.0,1000.0,0.0,0.0,-1000.0,0.0,0.0,35.14032988591632,0.0,0.0,0.0,-0.0,0.0,0.0,0.1777352619468749,0.0,0.0,0.0,1000.0,0.0,4.855698960895088,0.0,0.0,0.0,0.0,0.0,-1000.0,0.0,0.0,0.0,0.0,-0.0,0.0,9.357744676115807e-18,-0.14779226657165073,0.0,0.0,0.0,0.0,0.0,0.0,0.0,0.1577123513668615,0.0,0.0,0.0,-0.0,0.0,0.013650555426825561,0.0,0.0,0.0,0.0006965772130142021,0.3371482834910671,0.0,0.36444939434471824,0.0006965772130142021,0.0,0.0,0.0,0.0,0.0,0.0,0.0,0.0,0.0,0.0,0.0,0.0,0.06269587908503285,0.07389613328582537,0.0,0.0,0.3744412000659515,0.0,0.0,0.0,0.0,0.0,0.0,0.0,0.0,0.2435288955490216,0.000876370767290082,1.9649568773320225e-6,0.0,0.0,0.0,0.0,0.0,0.0,0.0,0.0,0.0,0.0,0.0006572780754675107,0.0006572780754675107,0.0,0.0,0.0,0.0,0.0,0.0,0.0,0.0,0.0,0.0,-0.0,0.0005659075806717373,0.0005659075806717373,0.0,0.0,0.0,0.0,-0.0,0.0,0.8589504420940951,0.0,0.3496444267524601,0.3496444267524601,0.0,0.0,0.0,0.0,0.0,0.0,0.3496444267524601,0.3496444267524601,0.3496444267524601,0.27318402474171644,0.27318402474171644,-0.0,0.0,0.0,0.025707530826134847,0.0,0.28543847830719754,0.0,0.0,0.0,0.0,0.0,0.0,0.0,0.0,0.0,0.0,0.0,1.9649568773320225e-6,0.0,0.0,0.0,0.0,0.0023471409899731006,0.0027853263736181415,0.0,14.585868708954784,0.0,0.0,0.00021909269182252046,0.0,0.0,0.0,0.0,1.9649568773320225e-6,0.0,0.0,0.0,0.0,0.0,0.0,0.0,0.0,0.0,0.0,0.0,0.0,0.0,0.0,0.0,9.357744676115807e-18,0.0,0.0,0.0,0.0,0.0,0.0,0.0,0.0,0.0,0.0,0.0,0.0,0.0,0.0,0.0,0.0,0.0,0.0,0.0,0.0,0.0,0.0,0.0,0.0,0.0,0.0,0.07646040201074367,0.0,0.0,0.0,0.0,0.0,0.1253917581700657,0.36444939434471824,0.14779226657165073,0.0,0.0,0.0,0.0,0.0,0.0,0.0,0.36444939434471824,9.357744676115807e-18,0.0,0.02636480890160236,0.0,0.0,0.0,0.0,0.0006572780754675107,0.0,0.0,0.0,0.0,1.0737948971478237,0.0,0.0,0.0,0.0,0.0,0.0,0.0,0.0,0.0,0.0,0.0,0.0,0.0,0.0,0.0,0.0,0.0,0.0,7.783511317688596,0.0,0.0,0.0,0.0,-0.0,0.0,0.00021909269182252046,0.0,0.0006572780754675107,0.0,0.0,0.0,0.0,0.0,0.0,0.0,0.0,0.0,0.0,0.0,0.0,0.0,0.0,0.0,0.0,0.0,0.0,0.0,0.0,0.0,0.015779586203414804,0.0038355958245521083,0.0,0.0,0.0076711916491042165,