{"objective_value":0.9824784386660245,"time_limit":1800,"thermo_feasible":false,"dual_bound":0.9824784386660245,"solution":[-0.0,-0.005113800273256658,0.0,-0.0,19.670845812960685,-2.4561960966650615e-5,0.0,0.0,0.0,0.0,-0.0,-0.0,-0.0,-0.0,-0.0,-0.0,-10.0,-0.0,-0.0006965772130142114,-0.0,-0.0,0.00021909269182252347,-0.0,0.00022105764869985553,-0.0,0.0,-0.0,-0.0,-0.0,-0.0,1.964956877332049e-6,0.00044015034052236057,-0.0,-0.0,-0.0,-0.0,-0.0,-0.0,-0.0,-0.0,-0.0,-0.0,-0.0,0.0,0.0,0.9824784386660246,-0.0,-0.0,-0.0,-0.0,-0.0,-0.0,-0.0,-0.0,-0.0,-0.0,-0.0,0.0,-0.0,-0.0,-0.0,-0.0,50.13148942794781,-0.0,-0.0,-0.0,-0.0,-0.0,0.0,-0.0,-0.0,-0.0,-0.0,-0.0,-0.0,0.0,0.0,-0.0,-0.0,-0.0,-0.0,-0.0,-0.0,-0.0,-0.0,-0.0,-0.0,-0.0,-0.0,-0.0,-0.0,-0.0,-0.0,-0.0,-0.0,-0.0,-0.0,-0.0,-0.0,-0.0,-0.0,-0.0,-0.0,-0.0,-0.0,0.0,-0.0,-0.0,-0.0,-0.0,-0.0,-0.0,-0.0,-0.19177291387853732,0.0,-0.0,-0.0,0.0,-0.0,-0.0,-0.0,-0.0,-0.0,-0.0,-0.0,0.0,-0.0,-0.0,-0.0,0.0,0.0,-0.0,-0.0,-0.0,-0.0,-0.0,-0.0,-0.0,-0.0,-0.0,-0.0,-0.0,-0.0,-0.0,-0.0,-0.0,-0.0,-0.0,-0.0,-0.0,-0.0,-0.0,-0.0,-0.0,-0.0,-0.0,-0.0,-0.0,-0.0,0.0,1.964956877332049e-6,-0.0,-0.0,-0.0,-0.0,-0.0,0.0,-0.0,-0.0,-0.0,-0.0,-0.008523000455427764,0.0,-0.0,-0.0,-0.0,-0.0,-0.0,-0.0,-0.0,-0.000678892601118223,-0.0,-0.0,-0.00012673971858791718,-0.005113800273306879,-0.0,-0.0,-0.0,-0.0,-0.0,-0.0,-0.0,-0.0,-0.0,-0.0,-0.0,-10.611576699826028,-0.0003173405356891259,0.0,-0.0,-0.0,0.0,-0.0,-0.0,0.0,0.0,-0.0,-19.831139135185467,-0.0,-0.0,-0.0,-0.0,0.0,-0.0,-0.0,-0.0,-0.0,-0.0,0.0,-0.0,-0.0,-0.0,-0.0,-0.0,-0.0,-0.0,0.0,-0.9477291587686762,-0.0,-0.0,-0.00033502514758511435,0.0,0.0,-0.0,-0.0,-0.0,0.0,0.0,0.0,0.0,0.0,-0.0,-0.0,-0.0,0.0,0.0,-0.0,-0.0,-0.0,-0.0,0.0,0.0,0.0,0.0,-0.0,-0.0,-0.0,-0.0,-0.0,-0.0,-0.0,-0.0,0.0,0.0,0.0,0.0,0.0,0.0,-0.0,-0.0,-0.0,0.0,0.0,-0.0,-0.0,-0.0,-0.0,-0.0,0.0,0.0,0.0,0.0,-0.0,-0.0,0.0,-0.0,-0.0,-0.24779088701595844,0.0,0.0,0.0,-0.0,-0.0,-0.0,-0.0,-0.0,0.0,0.0,-0.0,-0.0,-0.0,-0.0,0.0,0.0,0.0,-0.0,0.0,-9.04301941566376,-0.0,-0.0,9.027239829460346,-0.0,-0.0,0.0,-0.0,-0.0,-0.0,-0.0,0.0,-0.0,-0.0,0.0,0.0,-0.0,-0.0,0.0,0.0,0.0,0.0,0.0,0.0,-0.0,-0.0,0.0,-0.0,0.0,-0.0,-0.0,0.0,0.0,0.0,0.0,-0.0,-0.0,0.0,-0.0,0.0,0.0,0.0,-0.0,-0.0,-0.0,0.0,0.0,0.0,0.0,0.0,0.0,0.0,0.0,0.0,0.0,0.0,0.0,0.0,0.0,0.0,0.0,-0.0,0.0,0.0,0.0,0.0,-0.0,-0.0,0.0,-0.0,0.0,-0.0,0.0,0.0,0.0,0.0,0.0,0.0,0.0,-0.0,0.0,0.0,0.0,0.0,0.0,0.0,0.0,0.0,0.0,0.0,0.0,-0.0,0.0,0.0,0.0,0.0,0.0,0.0,0.00022105764869985553,0.0,0.0,0.0,0.03823020100537235,0.0,0.0,0.1253917581700674,0.0,0.0,0.0,0.0,0.0,0.0,0.0,0.0,0.14779226657165276,0.0,0.0,-0.0,0.0,0.0,0.0,0.0,0.0764604020107447,0.0,0.0,0.0,0.0,0.0,0.0764604020107447,-0.0,0.0,0.0,0.0,0.0,0.0,0.0,0.0,0.0,0.0,-0.0,0.0,0.3496444267524648,0.3496444267524648,0.3496444267524648,0.3496444267524648,0.3496444267524648,0.27318402474172016,0.0,0.0,0.0,0.0,0.0,0.0,0.0,0.0,0.0,0.0764604020107447,0.0,0.0,0.0,0.27318402474172016,-0.0,0.0,0.0,0.0,0.0,0.0,0.0,0.07646629688137663,1000.0,0.0,0.0,0.0,0.0,0.0,0.0,0.0,0.0,0.0,0.0,0.0,0.000657278075467643,0.0,0.0,0.000657278075467643,0.0,0.0,-0.0,0.0,0.0,1000.0,-997.420369242215,0.0,0.29060926232990075,0.29060926232990075,0.2854384783072014,0.5723683588842983,0.8589504420941071,0.0,0.0,0.0,0.0,0.0,0.0,1000.0,-1000.0,0.0,0.0,0.0,0.0,0.0,0.0,0.0,0.0,0.0,0.0,0.0,0.0,0.0,-0.0,0.0,0.0006612079892222196,0.24352889554902524,-0.3496444267524648,-0.3496444267524648,-0.3496444267524648,-0.3496444267524648,0.29379740486327166,0.4401650776988587,-0.3496444267524648,-0.27318402474172016,-0.1253917581700674,0.0,0.0,0.29379740486327166,0.0,-0.0,0.0,0.0,0.29060926232990075,0.0,0.0,-0.0,-0.0,0.0,4.855698960895109,-0.0,0.0,-0.0,0.0,4.855698960895109,-0.29060926232990075,0.0,-0.0,0.0,0.0,0.0,0.0,0.0,0.0,-0.0,0.0626958790850337,0.07389613328582638,0.0,0.0,0.0,0.0,0.0,0.0,0.0,0.0,0.0,0.0,-0.0,0.0,0.0,0.0,0.0626958790850337,-0.0,0.07389613328582638,0.0,0.0,-0.0,0.0,0.0,0.0,0.02730111085365149,-0.29060926232990075,0.0,-0.0,0.00044015034052236057,0.0,0.0,0.04095166628047723,0.0,-1000.0,0.5332431200212006,0.4401650776988587,-0.4401650776988587,3.7993460034689073,0.0,0.0,0.0,0.0,-0.0,1000.0,-1000.0,0.05584702188909284,0.0,1.964956877332049e-6,0.0,0.0,-0.0,0.0,0.0,0.0,0.0,0.0,0.0,0.0,0.0,0.0,0.0,-0.0,0.0,0.0,0.0626958790850337,0.07389613328582638,0.0,-0.0,0.0,0.0,0.0,0.0,0.0,0.0,0.0,0.0,0.0,-0.0,-0.0,0.0,0.0,0.0,0.0,0.0,0.0,-0.0,0.0,0.0,0.0,-0.0,0.0,0.00043818538364504694,0.0,0.0,0.0,0.0,0.0,0.0,0.0,0.0,0.0,0.0,0.0,0.0,0.0,0.0,0.0,0.0,0.0,0.0,0.0,1.964956877332049e-6,0.0,0.00021909269182252347,0.0,0.0,0.0,0.0,0.0,0.0,0.0,0.0,0.0,0.0,0.0,0.0,0.05584702188909284,0.0,0.0,0.0,0.0,0.29060926232990075,0.29060926232990075,0.0,0.0,0.0,0.0,0.0,0.0,-1.050344119295319,0.0,0.0,0.0,0.0005659075806720149,0.0,0.0,0.0,0.0,0.0,0.32499895511852767,0.0,0.0,0.0,0.0,0.6156082174484284,0.0,0.0,0.0,0.0,0.2368313400326386,0.0,0.0,0.0,0.0,1.050344119295319,0.0,0.0,0.0,0.0,0.0,0.0,0.0,0.0,0.0,0.002556900136628329,0.0,0.0,0.0,0.0,0.0,0.0,0.005113800273256658,0.0,0.0,0.0023471409899731327,0.0,0.0,0.0,0.0,0.0,0.0,0.0,-19.670845812960685,-19.670845812960685,0.0,0.0,2.4561960966650615e-5,2.4561960966650615e-5,0.0,0.0,0.0,0.0,0.0,0.0,0.0,0.0022380858832811916,0.0,0.31771780740957367,0.37444120006595666,0.0,0.0,0.0,0.0,0.0,0.0,0.0,0.00021909269182252347,0.0,0.0,0.0,0.0,0.0,0.0,0.0,0.0,0.0,0.0,0.0,0.00023972473903451,0.00021909269182252347,0.0,0.0,0.0,0.0,0.0,0.0,0.0,0.0,-2.8763814928351077,0.0,0.0,0.0,0.0,0.0,0.0,0.0,0.0,0.0,0.0,0.0,1000.0,0.0,0.0,-1000.0,-0.0,0.0,0.0,0.0,1000.0,0.0,0.0,4.855698960895109,0.0,-0.14779226657165276,0.0,0.1577123513668636,0.0,0.0,0.0,0.0,-0.0,0.0,0.0,0.0,0.0,0.0006965772130142114,0.0006965772130142114,0.0,0.0,0.013650555426825745,0.0,0.0,0.0,-0.0,0.0,0.0,0.0,0.0,0.3371482834910717,0.3644493943447232,0.0,0.0,-0.0,0.0,0.0,0.0,0.0,0.0,0.0,0.0,0.0626958790850337,0.0,0.0,0.0,0.07389613328582638,0.0,0.24352889554902524,0.0,0.15121423897352657,0.0,0.0,0.0,0.0,0.0,0.0008763707672900939,1.964956877332049e-6,0.0,0.0,0.0,0.0,0.0,0.0,0.0,0.0,0.0,0.0,0.0,35.140329885916195,0.0,0.0,0.0,0.0,0.0,0.0,0.0,0.0,-0.0,0.0,0.0,0.17773526194687758,0.0,0.0,0.0,0.0,0.0,0.37444120006595666,0.0,0.0,0.0,0.0,0.0,0.0,0.0,0.0,0.0,0.0,0.0,0.0,0.0,0.0,0.8589504420941071,0.2854384783072014,0.0,0.0,-0.0,0.0,0.0,0.0,0.0,0.0,0.0,0.0,0.3644493943447232,0.0,0.0,0.0,0.000657278075467643,0.0,0.32499895511852767,0.0,0.0,0.3644493943447232,0.02636480890160284,0.000657278075467643,-0.32499895511852767,0.0,0.0,0.0,0.00043818538364504694,0.0,0.000657278075467643,0.00044015034052236057,0.0,0.0,-0.0,3.15,0.0,0.0,0.0,0.37444120006595666,0.09307804232234183,0.37444120006595666,0.0,0.0,0.0,0.0,0.0,0.0,0.0,0.0023471409899731327,0.0027853263736181792,-0.0,0.00021909269182252347,0.0,0.0,0.0,0.0002731290059491548,0.0,55.80046600349222,0.0,0.0,0.0,0.0011735704949865661,0.0,0.0,0.0,0.0,0.0,0.0,0.0,0.0,0.0,0.0,0.000657278075467643,0.000657278075467643,0.0,0.0,0.0,0.0,0.0,0.0,0.0,0.0,0.0,0.0,0.0,0.0,0.0005659075806720149,0.0005659075806720149,0.0,0.0,0.0,0.0,0.0,0.0,0.0,0.0,0.0,0.0,0.0,0.0,0.0,0.0,0.0,0.0,0.0,0.0,0.0,0.0,0.0,0.0,0.0,0.025707530826135198,0.0,0.0,0.3496444267524648,0.3496444267524648,0.0,0.0,0.0,0.3496444267524648,0.0,0.3496444267524648,0.3496444267524648,0.0,0.0,0.27318402474172016,0.27318402474172016,0.000119862369517255,0.0,0.0,0.0,0.0,-0.0,0.000119862369517255,0.0,0.0,0.000119862369517255,0.0,1.964956877332049e-6,0.0,0.0,0.0,0.0,0.0,14.58586870895494,0.0,0.24352889554902524,0.0,0.0,0.0,0.0,0.0,0.0,0.0,1.964956877332049e-6,0.0,0.0,0.0,0.0,0.0,0.0,0.0,0.0,0.0,0.0,0.0,0.0764604020107447,0.0,0.0,1.964956877332049e-6,0.1253917581700674,0.14779226657165276,0.0,0.0,0.0,0.0,0.0,0.0,0.0,0.0,0.0,0.0,0.0,0.0,9.04301941566376,0.0,0.0,0.0,0.0,0.0,0.0,0.0,0.01577958620341502,0.0,0.0,0.0,0.0,0.0,0.0,0.0,0.0,0.0,0.0,0.0,0.0,1.0737948971478382,0.0,0.0,0.0,0.0,0.0,0.0,0.0,0.0,0.0,-9.027239829460346,0.0,0.0,0.0,0.0,0.0,0.0,7.783511317688622,0.0,0.0,0.0,0.0,0.0,0.0,0.0,0.0,0.00021909269182252347,0.0,0.0,0.0,0.0,0.0,0.0,0.0,0.0,0.0,0.0,999.9948861997267,0.0,0.0,0.0,0.005113800273306879,0.0,