{"objective_value":0.9824784386659987,"time_limit":1800,"thermo_feasible":false,"dual_bound":0.9824784386659987,"solution":[-0.0,-0.0,-0.0,-0.0,-0.0,-0.0,-0.0,-0.0,-0.0,0.0002190926918225177,0.00022105764869984968,0.0,1.9649568773319975e-6,-0.0,0.00044015034052236057,-0.0,0.0,-0.0,-0.0,-0.0,-0.0,0.0,-0.0,-0.0,-0.0,-0.0,-0.0,0.0,0.0,-0.0,-0.0,-0.015779586203414603,0.0,-0.0,-0.0,0.0,0.0,0.0,0.0,0.0,0.0,0.0,-0.0,-0.0,0.0,-0.0,-0.0,-0.0,-0.0,-0.0,-0.0,-0.0,-0.0,-0.0,-0.0,-0.0,-0.0,-0.0,-0.0,-0.0,-0.0,-0.0,-0.0,0.0,0.0,0.9824784386659988,0.0,-0.0,-0.0,-0.0,-0.0,-0.0,-0.0,-0.0,-0.0,-0.0,-0.0,-0.0,-0.0,-0.0,-0.0,-0.0,-0.0,-0.0,-0.0,-0.005113800273256525,-0.0,-0.0,-0.0,-0.0,-0.0,-0.0,-0.0,-0.0,-0.0,-0.0,-0.0,-0.0,-0.0,-0.0,-0.0,-0.0,-0.0,-0.005113800273256524,0.0,-0.0,19.670845812960422,-0.0,-10.0,-0.0,-0.0,-0.0,-0.0,-2.4561960966649975e-5,0.0,0.0,0.0,-0.0,-0.0,-0.0,-0.0,0.0,-0.0,-0.0,-0.0,-0.0,-0.0,-0.0,-0.0006965772130141933,-0.0,-0.0,-0.0,-0.0,-0.0,-0.0,-0.0,-0.0,-0.0,-0.0,-0.0,-0.0,-0.0,-0.0,-0.0,-0.0,-0.0,-0.0,-0.0,-0.0,-0.0,-0.0,-0.0,-0.0,-0.0,9.027239829460767,-0.0,45.61786951321868,-0.0,-0.0,0.0,0.0,-0.0,-0.0,-0.0,-0.0,-0.0,0.0,-0.0,-0.0,-0.0,-0.0,-0.0,-0.0,-0.0,-0.0,-0.0,0.0,-0.0,-0.0,-0.0,-0.0,-0.0,-0.0,-0.0,-0.0,0.0,0.0,-0.0,-0.0,0.0,-0.0,-0.0,-0.0,-0.0,-0.0,-0.19177291387853235,-0.0,-0.0,-3.469446951953614e-18,-0.0,-0.0,-0.0,-0.0,-0.0,-0.0,-0.0,-0.0,-0.24779088701595195,-0.0,-0.0,0.0,0.0,-0.0,-0.0,-0.0,-0.0,-0.0,-0.0,-0.0,-0.0,-0.0,-0.0,-0.0,-0.0,-0.0,-0.0,-0.0,-0.0,-0.0,-0.0,-0.0,-0.0,-0.0,-0.0,-0.0,-0.0,-0.0,-0.0,-0.0,-0.0,-0.0,-0.0,-0.0,1.9649568773319975e-6,-0.0,-0.0,-0.0,-0.0,-0.0,-0.0,-0.0,-0.0,-0.0,0.0,-0.0,-0.00852300045542754,0.0,-0.0,-0.0,-0.0,-0.0,-0.0,-0.0,-0.0,-0.0,-0.0,-0.0,-0.0,-0.0,-0.0006788926011182052,-0.0,-0.00012673971858791384,-0.0,-0.0,-0.0,-0.0,-10.61157669982641,-0.00031734053568911757,0.0,-0.0,-0.0,-0.0,-0.0,-0.0,-0.0,-0.0,-0.0,-0.0,-0.0,-0.0,-0.0,-0.0,0.0,0.0,-17.5743291778205,-0.0,-0.0,-0.0,-0.00033502514758510557,0.0,0.0,0.0,0.0,-0.0,-0.0,-0.0,-0.0,-0.0,-0.0,-0.0,0.0,0.0,0.0,-0.0,-0.9477291587690552,-0.0,-0.0,0.0,0.0,0.0,0.0,0.0,-0.0,-0.0,0.0,0.0,-0.0,-0.0,-0.0,-0.0,0.0,0.0,0.0,0.0,0.0,0.0,-0.0,-0.0,-0.0,-0.0,0.0,0.0,-0.0,-0.0,-0.0,-0.0,-0.0,-0.0,0.0,0.0,-0.0,0.0,0.0,-0.0,-0.0,0.0,-0.0,0.0,0.0,0.0,0.0,0.0,0.0,0.0,0.0,0.0,0.0,0.0,0.0,0.0,0.0,0.0,0.0,0.0,0.07646040201074268,0.0,0.0,0.0,0.0,0.0,0.0,0.0,0.0,0.0,0.0,0.0,0.0,0.0,0.0,0.0,0.0,0.0,0.0,0.0,0.0,0.0,0.0,0.0,0.0,0.0,0.0,0.0,0.0,0.0,0.0,0.0,0.0,0.07646040201074268,0.0,0.0,0.0,0.0,0.0,0.0,0.0,0.0,0.0,0.0,0.0,0.0,0.0,0.0,0.0,0.0,0.0,0.0,0.0,0.0,0.0,-0.0,0.0,0.0,0.0,0.0,0.0,0.0,0.0,0.0,0.0,0.0,0.0,0.0,0.0,0.0,0.0,0.0,0.0,0.0,0.0,0.0,0.0,0.00022105764869984968,0.0,0.0,0.03823020100537134,0.0,0.0,0.1253917581700641,0.14779226657164887,0.0,0.0,0.0,0.0,0.0,0.0,0.0,0.0,0.0,0.07646040201074268,0.0,0.0,0.0,0.0,0.0,0.0,0.0,-0.34964442675245566,0.0,-0.34964442675245566,-0.0,-0.34964442675245566,0.0,-0.273184024741713,-0.12539175817006412,0.0,0.0,0.29060926232989315,0.0,-0.0,0.0,0.0,0.0,0.0,0.0,0.0,0.0,-0.0,0.0,4.855698960895068,0.0,0.0,0.0,4.855698960895068,0.0,-0.29060926232989315,0.0,0.0,0.0,0.0,0.0,0.06269587908503205,0.07389613328582444,0.06269587908503205,0.0,0.0,-0.29060926232989315,0.0,0.00044015034052236057,0.0,0.0,0.0,0.0,0.0,0.533243120021319,0.0,0.44016507769897967,-0.44016507769897967,3.7993460034688957,0.0,0.0,-0.005113800273256525,0.005113800273256525,0.0,0.0,0.34964442675245566,0.34964442675245566,0.34964442675245566,0.34964442675245566,0.0,0.0,0.34964442675245566,0.0,0.0,0.02730111085365078,0.0,0.000657278075467467,0.000657278075467467,0.0,0.0,0.0,0.0,0.04095166628047617,0.273184024741713,0.0,-1000.0,1000.0,-997.4210304502041,0.0,0.0,0.0,0.273184024741713,0.0,0.0,0.0006612079892222022,0.0,-0.0,0.0,0.0,0.0,-0.0,0.0,0.0,0.0,0.0,0.0,0.0,0.0,0.0,0.0,0.0,0.0,0.0,0.0,0.0,-0.0,0.24352889554901885,0.0,0.29379740486339656,0.0,0.44016507769897967,0.29379740486339656,0.0,0.0,0.0,0.0,0.0,-0.0,0.0,0.0,0.0,0.0,0.0,0.0,0.0,0.0,0.0,0.0,0.0,0.0,0.0,0.0,0.0,0.0,0.0,0.0,0.0,-0.0,0.0,0.0,1000.0,0.0,0.0,0.0,0.0,0.0,-1000.0,-0.0,-0.0,0.29060926232989315,-0.0,0.0,-0.0,0.29060926232989315,0.0,0.0,0.07646629688137468,0.0,1.9649568773319975e-6,0.0,0.0,0.0,-1.0503441192952914,0.0,0.0,0.0002190926918225177,0.0,0.0,0.0,0.0,0.0,0.0,0.0,0.0,1000.0,0.0,0.05584702188909137,0.05584702188909137,0.0,0.0,0.23683134003263234,0.0,0.0,1.9649568773319975e-6,0.0,0.0,0.0,0.0,0.0,0.0,0.0,0.0,0.0,0.0,0.0,0.0,0.0,0.0005659075806720149,0.3249989551185191,1.0503441192952914,0.0,0.06269587908503205,0.0,0.0,0.0,0.0,0.0,0.0022380858832811556,0.0,0.0,0.0,0.0,0.0,-2.8763814928352973,0.0,0.0,0.0,0.0,0.0,0.0,0.0,0.0,0.0,-0.0,0.0,0.0,0.0,0.0,0.0004381853836450354,0.0,0.0,0.0,0.0,0.0,0.0,0.0,0.0,-0.0,0.0,0.0,3.15,0.0930780423223394,0.0,0.0,0.0,0.0,55.800466003492375,0.0,0.0,0.0,0.0,0.0,0.0,0.0,0.0,0.00011986236951725185,0.00011986236951725185,0.0,0.0,0.0,0.0,0.00011986236951725185,0.24352889554901885,0.0,-0.0,0.0,0.0,0.0,0.0,0.0,0.0,1.9649568773319975e-6,0.3177178074095654,0.0,0.3744412000659467,0.29060926232989315,0.0002190926918225177,0.0,0.0,0.0,0.0,0.0,0.0,0.0,0.0,0.0,0.0,0.0,0.0,0.0,0.0,0.0,0.0,0.29060926232989315,0.005113800273256525,0.0,0.0,0.0,0.0,0.0,0.0,-0.005113800273256525,0.28543847830719393,0.0,0.0,0.0,0.0,0.0,0.0,0.0,0.0,0.0,0.0,0.0,0.0,0.0,0.6156082174484123,0.0,0.5723683588842834,0.0,0.0,0.0,0.0,0.0,0.0,0.0,0.002556900136628262,0.8589504420940846,0.005113800273256524,0.0,0.0,0.0,0.0,0.0,0.0,0.0,0.0,0.0,0.0,-19.670845812960422,-19.670845812960422,0.0,0.0,2.4561960966649975e-5,0.0,0.0,0.0,0.0,0.0,0.0,0.002347140989973071,0.0,2.4561960966649975e-5,0.0,0.0,0.0,0.0,0.0,0.0,0.0,0.0,0.0,0.0,0.0,0.0,0.0,0.0,0.0,0.0,0.0,0.0,0.0,0.0,0.0,0.0,0.0,0.0,0.0,35.14032988591643,0.0,0.0,0.0002397247390345037,0.0002190926918225177,0.0,0.0,0.0,1000.0,0.0,0.0,0.0,0.0,0.0,0.0,0.0,0.0,0.0,0.17773526194687295,0.0,0.0,0.0,0.0,0.0,-1000.0,0.0,0.0,1000.0,0.0,0.0,-1000.0,0.0,0.0,0.0,0.0,1000.0,0.0,0.0,0.0,4.855698960895068,0.0,-0.34964442675245566,0.0,0.0,0.0,0.0,0.0,0.0,-0.34964442675245566,0.01365055542682539,0.0,-0.0,0.0,0.0,-0.14779226657164887,0.0,0.0,0.0,0.0,0.3371482834910628,0.36444939434471363,0.15771235136685943,0.0,-0.0,0.0,0.3744412000659467,0.0,0.0,0.0,0.0,0.06269587908503205,0.0,0.0006965772130141933,0.0006965772130141933,0.0,0.0,0.0,0.0,0.07389613328582444,0.0,0.0,0.0,0.0,0.0,0.0,0.0,0.0008763707672900708,1.9649568773319975e-6,0.0,0.0,0.0,0.0,0.0,0.0,0.0,0.0,0.0,0.0,0.0,0.0,0.0,0.0,0.0,0.24352889554901885,0.0,0.15121423897352254,0.0,0.0,0.0,0.0,0.0,0.0,0.0,0.0,0.0,0.0,0.0,0.0,0.0,0.0005659075806720149,0.0,0.34964442675245566,0.34964442675245566,0.34964442675245566,0.0005659075806720149,0.0,-0.0,-0.0,0.0,0.0,0.34964442675245566,0.34964442675245566,0.273184024741713,0.273184024741713,0.0,0.0,0.0,0.8589504420940846,0.0,0.0,0.0,0.0,0.0,0.0,0.0,0.28543847830719393,0.0,0.0,0.0,1.9649568773319975e-6,0.025707530826134528,0.0,0.0,0.0,0.0,0.0,0.0,14.585868708954644,0.0,0.0,0.8639495696699954,0.0,0.0,0.0,0.0,1.9649568773319975e-6,0.002347140989973071,0.0,0.002785326373618107,-0.0,0.0,0.0,0.0,0.0,0.0002190926918225177,0.0,0.0,0.0,0.0,0.0,0.0,0.0,0.0,0.8639495696699954,0.0,0.0,0.0,0.0,0.0,0.0,0.0,0.0,0.0,0.0,0.0,0.0,0.0,0.0,0.0,0.0,0.0,0.0,0.0,0.0,0.0,0.0,0.0,0.07646040201074268,0.0,0.0,0.0,0.0,0.0,0.12539175817006412,0.14779226657164887,0.0,0.0,0.0,0.0,0.0,0.0,0.0,0.0,0.0,0.0,0.0,0.0,0.0,0.0,0.0,0.0,0.0,0.0,0.0,0.0,0.0,0.0,0.0,0.0,0.36444939434471363,0.0,0.0,0.0,0.0,0.0,0.0,1.07379489714781,0.36444939434471363,0.0,0.0,0.0,0.0,0.0,0.0,0.026364808901601994,0.0,0.0,0.0,0.0,0.0,0.0,6.919561748018578,0.0,0.000657278075467467,0.0,0.0,0.0,0.0,0.0,0.0,0.0002190926918225177,0.0,0.0,0.0,0.0,0.0,0.0,0.0,0.0,0.0,0.0,0.0,0.0038355958245520592,0.0,0.0,0.0,0.0,0.0,0.0,0.0076711916491041185,0.0,0.0,0.0,0.0,0.015779586203414603,0.015779586203414603,0.0,0.0,0.0,0.0,0.0,0.0,0.0,0.0,0.0002190926918225177,0.0,0.0,-0.0,0.0,0.0,0.0,0.0,0.0,0.0,0.0,0.0,0.0,0.0,0.0,0.0,0.0,0.000657278075467467,31.01467037117808,0.0,0.0,0.0,0.000657278075467467,0.0,