{"objective_value":0.9824784386659949,"time_limit":1800,"thermo_feasible":false,"dual_bound":0.9824784386659949,"solution":[-0.0,-0.0,-0.0,-0.0,-0.0,-0.0,-0.0,-0.0,0.0002190926918225169,0.00022105764869984892,0.0,-0.0,1.9649568773319895e-6,0.00044015034052236057,0.0,-0.0,0.0,0.9824784386659949,-0.0,-0.0,-0.0,-0.0,0.0,-0.0,-0.0,-0.0,-0.0,-0.0,-0.0,-0.0,-0.0,0.0,-0.0,-0.0,-0.0,0.0,0.0,0.0,-0.0,-0.0,-0.0,-0.0,-0.0,-0.0,-0.0,-0.0,-0.0,-0.0,-0.0,-0.0,-0.0,-0.0,-1000.0,999.9842204137966,-0.0,-0.0,0.0,-0.0,0.0,0.0,0.0,-0.0,-0.0,-0.0,0.0,-0.0,0.0,0.0,-0.0,-0.0,-0.0,-0.0,0.0,-0.0,-0.0,-0.0,-0.0,-0.0,-0.0,-0.0,0.0,-0.0,-0.1917729138785316,3.469446951953614e-18,-0.0,-0.0,-0.0,-0.0,-0.0,-0.0,-0.0,-0.0,-0.0,-0.0,-0.0,-0.0,-0.0,0.0,0.0,-0.0,-0.0,-0.0,-0.0,-0.0,-0.0,-0.0,-0.0,-0.0,-0.0,-0.0,-0.0,-0.0,-0.0,-0.0,-0.0,-0.0,0.0,-0.0,-0.0,-0.0,-0.0,-0.0,-0.0,-0.0,-0.0,-0.0,-0.0,-0.0,-10.0,-0.0,1.9649568773319895e-6,-0.0,-0.0,-0.0,-0.0,-0.0,-0.0,-0.0,-0.0,-0.0,-0.0,-0.008523000455427508,-0.0,0.0,-0.0,-0.0,-0.0006788926011182025,-0.0,-0.0,-0.0,-0.0,-0.0,-0.0,-0.0,-0.0,-0.0,-0.00012673971858791333,-0.0,0.0,-0.0,-0.0,-0.0,-0.0,-0.0,-0.0,-10.61157669982648,-0.0,-0.0003173405356891163,-0.0,-0.0,-0.0,0.0,-0.0,-0.0,-0.0,-0.0,-990.9569805843356,-0.0,-0.0,0.0,-0.0,0.0,-267.5703842812697,-0.0,-0.0,-0.0,545.6099797201168,-0.0,-0.0,0.0,0.0,0.0,-0.0,-0.0,-0.0,-0.0,-0.0,-0.0,-0.0,-0.0,-0.0,-0.0,-0.0,0.0,-0.9477291587689667,-0.0,-0.0,-0.0,-0.0,0.0,-0.0,-0.0,-0.0,-0.0,-0.0,-0.0,-0.0,-0.0,-0.0,-0.0,-0.0,-0.0,-0.0,-0.0,-0.0,-0.0,-0.0,-0.0,-0.0,-0.0,-0.0,-0.0,-0.0,-0.0,-0.247790887015951,-0.0,-0.0,-0.0,-0.0,-0.0,-0.0,0.0,0.0,0.0,-0.0,0.0,0.0,-0.0,-0.0,-0.0,0.0,-0.0,-0.0,-0.0,-0.0,0.0,0.0,0.0,0.0,0.0,0.0,0.0,-0.0,-0.0,-0.0,-0.0,-0.0,0.0,0.0,0.0,-0.0,-0.0,-0.0,-0.0,0.0,0.0,-0.0,0.0,0.0,0.0,-0.0,0.0,-0.0,0.0,0.0,0.0,-0.0,-0.0,-0.0,-0.0,-0.0,-0.0,-0.0,0.0,0.0,0.0,0.0,0.0,-0.0,-0.0,-0.0,0.0,0.0,-0.0,0.0,-0.0,0.0,0.0,0.0,0.0,-0.0,-0.0,-0.0,-0.0,-0.0,0.0,0.0,-0.0,0.0,0.0,-0.0,-0.0,-0.0,-0.00033502514758510427,0.0,0.0,0.0,0.0,0.0,0.0,0.0,0.0,0.0,0.0,0.0,0.0,0.0,0.0,0.0,0.0,-0.0,0.0,0.0,0.0,0.0,0.0,0.0,0.0,0.0,0.0,-0.0,0.0,0.0,0.0,0.0,0.0,0.0,0.0,0.0,0.0,0.0,-0.0,0.0,0.0,0.0,-0.0,0.0,0.0,0.0,0.0,0.0,0.0,-0.0,0.0,0.0,-0.005113800273306879,0.0,0.0,0.0,0.0764604020107424,0.0,-0.0,0.0,0.0,0.0,0.0,0.0,0.0,0.0,0.0,0.0,0.0,-0.0,0.0,0.0,0.0,0.0,0.0,0.0764604020107424,0.0,0.0,0.0,0.0,1000.0,0.0,0.0,0.3496444267524543,0.0,0.3496444267524543,-0.0,0.3496444267524543,0.3496444267524543,0.0,0.0,0.0,0.3496444267524543,0.2731840247417119,0.2731840247417119,-0.0,0.0,0.0,0.0764604020107424,0.0,0.0,0.0,0.0,0.0,0.0,-0.0,0.0,0.0,0.0,0.0,0.0,0.0,0.07646629688137441,0.0,-0.0,0.0,0.0,-0.0,0.0,0.0,0.0,0.0,0.0,0.0,0.0,0.0,0.0,0.0,0.0,0.0,0.0,0.0,0.0,0.0,0.290609262329892,0.0,0.290609262329892,0.0,-0.0,0.0,0.00022105764869984892,0.2854384783071928,0.5723683588842811,0.8589504420940812,0.0,0.0,0.0,0.0,-0.0,0.0,0.0,0.0,0.0,0.0,0.0382302010053712,0.0,0.0,0.12539175817006362,0.14779226657164826,0.0,0.0,-0.005113800273256504,0.0,-0.3496444267524543,-0.0,0.0,0.0,-0.3496444267524543,-0.3496444267524543,-0.0,-0.3496444267524543,0.0,0.0,-0.0,-0.3496444267524543,19.670845812960355,-0.2731840247417119,-0.12539175817006362,0.0,-0.0,0.0,-2.4561960966649873e-5,0.0,0.290609262329892,0.0,-0.0,0.0,0.0,0.0,0.0,0.0,0.0,0.0,0.0,4.8556989608950465,4.8556989608950465,-0.290609262329892,0.0,0.0,0.0,0.0,0.0,0.0,0.0,0.0,0.06269587908503181,0.07389613328582413,0.06269587908503181,0.07389613328582413,0.0,0.0,0.0,0.0,0.0,-0.290609262329892,0.0,0.00044015034052236057,0.5332431200213417,0.0,0.0,0.0,0.4401650776990027,0.0,-0.4401650776990027,3.799346003468881,0.0,0.0,0.0,0.0,0.0,0.0006572780754674643,0.0,0.0,0.0,0.0,0.027301110853650667,0.0,0.0006572780754674643,0.0,0.0,0.0,0.04095166628047601,0.0,-1000.0,0.0,0.0,-996.6435972266444,999.2232279844296,0.0,0.0,0.0,0.0,0.0,0.0,-0.0,0.0,-0.0,-1000.0,0.0,0.0,0.0,0.0,0.0,1000.0,0.0,0.0,-0.0,0.0,0.0,0.0,0.0,0.0,0.0,0.0006612079892222148,0.2435288955490179,0.2937974048634202,0.4401650776990027,0.2937974048634202,0.0,-0.0,0.0,0.0,0.0,0.0,0.0,0.0,-0.0,-0.0,0.0,-0.0,0.0,0.0,-0.0,0.0,0.0,-0.0006965772130141904,-0.0,0.0,0.0,0.0,0.0,0.0,0.0,0.0,-0.0,-1000.0,-0.0,-0.0,-0.0,-0.0,0.0,0.0,0.0,1000.0,0.290609262329892,0.290609262329892,0.0,0.0,1.9649568773319895e-6,0.0,-0.0,0.0,0.0,0.0,0.0002190926918225169,0.0,0.0,0.0,-1.0503441192952871,0.0,0.0,0.0,-0.0,0.0,0.0,0.0,0.0,0.0,0.05584702188909115,0.05584702188909115,0.0,1.9649568773319895e-6,0.0,0.0,0.23683134003263137,0.0,0.0,0.0,0.0,0.0,-0.0,0.0,0.0,0.0,0.0,0.0,0.0,0.0005659075806720149,-0.0,0.3249989551185178,1.0503441192952871,0.0,0.0,0.06269587908503181,0.07389613328582413,0.0,0.0,0.0,0.0,-0.0,0.0022380858832811244,0.0,0.0,0.0,0.0,0.0,0.0,0.0,-2.8763814928353355,0.0,0.0,0.0,0.0,0.0,0.0,-0.0,-0.0,0.0,0.0,0.00043818538364503377,0.0,0.0,0.0,0.0,0.0,-0.0,0.0,0.0,-0.0,0.0,0.0,0.0,3.15,-0.0,0.09307804232233903,55.800466003492346,0.0,0.0,0.0,0.0,0.0,0.0,-0.0,-0.0,0.0,0.0,0.0,0.0,-0.0,0.0,0.0,0.0,0.00011986236951725138,0.00011986236951725138,0.31771780740956407,0.00011986236951725138,0.3744412000659452,-0.0,0.0002190926918225169,0.2435288955490179,0.0,0.0,0.0,0.0,-0.0,0.0,0.0,0.0,0.0,0.0,1.9649568773319895e-6,0.0,0.0,0.0,0.0,0.0,0.0,0.0,-0.0,0.0,999.9948861997267,0.0,0.0,0.0,0.0,0.0,0.005113800273306879,0.0,0.0,-0.0,0.0,0.0,0.0,-1000.0,0.0,-0.0,0.0,0.0,0.0,0.0,0.0,0.0,0.0,0.0,0.0,0.0,0.002556900136628252,-0.0,0.005113800273256504,0.0,0.0,0.0,0.6156082174484098,0.0,0.0,0.0,0.0,-0.0,0.0,-19.670845812960355,0.0,0.0,0.0,0.0,0.0,0.0,0.0,0.0,0.0,0.0,0.0,0.0,-19.670845812960355,0.0,0.0,2.4561960966649873e-5,2.4561960966649873e-5,0.0,0.0,0.0,0.0,0.0,0.0,0.0,0.0,0.0,0.0,0.0023471409899730625,0.0,0.0,0.0,0.0,0.0,0.0,0.0,0.0,0.0,0.0,0.00023972473903450275,0.0,35.140329885916415,0.0,0.0,0.0002190926918225169,0.0,0.0,0.0,0.0,0.0,-0.0,0.8589504420940812,0.2854384783071928,-0.0,0.0,0.0,0.17773526194687223,0.0,0.863949569669951,0.0,0.0,0.0,0.0,0.0,0.0,0.0,0.0,0.0,0.0,0.0,0.0,-1000.0,0.0,0.0,0.0,0.0,0.3644493943447122,0.3644493943447122,0.026364808901601887,0.0,0.0006572780754674643,0.0,0.0,0.0,0.0,0.0,0.0,0.0,0.0,0.0,0.013650555426825334,0.0,0.0,0.0,0.0006572780754674643,0.0,0.0,0.0,0.3371482834910615,0.3644493943447122,0.0,-0.0,0.0,0.3249989551185178,0.0,-0.3249989551185178,0.0,0.00043818538364503377,0.0006572780754674643,0.0,0.0,0.00044015034052236057,0.06269587908503181,0.0,0.07389613328582413,0.0,0.0,-0.0,0.0,0.0,0.0,0.0,0.3744412000659452,0.3744412000659452,0.0008763707672900675,1.9649568773319895e-6,0.0,0.0,0.0,0.0,0.0,0.0,0.0,0.0,0.0,0.0,0.0,0.0,0.0,0.0,0.0,0.0,0.0,0.00027312900594914666,0.0,0.0,0.0,0.0,0.0,0.0,0.0,0.3744412000659452,0.0,0.0,0.0,0.0,0.0,1000.0,0.0006572780754674643,0.0,0.0006572780754674643,0.0,0.0,0.0,0.0,0.0005659075806720149,0.0005659075806720149,0.0,0.0,0.0,0.0,0.0,0.3496444267524543,0.3496444267524543,0.3496444267524543,0.3496444267524543,0.0,0.0,-1000.0,0.0,0.0,0.2731840247417119,0.2731840247417119,0.0,0.0,0.0,0.0,0.0,0.025707530826134424,0.0,0.0,0.0,0.0,0.0,0.0,1.9649568773319895e-6,0.0,14.585868708954582,0.0,0.0,0.0,0.0,0.0,0.0,1000.0,0.0,0.0,1.9649568773319895e-6,0.0,0.0,0.0023471409899730625,0.0027853263736180964,-0.0,0.0,0.0,0.0,0.0002190926918225169,0.0,0.0,0.0,0.0,0.0,0.0,0.0,0.863949569669951,0.0,0.0,0.0,0.0,0.0,0.0,0.0,0.0,0.0,4.8556989608950465,0.0,0.0,0.0,0.0,0.0,0.0,0.0,0.0,0.0,0.0,0.0,0.0,0.0,0.0,0.0,0.0,0.0,0.0,0.0,0.0764604020107424,0.0,0.0,0.12539175817006362,0.0,0.0,0.0,0.0,0.0,0.0,0.14779226657164826,0.0,0.0,0.0,0.0,0.0,0.0,0.0,0.0,0.0,0.0,0.0,0.0,0.0,0.0,0.3496444267524543,0.0,0.0,0.0,0.0,0.0,0.0,0.0,0.0,0.0,2.1475897942956115,0.0,0.0,-0.0,0.0,0.0,0.0,0.0,0.0,0.0,0.0,6.919561748018609,0.0,0.0,0.0,0.0,0.0,0.0,0.0,0.0,0.0,0.0,-0.14779226657164826,0.0,0.0,0.0,0.0,0.0,0.0002190926918225169,0.0,0.0,0.0,0.0,0.0,0.0,0.0,249.99605510344915,0.0,0.003835595824552044,0.0,0.0,0.007671191649104088,0.0,0.0,0.0,0.0,0.0,1000.0,0.1577123513668588,0.015779586203414544,0.0,0.0,0.0,0.0,0.0,0.0,0.00021909269182251686,0.0,0.0,-0.0,0.0,0.0,0.0,0.0,0.0,0.0,0.0,0.0,0.0,