{"objective_value":0.9824784386660071,"time_limit":1800,"thermo_feasible":false,"dual_bound":0.9824784386660071,"solution":[0.0002190926918225196,0.0002210576486998516,0.0,1.964956877332014e-6,0.00044015034052236057,0.0,0.0,0.9824784386660071,-0.0,-0.0,-0.0,0.0,-0.0,-0.0,-0.0,-0.0,-0.0,-0.0,-0.0,-0.0,-0.0,-0.0,-0.0,-0.0,-0.0,-0.0,-0.0,-0.0,0.0,-0.0,-0.0,-0.0,-0.0,-0.0,0.0,0.0,-0.0,-0.0,-0.0,-0.0,-0.0,-0.0,-0.0,-0.0,0.0,0.0,0.0,-0.0,-0.0,-0.0,-0.0,-0.0,-0.0,-0.0,-0.0,-0.0,-0.0,-0.0,-0.015779586203414738,-0.0,0.0,-0.0,0.0,-0.0,-0.0,-0.0,-0.0,-0.0,-0.0,-0.0,0.0,0.0,-0.0,-0.0,0.0,0.0,0.0,-0.0,-0.0,0.0,-0.0,0.0,0.0,-0.0,-0.0,0.0,-0.0,-0.0,-0.0,-0.0,-0.0,-0.0,-0.0,-0.005113800273306879,-0.0,0.0,-0.0,-0.0,-0.0,-0.0,0.0,-0.0,0.0,-0.0,-0.0,-0.0,-0.0,-0.0,-0.0,-0.0,-0.0,-0.0,-0.0,-0.0,-0.0051138002732565675,0.0,-0.0,19.67084581296048,-0.0,-0.0,-0.0,-2.4561960966650178e-5,-0.0,0.0,0.0,-0.0,-0.0,-0.0,-0.0,0.0,0.0,-0.0,-0.0,-0.0,-0.0,-0.0,-0.0,-0.0,-10.0,-0.0,-0.0,-0.0,-0.0,-0.0006965772130141991,-0.0,-0.0,-0.0,-0.0,-0.0,-0.0,-0.0,-0.0,-0.0,-0.0,-0.0,-0.0,-0.0,-0.0,-0.0,-0.0,-0.0,-0.0,-0.0,-0.0,-0.0,-0.0,-0.0,-0.0,-0.0,-0.0,-0.0,-0.0,-0.0,-0.0,-0.0,-0.0,-0.0,-0.0,-0.0,-0.0,-0.0,0.0,-0.0,-0.0,-0.0,-0.0,9.027239829459404,-0.0,45.61786951321806,-0.0,-0.0,-0.0,0.0,-0.0,-0.0,-0.0,-0.0,0.0,-0.0,0.0,-0.0,0.0,-0.0,-0.0,-0.0,-0.0,-0.0,-0.0,-0.0,-0.0,-0.0,-0.0,-0.0,-0.0,-0.24779088701595406,0.0,-0.0,-0.0,-0.0,-0.0,-0.0,-0.0,-0.0,-0.0,-0.0,-0.0,-0.0,0.0,0.0,0.0,0.0,0.0,0.0,0.0,-0.0,-0.0,-0.0,0.0,-0.19177291387853396,0.0,0.0,-0.0,-0.0,-0.0,0.0,-0.0,0.0,0.0,0.0,-0.0,0.0,-0.0,-0.0,-0.0,0.0,0.0,-0.0,0.0,-0.0,-0.0,-0.0,-0.0,-0.0,-0.0,-0.0,0.0,-0.0,0.0,-0.0,0.0,-0.0,-0.0,-0.0,-0.0,0.0,0.0,0.0,-0.0,0.0,-0.0,0.0,-0.0,0.0,0.0,-0.0,0.0,-0.0,0.0,-0.0,0.0,0.0,0.0,0.0,0.0,0.0,-0.0,-0.0,-0.0,-0.00033502514758510844,0.0,0.0,0.0,0.0,-0.0,0.0,0.0,0.0,0.0,0.0,0.0,0.0,-0.0,0.0,0.0,0.0,0.0,0.0,0.0,0.0,0.0,0.0,0.0,0.0,0.0,0.0,0.0,0.0,0.0,0.0,0.0,-0.0,0.0,0.0,0.0,0.0,0.0,0.0,-0.0,0.0,0.0,0.0,-0.0,0.0,0.0,-0.0,0.0,-0.0,-0.0,0.0,-0.0,0.0,0.0,0.0,-0.0,0.0,-0.0,0.0,0.0,0.0,-0.0,0.0,0.0,0.0,-0.0,0.0,0.0,0.0,-0.0,0.0,0.0,0.0,0.0,0.07646040201074335,1.964956877332014e-6,0.0,0.0,-0.0,0.0,-0.0,0.0,0.0,0.0,0.0,0.0,0.0,0.0,0.0,0.0,0.0,0.0,0.0,0.07646040201074335,-0.0,0.0,0.0,0.0,0.0,0.0,0.0,0.0,0.0,0.0,0.0,0.0,-0.0,1000.0,0.0,0.0,0.0,0.0,0.0,0.34964442675245866,-0.008523000455427612,0.34964442675245866,0.3496444267524586,0.3496444267524586,0.3496444267524586,0.27318402474171527,0.27318402474171527,0.0,0.0,0.0,0.0,0.0,0.0,0.0,-0.0,0.0,0.0,0.0,0.0,0.0,0.0,0.0,0.0,0.0,0.0,0.0,0.0002210576486998516,0.0,0.0,0.038230201005371674,0.0,0.0,0.12539175817006515,0.14779226657165012,0.07646629688137535,0.0,0.0,0.0,0.0,0.0,0.0,0.0,0.0,0.07646040201074335,0.0,0.0,-0.0,0.0,0.0,-0.34964442675245866,-0.0,1.1751169160490063,-1000.0,0.0,0.29060926232989553,0.29060926232989553,-0.3496444267524586,-0.0006788926011182109,-0.3496444267524586,-1000.0,0.2854384783071964,0.572368358884288,0.8589504420940918,0.0,0.0,-0.12539175817006515,0.0,0.0,0.29060926232989553,0.0,0.0,0.0,-0.0,-0.0,0.0,4.855698960895068,0.0,0.0,0.0,0.0,4.855698960895068,-0.29060926232989553,0.0,0.0,-0.00012673971858791493,0.0,0.0,0.06269587908503257,-0.0,0.07389613328582506,0.0,0.0,0.0,0.0,0.0,0.0,-0.0,0.0,-0.0,0.0,0.0,0.0,0.0,0.0,0.0,-0.0,0.0,0.0,0.0,0.0,0.0,0.0,0.0,0.0006572780754675125,-0.0,0.0006572780754675125,0.0,0.0,0.0,-0.0,0.0,0.0,1000.0,-1000.0,0.0,0.0,0.06269587908503257,0.07389613328582506,0.0,0.0,-0.29060926232989553,0.0,0.0,0.0,0.0,0.0,0.00044015034052236057,0.5332431200212837,-0.0,-10.611576699826301,0.0,0.0,0.0,0.4401650776989435,-0.4401650776989435,3.7993460034688864,0.0,0.0,0.0,0.0,0.0,0.0,0.02730111085365101,0.0,0.0,0.04095166628047652,0.0006612079892222255,0.2435288955490209,0.29379740486335915,0.4401650776989435,0.29379740486335915,0.0,0.0,-1000.0,0.0,0.0,-0.0,0.0,0.0,0.0,-0.0,-0.0003173405356891203,0.0,0.0,0.0,0.0,0.0,0.0,0.0,-0.0,0.0,0.0,-0.0,-0.0,0.0,0.0,0.0,-0.0,-0.0,-0.0,-0.0,0.0,0.0,0.0,0.0,0.0,0.0,0.0,0.0,0.0,0.0,0.0,1.964956877332014e-6,-0.0,0.0,0.0002190926918225196,0.0,0.0,0.0,0.0,0.0,-0.0,0.0,0.0,0.0,0.0,0.0,-1000.0,0.0,0.0,1000.0,0.29060926232989553,0.05584702188909186,0.05584702188909186,0.0,1.964956877332014e-6,0.0,0.0,0.29060926232989553,0.0,0.0,0.0,0.0,0.0,0.0,0.0,0.0,0.0,0.06269587908503257,0.0,-1.0503441192953002,0.0,0.0,0.07389613328582506,0.0,0.0,0.0,0.0,0.0,0.0,0.0,0.2368313400326343,0.0,0.0,0.0,0.0,0.0,0.0,0.0,0.0,0.0,0.0,0.0,0.0,0.0,-17.574329177820385,0.00043818538364503914,0.0,0.0,0.0005659075806720704,0.32499895511852184,1.0503441192953002,0.0,0.0,0.0,0.0,0.0,-0.0,0.002238085883281175,0.0,0.0,-0.0,0.0,0.0,0.0,0.0,0.0,-2.8763814928352422,0.0,0.0,0.0,0.0,0.0,0.0,0.0,0.0,-0.0,-0.0,0.0,0.0,0.0,-0.0,0.0,-0.0,-0.0,-0.0,-0.0,0.00011986236951725287,0.00011986236951725287,-0.0,0.2435288955490209,0.0,3.15,0.0,0.0930780423223402,-0.0,55.800466003492296,0.0,0.0,0.0,0.0,0.00011986236951725287,0.0,1.964956877332014e-6,0.0,0.0,0.0,0.0,0.0,0.0,0.0,0.0,0.0,-0.9477291587687731,-0.0,-0.0,-0.0,-0.0,-0.0,-0.0,-0.0,999.9948861997267,0.37444120006594994,0.0002190926918225196,0.005113800273306879,-0.0,0.0,0.0,-1000.0,0.0,0.0,0.0,0.0,0.0,0.0,0.0,0.0,0.0,0.0,-0.0,0.0,0.0,0.0,0.0,0.0,0.6156082174484173,0.0,0.0,0.0,0.0,0.0,0.0,-0.0,0.0,0.0,0.0,0.0,0.0,0.0,0.0,0.0,0.0,0.0,0.0,0.0,0.0,0.0,0.0,-0.0,0.0,0.0,0.0025569001366282837,0.0051138002732565675,0.0,-0.0,0.0,0.0,0.0,0.0,0.0,0.002347140989973091,0.0,-19.67084581296048,-0.0,-19.67084581296048,0.0,0.0,0.0,0.0,0.0,0.0,0.0,0.0,0.0,2.4561960966650178e-5,2.4561960966650178e-5,0.0,0.0,0.0,0.0,0.0,0.0,0.0,-0.0,0.31771780740956806,0.0,0.0,0.0,0.0,0.0,0.0,0.0,0.0,-0.0,0.0,0.0,0.0,0.0,1000.0,0.0,0.0,-1000.0,0.0,0.0,0.0,0.00023972473903450574,0.0002190926918225196,0.0,0.0,0.0,1000.0,0.0,0.0,4.855698960895068,0.0,0.0,0.0,0.0,0.1777352619468745,0.0,0.0,-0.0,0.0,0.0,0.0,0.0,0.0,0.0,-0.14779226657165012,0.0,0.15771235136686074,0.0,-0.0,0.0,-1000.0,0.0,0.0,0.0,0.0,0.0,0.0006965772130141991,0.0006965772130141991,0.0,0.0,0.0,0.0,-0.0,0.0,0.0,0.0,0.013650555426825505,0.0,0.0,0.0,0.3644493943447167,0.0,0.0,0.0,0.0,0.0,0.3371482834910657,0.3644493943447167,0.0,-0.0,0.0,0.0,0.0,0.2435288955490209,0.0,0.1512142389735238,0.0,0.0,0.0,0.06269587908503257,0.3644493943447167,0.07389613328582506,0.0,0.0,0.0,0.0,0.0,0.0,0.0,0.0,0.026364808901602255,0.0,0.0008763707672900783,1.964956877332014e-6,0.0006572780754675125,0.0,0.0,35.1403298859162,0.0,0.0,0.0,-0.0,0.0,0.0,0.0,0.0,0.0,0.0,0.0,0.0,0.0,0.0,0.0,0.025707530826134743,0.0,0.0,0.0,0.0,0.0,0.0,0.0,0.37444120006594994,0.0,0.0,0.0,0.0,0.0,0.0,0.0,0.0,0.0,0.002347140989973091,0.0027853263736181302,-0.0,0.0,0.8589504420940918,0.2854384783071964,0.0,0.0,0.0,0.00021909269182251957,0.0,0.0,0.0,0.0,0.0,0.0,0.0,14.58586870895473,0.0006572780754675125,0.0,0.0,0.0,0.0,0.0,0.0,0.0,0.32499895511852184,0.0,0.0,0.0,0.0,0.0,0.0,1.964956877332014e-6,0.0,0.0,0.0,0.0,0.0,0.0,0.0,0.0,0.0,0.0,0.0,0.0,0.0,0.0,0.0,0.0,0.0,0.0,0.0,0.0,0.0,0.0,0.0,0.0,0.0,0.0,0.0,0.0,0.0,0.0,0.0,0.0,0.0,0.0,0.34964442675245866,0.34964442675245866,0.0,0.07646040201074335,0.3496444267524586,0.0,0.0,0.0,0.12539175817006515,0.14779226657165012,0.3496444267524586,0.3496444267524586,0.27318402474171527,-0.32499895511852184,0.27318402474171527,0.0,0.0,0.0,0.0,0.0,0.0,0.0,0.0,0.0,0.0,0.0,0.0,0.0,0.0,0.0,0.00043818538364503914,0.0,0.0,1.964956877332014e-6,0.0002190926918225196,0.0,0.0006572780754675125,0.0,0.0,0.00044015034052236057,0.0,0.0,0.0,0.0,1000.0,0.0,0.0,0.0,0.0,0.0,0.0,0.0,0.0,0.0,7.783511317688585,0.0,0.0,0.0,0.0,0.015779586203414738,0.015779586203414738,0.0,0.0,0.0,0.0,0.0,0.0,0.0,0.0,0.0,0.0,0.0,0.0,0.0,0.0,0.0012050098050238346,0.37444120006594994,0.0,0.0,0.0,0.0,0.0,0.0,0.0,0.0,0.0,0.0,0.0,0.0,0.0,0.00021909269182251957,0.37444120006594994,0.0,0.0,-0.0,0.0,0.0,0.0,0.0,0.0,0.0,0.0,0.0,0.0,0.0,0.0,0.0,0.0,0.0,0.0,31.015327649253322,0.0,0.0,0.0,0.0,0.0,0.0,0.0,0.0,0.0,0.0,0.0,0.0,0.0,0.0012050098050238346,0.0,0.0,0.0,0.0,0.0,0.0,0.0,0.0,0.0,4.823917748361055,0.0,0.0,0.0,0.0,0.0,0.0,0.0,0.0038355958245520918,