{"objective_value":0.9824784386660067,"time_limit":1800,"thermo_feasible":false,"dual_bound":0.9824784386660067,"solution":[-0.0,-0.0,-0.0,-0.0,0.0,-0.0,0.00021909269182251954,0.00022105764869985157,0.0,1.9649568773320136e-6,-0.0,-0.0,0.00044015034052236057,-1.734723475976807e-18,0.0,0.0,0.9824784386660068,-0.0,-0.0,-0.0,-0.0,-0.0,-0.0,-0.0,0.0,-0.0,0.0,0.0,-0.0,-0.0,-0.0,-0.0,0.0,0.0,0.0,-0.0,-0.0,-0.0,-0.0,-0.0,-0.0,0.0,-0.0,-0.0,-0.0,-0.0,-0.0,-0.0,-0.0,-0.0,-0.0,-0.0,-0.0,-0.0,-0.0,-0.0,-0.0,-0.0,-0.0,-0.0,-0.0,-0.0,-0.0,-0.0,-0.0,-0.0,-0.0,-0.0,-0.0,-0.0,-0.0,-0.0,-0.0,-0.0,-0.0,-0.0,-0.0,-0.0,-0.0,-0.0,-0.0,-0.0,-0.0,-0.0,-0.0,-0.0,-0.0,-0.0,-0.0,-0.0,-0.0,-0.0,-0.0,-10.0,0.0,-0.0,0.0,-0.0,0.0,-0.0,-0.0,-0.0,-0.0,-0.0,-0.0,-0.0,-0.0,-0.0,-0.0,-0.0,-0.0,-0.0,-0.0,-0.0,-0.0,-0.0,-0.0,-0.0,-0.0,-0.0,-0.0,-0.0,-0.0,-0.0,-0.0,-0.0,-0.0,-0.0,-0.0,-990.9569805843357,-0.0,-0.0,-0.0,-0.0,545.6099797201165,-0.0,-0.0,-0.0,-0.0,-0.0,-0.0,-0.0,1.9649568773320136e-6,-0.0,0.0,0.0,0.0,-0.0,-0.0,-0.0,-0.0,-0.0,-0.0,-0.0,-0.008523000455427608,0.0,-0.0,-0.0,-0.0,-0.0,-0.0,-0.0,-0.0,-0.0,-0.0006788926011182107,-0.0,-0.0,-0.00012673971858791487,-0.0,-0.005113800273306879,0.0,-0.0,-0.0,-0.0,-0.0,-0.0,-0.0,-0.0,-0.1917729138785339,-10.611576699826287,-0.0003173405356891202,0.0,-0.0,-0.0,-0.0,-0.0,-0.0,0.0,0.0,-0.0,-0.0,-0.0,0.0,0.0,0.0,-267.57038428126964,-0.0,-0.0,-0.0,-0.0,-0.0,-0.0,-0.0,-0.0,-0.0,-0.0,-0.0,-0.0,-0.0,-0.0,-0.0,-0.0,-0.0,-0.0,0.0,-0.9477291587688086,-0.0,-0.0,-0.0,-0.0,-0.0,-0.0,-0.0,-0.0,-0.0,-0.0,-0.0,-0.0,-0.0,-0.0,-0.0,-0.0,-0.0,-0.0,-0.0,-0.0,-0.0,-0.005113800273256566,-0.0,-0.0,-0.0,-0.0,0.0,-0.0,-0.0,-0.0,0.0,-0.0,-0.0,-0.0,-0.0,-0.0,-0.0,-0.0,-0.0,0.0,19.670845812960494,-0.0,-0.0,-0.0,-0.0,-0.0,-0.0,-0.0,-0.0,-0.0,-0.0,-0.0,-0.0,-0.0,-2.4561960966650175e-5,-0.0,-0.0,-0.0,-0.0,0.0,-0.0,-0.24779088701595403,-0.0,-0.0,-0.0,-0.0,-0.0,-0.0,0.0,-0.0003350251475851083,-0.0,-0.0,0.0,0.0,0.0,0.0,0.0,0.0,0.0,0.0,0.0,0.0,0.0,0.0,0.0,0.0,0.0,0.0,0.0,-0.0,0.0,0.0,0.0,0.0,0.0,-0.0,0.0,0.0,0.0,0.0,0.0,0.0,0.0,-0.0,0.0,0.0,-0.0,0.0,0.0,0.0,0.0,0.0,0.0,0.0,0.0,0.0,0.0,0.0,0.0,0.0,0.0,0.0,-0.000696577213014199,0.0,0.0,0.0,0.0,0.0,0.0,0.0,0.0,-0.0,0.0,0.0,-0.0,0.0,0.0,0.0,0.0,0.0,0.0,0.0,0.0,0.0,-0.0,0.0,-0.0,0.0,0.0,-0.0,0.0,0.0,-0.0,0.0,-0.0,0.0,0.0,0.0,0.0,0.0,-0.0,0.0,0.0,-0.0,0.0,0.0,0.0,-0.0,0.0,0.0,0.0,-0.0,0.0,0.0,0.07646040201074333,0.0,0.0,0.0,0.0,0.0,0.0,0.0,0.0,0.0,0.0,0.0,-0.0,0.0,0.0,0.0,0.0,0.0,0.0,-0.0,0.0,0.0,0.0,-0.0,0.0,0.0,0.0,0.0,0.07646040201074333,0.0,0.0,0.0,0.0,0.0,0.0,0.0,-0.0,0.0,-0.0,0.0,-0.0,0.0,0.0,-0.0,0.0,0.0,0.0,0.0,-0.0,0.0,0.0,0.00022105764869985157,0.0,-0.0,0.0,0.0,0.0,0.0,0.0,0.07646629688137535,1000.0,0.0,0.0,0.0,0.03823020100537167,0.0,0.0,0.12539175817006515,0.1477922665716501,0.0,0.0,0.0,0.0,0.0,0.0,-0.0,0.0,0.0,0.07646040201074333,0.0,0.29060926232989553,0.0,-0.0,0.0,0.0,0.29060926232989553,0.2854384783071963,0.5723683588842882,0.8589504420940917,0.0,-0.0,0.0,0.0,0.0,0.0,0.0,0.0,0.0,0.0,0.0,0.0,0.0,0.0,0.0,0.0,0.34964442675245855,0.34964442675245855,0.34964442675245855,0.0,0.0,0.0,-0.34964442675245855,-0.34964442675245855,-0.34964442675245855,0.34964442675245855,0.34964442675245855,0.2731840247417152,0.0,0.2731840247417152,-0.34964442675245855,-0.34964442675245855,0.0,-0.2731840247417152,-0.12539175817006515,0.0,0.0,0.0,0.0,0.0,0.0,0.0,0.29060926232989553,0.0,-0.0,0.0,0.0,0.0,-0.0,0.0,0.0,-0.0,0.0006572780754675956,0.0006572780754675956,4.855698960895076,4.855698960895076,-0.29060926232989553,0.0,0.0,0.0,-0.0,0.0,0.0,0.0,0.0,1000.0,-997.421030450204,0.0,0.0,0.0,0.07389613328582505,0.0,0.0006612079892222308,-0.0,0.0,1000.0,-0.0,-1000.0,-0.44016507769894114,0.0,3.7993460034688953,-1000.0,0.0,-0.0,0.0,0.0,999.9842204137966,0.0,0.027301110853651004,0.0,0.0,0.0,0.0,0.0,0.0,0.0,0.04095166628047651,0.0,0.2435288955490209,0.2937974048633567,0.44016507769894114,0.2937974048633567,0.0,-1000.0,0.0,0.0,0.0,0.0,-0.0,-0.0,0.0,-1000.0,1000.0,0.0,0.0,0.0,0.0,-0.0,0.0,0.0,0.0,0.0,-0.0,0.0,-0.0,0.0,0.0,1.9649568773320136e-6,0.0,0.0,0.0,0.0,0.0,0.0,0.0,0.0,0.0,0.0,0.0,0.0,0.0,0.0,0.0,0.0,0.0,0.0,0.0,0.0,0.0,0.0,0.0,0.06269587908503257,0.0,0.07389613328582505,0.0,-0.0,0.0,0.0,0.0,0.0,-0.29060926232989553,0.0,0.0,-0.0,-0.0,-0.0,-0.0,0.00044015034052236057,0.5332431200212813,0.44016507769894114,0.0,0.0,0.0,1.9649568773320136e-6,0.0,0.0,0.0,0.00021909269182251954,0.0,0.0,0.0,0.0,0.0,0.0,0.0,-0.0,0.0,0.0,0.05584702188909182,0.07389613328582505,0.05584702188909182,0.0,0.0,0.0,0.0005659075806720981,0.3249989551185218,0.0,1.0503441192953,0.0,0.0,0.0,0.002238085883281174,-1000.0,0.0,0.0,-2.876381492835237,0.0,0.0,0.0,0.0,0.0,-0.0,0.0,0.0,0.0,0.0,0.0,0.0,0.0,0.0,0.6156082174484173,0.0,0.0,-0.0,0.0,0.0,3.15,0.0,0.0,0.0,0.0,0.0,0.0,0.09307804232234018,55.80046600349223,0.0,0.0,0.0,0.0,0.0,0.0,0.0,0.00011986236951725283,0.0,0.00011986236951725283,0.00011986236951725283,0.2435288955490209,0.0,0.0,0.0,0.0,0.0,0.0023471409899730906,0.0,1.9649568773320136e-6,0.0,0.0004381853836450391,0.0,0.0,0.0,0.0,0.0,0.0,0.0,0.0,0.0,0.0,0.0,0.0,0.0,0.0,0.0,0.0,0.0,0.0,999.9948861997267,0.31771780740956795,0.0,0.37444120006594994,0.00021909269182251954,0.005113800273306879,0.0,0.0,0.0,0.0,0.0,0.0,-1000.0,0.0,0.0,0.0,0.0,0.0,0.0,0.0,0.0,0.0,0.0,0.0,0.0,0.0,0.0,0.0,0.0,0.0,0.0,0.0,0.0,-19.670845812960494,0.0,0.0,0.0,0.0,-19.670845812960494,0.0,0.0,0.0,0.0,0.0,2.4561960966650175e-5,0.0,2.4561960966650175e-5,0.0,0.0,0.0,0.002556900136628283,0.005113800273256566,0.0,0.0,0.0,0.0,0.0,0.0,0.0,0.0,0.0,0.0,0.0,0.0,0.0,0.0,0.0,0.0,0.0,0.0,0.0,0.0,0.0,0.0,0.0,0.0,0.0,0.2435288955490209,0.0,0.15121423897352376,0.0,0.0,0.0,0.00023972473903450565,0.00021909269182251954,0.0,0.0,0.0,0.0,0.0,0.0,0.0,0.0,0.0,0.0,0.0,0.0,0.0,0.0,1000.0,35.14032988591632,-1000.0,0.0,0.0,0.0,0.0,-1000.0,0.0,1000.0,-1000.0,0.0,0.0,1000.0,0.0,4.855698960895076,0.0,0.17773526194687447,0.0,0.0,0.0,0.0,0.0,0.0,0.0,0.0,0.0,-0.0,-1000.0,0.0,0.0,0.0,0.0,-0.1477922665716501,0.0,1000.0,0.0,0.0,0.0,0.15771235136686074,0.0,0.0,0.0,0.0,0.0,-0.0,0.0,0.000696577213014199,0.000696577213014199,0.0,0.29060926232989553,0.013650555426825502,1.734723475976807e-18,0.0,0.0,-0.0,0.0,0.29060926232989553,0.0,0.0,0.33714828349106557,0.0,0.3644493943447166,0.0,0.0,0.0,0.0,0.0,-0.0,0.0,0.0,0.0,0.0,0.0,0.06269587908503257,0.07389613328582505,0.0,0.0,0.0,0.0,0.0,0.0,0.0,0.0,0.0008763707672900782,0.0,0.0,0.37444120006594994,0.0,0.0,0.0,1.9649568773320136e-6,0.0,0.0,0.0,-1.0503441192953,0.0,0.0,0.8589504420940917,0.2854384783071963,0.0,0.0,0.0,0.8639495696700537,0.0,0.0,0.0,0.0,0.0,0.0,0.0006572780754675956,0.0006572780754675956,0.0,0.0,0.0,0.0,0.3644493943447166,0.3644493943447166,0.026364808901602334,0.0,0.0,0.0005659075806720981,0.0005659075806720981,0.0,0.0006572780754675956,0.0,0.0,0.0,0.0,0.0,0.0,0.0,0.0,-0.0,0.0,0.0006572780754675956,-0.0,0.0,0.0,0.0,0.0,0.0,0.3249989551185218,0.0,0.0,0.025707530826134736,-0.3249989551185218,0.0,0.0004381853836450391,0.0006572780754675956,0.0,0.0,0.0,0.0,0.00044015034052236057,-0.0,0.0,0.23683134003263429,0.0,0.0,0.0,0.0,0.37444120006594994,0.0,0.0,0.37444120006594994,0.0023471409899730906,0.0,0.00278532637361813,0.0,0.0,0.0,0.0,0.0,-0.0,0.00021909269182251954,0.0,0.0,0.0,0.0,0.00027312900594914997,0.0,0.0011735704949865453,0.0,0.0,0.0,0.0,0.0,0.0,0.0,0.0,0.0,0.0,0.0,0.0,0.0,0.0,0.0,0.0,0.0,0.0,0.34964442675245855,0.34964442675245855,0.34964442675245855,0.0,0.0,0.0,0.0,0.0,0.0,0.0,0.34964442675245855,0.34964442675245855,-0.0,0.2731840247417152,0.2731840247417152,0.0,0.0,0.0,0.0,0.0,0.0,0.0,0.0,0.0,0.0,0.0,-0.0,0.0,0.0,0.0,0.0,1.9649568773320136e-6,0.0,14.585868708954733,0.0,0.0,0.0,0.0,0.0,0.0,1.9649568773320136e-6,2.147589794295638,0.0,0.0,0.0,0.0,0.0,0.0,0.0,0.0,0.0,0.0,0.0,0.0,0.0,249.99605510344915,0.0,0.0038355958245520905,0.0,0.8639495696700537,0.0,0.0,0.0,0.0,0.0,0.0,0.0,0.0,0.007671191649104181,0.0,0.0,0.0,0.0,0.0,0.00021909269182251954,0.0,0.0,0.0,0.0,0.0,0.0,0.0,0.0,-0.0,0.0,0.07646040201074333,0.0,0.0,0.0,0.0,0.0,0.0,0.12539175817006515,0.3256562331939894,0.0,0.0,0.0,0.0,0.0,0.0,0.0,