{"objective_value":0.982478438666005,"time_limit":1800,"thermo_feasible":false,"dual_bound":0.982478438666005,"solution":[-0.0,-0.0,0.0,-0.0,-0.0,0.00021909269182251914,-0.0,0.00022105764869985114,0.0,1.9649568773320102e-6,0.0,-0.0,0.00044015034052238833,-0.0,-0.0,-0.0,-0.0,-0.0,-0.0,-0.0,-0.0,0.0,0.0,0.9824784386660051,-0.0,-0.0,-0.0,-0.0,-0.0,-0.0,0.0,-0.0,-0.0,0.0,0.0,-0.0,-0.0,-0.0,-0.0,-0.0,-0.0,-0.0,-0.0,-0.0,-0.0,-0.0,-0.0,-0.0,-0.0,-0.0,-0.0,-0.0,-0.0,-0.0,-0.0,-0.0,-0.005113800273306879,-0.0,-0.0,-0.0,-0.0,0.0,-0.0,-0.0,-0.0,-0.0,-0.0,-0.0,-0.0,0.0,-0.0,-0.0,-0.0,-0.0,-0.0,-0.0,-0.0,-0.0,-0.005113800273256556,0.0,-0.0,19.67084581296048,-2.4561960966650127e-5,-0.0,-0.0,-0.0,0.0,0.0,-0.0,0.0,-0.0,-0.0,-0.0,0.0,0.0,-0.0,0.0,-0.0,0.0,-0.0,-0.0,-0.0,0.0,0.0,0.0,-0.0,-0.0,-0.0006965772130141976,-0.0,-0.0,-0.0,-0.0,-0.0,-0.0,-0.0,-0.0,-0.0,-0.0,-0.0,-0.0,-0.0,-0.0,-0.0,-0.0,-0.0,-0.0,-0.0,-0.0,-0.0,-0.0,-0.0,-0.0,-0.0,-0.0,-0.0,-0.0,-0.0,-0.0,-0.0,-0.0,1.9649568773320102e-6,-0.0,-0.0,-0.0,-0.0,-0.0,0.0,-0.0,-0.0,-0.0,-0.0,-0.0,-0.008523000455427593,0.0,-0.0,0.0,-0.0,-0.0006788926011182095,0.0,-0.0,0.0,-0.0,-0.00012673971858791466,-0.0,-0.0,-0.0,-0.0,-0.0,-0.0,-0.0,-0.0,-0.0,-0.0,-10.611576699826317,0.0,-0.00031734053568911963,-0.015779586203414707,0.0,0.0,-0.0,-0.0,-0.0,-0.0,-0.0,-0.0,0.0,0.0,-17.574329177820463,-0.0,-0.0,-0.0,-0.0,-0.0,-0.0,-0.0,-0.0,-0.0,-0.0,-0.0,-0.0,-0.0,-0.0,-0.0,-0.0,-0.0,-0.0,-0.0,-0.0,-0.0,-0.0,-0.0,-0.0,-0.0,0.0,-0.0,-0.9477291587688299,-0.0,-0.0,-0.0,-0.0,-0.0,-0.0,-0.0,-0.0,-0.0,-0.0,-0.0,-0.0,0.0,-0.0,-0.0,-0.0,-0.0,-0.0,-0.0,-0.0,-0.0,-0.0,-0.0,-0.0,-0.0,-0.0,-0.0,-0.0,-0.0,-0.0,-0.0,-0.0,-0.0,-0.0,-0.0,-0.0,-0.0,-0.0,-0.0,-0.0,-0.0,0.0,-0.0,-0.0,-0.0,-0.0,-0.0,-0.0,-0.0,-0.0,-0.0,-0.0,-0.0,-0.0,-0.0,-0.0,-0.0,-0.0,-0.0,-0.00033502514758510773,-0.0,-0.0,-0.0,-0.24779088701595264,0.0,0.0,0.0,-0.0,0.0,-0.0,0.0,-0.0,0.0,0.0,0.0,0.0,0.0,0.0,0.0,0.0,0.0,0.0,0.0,0.0,0.0,0.0,0.0,-0.0,0.0,0.0,0.0,0.0,-0.0,0.0,0.0,0.0,-10.0,0.0,0.0,0.0,0.0,0.0,0.0,-0.0,0.0,0.0,0.0,0.0,0.0,0.0,0.0,0.0,0.0,0.0,0.0,0.0,0.0,0.0,0.0,-0.0,0.0,0.0,0.0,0.0,-0.0,0.0,0.0,-0.0,0.0,0.0,0.0,0.0,-0.0,0.0,0.0,0.0,0.0,0.07646040201074318,0.0,0.0,0.0,0.0,0.0,0.0,0.0,0.0,0.0,0.0,-0.0,0.0,0.0,0.0,0.0,0.0,0.0,-0.0,0.0,0.0,0.0,0.0,0.0,0.0,0.07646040201074318,0.0,-0.0,0.0,0.0,0.0,-0.0,0.0,0.0,0.0,0.0,0.0,0.0,0.0,0.0,0.0,0.0,-0.0,0.0,0.0,0.0,0.0,0.0,0.0,0.0,0.0,0.0,-0.0,0.0,0.0,0.0,0.0,0.0,0.0,0.0,0.0,0.0,0.0,0.0,0.0,0.00022105764869985114,0.0,-0.0,0.0,-0.0,0.03823020100537159,0.0,0.0,-1000.0,0.1253917581700649,-0.0,0.14779226657164982,0.0,0.3496444267524578,0.3496444267524578,-0.0,0.3496444267524578,0.3496444267524578,0.0,0.07646040201074318,-0.0,0.0,0.0,0.3496444267524578,0.27318402474171466,0.27318402474171466,0.0,0.0,0.0,0.0,0.0,-0.0,0.0,0.0,0.0,0.0,-0.0,0.0,0.0,0.0,0.0,0.0,0.0,-0.0,0.0,0.0,0.07646629688137513,0.0,0.0,-0.0,0.0,0.0,-0.0,4.855698960895078,4.855698960895078,0.0,-0.0,0.0,0.0,0.0,0.0,0.0,-0.2906092623298949,0.0,0.0,0.0,0.06269587908503245,0.07389613328582491,0.2906092623298949,0.0,0.2906092623298949,9.027239829461596,0.28543847830719576,0.0,0.0,-996.0104782959835,996.5828466548678,0.8589504420940892,0.0,-0.0,0.0,0.0,0.0,-1000.0,45.61786951321822,1000.0,0.0,-0.0,0.0,0.0,0.0,0.0,0.0,0.0,0.0,0.0006572780754676216,0.0006572780754676216,0.0,0.0,0.0,0.0,-0.3496444267524578,-0.3496444267524578,-0.06075057177667986,-0.3496444267524578,-0.0,999.2232279844297,0.0,-0.3496444267524578,-0.3496444267524578,0.0,0.0,0.0,-0.27318402474171466,-0.1253917581700649,0.0,0.0,0.0,0.0,0.0,-0.0,0.0,0.0,0.2906092623298949,0.0,0.0,0.0,-0.0,0.0,0.0,0.0,0.0,-0.0,0.0,0.0,0.0006612079892222254,0.24352889554901952,0.0,-0.0,0.0,0.2937974048633661,0.44016507769895025,0.06269587908503245,0.2937974048633661,-0.0,0.0,0.07389613328582491,0.0,-0.0,0.0,-0.2906092623298949,-0.0,0.0,0.0,0.0,-0.0,0.0,0.0,0.00044015034052238833,0.5332431200212903,-0.0,-0.0,0.0,0.0,0.44016507769895025,-0.44016507769895025,3.7993460034688957,0.0,0.0,-0.0,0.0,0.0,0.0,0.0,0.0,0.02730111085365095,-0.0,0.0,0.0,0.0,-0.0,0.04095166628047642,0.0,-1000.0,0.0,0.0,1.9649568773320102e-6,0.0,0.00021909269182251914,0.0,0.0,0.0,0.0,-0.0,0.0,0.0,1000.0,-1000.0,0.0,0.0,0.0,0.0,-0.0,0.05584702188909172,0.0,0.0,0.05584702188909172,0.0,0.0,1.9649568773320102e-6,0.0,0.0,0.0,0.0,-0.0,0.0,0.0,0.0,0.0,0.0,0.0,0.0,0.0,0.0,0.0,0.0,0.0,0.06269587908503245,-0.0,0.07389613328582491,0.0,0.0,0.0,0.0,0.0,0.0,0.0,-0.19177291387853354,0.0,0.0,0.0,0.0,0.0,0.0,0.0,0.0,0.0,-0.0,0.0,0.0,0.0,-0.0,0.0,0.00043818538364503827,0.0,-0.0,0.0,-0.0,0.0,0.0,-0.0,-0.0,0.0,-0.0,0.0,0.0,0.0,-0.0,0.0,0.0,0.0,0.0,-1.050344119295298,0.0,0.0,0.0,0.0,0.0,0.0,0.0,0.0,0.0,0.0,0.0,0.0,0.0,0.23683134003263387,0.0,0.0,0.0,-1000.0,0.0,0.0,1000.0,0.2906092623298949,0.2906092623298949,0.0,0.0,0.0,0.0,0.0,0.0005659075806711226,0.3249989551185211,1.050344119295298,0.0,0.0,0.0,0.0,0.0,0.0,0.0,0.0,0.0,0.0,0.00223808588328117,0.0,-2.8763814928352502,0.0,0.0,0.0,0.0,0.0,0.0,0.0,0.0,-0.0,0.0,0.0,0.0,0.0,0.0,0.0,0.0,0.0,999.9948861997267,0.0,0.0,0.005113800273306879,0.0,0.0,0.0,-0.0,0.0,3.15,0.09307804232233999,55.80046600349223,0.0,0.0,0.0,0.0,0.002556900136628278,0.005113800273256556,0.0,0.0,0.0,0.0,-19.67084581296048,-19.67084581296048,0.0,0.0,0.00011986236951725262,0.00011986236951725262,0.00011986236951725262,0.24352889554901952,2.4561960966650127e-5,0.0,0.0,0.0,1.9649568773320102e-6,0.0,0.0,-0.0,2.4561960966650127e-5,0.0,0.0,0.0,0.0,0.0,0.0,0.0,0.0,-1000.0,0.0,0.0,0.0,1000.0,0.0,0.0,0.0,0.0,0.0,0.0,4.855698960895078,0.0,-1000.0,0.0,0.00023972473903450525,0.00021909269182251914,0.0,0.0,0.0,0.0,0.0,-0.0,0.0,0.0,0.0,0.0,-0.14779226657164982,0.0,0.0,0.0,0.0,1000.0,0.0,0.0,0.15771235136686046,0.0,-0.0,0.0,0.0,0.0,0.0006965772130141976,0.0,0.0,0.0006965772130141976,0.0,0.0,0.0,0.0,0.0,0.0,0.0,0.0,-0.0,0.0,0.0,0.0,0.0,0.0,0.0,0.0,0.0,0.013650555426825474,0.0,0.0,0.0,0.0,0.0,0.24352889554901952,0.0,0.0,0.33714828349106496,0.3644493943447159,0.0,0.0,0.1512142389735235,0.0,0.0,0.6156082174484161,0.0,0.0,0.0,0.0,0.0,0.0,0.0,0.0,0.06269587908503245,0.07389613328582491,0.0,0.0,0.0,0.0,0.0,35.14032988591636,0.0,0.0,0.0008763707672900765,0.0,0.0,-0.0,1.9649568773320102e-6,0.0,0.0,0.0,0.0,0.17773526194687317,0.0,0.0,0.0,0.0,0.0,0.0,0.0,0.0,0.0,0.0,0.0,0.0,0.0,0.0,0.0,0.0,0.0,-1000.0,0.3744412000659492,0.0,0.0,0.0,0.0,0.0,0.0,0.0,-0.0,0.0,0.0,0.0,0.8589504420940892,0.28543847830719576,0.0006572780754676216,0.0,0.3249989551185211,0.0,0.8639495696700409,0.0,0.0,0.0,-0.3249989551185211,0.00043818538364503827,0.0006572780754676216,0.0,0.0,0.00044015034052238833,0.0,-0.0,0.0,0.3644493943447159,0.0,0.0,0.0,0.3744412000659492,0.3644493943447159,0.02636480890160231,0.0006572780754676216,0.3744412000659492,0.0,0.0,0.0,0.0,0.0,0.0,0.0,0.0,0.0,0.0,0.0,0.00027312900594914937,0.002347140989973086,0.0,0.0,0.002347140989973086,0.002785326373618124,-0.0,0.0,0.0,0.0,0.0,0.0,0.00021909269182251914,0.0,0.0,0.0,0.0006572780754676216,0.0,0.0006572780754676216,0.0,0.0,0.0,0.0,0.0,0.0,0.0,0.0,0.0,0.0,0.0,0.0,0.0,0.0,0.0,0.0,0.0,0.0005659075806711226,0.0005659075806711226,0.0,-0.0,0.0,-0.0,0.0,0.0,0.0,0.0,0.0,0.0,0.0,0.0,0.0,0.0,0.0,0.0,0.0,0.0,0.0,0.0,0.0,0.025707530826134688,0.0,0.002347140989973086,0.0,0.0,0.0,0.0,0.0,0.0,0.0,0.0,0.3496444267524578,0.0,0.0,0.3496444267524578,0.0,0.3496444267524578,0.3496444267524578,0.0,0.0,0.0,0.3496444267524578,0.0,0.27318402474171466,0.27318402474171466,0.0,0.0,0.0,0.0,0.0,0.0,0.0,0.0,0.0,0.0,0.8639495696700409,0.0,0.0,0.0,0.0,0.0,0.0,1.9649568773320102e-6,0.0,14.585868708954715,0.0,0.0,0.0,0.0,0.0,0.0,0.0,0.0,0.0,0.0,0.0,0.0,1.9649568773320102e-6,0.0,0.0,0.07646040201074318,0.0,0.0,0.0,0.1253917581700649,0.14779226657164982,0.0,0.0,0.0,0.0,0.0,0.0,0.0,0.0,0.0,0.0,0.0,0.0,0.015779586203414707,0.0,0.0,0.015779586203414707,0.31771780740956734,0.0,0.0,0.0,0.0,0.0,0.0,0.0,0.3744412000659492,0.0,0.0,0.0,0.0,0.0,0.0,2.1475897942956337,0.0,0.00021909269182251914,0.0,0.0,0.0,0.0,0.0,0.0,0.0,0.0,0.0,0.0,0.0,6.919561748018546,0.0,0.0,0.0,0.0,0.0,0.0,0.0,0.0,0.0,0.0,