{"objective_value":0.9824784386669358,"time_limit":1800,"thermo_feasible":false,"dual_bound":0.9824784386669358,"solution":[0.0,-0.0,-0.0,-0.0,-0.0,0.00021909269182272668,-0.0,-0.0,-0.0,-0.0,-0.0,-0.0,-0.0,0.0,-0.0,-0.0,-0.0,-0.0,-0.0,-0.0,0.00022105764870006053,-0.0,0.0,-0.0,-0.0,-0.0,1.9649568773338716e-6,-0.0,0.0,0.0,0.0,0.0,0.00044015034052280466,-0.0,-0.0,-0.0,-0.0,-0.0,-0.0,-0.0,-0.0,-0.005113800273306879,-0.0,-0.0,-0.0,-0.0,-0.0,-0.0,-0.0,-0.0,0.0,-0.0,-0.0,-0.0,-0.0,-0.0,-0.0,-0.0,-0.0,-0.0,-0.0,-0.0,-0.0,-0.0,-0.0,-0.005113800273261402,0.0,-0.0,-0.0,-0.0,-0.0,0.0,-0.0,-0.0,-0.0,-0.0,-0.0,-0.0,-0.0,-10.0,-0.0,-0.0,-0.0,-0.0,-0.0,-0.0,-0.0,-0.0,19.670845812973898,-2.4561960966673397e-5,0.0,0.0,0.0,0.0,-0.0,-0.0,-0.0,-0.0,-0.0006965772130148576,-0.0,-0.0,-0.0,-0.0,-0.0,-0.0,-0.0,-0.0,-0.0,-0.0,-0.0,-0.0,-0.0,-0.0,-0.0,-0.0,-0.0,-0.0,-0.0,-0.0,-0.0,-0.0,-0.0,-0.0,-0.0,9.027239829431437,-8.881784197001252e-16,0.0,-0.0,-0.0,-0.0,-0.0,-0.0,-0.0,45.617869513195224,-0.0,-0.0,0.0,-0.0,0.0,-0.0,0.982478438666936,-0.0,0.0,0.0,-0.0,0.0,0.0,0.0,-0.0,-0.0,-0.0,-0.0,-0.0,-0.0,-0.0,-0.0,-0.0,-0.0,-0.0,-0.015779586203429653,-0.0,-0.0,-0.0,-0.0,0.0,0.0,-0.0,0.0,-0.0,0.0,-0.0,-0.0,-0.0,-0.19177291387871523,0.0,0.0,0.0,0.0,0.0,0.0,-0.0,-0.0,-0.0,-0.0,-0.0,-0.0,-0.0,-0.0,-0.0,0.0,0.0,-0.0,-0.0,-0.0,-0.0,-0.0,-0.0,-0.0,-0.0,-0.0,-0.0,-0.0,-0.0,-0.0,-0.0,-0.0,1.9649568773338716e-6,-0.0,-0.0,-0.0,-0.0,-0.0,-0.0,-0.0,-0.0,-0.0,-0.0,-0.00852300045543567,0.0,-0.0,-0.0,-0.0,-0.0,-0.0,-0.0,-0.0,-0.0,-0.0,-0.0006788926011188527,-0.0,-0.00012673971858803473,-0.0,-0.0,-0.0,-0.0,-0.0,0.0,-0.0,-0.0,-0.0,-0.0,-0.0,-0.0,-10.61157669981157,-0.0003173405356894203,0.0,-0.0,-0.0,-0.0,-0.0,-0.0,-0.0,0.0,0.0,-0.0,-0.0,-0.0,-0.0,-0.0,-0.0,-0.0,-0.0,-0.0,-17.574329177819163,-0.0,-0.0,-0.0,-0.0,-0.0,-0.0,-0.0,-0.0,-0.0,-0.0,-0.0,-0.0,-0.0,-0.0,-0.00033502514758542513,0.0,0.0,0.0,-0.0,-0.9477291587592476,-0.0,0.0,0.0,0.0,-0.0,0.0,0.0,0.0,-0.0,-0.0,-0.0,-0.0,-0.0,-0.0,-0.0,-0.0,0.0,0.0,0.0,0.0,0.0,0.0,0.0,-0.0,-0.0,-0.0,-0.0,-0.0,-0.0,0.0,0.0,0.0,-0.0,-0.0,0.0,0.0,0.0,-0.0,0.0,-0.0,-0.0,0.0,0.0,-0.0,-0.0,-0.0,-0.0,-0.0,0.0,0.0,0.0,0.0,-0.0,0.0,-0.0,0.0,0.0,-0.0,-0.0,-0.24779088701618748,-0.0,-0.0,0.0,0.0,0.0,-0.0,-0.0,-0.0,-0.0,0.0,-0.0,-0.0,0.0,-0.0,-0.0,-0.0,-0.0,0.0,0.0,0.0,0.0,0.0,0.0,-0.0,0.0,0.0,0.0,-0.0,0.0,0.0,-0.0,0.0,0.0,0.0,-0.0,0.0,0.0,0.0,0.0,0.0,0.0,-0.0,0.0,0.0,0.0,0.0,0.0,0.0,0.0,0.0,0.0,0.0,0.07646040201081562,0.0,0.0,0.0,0.0,0.0,0.0,0.0,0.0,0.0,-0.0,0.0,0.0,0.0,0.0,0.0,0.0,0.0,0.0,0.0,0.0,0.0,0.0,0.0,0.0,0.0,0.0,0.0,0.0,0.00022105764870006053,0.0,0.0,0.0,0.0,0.0,0.0,0.0,0.0,0.0,0.03823020100540781,0.0,0.0,0.07646629688144763,0.0,0.1253917581701837,0.14779226657178982,0.0,0.0,0.0,996.7163176298478,0.0,0.07646040201081562,0.0,0.0,0.0,0.0,0.0,0.0,0.0,0.0,0.0,0.0,0.0,0.0,0.0,0.0,0.0,0.0,0.0,0.0,0.0,0.0,0.0,0.0,0.0,0.0,0.3496444267527891,0.0,0.0,0.0,0.3496444267527891,0.3496444267527891,0.0,0.3496444267527891,0.3496444267527891,0.0,0.0,0.0,0.0,0.2731840247419735,0.2731840247419735,-0.0,0.0,0.0,0.0,0.0,0.07646040201081562,0.0,0.0,0.0,0.0,0.0,0.0,0.0,0.0,0.0,0.0,0.0,0.0,0.0,0.0,0.0006572780754681034,0.0,0.0006572780754681034,0.0,0.2906092623301703,0.0,0.0,1000.0,-997.4210304502114,0.2906092623301703,0.0,0.0,0.28543847830746616,0.0,0.0006612079892228519,0.0,0.5723683588848284,0.027301110853676817,0.0,0.0,0.0,0.0,0.0,0.0,0.8589504420949029,0.04095166628051522,0.0,0.0,0.0,0.0,0.0,0.0,0.0,0.2435288955492503,-1000.0,0.0,0.293797404858685,0.44016507769440766,0.293797404858685,0.0,0.0,0.0,1000.0,-1000.0,-0.0,0.0,0.0,0.0,0.0,0.0,0.0,0.0,0.0,0.0,-0.0,0.0,0.0,-0.0,0.0,-0.0,0.0,0.0,0.0,0.0,0.0,0.0,0.0,0.0,0.0,0.0,0.0,0.0,0.0,0.0,0.0,0.0,0.0,0.0,0.0,0.0,0.0,0.0,0.0,0.06269587908509185,0.0,0.0,-0.0,0.0,0.0,0.07389613328589491,0.0,0.0,0.0,-0.2906092623301703,0.0,0.0,-0.0,-0.0,0.00044015034052280466,0.5332431200168358,0.44016507769440766,-0.44016507769440766,3.799346003470906,-0.0,-0.0,0.0,0.0,0.0,0.0,1.9649568773338716e-6,0.0,0.0,0.00021909269182272665,0.0,-0.3496444267527891,0.0,0.0,0.0,0.0,0.0,0.0,0.0,-0.3496444267527891,0.0,0.0,0.0,-0.3496444267527891,0.0,0.0,0.0,0.05584702188914464,0.05584702188914464,0.0,0.0,0.0,0.0,0.0,1.9649568773338716e-6,-0.3496444267527891,0.0,0.0,0.0,0.00043818538364545336,0.0,0.0,0.0,-0.3496444267527891,0.0,0.0,0.0,-0.2731840247419735,0.0,0.0,0.0,-0.1253917581701837,0.0,0.0,0.00223808588328329,0.0,0.0,0.0,0.0,0.0,0.0,0.2906092623301703,0.0,0.0,0.0,0.0,-1000.0,0.0,0.0,0.0,0.0,1000.0,0.2906092623301703,-2.8763814928280564,0.0,0.0,0.2906092623301703,-0.0,0.0,0.0,0.0,0.0,-0.0,0.0,0.0,0.0,0.0,0.0,-1.0503441192962932,0.0,4.855698960898086,0.0,0.0,0.0,0.0,0.0,0.0,0.0,-0.0,0.0,3.15,0.09307804232242818,55.80046600349564,0.2368313400328582,0.0,0.0,0.0,4.855698960898086,0.0,0.0,0.0,0.0,0.0,0.0,-0.2906092623301703,0.0,0.000565907580671765,0.32499895511882904,0.00011986236951736618,0.00011986236951736618,0.0,0.00011986236951736618,0.2435288955492503,0.0,0.0,1.9649568773338716e-6,1.0503441192962932,0.0,0.0,0.0,0.0,0.0,0.0,0.0,0.0,0.0,0.0,0.0,0.0,0.0,0.0,0.0,0.0,0.0,0.0,999.9948861997267,0.005113800273306879,0.0,0.0,0.0,0.0,0.0,0.0,0.0,0.0023471409899753094,0.0,-1000.0,0.0,0.0,0.0,0.0,0.0,0.0,0.0,0.0,0.0,0.0,0.0,0.0,0.0,0.0,0.0,0.0,0.0,0.6156082174489994,0.0,0.0,0.3177178074098684,0.3744412000663039,0.0,0.0,0.0,0.00021909269182272665,0.0,0.0,0.0,0.0,0.0,0.0,0.0,0.0,2.4561960966673397e-5,0.0,0.0,2.4561960966673397e-5,0.0,0.0,0.0,0.0,0.0,0.0,0.0,0.0,0.0,0.0,0.0,0.0,0.0,0.0,0.0,0.0,0.0,0.0,0.0,0.0,0.0,0.0,0.0,0.0,0.0,0.0,0.0,0.0,0.0,0.00023972473903473236,0.0,0.002556900136630701,0.00021909269182272665,0.005113800273261402,0.0,0.0,0.0,0.0,0.0,0.0,0.0,0.0,0.0,0.0,0.0,-19.670845812973898,0.0,-19.670845812973898,0.2435288955492503,0.0,0.0,0.0,0.0,1000.0,0.0,0.0,-1000.0,0.0,0.0,0.0,0.0,1000.0,0.0,0.0,0.15121423897366673,0.0,0.3744412000663039,4.855698960898086,0.0,0.0,0.0,0.0,0.0,0.0,0.0,0.0,-0.0,0.0,0.0,0.8589504420949029,0.28543847830746616,8.881784197001252e-16,8.881784197001252e-16,0.0,0.0,0.0,-0.14779226657178982,0.0,0.1577123513670099,0.0,-0.0,0.0,0.0,0.0,0.0,0.0,0.36444939434506124,0.0,0.0006965772130148576,0.0,0.0006965772130148576,0.0,0.36444939434506124,0.026364808901627148,0.0006572780754681034,0.0,0.0,0.0,0.0,0.0,-0.0,0.0,0.0,0.0,0.0,0.0006572780754681034,0.0,0.32499895511882904,0.0,0.0,0.0,0.0,0.0,-0.32499895511882904,0.0,0.00043818538364545336,0.0,0.0,0.0,0.0006572780754681034,0.00044015034052280466,0.0,0.0,35.140329885913744,0.000565907580671765,0.000565907580671765,0.0,0.0,0.3744412000663039,0.0,0.0,-0.0,0.0,0.0,0.0,0.0,0.3744412000663039,0.0,0.0,0.0,0.0,0.0,0.0,0.0,0.0,0.0,0.0,0.0,0.00027312900594940806,0.0023471409899753094,0.0,0.0,0.0,0.0,0.025707530826159043,0.0,1000.0,0.0,0.0,0.0,0.0,0.0,0.0,0.0006572780754681034,0.0006572780754681034,0.0,0.0,0.0,0.0,0.0,0.0,0.0023471409899753094,0.17773526194704165,0.002785326373620763,-0.0,0.0,0.00021909269182272665,0.0,0.0,0.0,0.0,0.3496444267527891,0.0,0.0,0.2731840247419735,0.2731840247419735,0.0,0.0,0.0,0.0,0.0,0.0,0.0,0.0,0.0,0.0,0.0,0.0,0.0,1.9649568773338716e-6,0.0,0.0,0.0,0.0,0.0,0.0,14.58586870896627,0.0,0.0,0.0,0.0,0.0,0.0,0.0,0.0,1.9649568773338716e-6,0.0,0.0,0.0,0.0,-1000.0,0.0,0.0,0.0,0.0,0.0,0.0,0.0,0.0,0.0,0.0,0.0,0.0,0.0,-8.881784197001252e-16,0.0,0.0,0.0,0.0,0.0,0.0,0.0,0.0,0.3496444267527891,0.0,0.0,0.0,0.3496444267527891,0.0,0.3496444267527891,0.0,0.0,0.3496444267527891,0.0,0.0,0.0,0.0,0.07646040201081562,0.0,0.0,0.0,0.1253917581701837,0.14779226657178982,0.0,7.783511317690769,0.0,0.0,0.0,0.0,0.0,0.0,0.0,0.0,0.0,0.00021909269182272665,0.0,0.0,0.0,0.0,0.0,0.0,0.0,0.0,0.0,0.0,0.0,0.0,0.0,0.0,0.0,0.0,0.0,2.1475897942976685,0.0,0.0,0.0,0.0,0.0,0.0,0.0,0.0,0.0,0.015779586203429653,0.013650555426838408,0.015779586203429653,0.0,0.0,0.0,0.0,0.0,0.0,0.0,0.0,0.0,0.0,0.0038355958245557173,0.0,0.0,0.0,0.0,0.0,0.0,0.0,0.007671191649111435,0.0,0.0,0.0,0.0,0.0,0.0,0.0,0.00021909269182272668,0.0,0.0,0.0,0.0,-0.0,0.0,0.0,0.0,0.0,0.0,0.0,0.0,0.0,0.3371482834913844,0.0,31.01467037117308,0.0,0.0,0.0,0.0,0.0,0.0,0.0,0.0,0.0,0.0,