{"objective_value":0.9824784386659662,"time_limit":1800,"thermo_feasible":false,"dual_bound":0.9824784386659662,"solution":[-0.0,-0.0,-0.0,-0.0,-0.0,-0.0,-0.0,-0.0,-0.0,-0.0,-0.0,-0.0,-0.0,-0.0,0.0002190926918225105,-0.0,0.0002210576486998424,0.0,-0.0,1.9649568773319323e-6,-0.0,0.00044015034052236057,0.0,0.0,-0.0,0.9824784386659662,-0.0,-0.0,-0.0,-0.0,-0.0,-0.0,-0.0,-0.0,-0.0,-0.0,-0.0,-0.0,-0.0,-0.0,-0.0,-0.0,-0.0,-0.0,-0.0,-0.0,-0.0,-0.0,-0.0,-0.0,-0.0,-0.0,-0.0,-0.0,-0.0,-0.0,0.0,-0.0,-0.0,50.13148942794987,-0.0,-0.0,-0.0,-0.0,-0.0,-0.0,0.0,-0.0,-0.0,0.0,0.0,0.0,-0.0,-0.0,-0.0,-0.0,-0.0,-0.0,0.0,0.0,0.0,-0.0,-0.0,-0.0,-0.0,-0.0,-0.0,-0.0,-0.0,-0.0,-0.0,-0.0,-0.0,-9.04301941566225,9.027239829458836,0.0,0.0,-0.0,-0.0,-0.0,-0.0,-0.19177291387852594,0.0,0.0,0.0,0.0,0.0,0.0,-0.0,-0.0,-0.0,-0.0,0.0,0.0,0.0,-0.0,-0.0,0.0,-0.0,-0.0,-0.0,-0.0,-0.0,0.0,-0.0,-0.0,-0.0,-0.0,-0.0,-0.0,-0.0,-0.0,-0.0,-0.0,-0.0,-0.0,-0.0,-0.0,-0.0,-0.0,-0.0,-0.0,-0.0,-0.0,-0.0,-0.0,-0.0,-0.0,1.9649568773319323e-6,-0.0,-0.0,-0.0,-0.0,-0.0,-0.0,-0.0,-0.0,-0.0,-0.0,-0.0,-0.0,-0.0,-0.008523000455427256,0.0,-0.0,-0.0,-0.0,-0.0,-0.0,-0.0006788926011181827,-0.0,-10.0,-0.0,-0.0,-0.0,-0.00012673971858790964,-0.0,-0.0,-0.0,-0.0,-0.0,-0.0,-0.0,-0.0,-0.0,-0.0,-0.0,-0.0,-0.0,-0.0,-10.611576699826859,-0.00031734053568910705,0.0,-0.0,-0.0,-0.0,0.0,0.0,-0.0,-0.0,-19.831139135185357,-0.0,0.0,-0.0,-0.0,-0.0,-0.0,-0.0,-0.0,-0.0,0.0,-0.0,-0.0,-0.9477291587704748,-0.0,-0.0,-0.0,0.0,0.0,-0.0,-0.0,-0.0,-0.0,-0.0,-0.0,0.0,0.0,0.0,0.0,0.0,0.0,-0.0,-0.0,-0.0,-0.0,-0.0,-0.0,-0.0,-0.0,0.0,0.0,0.0,0.0,0.0,0.0,0.0,0.0,-0.0,0.0,-0.0,-0.0,-0.0,0.0,0.0,0.0,0.0,-0.0,-0.0,-0.0,-0.0,-0.0,0.0,0.0,0.0,-0.0,-0.0,0.0,-0.24779088701594335,-0.0,-0.0,-0.0,0.0,0.0,0.0,0.0,0.0,0.0,-0.0,-0.0,-0.0,0.0,-0.0,0.0,0.0,-0.0,-0.0,-0.0,-0.0,-0.0,0.0,0.0,0.0,0.0,0.0,-0.0,-0.0,-0.0,0.0,-0.0,0.0,0.0,0.0,-0.0,-0.0,-0.0,-0.0,0.0,0.0,-0.0,0.0,-0.0,0.0,0.0,0.0,-0.0,-0.0,0.0,-0.0,0.0,0.0,0.0,0.0,0.0,-0.0,-0.0,-0.0,-0.0,-0.0,-0.0,0.0,-0.0,0.0,0.0,0.0,-0.0,-0.0,-0.0,-0.0,-0.0,-0.0,0.0,-0.0,0.0,-0.0,-0.0,-0.0,0.0,-0.0,0.0,-0.0,-0.0,-0.0,-0.00033502514758509445,-0.0,0.0,0.0,0.0,0.0,0.0,0.0,0.0,0.0,0.0,-1.871548935223075e-17,-1.871548935223075e-17,0.0,0.0,-0.0,0.0,-0.0,0.0,0.0,0.0,0.0002210576486998424,0.0,0.0,0.0,-0.0,0.0,0.0,0.03823020100537008,0.0,0.0,-1.871548935223075e-17,-1.871548935223075e-17,0.0,0.0,0.0,0.12539175817005993,0.14779226657164393,0.0,0.0,0.07646040201074017,0.0,0.0,-0.0,0.0,0.0,0.0,0.0,0.0,0.0,0.0,0.0,0.0,0.0,0.0,-1.871548935223075e-17,-1.871548935223075e-17,-0.0,0.0,0.07646040201074016,0.0,0.0,0.0,0.0,0.0,0.0,0.0,0.0,0.0,0.0,-1.871548935223075e-17,0.0,0.34964442675244406,0.34964442675244406,0.34964442675244406,0.34964442675244406,-1.871548935223075e-17,-1.871548935223075e-17,-1.871548935223075e-17,0.34964442675244406,0.2731840247417039,0.0,0.0,0.07646040201074016,0.0,0.0,0.0,0.2731840247417039,0.0,0.0,0.0,0.0,0.0,0.0,0.0,-1.871548935223075e-17,-1.871548935223075e-17,-0.0,0.0,0.0,0.0,0.07646629688137213,1000.0,0.0,0.0,0.0,0.0,0.0,0.0,0.0,0.0,0.0,0.0,0.0,0.0,0.0,0.0,0.0,0.0,0.0,0.2906092623298835,0.0,0.0,0.2906092623298835,0.0,0.28543847830718444,-996.0104782959836,0.8589504420940557,0.0,0.0,0.0,0.0,-0.0,0.0,0.0,0.0,0.0006612079892222002,0.0,0.0,0.2435288955490104,-0.0,0.2937974048635472,0.44016507769912544,-0.34964442675244406,-0.34964442675244406,-0.34964442675244406,-0.34964442675244406,0.2937974048635472,-0.0,0.0,-0.34964442675244406,-0.2731840247417039,-0.12539175817005993,-0.0,0.0,0.0,0.0,0.2906092623298835,0.0,0.0,-0.0,0.0,0.0,-0.0,0.0,-0.0,4.855698960895058,-0.0,4.855698960895058,-0.2906092623298835,0.0,0.0,0.0,0.0,0.0,0.0,0.0,0.06269587908502997,0.0,-0.0,0.0,0.0,0.07389613328582197,0.0,0.0,0.0,0.0,0.0,0.0,0.0,996.5828466548679,0.0,0.0,0.0,0.0,0.0,0.0,0.06269587908502997,0.07389613328582197,0.0,-0.0,0.0,-0.2906092623298835,0.0,0.0006572780754674803,0.0006572780754674803,0.0,0.0,0.00044015034052236057,0.5332431200214618,0.44016507769912544,-0.0,-0.44016507769912544,3.799346003468919,0.0,0.0,0.0,999.1624774126534,-1000.0,0.0,0.0,0.0,0.0,0.0,0.0,0.0,0.027301110853649866,0.0,0.0,0.0409516662804748,1000.0,-1000.0,0.0,0.0,0.0,-1000.0,-0.0,0.0,0.0,0.0,-0.0,0.0,-0.0,0.0,0.0,-0.005113800273306879,0.0,0.0,0.0,0.0,0.0,0.0,0.0,0.0,0.0,0.0,0.0,0.0,0.0,-0.0,0.0,0.0,0.0,-0.0,0.0,0.0,0.0,0.0,0.0,0.0,0.0,0.0,0.0,-0.0,0.0,-0.0,0.0,0.0,0.0,0.0,0.0,0.0,-0.0,-0.0,-0.0,0.0,0.0,1000.0,0.0,-0.0,0.0,0.0,-0.0,-1000.0,0.2906092623298835,0.2906092623298835,0.0,1.9649568773319323e-6,0.0,0.0002190926918225105,0.0,0.0,0.0,-0.0,0.0,0.0,0.0,0.0,-1.0503441192952563,0.0,0.0,0.0,0.0,-0.0,0.0,0.0,0.0,0.0,0.23683134003262443,0.0,0.055847021889089514,0.055847021889089514,0.0,1.9649568773319323e-6,0.0,0.0,0.0,0.0,0.0,0.0,0.0,0.0,-0.0,0.0,0.0,0.0,0.0,0.0,0.06269587908502997,0.000565907580671654,0.32499895511850824,0.07389613328582197,-0.0,0.0,0.0,0.0,1.0503441192952563,0.0,0.0,0.0,0.002238085883281059,0.0,0.0,0.0,0.0,0.0,0.0,0.0,-2.8763814928355225,0.0,0.0,0.0,0.000438185383645021,0.0,0.0,-0.005113800273256355,0.0,0.0,0.0,0.0,-0.0,0.0,0.0,0.0,0.0,0.0,0.0,-0.0,-0.0,0.0,0.0,3.15,0.0930780423223363,0.0,55.80046600349306,19.670845812960092,0.0,0.0,0.0,0.0,-2.4561960966649155e-5,0.0,0.00011986236951724787,0.0,0.0,0.0,0.0,0.00011986236951724787,0.00011986236951724787,0.2435288955490104,0.0,0.0,0.3177178074095548,0.37444120006593434,0.0,0.0,1.9649568773319323e-6,0.0002190926918225105,0.0,0.0,0.0,0.0,0.0,0.0,0.0,0.0,0.0,0.0,0.0,0.0,0.0,0.0,999.9948861997267,0.0,0.0,0.0,0.0,0.0,0.005113800273306879,0.0,0.0,0.0,-1000.0,0.0,0.0,0.0,0.0,0.0,0.0,0.0,0.0,0.0,0.0,0.0,0.0,0.6156082174483917,0.0,0.0,0.0,0.0,0.0,0.0,0.0,0.0,0.0,0.0,0.0025569001366281775,0.0,0.005113800273256355,-0.0,0.0,0.0,0.0,0.0,0.0,0.0,0.0,0.0,-19.670845812960092,0.0,-19.670845812960092,0.0,0.0,2.4561960966649155e-5,2.4561960966649155e-5,0.0,0.0,0.0,0.0,0.0,0.0,-0.0,0.0,0.0,0.0,0.002347140989972993,0.0,0.0,0.0,0.0,0.0,0.0,-0.0,0.0,0.000565907580671654,0.0,-0.0,0.0,0.0,-0.0006965772130141701,0.0,0.0,0.0,0.00023972473903449573,0.0002190926918225105,0.0,0.0,0.0,0.0,0.0,35.14032988591673,0.0,0.0,0.0,0.0,0.0,0.0,0.0,-0.0,0.0,-0.0,0.0,0.0,0.0,1000.0,0.17773526194686667,0.0,0.0,0.0,0.0,0.0,0.0,-1000.0,0.0,0.0,0.0,-1000.0,0.0,1000.0,0.0,4.855698960895058,0.0,0.0,0.0,0.0,-0.0,0.0,0.0,0.0,0.0,0.0,0.0,0.0,0.0,0.0,0.0,0.013650555426824933,0.0,0.0,0.0,-0.14779226657164393,0.0,0.15771235136685421,0.0,-0.0,0.3371482834910516,0.36444939434470147,0.0,0.0,0.0,0.0,0.0006965772130141701,0.0006965772130141701,0.0,0.0,0.0,0.0,0.06269587908502997,0.0,0.07389613328582197,0.0,0.0,0.0,0.0,0.0,0.0,0.0,0.0,0.000876370767290042,1.9649568773319323e-6,0.0,0.0,0.0,0.0,0.0,0.0,0.0,0.0,0.0,0.0,0.2435288955490104,0.0,0.0,0.0,0.0,0.0,0.0,0.15121423897351746,0.0,0.0,0.0,0.0,0.8589504420940557,0.0,0.0,0.0,0.0,0.0,-0.0,0.37444120006593434,0.28543847830718444,0.0,0.0,0.000565907580671654,0.0,-0.0,0.0,0.86394956966977,0.0,0.0,0.0,0.0,0.0,0.02570753082613367,0.0,0.0,0.0,1.9649568773319323e-6,0.0,14.585868708954338,0.0,0.0,0.0,0.0,0.0,0.0,0.0,0.0,0.0,1.9649568773319323e-6,0.0,0.0,0.0,0.0,0.0,0.002347140989972993,0.002785326373618014,-0.0,0.0,0.0,0.0,0.0,0.0,0.0,0.86394956966977,0.0,0.0,0.0002190926918225105,-1.871548935223075e-17,0.0,-1.871548935223075e-17,0.0,0.0,0.0,0.0,0.0,0.0,0.0,0.0,0.0,0.0,0.0,0.0,0.0,0.0,0.0,0.0,0.0,0.0,0.0,0.0,0.0,0.0,0.0,0.0,0.0,0.0,0.07646040201074017,0.0,0.0,0.12539175817005993,0.14779226657164393,0.0,0.0,-1.871548935223075e-17,0.0,0.0,0.0,0.0,0.0,0.0,-1.871548935223075e-17,0.0,0.0,0.0,0.0,0.0,0.0,0.0,0.0,0.0,0.0,0.0,0.0,0.0,0.0,0.0,0.0,0.34964442675244406,0.34964442675244406,0.34964442675244406,0.34964442675244406,0.34964442675244406,0.0,0.0,0.0,0.0,0.2731840247417039,0.2731840247417039,-0.0,0.0,0.0,0.36444939434470147,0.0,0.0,0.0,0.0,0.0,6.9195617480187925,0.0,0.36444939434470147,0.0,0.0,0.0,0.0,0.0002190926918225105,0.0,0.0,0.0,0.007671191649103863,0.0,0.0,0.0,0.0,0.02636480890160115,0.0,0.0,0.0,0.0,0.0,0.0,0.0,0.0006572780754674803,0.0,9.04301941566225,0.00021909269182251046,0.0,0.0,0.015779586203414082,-0.0,0.0,