{"objective_value":0.9824784386660098,"time_limit":1800,"thermo_feasible":false,"dual_bound":0.9824784386660098,"solution":[-0.0,0.0,-0.0,-0.0,-0.0,0.0,0.00021909269182252014,-0.0,-0.0,-0.0,0.00022105764869985214,-0.0,0.0,-0.0,-0.0,-0.0,-0.0,-0.0,-0.0,-0.0,-0.0,1.9649568773320195e-6,-0.0,-0.0,-0.0,-0.005113800273306879,0.00044015034052236057,-0.0,-0.0,-0.0,-0.0,0.0,-0.0,-0.0,-0.0,-0.0,-0.0,-0.0,-0.005113800273256582,0.0,-0.0,19.670845812960533,-0.0,-0.0,-0.0,-0.0,-0.0,-0.0,-0.0,-0.0,-10.0,-0.0,-0.0,-0.0,-2.4561960966650246e-5,0.0,0.0,0.0,0.0,-0.0,-0.0,-0.0,-0.0,-0.0,-0.0,0.0,-0.0,-0.0,-0.0,-0.0,-0.000696577213014201,-0.0,-0.0,-0.0,-0.0,-0.0,-0.0,-0.0,-0.0,-0.0,-0.0,-0.0,-0.0,-0.0,-0.0,-0.0,-0.0,0.9824784386660098,-0.0,-0.0,-0.0,-0.0,-0.0,-0.0,-990.9569805843358,-0.0,545.6099797201165,-0.0,-0.0,-0.0,-0.0,-0.0,-0.0,-0.0,-0.0,-0.0,0.0,0.0,0.0,-0.0,-0.0,-0.0,-0.0,-0.0,0.0,-0.0,-0.0,-0.0,-0.0,-0.0,-0.0,-0.0,0.0,0.0,0.0,-0.0,-0.0,-0.0,-0.0,0.0,-0.0,-0.0,-0.0,-0.0,-0.0,-0.0,-0.0,-0.0,-1000.0,999.9842204137966,-0.19177291387853443,3.469446951953614e-18,-0.0,0.0,-0.0,-0.0,-0.0,-0.0,0.0,0.0,-0.0,0.0,0.0,0.0,0.0,0.0,0.0,-0.0,-0.0,-0.0,-0.0,0.0,-0.0,-0.0,-0.0,-0.0,-0.0,-0.0,-0.0,-0.0,-0.0,-0.0,-0.0,-0.0,-0.0,-0.0,-0.0,-0.0,0.0,-0.0,-0.0,-0.0,-0.0,-0.0,-0.0,-0.0,-0.0,-0.0,-0.0,-0.0,-0.0,1.9649568773320195e-6,-0.0,-0.008523000455427634,0.0,-0.0,-0.0,-0.0,-0.0,-0.0,-0.0,-0.0,0.0,-0.0006788926011182128,-0.0,-0.0,-0.00012673971858791525,-0.0,-0.0,-0.0,-0.0,-0.0,-0.0,-1.1368683772161603e-13,-0.0,-0.0,-0.0,-0.0,-0.0,-10.611576699826252,-0.00031734053568912115,-0.0,-0.0,-0.0,-0.0,0.0,-0.0,-0.0,-0.0,-0.0,-0.0,0.0,0.0,-0.0,-0.0,-0.0,-0.0,-267.57038428126964,-0.0,-0.0,-0.0,-0.0,-0.0,-0.0,-0.0,-0.0,-0.0,-0.00033502514758510936,-0.0,0.0,0.0,0.0,-0.0,-0.0,-0.0,0.0,-0.0,0.0,0.0,0.0,0.0,0.0,-0.0,0.0,-0.9477291587688077,-0.0,-0.0,-0.0,-0.0,-0.0,-0.0,0.0,0.0,0.0,0.0,-0.0,0.0,-0.0,-0.0,-0.0,0.0,-0.0,-0.0,-0.0,0.0,0.0,0.0,0.0,-0.0,-0.0,-0.0,-0.0,0.0,0.0,0.0,0.0,0.0,-0.0,0.0,0.0,0.0,-0.0,0.0,0.0,0.0,-0.0,-0.0,-0.0,-0.0,-0.0,0.0,0.0,-0.0,-0.0,-0.0,-0.0,0.0,0.0,0.0,-0.0,-0.0,0.0,0.0,0.0,-0.2477908870159545,-0.0,-0.0,-0.0,-0.0,0.0,0.0,-0.0,0.0,0.0,-0.0,-0.0,-0.0,-0.0,-0.0,-0.0,-0.0,0.0,0.0,-0.0,-0.0,0.0,0.0,-0.0,0.0,0.0,-0.0,-0.0,-0.0,0.0,0.0,0.0,0.0,0.0,0.0,-0.0,-0.0,-0.0,0.0,-0.0,0.0,0.0,0.0,-0.0,0.0,0.0,0.0,0.0,0.0,0.0,0.0,0.0,0.0,-0.0,0.0,0.0,0.0,0.0,0.0,-0.0,0.07646040201074357,0.0,0.0,0.0,0.0,0.0,0.0,0.0,0.0,0.0,0.0,0.0,0.0,0.0,0.0,-0.0,0.0,0.0,0.0,-0.0,0.0,-0.0,-0.0,-0.0,0.0,0.0,-0.0,0.0,0.0,0.0,0.0,0.0,0.0,0.0,0.0,0.0,0.0,0.0,0.0,0.0,0.0,0.0,0.0,-0.0,0.0,0.0,0.0,0.00022105764869985214,0.0,0.0,0.0,0.0,0.038230201005371785,0.0,0.0,0.0,0.0,-0.0,0.0,0.0,0.0,0.0,0.0,0.07646040201074357,0.0,0.1253917581700655,0.14779226657165048,0.0,0.0,0.07646040201074357,0.0,0.0,0.0,0.0,0.0,0.0,0.0,0.0,0.0,-0.0,0.0,0.0,-0.0,0.0,0.0,0.34964442675245955,0.34964442675245955,0.34964442675245955,0.273184024741716,0.0,0.273184024741716,-0.0,0.0,0.0,0.0,0.0,0.0,0.0,0.34964442675245955,0.34964442675245955,0.0,0.0,0.0,0.0,-0.0,0.0,0.0,4.855698960895081,4.855698960895081,0.07646629688137552,1000.0,-0.0,0.0,-0.29060926232989637,0.0,0.0,-0.0,0.0,0.0,0.0,0.0,0.07389613328582524,0.0,0.0,0.0,0.0,0.0,0.0,0.29060926232989637,0.29060926232989637,0.2854384783071971,0.5723683588842895,0.0,0.0,0.0,0.0,0.0,0.0,0.0,0.0,0.0,0.858950442094094,0.0,0.0,0.0,0.0006572780754675712,-0.0,0.0006572780754675712,0.0,0.0,0.0,1000.0,-997.4210304502041,0.0,0.0,0.0,0.0,0.0,0.0,0.0,0.0,0.0,-0.34964442675245955,-0.34964442675245955,-0.34964442675245955,-0.34964442675245955,-0.34964442675245955,0.0,0.0006612079892222337,0.0,-0.0,0.0,0.0,-0.273184024741716,-0.1253917581700655,0.0,0.0,0.0,-0.0,0.0,0.29060926232989637,0.0,0.0,0.0,0.0,0.0,0.0,0.24352889554902135,0.29379740486334466,0.44016507769892954,0.29379740486334466,0.0,0.0,0.0,0.0,0.0,-0.0,-0.0,0.0,0.0,0.0,0.0,0.0,0.0,-0.0,0.0,0.0,-0.0,-0.0,0.0,0.06269587908503275,0.07389613328582524,0.0,0.0,-0.29060926232989637,0.0,0.0,0.0,-0.0,0.0,0.00044015034052236057,0.53324312002127,0.0,0.0,0.0,-0.0,-0.0,-0.0,-0.0,0.44016507769892954,-0.44016507769892954,3.799346003468897,0.0,0.0,0.0,0.0,0.027301110853651084,0.0,0.0,1.9649568773320195e-6,0.0,0.00021909269182252014,0.0,0.0,0.0,0.0,0.04095166628047662,0.0,-1000.0,0.0,0.0,0.0,0.0,0.0,0.0,-0.0,0.0,0.0,0.0,0.0,0.0,0.055847021889092,0.055847021889092,0.0,1.9649568773320195e-6,0.0,0.0,0.0,0.0,0.0,-0.0,0.0,0.0,0.0,0.0,0.0,0.0,0.0,0.0,0.0,0.0,0.0,0.07389613328582524,-1000.0,0.0,0.0,0.0,0.0,0.0,0.0,0.0,0.0,0.0,0.0,-0.0,0.0,0.0,0.0,0.0,0.0,0.0,0.0,0.0,0.00043818538364504033,0.0,0.0,0.0,0.0,0.0,0.0,0.0,0.0,0.00011986236951725319,0.00011986236951725319,0.00011986236951725319,0.0,0.0,0.24352889554902135,0.0,0.0,1000.0,0.0,0.0,0.0,0.0,0.0,1.9649568773320195e-6,0.0,0.0,0.0,0.29060926232989637,0.0,0.0,0.0,0.0,0.0,0.0,0.0,0.29060926232989637,0.0,0.0,0.0,0.0,999.9948861997267,0.005113800273306879,0.0,0.0,0.0,0.0,0.0,0.0,0.31771780740956884,-1000.0,0.3744412000659509,0.0,0.00021909269182252014,0.0,0.0,0.0,0.0,0.0,0.0,0.0,0.0,0.0,0.0,0.0,0.0,0.0,0.0,0.615608217448419,0.0,0.0,0.0,0.0,0.0,0.0,0.0,0.0,0.0,0.0,-1.050344119295303,0.0,0.0,0.0,0.0,0.0,0.0,0.0,0.0,0.0,0.0,0.0,0.0,0.0,0.0,0.0,0.0,0.0,0.0,0.0,0.0,0.002556900136628291,0.005113800273256582,0.0,0.0,0.002347140989973097,0.0,0.0,0.0,0.0,0.0,0.0,0.0,0.0,0.0,-19.670845812960533,-19.670845812960533,0.0,0.0,0.0,0.0,0.0,0.0,0.0,0.0,0.0,0.00023972473903450639,0.00021909269182252014,0.0,0.0,0.0,0.0,0.0,2.4561960966650246e-5,2.4561960966650246e-5,0.0,0.0,0.0,0.00027312900594915067,0.0,0.0,0.0,0.0,0.24352889554902135,0.0,0.0,0.0,0.0,1000.0,0.0,0.0,-1000.0,0.0,1000.0,0.0,4.855698960895081,0.1512142389735242,0.0,0.0,0.0,0.0,0.0,0.0,0.0,35.140329885916316,0.0,0.0,0.0,0.0,0.0,0.0,0.0,0.0,1000.0,-1000.0,-0.0,0.0,0.15771235136686118,0.0,-0.0,0.0,0.000696577213014201,0.000696577213014201,0.0,0.17773526194687472,0.0,0.0,0.0,0.0,0.0,0.0,0.0,0.0,0.0,0.0,0.0,0.0,-1000.0,0.0,0.0,0.0,0.0,0.0,0.0,0.0,0.0,0.0,0.0,0.0,0.0,0.0,0.013650555426825542,0.0,0.0,0.0,0.0,0.0,0.0,0.0,0.3371482834910666,0.3644493943447177,0.0,0.0,0.0,0.0,0.0,0.0,0.0,0.0,0.0,0.0,0.0,0.23683134003263495,0.0,0.0,0.0,0.06269587908503275,0.0,0.07389613328582524,0.0,0.0,0.0,0.0008763707672900807,0.3744412000659509,0.0,0.0,0.0,0.0,0.0,0.858950442094094,1.9649568773320195e-6,0.0,0.0,0.0,0.0,0.2854384783071971,0.0,0.0,0.0,0.0,0.0,0.0,0.002347140989973097,0.0,0.0,0.0,0.0,0.0,0.0,0.3644493943447177,0.3644493943447177,0.026364808901602376,0.0006572780754675712,0.0,0.0,0.0,0.0,0.0,0.0006572780754675712,0.0006572780754675712,0.0,0.0,0.0,0.0,0.0,0.0,0.0,0.0,0.0,0.0006572780754675712,0.0,0.32499895511852267,0.0005659075806718483,0.0,0.0005659075806718483,0.0,0.0,0.0,0.0,-0.32499895511852267,0.0,0.00043818538364504033,0.0,-0.0,0.0,-0.0,0.0,0.0006572780754675712,0.00044015034052236057,0.0,0.0005659075806718483,0.0,0.0,0.0,0.0,0.0,0.025707530826134806,0.0,0.3744412000659509,0.32499895511852267,0.3744412000659509,0.0,0.0,0.0,0.0,1.050344119295303,0.0,0.0,0.0,0.0,0.0,0.0,0.0,0.0,0.0,0.0,0.002347140989973097,0.002785326373618138,-0.0,0.00021909269182252014,0.0,0.0,0.0,0.0,0.0,0.0,0.0,0.0,0.0,0.0,0.0,0.0,0.0,0.0,0.0,0.0,0.0,0.0,0.0,0.0,0.0,0.0,0.0,0.0,0.0,0.0,0.0,0.0,0.0,0.0,0.0,0.0,0.0,0.0022380858832811803,0.0,0.1253917581700655,0.0,0.14779226657165048,0.0,0.0,0.0,1.9649568773320195e-6,0.0,0.0,14.585868708954765,0.0,-2.8763814928352196,0.0,0.0,0.0,0.0,0.0,0.0,0.0,0.0,1.9649568773320195e-6,0.0,0.0,0.0,0.0,0.0,0.0,0.0,0.0,0.0,0.0,0.0,0.0,0.0,0.0,0.0,0.0,0.0,0.0,0.0,0.0,0.0,0.0,0.0,0.0,0.0,0.0,0.0,0.0,0.0,0.0,0.0,7.783511317688591,0.0,0.0,0.0,0.0,0.0,0.07646040201074357,0.0,0.0,0.0,0.0,0.00021909269182252017,0.0,0.0,0.0,0.0,0.0,0.0,0.0,0.0,0.0,0.0,-0.0,0.0,0.0,-999.9842204137966,0.0,0.0,0.0,0.0,0.0,0.0,1000.0,0.01577958620341478,0.0,0.0,0.0,0.0,0.0,0.0,0.0,0.0,0.0,0.0,0.0,0.0,0.0,0.0,0.0,0.0,0.0,0.0,0.0,0.0,0.0,0.0,0.0,0.0,0.0,0.0,0.0,0.0,0.0,0.0,0.0,0.0,0.0,0.0,-0.0,0.0,0.0,0.0,0.0,0.0,0.0,0.001205009805023866,0.0,0.0,0.0,0.0,4.823917748361068,0.0,0.0,0.0,0.0,0.0,0.0,249.99605510344915,