{"objective_value":0.9824784386660101,"time_limit":1800,"thermo_feasible":false,"dual_bound":0.9824784386660101,"solution":[-0.0,-0.0,-0.0,0.0,-0.0,-0.0,0.0,-0.0,-0.0,-0.0,-0.0,-0.0,0.00021909269182252025,0.00022105764869985228,0.0,1.9649568773320204e-6,0.00044015034052236057,0.0,0.0,0.9824784386660101,-0.0,-0.0,-0.0,-0.0,-0.0,-0.005113800273306879,-0.0,-0.0,-0.0,0.0,-0.0,-0.0,-0.0,-0.0,-0.0,-0.0,-0.0,-0.005113800273256583,0.0,-0.0,19.67084581296056,-2.4561960966650256e-5,-0.0,-0.0,-0.0,-0.0,-0.0,-0.0,-0.0,-0.0,-0.0,-0.0,-0.0,-0.0,-0.0,-0.0,-0.0,0.0,0.0,0.0,0.0,-0.0,-0.0,-0.0,-0.0,-0.0,-0.0,-0.0,-0.0006965772130142012,-0.0,-0.0,-0.0,-0.0,-0.0,-0.0,-0.0,-0.0,-0.0,-0.0,-0.0,-0.0,-0.0,-0.0,-0.0,-0.0,-0.0,-0.0,-0.0,-0.0,-0.0,-0.0,-0.0,-0.0,-0.0,-0.0,-0.0,-0.0,-0.0,-0.0,0.0,-0.0,-0.0,-0.0,-0.0,-0.0,-0.0,-0.0,-0.0,-0.0,-0.0,0.0,-0.0,-0.0,-0.0,0.0,-0.0,-0.0,-0.0,0.0,0.0,-0.0,-0.0,-0.0,0.0,-0.0,-0.0,-0.0,-0.0,-0.0,-0.0,-0.0,-0.0,-0.0,-0.015779586203414787,0.0,-0.0,-0.0,0.0,-0.0,0.0,-0.0,0.0,-0.0,1.9649568773320204e-6,0.0,-0.0,0.0,0.0,0.0,0.0,-0.0,-0.0,-0.0,-0.0,-0.0,-0.008523000455427638,0.0,-0.0,-0.0,-0.000678892601118213,-0.0,-0.0,-0.0,-0.0,-0.0,-0.0,-0.0001267397185879153,0.0,-0.0,-0.0,-0.0,-0.0,-0.0,-0.0,-0.0,-10.611576699826244,-0.00031734053568912126,-0.0,0.0,-0.0,-0.0,-0.0,-0.0,-0.0,0.0,0.0,-17.574329177820474,-0.0,-0.0,-0.0,-0.0,-0.0,-0.0,-0.0,-0.0,0.0,-0.0,-0.0,-0.0,-0.0,-0.0,-0.0,-0.0,-0.0,-0.0,-0.0,-0.0,-0.0,0.0,-0.9477291587688974,-0.0,-0.0,-0.0,-0.0,-0.0,-0.0,-0.0,-0.0,-10.0,-0.0,-0.0,-0.0,-0.0,-0.0,-0.0,-0.0,-0.0,-0.0,-0.0,-0.0,-0.0,-0.0,-0.0,-0.0,-0.0,-0.0,-0.0,-0.0,-0.00033502514758510947,0.0,-0.0,0.0,-0.0,0.0,0.0,0.0,-0.0,-0.0,0.0,-0.0,0.0,0.0,0.0,-0.0,-0.0,-0.0,-0.0,0.0,0.0,0.0,0.0,0.0,0.0,0.0,-0.0,-0.0,-0.0,-0.0,-0.0,-0.0,-0.24779088701595406,-0.0,0.0,0.0,0.0,0.0,-0.0,-0.0,0.0,-0.0,0.0,-0.0,0.0,0.0,0.0,-0.0,-0.0,-0.0,-0.0,-0.0,-0.0,-0.0,-0.0,0.0,0.0,0.0,0.0,0.0,-0.0,-0.0,0.0,-0.0,0.0,0.0,-0.0,-0.0,0.0,-0.0,0.0,-0.0,0.0,0.0,0.0,0.0,0.0,0.0,0.0,0.0,0.0,0.0,0.0,0.0,0.0,0.0,0.0,0.0,0.0,0.0,0.0,-0.0,0.0,0.0,-0.0,0.0,0.0,0.0,-0.0,0.0,0.0,0.0,0.0,0.0,-0.0,0.0,0.07646040201074358,0.0,-0.0,0.0,0.0,0.0,0.0,0.0,0.0,0.0,0.0,0.0,0.0,0.0,0.0,0.0,0.0,0.0,-0.0,0.0,0.0,0.0,0.0,0.0,0.0,0.0,-0.0,0.0,0.0,0.0,0.0,0.0,-0.0,0.0,0.0,0.0,0.0,0.0,0.0,0.0,0.00022105764869985228,0.0,0.0,0.0,0.0,0.0,0.0,0.0,0.03823020100537179,0.0,-0.0,0.0,0.0,0.0,0.0,0.0,0.12539175817006554,0.0,-0.0,0.0,0.0,0.0,0.14779226657165057,0.0,0.0,0.07646040201074361,0.0,0.0,0.07646040201074358,0.0,0.0,0.0,0.0,0.0,0.0,0.0,0.0,0.0,0.0,0.0,0.0,0.0,0.0,-0.0,0.0,0.0,0.0,0.0,0.0,0.0,0.0,-0.0,0.3496444267524597,0.3496444267524597,0.0,0.0,0.3496444267524597,0.3496444267524597,0.0,0.3496444267524597,0.0,0.07646629688137563,1000.0,0.0,0.2731840247417161,0.2731840247417161,-0.0,0.0,0.0,0.0,0.0,0.0,0.0,0.0,0.0,-0.0,0.0,0.0,0.0,0.0,-0.0,0.2906092623298965,0.2906092623298965,0.0,0.0,9.027239829460882,0.0,0.0,0.28543847830719726,-996.0104782959836,0.8589504420940938,0.0,0.0,0.0,0.0,0.0006572780754679184,0.0006572780754679184,0.0,0.0,0.0,0.0,0.0,0.0,0.0,-0.060750571776566176,-0.0,999.2232279844296,0.0,0.0,0.0,0.0,-0.3496444267524597,0.0,-0.3496444267524597,45.6178695132182,-0.3496444267524597,-0.3496444267524597,0.0,0.0,0.0,-0.0,-0.3496444267524597,-0.2731840247417161,-0.12539175817006554,0.0,0.0,0.0,0.0,0.0,0.0,0.0,0.2906092623298965,0.0,0.0,-0.0,0.0006612079892222381,0.2435288955490209,0.0,-0.0,0.0,4.855698960895086,0.29379740486334605,0.4401650776989312,4.855698960895086,0.29379740486334605,-0.0,0.0,-0.0,-0.2906092623298965,0.0,0.0,0.0,0.0,0.0,0.0,0.0,-0.0,0.0,0.0,0.0,0.0,0.0,-0.0,0.0,0.0,996.5828466548679,0.0,0.0,0.0,0.0,0.0,0.0,0.0,0.02730111085365109,0.0,0.0,0.0,0.0,0.0,0.04095166628047664,0.0,0.0,0.0,0.0,0.0,-1000.0,0.0,0.0,0.0,-0.0,0.06269587908503277,0.07389613328582528,0.0,0.0,-0.2906092623298965,0.0,0.0,0.0,0.0,0.00044015034052236057,-0.0,0.5332431200212717,0.0,0.0,0.0,0.4401650776989312,-0.0,-0.4401650776989312,3.799346003468915,-0.0,0.0,0.0,0.0,0.0,-0.0,0.0,0.0,0.0,0.0,0.0,0.0,0.0,0.0,0.0,0.0,0.0,0.0,0.0,0.0,0.0,0.0,0.0,-0.0,0.0,0.0,-0.0,0.0,0.0,0.0,0.0,0.0,0.0,0.0,0.0,0.0,-0.0,-0.0,-0.0,0.0,0.0,0.0,0.0004381853836450405,0.0,0.0,0.0,0.0,-0.0,-0.0,0.0,0.0,1.9649568773320204e-6,0.0,0.00021909269182252025,0.0,0.0,0.0,0.0,0.0,0.0,-0.0,0.0,0.0,0.0,0.0,0.0,0.0,0.0,0.0,0.0,-0.0,0.05584702188909201,0.05584702188909201,0.0,1.9649568773320204e-6,0.0,0.0,0.0,1000.0,0.0,0.0,-1000.0,0.2906092623298965,0.2906092623298965,1.0503441192953034,0.0,0.0,0.0,0.0,0.0022380858832811703,0.0,-0.0,0.0,0.0,-1.0503441192953034,0.0,0.0,-2.8763814928352227,0.0,0.0,0.0,0.0,0.0,-0.0,0.0,-0.0,0.0,0.0,0.0,0.23683134003263506,0.0,0.0,0.0,0.0,0.0,0.0,0.0,0.0,-0.0,0.0,-0.0,0.0005659075806712755,0.3249989551185228,0.0,3.15,0.09307804232234047,55.80046600349229,0.0,0.0,-0.0,0.0,0.0,0.6156082174484192,0.0,0.0,0.0,0.00011986236951725323,0.0,-0.0,0.0,0.0,0.0,0.00011986236951725323,0.00011986236951725323,0.2435288955490209,0.0,0.0,1.9649568773320204e-6,0.0,0.0,0.0,0.0,0.0,0.0,0.0,0.0,0.0,0.0,0.0,-0.1917729138785345,0.0,0.0,0.0,0.0,0.0,0.0023471409899730985,0.0,0.0,0.0,999.9948861997267,0.005113800273306879,0.0,0.0,0.0,0.0,0.0,0.0,0.0,0.0,0.0,-1000.0,0.0,0.0,0.0,0.0,0.0,0.31771780740956906,0.0,0.37444120006595144,0.0,-0.0,0.0,0.0,0.00021909269182252027,0.0,0.0,0.0,0.0,0.0,-19.67084581296056,-19.67084581296056,0.0,0.0,0.0,0.0,0.0,0.0,0.0,0.0,0.0,2.4561960966650256e-5,2.4561960966650256e-5,0.0,0.0,0.0,0.0,-0.0,0.0,0.0,0.0,0.0,0.0,0.0,0.0,0.0,0.0,0.0,0.0,-0.0,0.0,0.0,0.0,0.0025569001366282916,0.0,0.0,0.0,0.0,0.0,0.00023972473903450647,0.005113800273256583,0.0,0.0,0.00021909269182252025,-0.0,0.0,0.0,0.0,0.0,0.0,0.0,0.0,0.0,0.0,0.0,0.0,0.0,0.0,0.0,0.0,0.0,1000.0,0.0,0.0,-1000.0,0.0,0.0,0.0,0.2435288955490209,0.0,1000.0,0.1512142389735243,0.0,0.0,4.855698960895086,-0.0,0.0,0.0,0.0,0.0,0.0,0.0,0.0,0.0,0.0,0.0,-0.0,35.14032988591638,-0.0,0.0,0.0,0.0,0.0,-0.14779226657165057,0.0,0.15771235136686118,0.0,0.0,-0.0,0.0,0.0,0.17773526194687422,0.0,0.0,-0.0,0.0,0.0,-0.0,0.0,0.0,0.0006965772130142012,0.0006965772130142012,0.0,-1000.0,0.0,0.0,-0.0,-0.0,0.0,0.0,-0.0,0.0,0.0,0.0,0.0,0.0,0.0,0.0,0.0,0.0,0.0,0.013650555426825545,0.0,0.0,0.0,0.0,-0.0,0.0,0.0,0.3371482834910667,0.3644493943447178,0.0,0.0,0.0,0.0,0.0,0.0,-0.0,0.0,0.0,0.37444120006595144,0.0,0.0,0.0,0.06269587908503277,0.0,-0.0,0.0,0.0,0.8589504420940938,0.28543847830719726,0.8639495696700804,0.0,0.07389613328582528,0.0,0.0,0.0,0.000876370767290081,1.9649568773320204e-6,0.0,0.0,0.0,0.0,0.0,0.0,0.0,0.0,-0.0,0.3644493943447178,0.3644493943447178,0.026364808901602737,0.0006572780754679184,0.0,0.0,0.0,0.0,0.0006572780754679184,0.0006572780754679184,0.0,0.0,0.0,0.0,0.0,0.0,0.0,0.0006572780754679184,0.0,0.0005659075806712755,0.0005659075806712755,0.0,0.0,0.0,0.3249989551185228,0.0,-0.0,-0.0,0.0,-0.0,0.0,-0.3249989551185228,0.0004381853836450405,0.0,0.0,0.0006572780754679184,0.0,0.00044015034052236057,-0.0,0.0,0.0,0.0,0.0,0.37444120006595144,0.37444120006595144,0.0,0.02570753082613482,0.0,0.0,0.0,0.0,0.0,0.0,0.0,0.0,0.0,0.0,-0.0,0.0,0.00027312900594915083,0.0011735704949865492,0.0,0.0,0.0,0.0023471409899730985,0.0027853263736181385,-0.0,0.00021909269182252025,-0.0,0.0,0.0,0.0,0.0,0.0,0.0,0.0,0.0,0.0,0.0,0.0,0.0,0.0,0.0,0.0,0.0,0.0,0.0,0.0,-0.0,0.0,0.0,0.0,0.3496444267524597,0.3496444267524597,0.3496444267524597,0.0,0.3496444267524597,0.0,0.3496444267524597,0.0,0.0,0.0,0.0,0.0,0.0,0.0,0.2731840247417161,0.2731840247417161,0.0,0.0,0.0,0.0,0.0,0.0,0.0,1.9649568773320204e-6,0.0,14.58586870895476,0.0,0.0,0.0,0.0,0.0,0.0,0.0,0.0,0.0,1.9649568773320204e-6,0.0,0.0,0.0,0.0,0.0,0.0,0.0,0.0,0.0,0.0,0.0,0.8639495696700804,0.0,0.0,0.0,0.0,0.0,0.0,0.0,0.0,0.0,0.0,0.0,0.0,0.0,0.0,0.0,0.0,0.0,0.0,0.0,0.0,0.0038355958245521035,0.0,0.0,0.07646040201074361,0.0,0.0,0.12539175817006554,0.14779226657165057,0.0,0.0,0.0,0.0,0.007671191649104207,0.0,0.0,0.0,0.0,0.0,0.00021909269182252025,0.0,0.0,-0.0,0.0,0.0,0.0,0.0,0.0,0.0,0.0,0.0,31.340326604371995,0.0,0.0,0.09283242271267396,0.0,0.0,0.0,0.0,0.0,0.0,0.0,0.0,