{"objective_value":0.9824784386660314,"time_limit":1800,"thermo_feasible":false,"dual_bound":0.9824784386660314,"solution":[-0.0,-0.0,-0.0,0.0,-0.0,0.00021909269182252502,0.0002210576486998571,-0.0,0.0,-0.0,1.9649568773320623e-6,0.00044015034052236057,-0.0,0.0,0.0,0.0,-0.0,0.9824784386660315,-0.0,-0.0,-0.0,-0.0,-0.0,-0.0,-0.0,-0.0,0.0,-0.0,0.0,-0.0,-0.0,-0.0,-0.0,-0.0,-0.0,-0.0,-0.0,-0.0,-0.0,-0.0,-0.0,-0.0,-0.0,0.0,0.0,0.0,0.0,0.0,0.0,0.0,-0.0,-0.0,-0.0,-0.0,-0.0,-0.0,-0.0,-0.0,-0.0,-0.0,-0.0,0.0,-0.0,-0.0,-0.0,-0.0,-0.0,-0.0,-0.0,-0.0,-0.0,-0.0,-0.0,-0.0,-0.0,-0.0,-0.0,-0.0,-0.0,-0.0,-0.0,-0.0,-0.0,-0.0,-0.0,-0.0,-0.0,-0.0,-0.0,-0.0,-0.0,-0.0,-0.0,-0.0,-0.0,-0.0,-0.0,-0.0,-0.0,-10.0,-0.0,-0.0,0.0,-0.0,-0.0,-0.0,0.0,-0.0,-0.0,-0.0,-0.0,-0.0,-0.0,-0.0,-0.0,-0.0,-0.0,-0.0,-0.0,-0.0,-0.0,-0.0,-0.0,-0.0,-0.0,0.0,-0.0,-0.0,-0.0,-0.0,-0.0,0.0,-0.0,-0.0,-0.0,-0.0,-0.0,-0.0,-0.0,1.9649568773320623e-6,-0.0,-0.0,-0.0,-0.0,-0.0,-0.0,-0.0,-0.008523000455427822,0.0,-0.0,-0.0,9.027239829460541,-0.0,45.61786951321737,-0.0,-0.0,-0.0006788926011182278,-0.0,-0.00012673971858791805,-0.0,-0.0,0.0,-0.0,-0.0,-0.0,0.0,-0.0,0.0,-0.0,-0.0,-10.611576699825905,-0.0,-0.0,-0.0,-0.00031734053568912814,0.0,-0.0,-0.0,-0.0,-0.0,-0.0,-0.0,-0.0,0.0,0.0,-17.574329177820395,-0.0,-0.0,-0.0,-0.0,-0.0,-0.0,-0.0,0.0,-0.0,-0.0,-0.0,-0.005113800273306879,-0.0,-0.1917729138785387,-0.0,-0.0,-0.0,-0.0,-0.0,0.0,-0.0,-0.0,-0.0,-0.0,0.0,-0.9477291587685639,-0.0,-0.0,-0.0,-0.0,-0.24779088701596014,-0.0,-0.0,-0.0,-0.0,-0.0,-0.0,-0.0,-0.0,-0.0,-0.0,-0.0,-0.0,-0.0,-0.0,-0.0,-0.0,-0.0,-0.0,-0.0,-0.0,-0.0,-0.0,-0.0,-0.0,-0.0,-0.0,-0.0,-0.0,-0.0,-0.0,-0.0,-0.0,0.0,-0.0,-0.005113800273256695,-0.0,-0.0,-0.0,-0.0,0.0,-0.0,-0.0,-0.0,-0.0,-0.0,-0.0,-0.0,-0.0,-0.0,-0.0,0.0,-0.0,-0.0,-0.0,-0.0,-0.0,0.0,19.670845812960824,0.0,0.0,0.0,-0.0,-0.0,-0.0,-0.0,0.0,-0.0,-2.4561960966650788e-5,-0.0,0.0,-0.0,0.0,-0.0,-0.0,0.0,0.0,0.0,0.0,0.0,0.0,0.0,-0.0,-0.0,-0.0,-0.0,-0.0,0.0,-0.0,0.0,0.0,0.0,-0.00033502514758511673,0.0,0.0,0.0,0.0,0.0,0.0,0.0,0.0,0.0,0.0,0.0,0.0,0.0,-0.0,0.0,0.0,0.0,0.0,0.0,0.0,0.0,0.0,0.0,0.0,0.0,0.0,0.0,0.0,0.0,0.0,-0.0,0.0,0.0,0.0,0.0,0.0,-0.0,0.0,0.0,0.0,-0.0,0.0,0.0,0.0,-0.0006965772130142163,0.0,0.0,0.0,0.0,0.0,1.2400529911603281e-17,0.0,0.0,0.0,0.0,0.0,0.0,0.0,-0.0,0.0,0.0,-0.0,0.0,-0.0,0.0,-0.0,0.0,0.0,0.0,-0.0,0.0,-0.0,0.0,-0.0,0.0,0.0,0.0,0.0,-0.0,0.0,0.0,0.0,0.0,0.0,0.0,0.0,0.0,0.0,0.0,0.0,-0.0,0.0,0.0,0.0,0.0,-0.0,1.2400529911603281e-17,0.0,0.0,0.0,0.0,-0.0,0.0,0.07646040201074523,1.2400529911603281e-17,0.0,-0.0,0.0,0.0,-0.0,0.07646040201074523,0.0,-0.0,0.0,0.0,0.0,0.0,-0.0,0.0,0.0,-0.0,-0.0,0.0,0.0,0.0,0.0,0.0,0.0,0.0,-0.0,0.0,0.0,0.0,0.0,0.0,-0.0,0.07646629688137724,0.0,0.0,0.0,0.0,0.0002210576486998571,1000.0,0.0,0.0,0.0,0.0,0.0,0.0,0.0,0.0,0.03823020100537262,0.0,0.0,0.0,0.0,-0.0,0.0,0.29060926232990275,0.29060926232990275,0.12539175817006826,0.14779226657165376,0.0,0.2854384783072034,0.0,-996.0104782959837,-0.0,0.8589504420941131,0.0,0.07646040201074522,0.0,0.0,-0.0,0.0,0.0,0.0,0.0,0.0,0.0,0.0,0.0,0.0,0.0,0.0,0.0,0.0,0.0,0.0,-0.3496444267524672,0.0,1000.0,0.0,0.3496444267524672,-0.3496444267524672,-0.3496444267524672,0.0,-0.3496444267524672,0.3496444267524672,0.3496444267524672,0.3496444267524672,-0.3496444267524672,-0.27318402474172204,0.3496444267524672,0.0,0.27318402474172204,-0.12539175817006826,0.0,0.0,0.29060926232990275,0.0,0.27318402474172204,0.0,-0.0,-0.0,0.0,4.855698960895142,0.07389613328582688,4.855698960895142,-0.0,-0.29060926232990275,0.0,0.0,0.0,-0.0,0.0,0.0,0.0,0.0,0.06269587908503413,0.0,-0.0,0.0,0.0006572780754673733,0.07389613328582688,0.0,-0.0,0.0,0.0006572780754673733,0.0,0.0,-0.01577958620341513,996.582846654868,0.0,0.0,0.0,-0.06075057177675258,999.2232279844299,0.0,0.0,0.0,0.02730111085365168,0.0,0.0,0.0,0.04095166628047752,0.0,0.0,0.0,0.0,0.0,0.0,0.0,-1000.0,0.0,0.0,0.0,0.0,0.0,-0.0,0.0,0.0,0.0,0.0,0.0,0.0,0.0,0.0006612079892222357,0.2435288955490269,0.29379740486323525,0.0,0.0,0.4401650776988231,0.0,0.29379740486323525,0.0,0.0,-0.0,0.0,0.0,0.0,-0.0,0.0,0.0,0.0,0.0,0.0,0.0,0.0,0.0,0.0,-0.0,-0.0,0.0,-0.0,0.0,0.0,0.0,0.0,-0.0,0.0,0.0,0.0,0.0,0.0,0.0,0.0,0.0,0.0,0.0,-0.0,0.0,0.0,0.0,0.0,-0.0,-0.0,-0.0,0.0,0.0,0.0,0.00043818538364505003,1.9649568773320623e-6,0.0,0.00021909269182252502,0.06269587908503413,0.07389613328582688,0.0,0.0,0.0,-0.29060926232990275,0.0,0.00044015034052236057,0.0,0.0,0.0,0.0,0.0,0.5332431200211656,0.4401650776988231,0.0,0.0,0.055847021889093226,0.055847021889093226,0.0,-0.4401650776988231,3.7993460034689357,0.0,0.0,1.9649568773320623e-6,0.0,0.0,0.0,0.0,0.0,0.0,0.0,0.0,0.0,0.0,0.0,0.0,0.0,0.06269587908503413,0.0,-0.0,0.0,0.0,0.0,0.0,0.0,0.0,0.0,0.0,0.0,0.0,-0.0,0.0,0.0,3.15,0.0,0.0,0.09307804232234249,0.0,55.800466003492105,0.0,0.0,0.0,0.0,0.0,0.0,0.0,0.0,0.00011986236951725584,0.0,0.0,0.3177178074095759,0.37444120006595905,0.00021909269182252502,0.0,0.00011986236951725584,0.00011986236951725584,0.2435288955490269,0.0,0.0,0.0,0.0,0.0,0.0,1.9649568773320623e-6,0.0,0.0,0.0,0.0,0.0,0.0,0.0,1000.0,0.0,0.0,0.0,0.0,0.0,0.0,0.0,0.0,999.9948861997267,0.005113800273306879,0.0,0.0,0.0,0.0,0.0,0.0,0.0,0.0,0.0,0.0,0.0,0.0,0.0,-1000.0,0.0,0.0,0.0,0.0,0.0025569001366283475,-1000.0,0.0,0.29060926232990275,0.0,0.0,0.005113800273256695,0.0,0.29060926232990275,0.0,0.0,0.6156082174484325,0.0,0.0,0.0,0.0,-19.670845812960824,-19.670845812960824,0.0,0.0,0.0,0.0,0.0,0.0,0.0,2.4561960966650788e-5,2.4561960966650788e-5,0.0,0.0,0.0,0.0,0.0,0.0,0.0,0.0,0.0,0.0,0.0,0.0,0.0,0.0,0.0,0.0,0.0023471409899731488,0.0,0.0,0.0,0.0,0.0,0.0,0.0,-1.0503441192953262,0.0,0.0,0.0,0.0,0.0,0.00023972473903451164,0.0,0.0,0.0,1000.0,0.00021909269182252502,0.0,0.0,0.0,0.0,0.0,0.17773526194687883,0.0,0.0,0.0,0.0,0.0,0.0,0.0,0.0,0.0,-1000.0,0.0,0.0,1000.0,0.0,0.0,0.0,0.0,0.0,0.0,-1000.0,0.0,0.0,0.0,0.0,1000.0,0.0,0.0,0.0,0.0,0.0,4.855698960895142,0.23683134003264014,0.0,0.01365055542682584,0.0,0.0,0.0,0.0,0.0,0.0,0.0,-0.0,0.0,0.0,0.33714828349107406,0.3644493943447258,0.0,0.0,0.0,-0.14779226657165376,0.0,0.15771235136686457,0.0,0.0,0.0,0.06269587908503413,0.0,-0.0,0.0,0.07389613328582688,0.0,0.0,0.0,0.0006965772130142163,0.0,0.0006965772130142163,0.0,0.0008763707672901001,1.9649568773320623e-6,0.0,0.0,0.0,-0.0,0.0,0.0,0.0,0.0,0.0,0.0,0.0,0.0,0.0,0.0,0.0,0.0,0.0,0.0,0.0,0.0,0.0,0.0,0.0,0.0,0.0005659075806720704,0.37444120006595905,0.0,0.0,0.2435288955490269,0.0,0.0,0.3249989551185298,0.0,0.0,0.8589504420941131,0.2854384783072034,0.8639495696702681,0.0,0.15121423897352754,0.0,0.0,0.0,0.0,0.0,0.0,0.0,0.0,1.0503441192953262,0.0,0.0,35.14032988591622,0.0,0.0,0.0,0.0,0.0,0.3644493943447258,0.3644493943447258,0.0,0.0,0.0,0.0,0.0,0.0,0.02636480890160275,0.0006572780754673733,0.0,0.0,0.0,0.0,0.0,0.0,0.0023471409899731488,0.0027853263736181987,-0.0,0.00021909269182252502,0.0006572780754673733,0.0,0.0,0.0,0.0,0.0022380858832812297,0.3249989551185298,-0.3249989551185298,0.0,1.2400529911603281e-17,0.0,0.0,0.0,0.0,0.00043818538364505003,0.0,0.0,0.0,0.0,0.0006572780754673733,0.00044015034052236057,-0.0,0.0,-2.876381492835051,0.0,0.0,0.0,0.0,0.0,0.0,0.37444120006595905,0.37444120006595905,0.0,0.0,0.0,0.0,0.0,0.0,0.0,0.0,0.0,0.0,0.0,0.0,0.0002731290059491567,0.0,0.0,0.0,0.0,0.0023471409899731488,0.0,0.0,0.0,0.0,0.0,0.0,0.0,0.0,0.0,0.0,0.0,0.0,0.0,0.0006572780754673733,0.0006572780754673733,0.0,0.0,0.0,0.0,0.3496444267524672,0.3496444267524672,0.0005659075806720704,0.3496444267524672,0.0,0.3496444267524672,0.0005659075806720704,0.0,0.0,0.0,0.0,0.0,0.0,0.0,0.3496444267524672,0.27318402474172204,0.27318402474172204,-0.0,0.0,0.0,0.0,0.0,0.0,0.0,0.0,0.0,0.0,0.025707530826135378,0.0,0.0,1.9649568773320623e-6,0.0,0.0,14.58586870895504,0.01577958620341513,0.0,0.0,0.0,0.0,0.0,0.0,0.0,0.0,0.0,1.9649568773320623e-6,0.0,0.0,0.0,0.0,0.0,0.0,0.0,0.0,0.0,0.0,0.0,0.0,0.0,0.0,0.0,31.01532764925329,0.0,0.0,0.8639495696702681,0.0,0.0,0.0,0.0,0.0,0.0,0.0,0.0,0.0,0.0,0.0,0.0,0.0,0.0,0.0,0.0,0.0,0.0,0.0,0.0024100196100475734,0.0,0.0,0.0,0.0,0.0,0.0,0.0,0.0,0.0,0.0,0.0,4.823917748360899,0.0,0.0,0.0,0.0,0.0,0.0,0.0,0.0,0.0,0.0,