{"objective_value":0.9826920127837896,"time_limit":1800,"thermo_feasible":false,"dual_bound":0.9826920127837896,"solution":[-0.0,-0.0,-0.0,0.0,-0.0,-0.0,-0.0,-0.0,-0.0,-0.0051149119265119225,0.00021914031885078507,-0.0,0.00022110570287635264,0.0,-0.0,-0.0,-0.0,-0.0,-0.0,1.965384025567579e-6,0.00044024602172712535,0.0,-0.0,-0.0,-0.0,0.0,-0.0,0.9826920127837895,-0.0,0.0,-0.0,-0.0,-0.0,-0.0,-0.0,-10.0,-0.0,-0.0,-0.0,-0.0,-0.0,-0.0,-0.0,-0.0,-0.0,-0.0,-0.0,-0.0,-0.0,-0.0,-0.0,-0.0,-0.0,-0.0,-0.0,-0.0,-0.0,-0.0,-0.0,-0.0,-0.0,-0.0,-0.0,-0.0,-0.0,-0.0,-0.0,-0.0,-0.0,-0.0,-0.0,-0.0,-0.0,-0.0,-0.0,-0.0,-0.0,-0.0,-0.0,-0.0,-0.0,-0.0,9.02472505319463,-0.0,-0.0,-0.0,-0.0,45.61698165484316,-0.0,-0.0,-0.0,-0.0,0.0,-0.0,-0.0,-0.0,-0.0,0.0,-0.0,0.0,-0.0,-0.0,-0.0,-0.0,0.0,-0.0,-0.0,-0.005114911926539625,-0.0,-0.0,-0.0,0.0,-0.0,-0.0,-0.0,-0.0,-0.0,-0.0,-0.0,-0.0,-0.0,-0.0,-0.0,0.0,0.0,-0.0,-0.0,-0.0,-0.0,-0.0,-0.0,-0.19181460205130624,-0.0,3.469446951953614e-18,-0.0,-0.0,-0.0,-0.0,-0.0,19.67551037456573,0.0,-0.0,-0.0,-0.0,-2.456730031959474e-5,0.0,0.0,-0.0,-0.0,-0.0,-0.0,0.0,-0.0,-0.0,-0.0006790401808335986,-0.0,-0.0,-0.0,0.0,-0.0,-0.0,-0.00012676726964910886,-0.0,0.0,-0.0,-0.0,-0.0,-0.0,-0.0,0.0,-0.0022385724051214606,-0.0,-0.0,-10.611644903877849,0.0,-0.000317409520129164,0.0,-0.0,1.965384025567579e-6,-0.0,-0.0,-0.0,-0.0,-0.0,0.0,0.0,-17.577418706131514,-0.0,-0.0,-0.0,-0.008524853210899375,-0.0,-0.0,-0.0,-0.0,-0.0,-0.0,-0.0,-0.0,-0.0,-0.0,-0.0,-0.0,-0.0,-0.0,-0.0,-0.0,-0.0,-0.0,-0.0,-0.0,0.0,-0.0,-0.9479351789829686,-0.0,-0.0,-0.0,-0.0,-0.0,-0.0,-0.0,-0.0,-0.0,-0.0,-0.0,-0.0,-0.0,-0.00033509797635927226,-0.0,-0.0,-0.0006967286370637069,-0.0,-0.0,-0.0,-0.0,0.0,0.0,0.0,0.0,-0.0,0.0,-0.0,0.0,-0.0,-0.0,-0.0,0.0,-0.0,0.0,0.0,1000.0,0.0,-0.0,0.0,-0.0,0.0,0.0,0.0,0.0,-0.0,-0.0,-0.0,-0.0,-0.0,-0.0,-0.0,-0.0,0.0,0.0,0.0,0.0,-0.0,-0.0,-0.0,-0.24784475254419971,-0.0,0.0,0.0,-0.0,-0.0,0.0,-0.0,0.0,0.0,0.0,-0.0,-0.0,-0.0,0.0,0.0,0.0,0.0,0.0,-0.0,-0.0,-0.0,-0.0,-0.0,-0.0,0.0,0.0,0.0,-0.0,-0.0,-0.0,0.0,-0.0,0.0,-0.0,-0.0,-0.0,0.0,0.0,-0.0,0.0,-0.0,-0.0,-0.0,0.0,-0.0,0.0,0.0,0.0,0.0,0.0,0.0,-0.0,-0.0,0.0,-0.0,0.0,0.0,0.0,0.0,0.0,0.0,0.0,0.0,-0.0,0.0,0.0,0.0,-0.0,0.0,0.0,0.0,0.0,0.0,0.0,0.0,-0.0,0.0,0.0,0.0,0.0,0.0,0.0,0.0,0.0,0.0,0.0,0.0,0.0,0.0,-0.0,0.0,0.0,0.0,0.0,0.0,0.0,-0.0,0.0,0.0,0.0,0.0,0.0,0.0,-0.0,0.0,0.0,0.0,0.0,0.0,0.00022110570287635264,0.0,0.0,0.03823851160144282,0.0,0.0,0.1254190162075695,0.0,0.0,0.1478243940990399,0.0,0.0,0.0,0.0,-0.0,0.0,0.0,0.07647702320288564,0.0,0.0,-0.0,0.0,0.0,0.0,0.0,0.0,0.0,0.0,0.0,0.0,0.0,0.0,0.0,0.0,0.0,0.0,0.0,0.0,-0.0,0.0,0.0,0.0,0.0,0.0,0.34972043350949505,0.07647702320288564,0.34972043350949505,0.0,0.34972043350949505,0.0,0.34972043350949505,0.0,0.0,0.34972043350949505,0.0,-0.0,0.0,0.0,0.27324341030660937,0.27324341030660937,-0.0,0.0,0.0,0.0,0.0,0.0,0.0,0.0,0.0,0.0,0.07647702320288564,0.0,0.0,-0.0,0.0,-0.0,0.0,0.07648291935496232,996.5827651755216,0.0,1000.0,0.0,0.0,0.0,0.0,0.0,0.0,0.0,0.0,0.0,0.0,0.0006574209565523656,0.0006574209565523656,0.0,0.0,0.0,0.0,0.0,0.0,0.0,0.29067243584534264,0.0,0.0,-1000.0,999.1629567011989,0.29067243584534264,0.2855005277820616,-996.0102723934821,0.0,0.0,0.0,0.0,0.859137163324471,0.0,0.0006613517246034994,-0.0,0.0,0.0,0.0,0.0,0.0,0.0,0.0,0.0,0.0,0.0,0.0,-0.0,0.0,0.0,0.0,0.0,-0.0,0.0,0.24358183459274363,-0.34972043350949505,-0.34972043350949505,-0.34972043350949505,-0.34972043350949505,0.2938612714267268,-0.0,0.4402607621072302,-0.34972043350949505,-0.27324341030660937,-0.1254190162075695,0.2938612714267268,0.0,0.0,-0.0,0.0,-0.0,0.0,0.0,0.0,0.29067243584534264,0.0,-0.0,0.0,4.8573576034127415,-0.0,0.0,0.0,4.8573576034127415,0.0,-0.29067243584534264,-0.0,0.0,0.0,0.0,0.0,0.0,0.0,-0.015783016417320442,0.0,0.0,0.06270950810378476,0.07391219704951996,0.0,0.0,0.0,0.0,0.0,0.0,0.0,0.0,0.06270950810378476,0.0,3.8007750128037,0.0,0.0,0.07391219704951996,0.0,0.0,-0.0,0.0,0.02730704565123594,0.0,-0.29067243584534264,0.0,0.0,0.0,0.04096056847685391,0.00044024602172712535,-0.0,0.5333590380143409,0.4402607621072302,0.0,-1000.0,0.0,-0.4402607621072302,0.0,0.0,0.0,0.0,-1000.0,1000.0,0.0,1.965384025567579e-6,0.0,0.0,0.0,0.0,0.0,0.0,0.0,0.0,0.0,0.0,0.0,0.0,0.0,0.0,0.0,0.0,0.0,0.06270950810378476,0.07391219704951996,0.0,0.0,0.0,0.0,0.0,0.0,0.0,0.0,-0.0,0.0,0.0,0.0,0.0,0.0,0.0,0.0,0.0,0.0,0.0,-0.0,0.0,0.0,0.0,-0.0,-0.0,-0.0,0.0004382806377015702,0.0,0.0,0.0,0.0,0.0,-0.0,-0.0,0.0,0.0,0.0,0.0,0.0,0.0,0.0,0.0,1.965384025567579e-6,0.0,0.00021914031885078507,0.0,0.0,0.0,0.0,0.0,0.0,0.0,0.0,0.0,0.0,0.0,0.0,0.055859162082668945,0.0,0.0,0.0,0.0,0.29067243584534264,0.055859162082668945,0.0,0.0,0.29067243584534264,-0.0,0.0,0.0,0.000566030599363665,0.3250696043688137,1.0505724462588424,0.0,0.0,0.0,-1.0505724462588424,0.0,-2.8747681968895122,0.0,0.0,-0.0,0.0,0.0,0.0,0.0,0.0,0.0,0.0,-0.0,0.2368828231415964,0.0,0.0,0.0,0.0,-0.0,0.0,0.0,0.0,0.0,-0.0,-0.0,-0.0,0.0,3.15,0.09309827590711066,55.81070512798763,0.0,0.0,0.0,0.0,0.0,0.6157420402141563,0.0,0.0,0.0,0.0,0.0001198884255596223,-0.0,0.0001198884255596223,0.0001198884255596223,0.0,0.0,0.0,0.0,0.24358183459274363,0.0,0.0,0.0,0.0,1.965384025567579e-6,0.0,0.0,0.0,0.0,0.0,0.0,0.0,0.0,0.0,0.0,0.0,0.0,0.0,-0.0,0.0,0.0023476512185404736,0.0,0.0,-0.0,999.9948850880735,0.0051149119265119225,0.0,0.0,0.0,0.0,0.0,0.0,-0.0,0.0,0.0,0.0,-1000.0,0.0,0.0,0.0,0.0,0.0,0.0,0.0,0.317786873862073,0.3745225972201451,0.00021914031885078507,-0.0,0.0,0.0,0.0025574559632698126,0.005114911926539625,0.0,0.0,0.0,0.0,0.0,-0.0,0.0,0.0,0.0,0.0,-19.67551037456573,-19.67551037456573,0.0,-0.0,0.0,0.0,0.0,0.0,0.0,0.0,2.456730031959474e-5,2.456730031959474e-5,0.0,0.0,0.0,0.0,0.0,0.0,-0.0,0.0,0.0,0.0,0.0,0.0,0.0,0.0,0.0,0.0,0.0,0.0,-0.0,0.0,0.0,0.0,0.0,-0.0,0.0,0.0006967286370637069,0.0,0.0,0.00023977685111924464,0.00021914031885078507,0.0,0.0006967286370637069,0.0,0.0,0.0,0.0,0.0,0.0,0.0,0.0,0.0,0.0,1000.0,0.0,0.0,-1000.0,0.0,0.0,0.0,0.0,0.0,0.0,0.0,0.0,0.0,0.0,0.24358183459274363,0.0,0.15124711037956579,0.0,0.0,1000.0,0.0,4.8573576034127415,0.0,0.0,0.0,0.0,-0.0,0.0,0.0,0.0,0.0,0.0,0.0,0.0,0.0,0.0,35.14650713207066,-0.1478243940990399,0.0,0.1577466353521178,0.0,0.0,0.0,0.0,0.0,0.0,-0.0,0.0,0.0,0.3745225972201451,0.0,0.3745225972201451,0.0,0.0,0.17777389857265166,0.0,0.0,0.0,0.0,0.0,0.0,0.0,0.0,0.0,0.0,0.0,0.0,0.0,0.00027318837955389347,0.0011738256092702366,0.0,0.0,0.0,0.06270950810378476,0.0,0.0,0.0,0.0,0.0,0.01365352282561797,0.0,0.0,0.0,0.0,0.0,0.0006574209565523656,0.0006574209565523656,0.0,0.0,0.0,0.33722157379889794,0.0,0.07391219704951996,0.0,0.0,0.0,0.3645286194501338,0.0,0.000566030599363665,0.0,0.000566030599363665,0.0,0.0,0.0,0.0,0.0,-0.0,0.0,0.0,0.0,0.0,0.0,0.0,0.0,0.0,0.0,0.0,0.0,0.0,0.0,0.0,0.0,0.025713119206500636,0.0,0.0,0.0,0.0008765612754031404,0.0,0.0,0.0,0.0,0.0,1.965384025567579e-6,0.0,0.0,0.0,0.0,0.0,0.0,0.0023476512185404736,0.0027859318562420436,0.0,0.0,0.0,0.0,0.0,0.0,-0.0,0.00021914031885078507,0.0,0.0,0.0,0.0,0.34972043350949505,0.0,0.0,0.0,0.0,0.34972043350949505,0.34972043350949505,0.0,0.0,0.34972043350949505,0.0,0.34972043350949505,0.27324341030660937,0.27324341030660937,0.0,0.0,0.0,0.0,0.0,0.0,0.0,0.0,0.0,0.0,0.0,0.0,0.0,0.0,0.07647702320288564,0.0,0.0,0.0,1.965384025567579e-6,0.0,14.587403952630424,0.0,0.0,0.1254190162075695,0.0,0.1478243940990399,0.0,0.0,0.0,1.965384025567579e-6,0.0,0.0,0.0,0.0,0.0,0.0,0.0,0.0,0.0,0.0,0.0,0.0,0.0,0.0,0.0,0.0,0.8669143037747533,0.0,0.0,0.0,0.0,0.0,0.0,0.0,0.0,0.0,0.0,1.074028321911979,0.0,0.0,0.0,0.0,0.0,0.0,6.916588798351314,0.0,0.0,0.0,0.0,0.0,0.00021914031885078507,0.0,0.0,0.0,0.0,0.0,0.0,0.0,0.0,0.0,0.0,0.0,0.0,0.0,0.0,0.0,0.0,0.0,0.0,0.0,0.0,0.0,0.0,0.0,0.0,0.0,0.0,0.0,0.0,0.0,0.0,0.0,0.0,0.0,0.0,0.0,0.0,0.0,0.015783016417320442,0.015783016417320442,0.0,0.0,0.0,0.0,0.0,0.0,0.0,0.0,0.0,0.0,0.0,0.0,0.0,0.0,0.0,0.0,0.0,0.0,0.0,0.0,0.0,0.0,0.0,0.0,0.0,0.0,0.0,0.002410543507358646,0.0,0.0,0.003836429617907914,0.0,0.007672859235815828,0.0,0.0,0.0,0.0,0.0,0.00021914031885078507,0.0,0.0,-0.0,0.0,0.0,4.825569482183,0.0,0.0,0.0,0.0,0.0,0.09285260290391471,0.0,