{"objective_value":0.9824784386660084,"time_limit":1800,"thermo_feasible":false,"dual_bound":0.9824784386660084,"solution":[-0.0,-0.0,-0.0,-0.0,-0.0,0.0,-0.0,-0.0,-0.0,-0.0,-0.0,-0.0,0.0002190926918225199,0.00022105764869985193,0.0,1.964956877332017e-6,0.0004401503405223328,-0.0,-0.0,0.0,-0.0,-0.0,-0.0,-0.0,0.0,0.0,0.0,0.9824784386660085,-0.0,-0.0,-0.0,-0.0,0.0,-0.0,-0.0,-0.0,-0.0,-0.0,-0.0,0.0,0.0,-0.0,-0.0,-0.0,-0.0,-0.0,-0.0,-0.0,-0.0,-0.0,-0.0,-0.0,-0.0,-0.0,-0.0,-0.0,-0.0,-0.0,-0.0,-0.0,-0.0,-0.0,-0.0,-0.0,-0.0,-0.005113800273306879,-0.0,-0.0,-0.0,-0.0,-0.0,-0.0,-0.0,-0.0,-0.0,-0.0,-0.0,-0.0,-0.0,-0.0,-0.0,-0.0,-0.0,0.0,-0.005113800273256574,0.0,-0.0,-0.0,0.0,19.67084581296051,-2.4561960966650212e-5,0.0,0.0,0.0,0.0,0.0,0.0,-0.0,-0.0,0.0,0.0,-0.0,0.0,-0.0,-0.0,-0.0,-0.0,-0.0,-0.0,-0.0,-0.0,-0.0,-0.0,-0.0,-0.0006965772130142,-0.0,-0.0,-0.0,-0.0,-0.0,-0.0,-0.0,-0.0,-0.0,-0.0,-0.0,-0.0,-0.0,-0.0,-0.0,-0.0,-0.0,-0.0,-0.0,1.964956877332017e-6,-0.0,-0.0,-0.0,-0.0,-0.0,-0.0,-0.0,-0.0,-0.0,-0.0,-0.008523000455427624,0.0,-0.0,-0.0,-0.0,-0.0,-0.0,-0.0,-0.0,-0.0006788926011182118,0.0,0.0,-0.0,-0.0,-0.0001267397185879151,-0.0,-0.0,-0.0,0.0,-0.0,-0.0,-0.0,0.0,0.0,-0.0,-0.0,-0.0,-10.611576699826283,-0.0,-0.00031734053568912077,0.0,-0.0,-0.0,-0.0,-0.0,-0.0,-0.0,-0.0,-0.0,-1000.0,999.9842204137966,0.0,0.0,0.0,-267.57038428126964,-0.0,-0.0,-0.0,-0.0,-0.0,-0.0,-0.0,-0.0,-0.0,-0.0,-0.0,-0.0,-0.0,-0.0,-0.0,-0.0,-0.0,0.0,-0.9477291587688942,-0.0,-0.0,-0.0,-0.0,-0.0,-0.0,-0.0,-0.0,-0.0,-0.0,-0.0,-0.0,-0.0,-0.0,-0.0,-0.0,-0.0,-0.0,-0.0,-0.0,-0.0,-0.0,-0.0,-0.0,-0.0,-0.0,-0.0,-0.0,-0.0,-0.0,-0.0,-0.0,-0.0,-0.0,0.0,-0.0,-0.0,-0.0,-0.0,-0.0,-0.0,-0.0,-0.0,-0.0,-0.0,-0.0,-0.0,-0.0,-0.0,-0.0,-0.0,-0.2477908870159535,0.0,-0.0,-0.0,-0.0,-0.0,-0.0,0.0,0.0,-0.0,-0.0,-0.0,0.0,0.0,-0.0,0.0,-0.0,-0.0,-0.0,-0.0,-10.0,-0.0,0.0,0.0,-0.0,0.0,-0.0,0.0,0.0,-0.0,-0.0,-0.0,-0.0,0.0,0.0,0.0,0.0,0.0,0.0,-0.0,-0.0,-0.0,-0.0,-0.0003350251475851089,0.0,0.0,0.0,-0.0,0.0,0.0,0.0,0.0,0.0,0.0,0.0,-0.0,0.0,0.0,0.0,0.0,0.0,0.0,0.0,0.0,0.0,0.0,0.0,0.0,0.0,0.0,0.0,0.0,-0.0,0.0,0.0,0.0,0.0,0.0,-0.0,0.0,0.0,0.0,0.0,0.0,-0.0,0.0,0.0,0.0,-0.0,0.0,0.0,0.0,0.0,0.0,0.0,0.0,0.0,0.0,0.0,0.0,0.0,-0.0,0.0,0.0,0.0,0.0,0.0,0.0,-0.0,-0.0,-0.0,-0.0,-0.0,-0.0,-0.0,-0.0,0.0,-0.0,0.0,-0.0,0.0,0.0,0.0,0.0,-0.0,0.0,0.0,0.0,0.0,0.0,0.0,0.07646040201074344,0.0,0.0,0.0,0.0,0.0,0.0,0.0,0.0,0.0,-990.9569805843362,0.0,0.0,0.0,0.0,0.0,0.0,-0.0,0.0,0.0,0.0,0.0,545.6099797201165,0.07646040201074344,-0.0,0.0,0.0,0.3496444267524591,0.3496444267524591,0.3496444267524591,0.0,0.0,0.0,-0.0,0.0,0.0,-0.0,0.3496444267524591,0.3496444267524591,0.27318402474171566,0.27318402474171566,0.0,0.0,0.0,0.0,0.0,0.0,0.0,0.0,0.0,0.0,0.0,0.0,0.0,0.0,0.0,0.0,0.0,0.0,0.0,0.0,0.0,0.0764662968813754,1000.0,0.0,0.0,0.0,0.0,0.00022105764869985193,0.0,0.0,0.0,0.0,-0.0,0.0,0.03823020100537172,0.0,0.0,-0.0,0.0,0.0,0.0,0.0,0.290609262329896,-0.0,0.290609262329896,0.12539175817006531,0.14779226657165032,0.0,0.0,0.07646040201074344,0.28543847830719676,0.572368358884288,0.8589504420940922,0.0,0.0,-0.0,0.0,0.0,0.0,0.0,0.0,0.0,-0.0,0.0,0.0,0.0,0.0,0.0,0.0,-0.0,0.0,0.0,0.0,0.0,-0.0,1000.0,0.0,-0.3496444267524591,-0.3496444267524591,-0.3496444267524591,-0.3496444267524591,-0.3496444267524591,-0.27318402474171566,-0.290609262329896,-0.0,0.0,0.0,-0.12539175817006531,0.0,0.0,0.290609262329896,0.0,0.06269587908503266,0.0,-0.0,-0.0,0.0,0.0,0.0,0.0,4.855698960895072,-0.0,4.855698960895072,0.0,0.0,0.0,0.0,0.0,0.0,0.0,0.0,0.0,0.0006572780754673582,0.0,0.0,-0.290609262329896,0.0,0.0004401503405223328,0.0006572780754673582,0.0,0.5332431200212783,0.440165077698938,0.0,-0.0,0.0,1000.0,-0.440165077698938,3.799346003468889,0.0,-1000.0,-0.0,0.0,0.0,0.0,0.0,0.0,0.0,0.027301110853651042,0.0,0.0,0.04095166628047657,0.0,0.0,0.0,0.0,-1000.0,-0.19177291387853418,0.0,0.0,0.0,0.0,0.0,0.0,0.0,-0.0,0.0,0.0,0.0,-990.9569805843362,990.9569805843362,0.0,0.0006612079892222021,0.24352889554902035,0.0,-0.0,0.0,0.2937974048633536,0.440165077698938,0.0,0.2937974048633536,0.0,-0.0,0.0,-0.0,0.0,0.0,0.0,0.0,-0.0,0.0,0.0,0.0,-0.0,0.0,0.0,0.0,0.0,-0.0,-0.0,0.0,-0.0,0.0,0.0,0.0,0.0,0.0,-0.0,0.0,0.0,0.0,0.0,0.0,0.0,0.0,0.0,0.0,0.0,0.0,0.06269587908503266,0.0,-0.0,-0.0,-0.0,-0.0,0.0,0.0,1.964956877332017e-6,0.07389613328582516,0.0,0.23683134003263467,0.0,0.0,0.0002190926918225199,0.0,0.0,0.0,0.0,0.0,0.0,0.0,0.0,0.0,0.0,0.0005659075806710989,0.3249989551185222,1.0503441192953018,0.055847021889091915,0.0,0.0,0.0,0.0,0.0,0.0,0.0,0.0022380858832811777,0.055847021889091915,0.0,-2.8763814928352334,0.0,0.0,0.0,0.0,0.0,0.0,0.6156082174484183,0.0,0.0,0.0,0.0,0.0,1.964956877332017e-6,0.0,-0.0,0.0,0.0,0.0,0.0,0.0,0.0,0.0,0.0,0.0,0.0,-0.0,0.0,0.0,0.0,3.15,0.09307804232234032,55.80046600349228,0.0,0.0,0.0,0.0,0.002347140989973094,0.0,0.0,0.0,0.0,0.0,0.0,0.0,0.0,0.0,0.00011986236951725304,0.00011986236951725304,0.00011986236951725304,0.0,0.0,0.0,0.0,0.0,0.24352889554902035,0.0,0.0,1.964956877332017e-6,0.0,0.0,0.0,0.31771780740956845,0.0,0.0,0.0,0.3744412000659503,0.0002190926918225199,0.0,0.0,0.0,0.0,0.0,0.0,0.0,999.9948861997267,0.0,0.0,0.0,0.0,0.0,0.0,0.0,0.005113800273306879,0.0,0.0,-1000.0,0.0,0.0,0.0,0.06269587908503266,0.0,0.0,0.0,0.0,0.0,0.0,0.0,0.0,0.0,0.0,0.0,0.0,0.0,0.0,0.0,0.0,0.0,0.0,0.002556900136628287,0.0,0.005113800273256574,0.0,0.0,0.0,0.0,0.0,-19.67084581296051,0.0,-19.67084581296051,0.0,0.157712351366861,0.0,-0.0,0.0,0.0,2.4561960966650212e-5,0.0,0.0,0.0006965772130142,2.4561960966650212e-5,0.0,0.0,0.0,0.0,0.0,0.0006965772130142,0.0,0.0,0.0,0.0,0.0,0.0,0.0,0.0,0.0,0.0,0.0,0.0004381853836450398,0.0,0.0,0.0,0.0,0.0,0.0,0.0,0.0,0.0002397247390345061,0.0,0.0,0.0002190926918225199,0.0,0.0,0.0,0.0,0.24352889554902035,0.0,0.15121423897352404,0.0,0.0,0.0,0.0,0.0,0.0,0.0,0.0,0.0,0.0,0.0,0.0,0.0,0.0,35.140329885916294,1000.0,0.0,0.0,0.0,0.0,0.0,-1000.0,0.0,1000.0,0.0,1000.0,0.0,0.0,4.855698960895072,0.0,0.0,0.17773526194687378,0.0,0.0,0.0,0.0,0.0,0.0,0.0,0.0,-1000.0,0.0,-0.0,0.0,0.0,0.0,0.0,0.0,0.0,0.0,0.0,-0.14779226657165032,0.0,0.0,0.0,0.0,0.0,0.0,0.0,0.0,0.0,0.06269587908503266,0.0,0.07389613328582516,0.013650555426825521,0.0,0.0,0.0,0.0,0.0,0.0,0.0008763707672900796,1.964956877332017e-6,0.0,0.3371482834910662,0.36444939434471724,0.0,0.0,0.0,0.0,0.0,0.0,0.0,0.0,0.0,0.3744412000659503,0.3744412000659503,0.0,0.0,0.0,0.0,0.0,0.0,0.0,0.0,0.0,0.0,0.0,0.0,0.0,0.00027312900594915035,0.0,0.3744412000659503,0.0,0.0,0.002347140989973094,0.0,0.0,0.0,0.0,0.0,0.0,0.0,0.0,0.0,0.0,0.8589504420940922,0.0,0.0006572780754673582,0.0006572780754673582,0.28543847830719676,0.0,0.0,0.0,0.0,0.0,0.0,0.0,0.0,0.0005659075806710989,0.0005659075806710989,0.0,0.0,0.0,0.0,0.0,0.36444939434471724,0.36444939434471724,0.02636480890160214,0.0,-0.0,0.0,0.0006572780754673582,0.0,-0.0,-1000.0,0.0,-0.0,0.0,0.0,0.0,0.0,0.0,0.0006572780754673582,0.0,0.3249989551185222,0.0,0.0,0.0,0.0,0.0,0.025707530826134774,0.0,0.0,0.0,-0.3249989551185222,0.0,0.0004381853836450398,0.0006572780754673582,0.0,0.0004401503405223328,0.0,0.0,0.0,0.0,0.0,-0.0,0.0,0.002347140989973094,1000.0,0.002785326373618134,-0.0,0.0,0.0,0.0002190926918225199,0.290609262329896,0.0,0.0,0.0,0.0,0.0,0.290609262329896,0.0,0.0,0.0,0.0,0.0,0.0,0.0,0.0,0.0,0.0,0.0,0.0,0.0,0.0,0.0,0.0,0.0,0.0,0.0,0.0,0.0,0.0,0.0,0.0,0.07646040201074344,-1.0503441192953018,0.0,0.0,0.0,0.3496444267524591,0.0,0.0,0.12539175817006531,0.14779226657165032,0.0,0.0,0.0,0.3496444267524591,0.3496444267524591,0.3496444267524591,0.3496444267524591,0.27318402474171566,0.0,0.27318402474171566,0.0,0.0,0.0,0.0,-0.0,0.0,0.0,0.0,0.0,0.0,0.0,0.0,0.0,0.0,0.0,0.0,0.0,0.0,1.964956877332017e-6,0.0,14.58586870895474,0.0,0.0,0.0,0.0,0.0,0.0,0.0,0.0,0.0,0.0,7.783511317688582,0.0,0.0,0.0,1.964956877332017e-6,0.0,0.0,0.0,0.0,0.0,0.0,0.0,0.0,0.0,0.0,0.0,-999.9842204137966,0.0002190926918225199,0.0,0.0,0.0,0.0,0.0,0.0,0.0,0.0,0.0,0.0,0.0,0.0,0.0,0.0,0.0,0.0,0.0,0.0,0.0,0.0,0.0,1000.0,0.0,0.0,0.0,0.01577958620341476,0.0,0.0,0.0,0.0,0.0,0.0,0.0,0.0,0.0,0.0,0.0,0.0,0.0,0.0,0.0,0.0,0.0024100196100475175,0.0,0.0,4.823917748361077,0.0,0.0,0.0,