{"objective_value":0.9824784386660046,"time_limit":1800,"thermo_feasible":false,"dual_bound":0.9824784386660046,"solution":[0.0,-0.0,19.670845812960447,-2.456196096665012e-5,0.0,0.0,0.0,0.0,-0.0,-0.0,-0.0,-0.0,-0.0006965772130141974,-0.0,-0.0,-0.0,-0.0,0.00021909269182251905,-10.0,-0.0,-0.0,-0.0,0.00022105764869985103,-0.0,0.0,1.9649568773320094e-6,0.00044015034052236057,-0.0,-0.0,-0.0,-0.0,-0.0,0.0,0.0,0.9824784386660047,-0.0,-0.0,-0.0,0.0,-0.0,-0.0,-0.0,-0.0,-0.0,-0.0,-0.0,-0.0,-0.0,-0.0,-0.0,-0.0,-0.0,-0.0,-0.0,-0.0,-0.0,-0.0,-0.0,-0.0,9.027239829460541,-0.0,45.61786951321832,-0.0,-0.0,-0.0,-0.0,-0.0,-0.0,-0.0,-0.0,-0.0,-0.0,0.0,0.0,0.0,-0.0,-0.0,-0.0,-0.0,-0.0,-0.0,-0.0,-0.0,-0.0,-0.0,-0.0,-0.0,-0.0,-0.0,-0.0,-0.0,-0.0,-0.0,-0.0,-0.0,-0.0,-0.0,-0.0,-0.0,-0.0,-0.0,-0.0,-0.0,-0.0,0.0,-0.0,-0.0,-0.0,-0.0,-0.0,-0.0,-0.0,-0.0,-0.0,-0.19177291387853343,-3.469446951953614e-18,-0.0,-0.0,0.0,-0.0,-0.0,-0.0,-0.0,-0.0,-0.0,-0.0,0.0,0.0,-0.0,-0.0,0.0,-0.0,-0.0,-0.0,-0.0,-0.0,-0.0,-0.0,-0.0,-0.0,-0.0,-0.0,-0.0,-0.0,-0.0,-0.0,-0.0,-0.0,-0.0,-0.0,-0.0,-0.0,-0.0,-0.0,-0.0,-0.0,0.0,0.0,0.0,-0.0,-0.0,-0.0,-0.0,-0.0,-0.0,-0.0,-0.0,1.9649568773320094e-6,-0.0,-0.0,-0.0,-0.0,-0.0,-0.0,-0.0,-0.0,-0.0,0.0,-0.0,-0.005113800273306879,-0.00852300045542759,0.0,-0.0,0.0,-0.0,-0.0,-0.0,-0.0,-0.0,-0.0006788926011182092,-0.0,-0.0001267397185879146,-0.0,-0.0,-0.0,0.0,-0.0,-0.0,-0.0051138002732565545,-0.0,-0.0,-0.0,-0.0,-10.611576699826342,-0.0003173405356891195,-0.0,0.0,-0.0,-0.0,-0.0,-0.0,-0.0,-0.0,-0.0,-0.0,0.0,0.0,-0.0,-0.0157795862034147,-0.0,-0.0,-0.0003350251475851076,0.0,0.0,-17.57432917782045,-0.0,-0.0,-0.0,-0.0,-0.0,-0.0,-0.0,-0.0,0.0,0.0,0.0,0.0,-0.0,0.0,0.0,-0.9477291587689817,-0.0,-0.0,0.0,0.0,0.0,0.0,-0.0,0.0,-0.0,0.0,0.0,-0.0,-0.0,-0.0,0.0,0.0,0.0,0.0,-0.0,-0.0,-0.0,0.0,-0.0,0.0,-0.0,-0.0,0.0,0.0,0.0,-0.0,0.0,-0.0,0.0,-0.0,0.0,0.0,0.0,-0.0,0.0,0.0,0.0,0.0,0.0,0.0,0.0,-0.0,-0.0,-0.0,-0.0,-0.0,-0.0,0.0,0.0,0.0,0.0,0.0,-0.0,-0.0,0.0,-0.0,-0.0,-0.24779088701595256,0.0,0.0,0.0,-0.0,-3.469446951953614e-18,0.0,0.0,0.0,-0.0,-0.0,-0.0,0.0,-0.0,-0.0,-0.0,-0.0,0.0,0.0,0.0,0.0,0.0,0.0,-0.0,-0.0,-0.0,-0.0,-0.0,0.0,0.0,-0.0,-0.0,-0.0,-0.0,-0.0,0.0,0.0,0.0,0.0,-0.0,-0.0,-0.0,0.0,0.0,-0.0,0.0,-0.0,-0.0,0.0,0.0,0.0,0.0,0.0,-0.0,-0.0,-0.0,0.0,-0.0,-0.0,-0.0,-0.0,0.0,0.0,0.0,-0.0,-0.0,-0.0,0.0,0.0,0.0,-0.0,-0.0,0.0,-0.0,-0.0,-0.0,-0.0,0.0,0.0,-0.0,0.0,0.0,-0.0,0.0,-0.0,0.0,0.0,0.0,0.0,0.0,0.0,0.0,0.0,0.0,0.0,-0.0,0.0,0.0,0.0,0.0,0.0,0.0,0.0,0.0,-0.0,0.0,0.0,0.0,0.0,0.0,0.0,-0.0,0.0,0.0,0.0,0.0,0.0,0.0,0.00022105764869985103,0.0,0.0,0.03823020100537157,0.0,0.0,0.0,0.0,-0.0,0.12539175817006482,0.14779226657164973,0.0,0.0,0.0,0.0,0.0,0.0,-0.0,0.07646040201074314,0.0,0.0,0.0,0.07646040201074314,0.0,0.0,0.0,0.0,0.0,0.0,0.0,0.0,0.0,0.0,0.0,0.0,0.0,-0.0,0.0,0.0,0.0,0.0,0.0,0.07646040201074314,0.0,0.3496444267524577,0.0,-0.0,0.0,0.0,0.3496444267524577,0.3496444267524577,0.3496444267524577,0.0,0.3496444267524577,-0.0,0.27318402474171455,0.27318402474171455,0.0,0.0,0.0,-0.0,-0.0,0.0,0.0,0.0006572780754670265,0.0,-0.0,0.0,0.0,0.0,0.0,0.0,-0.0,0.07646629688137518,0.0,0.0,0.0,0.0,-0.0,0.0,0.0,0.0,0.0,-0.0,0.2906092623298948,0.2906092623298948,0.0,-0.0,0.28543847830719565,-996.0104782959837,0.8589504420940889,0.0,0.0,0.0,0.0,0.0,0.0,-0.0,0.0,0.0,-0.06075057177645249,999.2232279844297,0.0,0.0,0.0,-0.0,0.0,0.0,0.0,0.0,0.0,0.0,-0.3496444267524577,-0.3496444267524577,0.0,0.0,0.0,0.0,0.0,-0.3496444267524577,-0.3496444267524577,-0.3496444267524577,-0.27318402474171455,0.0,0.0,0.0,0.0006612079892222212,-0.12539175817006482,0.040951666280476404,0.0,0.0,0.2906092623298948,0.24352889554901944,0.29379740486337297,0.4401650776989564,0.29379740486337297,0.0,0.0,0.0,-0.0,0.0,-0.0,0.0,4.855698960895066,-1000.0,4.855698960895066,-0.2906092623298948,0.0,0.0,-0.0,0.0,0.0,0.0,-0.0,0.0,0.0,0.0,0.0,0.0,0.0,0.0,0.0,0.0,0.0,996.582846654868,0.0,0.0,0.0,0.0,0.0,0.0,0.0,0.0,0.0,0.0,0.0,0.0,0.0,0.0,0.0006572780754670265,0.0,0.0,0.06269587908503241,0.07389613328582487,0.0,0.0,0.0,1000.0,0.0,0.0,0.0,-0.2906092623298948,0.0,0.00044015034052236057,0.5332431200212964,0.0,0.0,0.4401650776989564,-1000.0,-0.4401650776989564,3.799346003468886,0.0,0.0,0.0,0.0,0.0,0.0,0.0,0.0,0.0,0.0,0.0,0.027301110853650935,0.0,0.0,0.0,0.0,0.0,0.0,0.0004381853836450381,0.0,0.324998955118521,1.0503441192952976,0.0,0.0,0.0,0.0,0.0,0.0,0.0,0.0,0.002238085883281146,0.0,0.0,0.0,0.0,0.0,0.0,-2.8763814928352627,0.0,0.0,0.0,0.0,0.0,0.0,0.0,0.0,0.0,0.0,0.0,-0.0,0.0,0.0,1000.0,0.0,0.0,0.0,0.0,-1000.0,0.0,-0.0,0.0,0.2906092623298948,0.2906092623298948,3.15,0.0,0.09307804232233995,55.8004660034923,0.0,0.0,0.0,0.0,0.0,-0.0,-1.0503441192952976,0.0,0.0,0.0,0.0,0.0,0.0,0.00011986236951725257,0.00011986236951725257,0.00011986236951725257,0.0,0.0,0.24352889554901944,0.0,0.0,0.23683134003263376,0.0,0.0,0.0,1.9649568773320094e-6,0.0,0.0,0.0,0.0,0.0,0.0,0.0,0.0,0.0,0.0,0.0,0.0,999.9948861997267,0.0,0.0005659075806711822,0.0,0.0,0.005113800273306879,0.0,0.0,0.0,0.6156082174484159,0.0,-1000.0,0.0,0.0,0.0,0.0,0.0,0.0,0.0,0.0,0.0,0.0,0.0,0.0,0.0,0.0,0.0,0.0,0.0,0.0,0.0,0.0,0.0,0.0,0.0051138002732565545,0.0,0.0,0.0,0.0,-19.670845812960447,-19.670845812960447,0.0,0.0,0.0,0.0023471409899730846,0.0,0.0,0.0,0.0,2.456196096665012e-5,-0.0,2.456196096665012e-5,0.0,0.0,0.0,0.0,0.0,0.0,0.0,0.0,0.0,0.0,0.0,0.0,0.0,0.0,0.0,0.0,0.0,0.0,0.0,0.0,0.31771780740956723,0.37444120006594844,0.00021909269182251903,0.0,0.0,0.0,0.0,0.0,0.0,0.0,-0.0,0.00023972473903450517,0.0,0.00021909269182251903,0.0,0.0,0.0,0.0,0.0,0.0,0.0,0.0,0.0,0.0,0.0,0.0,0.0,0.0,0.0,0.0,0.0,0.0,0.0,1000.0,0.0,0.0,0.0,0.0,0.0,-1000.0,0.0,-0.0,0.0,0.0,1000.0,0.0,0.0,4.855698960895066,0.0,0.0,0.0,0.0,0.0,0.0,0.0,0.0025569001366282772,0.0,-0.0,-0.0,0.0,0.0,0.0,-0.0,-0.14779226657164973,0.0,0.0006965772130141974,-0.0,0.0006965772130141974,-0.0,0.1577123513668604,0.0,0.0,0.0,0.0,-0.0,0.0,0.0,0.0,0.0,0.0,0.0,0.0,0.0,0.0,0.06269587908503241,0.07389613328582487,0.0,1.9649568773320094e-6,0.0,0.0,0.0,0.0,0.0,0.0,0.0,0.24352889554901944,0.0008763707672900762,1.9649568773320094e-6,0.0,0.00021909269182251903,0.15121423897352343,0.0,0.0,0.0,0.0,0.0,0.0,0.0,0.0,0.0,0.0,0.0,0.0,0.0,0.0,0.0,0.0,0.0,0.0,0.0,35.14032988591633,0.0,0.0,0.0,0.0,0.0,0.0,1000.0,0.0,0.37444120006594844,0.1777352619468731,0.0,0.0,0.0,0.0,0.0,0.0,0.0,0.0,0.0,0.0,0.0,0.0,0.0,0.0,0.0,0.8589504420940889,0.28543847830719565,0.8639495696700273,0.0,0.0,0.0,0.0,0.0,0.0,0.0,0.0,0.0,0.0,0.0558470218890917,0.0,0.0,0.0,0.0,0.0,0.0558470218890917,0.3644493943447158,0.3644493943447158,0.026364808901601706,0.0,0.013650555426825467,0.0,0.0,0.0,0.33714828349106485,0.3644493943447158,0.0006572780754670265,0.0,0.0,0.0,0.0,0.0006572780754670265,0.0,-0.0,0.0,0.0,0.0,0.324998955118521,0.0,-0.0,1.9649568773320094e-6,0.0,0.37444120006594844,-0.324998955118521,0.0,0.0004381853836450381,0.37444120006594844,0.0006572780754670265,0.0,0.0,0.0,0.00044015034052236057,0.0,0.0,0.0,0.0,0.0,0.0,0.0,0.0,0.0,0.0002731290059491491,0.0,0.0011735704949865423,0.0,0.0,0.0,0.0,0.0,0.0,0.0,0.0,0.0,0.0,0.0006572780754670265,0.0,0.0,0.0,0.0,0.0,0.0006572780754670265,0.0,0.0,0.0,0.0,0.0,0.0,0.0,0.0,0.0,0.0,0.0005659075806711822,0.0005659075806711822,0.0,0.0,0.0,0.0,0.0,0.0,0.0,0.0,-0.0,0.0,0.0,0.0,0.3496444267524577,0.0,0.3496444267524577,0.3496444267524577,0.0,0.0,0.0,0.0,0.0,0.02570753082613468,0.0,0.0,0.0,0.3496444267524577,0.3496444267524577,0.27318402474171455,0.27318402474171455,0.0,0.0,0.0,0.0,0.0,0.0,0.0,0.0,0.0,0.0,0.0,0.0,0.0023471409899730846,0.0,0.0,1.9649568773320094e-6,0.0,0.0027853263736181224,0.0,-0.0,14.585868708954695,0.07646040201074314,0.0,0.0,0.0,1.9649568773320094e-6,0.00021909269182251903,0.0,0.0,0.0,0.0,0.0,0.0,0.0,0.0,0.0,0.0,0.0,0.0,0.0,0.0,0.0,0.8639495696700273,0.0,0.12539175817006482,0.0,0.0,0.0,0.0,0.0,0.0,0.0,0.0,0.14779226657164973,0.0,0.0,0.0,0.0,0.0,0.0,0.0,0.0,0.0,0.0,0.0,0.0,0.0,0.0,0.0,0.0,0.0,0.0006572780754670265,0.0,0.0,0.0,0.0,0.0,0.0,0.0,0.0,0.0,0.0,0.0,0.0,0.0,0.0,0.0,0.0,0.0,0.0,0.0012050098050235894,0.0,0.0,4.823917748361111,0.0,0.0,0.0,0.0,0.0,0.0,0.0,0.0,0.0,0.0,