{"objective_value":0.9824784386660067,"time_limit":1800,"thermo_feasible":false,"dual_bound":0.9824784386660067,"solution":[0.00021909269182251954,-10.0,-0.0,-0.0,-0.0,-0.0,-0.0,-0.0,-0.0,-0.0,-0.0,-0.0,-0.0,-0.0,0.00022105764869985155,0.0,1.9649568773320136e-6,0.00044015034052237114,-0.0,0.0,0.0,0.0,-0.0,0.982478438666007,-0.0,-0.0,19.670845812960554,-0.0,-2.4561960966650175e-5,0.0,-0.0,-0.0,-0.0,0.0,0.0,0.0,-0.0,-0.0,-0.0,-0.0,-0.0006965772130141988,-0.0,-0.0,-0.0,-0.0,-0.0,-0.0,-0.0,-0.0,-0.0,-0.0,-0.0,-0.0,-0.0,-0.0,-0.0,-0.0,-0.0,-0.0,-0.0,-0.0,-0.0,-0.0,-0.0,-0.0,-0.0,-0.0,-0.0,-0.0,-0.0,-0.0,-0.0,-0.0,-0.0,-0.0,-0.0,-0.0,-0.0,-0.0,-0.0,-0.0,-0.0,-0.0,-0.0,-0.0,-0.0,-0.0,-0.0,-0.0,-0.0,-0.0,-0.0,0.0,-0.0,-0.0,-0.0,-0.0,-0.0,-0.0,-0.0,-0.0,-0.0,0.0,0.0,0.0,0.0,-0.0,-990.9569805843357,-0.0,-0.0,-0.0,0.0,-0.0,-0.0,-0.0,-0.0,-0.0,-0.0,-1000.0,999.9842204137966,-0.0,-0.0,-0.0,-0.0,-0.0,-0.0,0.0,-0.0,0.0,-0.0,0.0,0.0,0.0,-0.0,-0.0,-0.0,-0.0,-0.0,0.0,0.0,-0.0,0.0,545.6099797201164,0.0,-0.0,-0.0,-0.0,-0.0,-0.0,-0.0,-0.0,-0.0,-0.0,-0.0,-0.0,-0.0,0.0,-0.0,-0.0,-0.0,-0.0,-0.0,-0.0,-0.0,-0.0,-0.005113800273306879,-0.0,-0.0,-0.0,-0.0,-0.0,-0.0,-0.0,-0.0,-0.0,-0.0,-0.0,-0.0,-0.0,-0.0,0.0,-0.0,-0.005113800273256567,-0.0,-0.0,-0.0,-0.0,0.0,-0.0,-0.0,-0.0,0.0,-0.0,-0.0003173405356891202,-0.0,0.0,-0.0,-0.0,-0.0,-0.0,-0.0,0.0,-0.0,0.0,-267.57038428126964,-0.0,-0.0,-0.0,-0.0,-0.0,-0.0,-0.0,-0.0,-0.0,-0.0,-0.0,-0.0,-0.0,-0.0,-0.0,-0.0,-0.00033502514758510833,0.0,0.0,0.0,0.0,-0.0,-0.0,0.0,-0.9477291587687855,-0.0,0.0,0.0,-0.0,-0.0,-0.0,-0.0,0.0,0.0,0.0,0.0,-0.0,-0.0,-0.0,-0.0,-0.0,0.0,0.0,0.0,0.0,0.0,-0.0,-0.0,0.0,-0.0,-0.0,-0.0,-0.0,-0.0,0.0,0.0,0.0,0.0,0.0,0.0,0.0,0.0,-0.0,0.0,-0.0,-0.0,0.0,-0.0,0.0,0.0,0.0,-0.0,-0.0,-0.0,-0.0,-0.0,0.0,-0.0,0.0,-0.0,0.0,0.0,0.0,0.0,0.0,-0.0,-0.0,-0.2477908870159539,-0.0,-0.0,-0.0,-0.0,-0.0,-0.0,-0.0,-0.1917729138785339,-0.0,-0.0,3.469446951953614e-18,-0.0,-0.0,-0.0,0.0,0.0,-0.0,0.0,0.0,-0.0,-0.0,-0.0,0.0,0.0,-0.0,-0.0,-0.0,0.0,0.0,0.0,0.0,-0.0,-0.0,-0.0,-0.0,0.0,0.0,0.0,0.0,-0.0,-0.0,0.0,-0.0,-0.0,-0.0,-0.0,0.0,0.0,0.0,-0.0,-0.0,0.0,-0.0,0.0,0.0,0.0,0.0,-0.0,-0.0,-0.0,0.0,0.0,0.0,-0.0,-0.0,0.0,0.0,0.0,-0.0,0.0,0.0,-0.0,0.0,0.0,-0.0,-0.0,0.0,0.0,0.0,-0.0,0.0,0.0,0.0,0.0,0.0,0.0,0.0,0.0,-0.0,0.0,0.0,0.0,0.0,0.0,0.0,0.0,0.00022105764869985155,0.0,0.0,0.0,0.0,0.0,0.0,0.0,0.0,0.03823020100537167,0.0,-0.0,0.0,0.0,0.0,0.0,0.0,0.12539175817006512,0.14779226657165004,0.0,0.0,0.0,0.0,0.0,0.07646040201074333,-0.0,0.0,0.0,0.0,0.0,0.0,0.0,0.0,0.0,0.0,0.0,0.0,0.0,0.0,0.07646040201074333,0.0,0.0,0.0,0.0,1000.0,0.0,0.0,0.0,0.0,0.0,0.3496444267524585,0.0,0.3496444267524585,-0.0,0.3496444267524585,0.3496444267524585,0.3496444267524585,0.0,0.0,0.0,0.0,0.0,0.0,0.07646040201074333,0.2731840247417152,0.2731840247417152,0.0,0.0,0.0,0.0,0.0,0.0,0.0,0.0,0.0,0.0,0.0,0.0,0.0,0.07646629688137535,-0.0,1000.0,0.0,0.0,0.0,-0.0,0.0,0.0,0.0,0.0,0.0,0.0,0.0,0.0,0.0,0.0,-0.0,0.2906092623298955,0.2906092623298955,0.2854384783071963,0.0,0.0,0.0,-996.0104782959835,0.0,0.0,0.8589504420940917,-0.0,0.0,0.0,1000.0,-1000.0,0.0,0.0,0.0,0.0,-0.0,0.0,0.0,0.0,0.0,0.0,0.0,0.0,0.0,0.0006612079892222227,0.24352889554902077,0.2937974048633524,0.4401650776989368,0.0,-0.3496444267524585,-0.3496444267524585,-0.3496444267524585,0.2937974048633524,-0.0,0.0,-0.0,-0.3496444267524585,-0.3496444267524585,0.0,-0.2731840247417152,1.9649568773320136e-6,-0.12539175817006512,0.0,0.0,0.0,-0.0,0.0,-0.0,0.2906092623298955,0.0,-0.0,0.0,0.0,0.0,0.0,0.0,-0.0,-0.0,4.8556989608950785,-0.0,4.8556989608950785,-0.2906092623298955,0.0,0.0,0.0,0.06269587908503256,0.0,0.0,-0.00852300045542761,0.0,0.0,0.0,0.0,0.0,0.0,996.5828466548678,0.0,0.0,0.0,-0.0,0.0,0.0,-1000.0,1000.0,0.0,0.0,0.0,0.0,0.0006572780754676949,-0.0,0.0006572780754676949,0.0,0.0,0.06269587908503256,0.07389613328582502,0.0,0.0,-0.0006788926011182107,0.0,-0.2906092623298955,0.0,-0.06075057177667986,999.2232279844297,0.0,-0.0,0.00044015034052237114,0.5332431200212769,-0.00012673971858791487,0.4401650776989368,-0.0,-0.4401650776989368,-0.0,3.799346003468898,0.0,0.0,0.0,0.0,0.027301110853651,-0.0,0.0,0.0,0.0409516662804765,0.0,0.0,0.0,-0.0,1000.0,999.0130827237481,0.0,-1000.0,-10.611576699826264,0.0,0.0,0.0,0.0,0.0,0.0,0.0,0.0,0.0,0.0,0.0,0.0,0.0,0.0,-0.0,0.0,0.0,0.0,0.0,0.0,0.0,0.0004381853836450391,0.0,0.0,0.0,0.0,0.0,0.0,0.0,0.0,0.0,0.0,0.0,-0.0,0.0,0.0,0.0,0.0,0.0,0.0,0.0,0.0,0.0,0.0,0.0,0.0,0.0,-0.0,0.0,0.0,0.0,0.0,1000.0,0.0,-0.0,0.0,-0.0,0.0,-0.0,-0.0,-0.0,-1000.0,0.2906092623298955,0.2906092623298955,0.0,0.0,0.0,0.0,0.0,0.0,0.0,1.9649568773320136e-6,-1.0503441192952998,0.0,0.0,0.0,0.0,0.00021909269182251954,-0.0,0.0,0.0,0.0,0.0,0.0,0.0,0.0,0.0,0.0,0.0,0.23683134003263426,0.0,0.0,0.05584702188909182,0.05584702188909182,0.0,1.9649568773320136e-6,0.0,0.0,0.0,0.0,0.0,0.0,0.0,0.0,0.0,0.0005659075806720149,0.32499895511852167,1.0503441192952998,0.0,3.15,0.0,0.0,0.06269587908503256,0.0,0.0,0.0,0.0,0.0,0.002238085883281174,0.0,-2.8763814928352276,0.0,0.0,0.0,0.0,0.09307804232234015,0.0,55.80046600349219,0.0,0.0,0.0,0.0,0.0,0.0,2.4561960966650175e-5,0.0,0.0,0.0,0.0,0.0,0.0,0.0,0.00234714098997309,0.0,0.0,0.0,0.0,0.0,0.0,0.0,0.0,0.0,0.0,0.0,0.0,0.0,0.0,0.0,0.0,0.0,0.0,0.00023972473903450565,0.00021909269182251954,0.0,0.0,0.0,0.0,0.31771780740956795,0.0,0.0,0.0,0.00011986236951725284,0.0,0.0,0.0,0.0,0.0,1000.0,0.37444120006595,0.00021909269182251954,0.0,0.0,0.0,0.0,0.0,0.0,0.0,-1000.0,0.0,0.0,0.00011986236951725284,0.0,0.0,1000.0,0.0,4.8556989608950785,0.0,0.0,0.0,0.0,0.00011986236951725284,0.0,0.0,-0.0,0.0,0.0,0.0,0.0,0.0,0.0,0.0,0.0,-0.14779226657165004,0.0,0.0,0.15771235136686068,0.24352889554902077,0.0,-0.0,0.0,0.0,0.0,0.0,0.0,0.0006965772130141988,0.0,0.0,0.0025569001366282833,0.0006965772130141988,0.005113800273256567,0.0,0.0,0.0,0.0,0.0,-0.0,0.0,0.0,0.0,0.0,-19.670845812960554,-19.670845812960554,0.0,0.0,0.0,0.0,1.9649568773320136e-6,0.0,0.0,2.4561960966650175e-5,0.0,0.0,0.0,0.24352889554902077,0.0,0.0,0.15121423897352373,0.0,0.0,0.0,0.0,0.0,0.0,0.0,0.0,0.0,0.0,0.0,0.0,0.37444120006595,0.0,0.0,0.0,0.0,0.0,0.0,35.14032988591632,0.0,0.0,0.8589504420940917,0.0,0.2854384783071963,0.0,0.0,0.0,0.0,-0.0,0.0,0.0,0.0,0.0,0.0,0.0,0.17773526194687436,0.0,0.0,0.0,0.0,0.0,0.3644493943447165,0.3644493943447165,0.02636480890160243,0.0,0.0,0.0006572780754676949,0.0,0.0,0.0,0.0,0.0,0.0,0.0,0.0,0.0,-0.0,0.0006572780754676949,0.0,0.0,0.32499895511852167,0.0,0.0,0.0,0.0,0.0,0.0,0.0,0.0,0.0136505554268255,0.0,0.0,0.0,-0.32499895511852167,0.0,0.0004381853836450391,0.0006572780754676949,0.00044015034052237114,0.0,0.0,0.0,0.3371482834910655,0.0,999.9948861997267,0.37444120006595,0.37444120006595,0.3644493943447165,0.0,0.005113800273306879,0.0,0.0,0.0,0.0,0.0,0.0,0.0,0.0,0.0,0.0,0.0,0.06269587908503256,0.07389613328582502,0.0,0.0,0.0002731290059491499,0.0011735704949865453,0.0,0.0,0.0,0.0,0.0,0.0008763707672900782,1.9649568773320136e-6,0.0,0.0,0.0,0.0,-1000.0,0.0,0.0,0.0,0.0,0.0,0.0,0.0,0.0,0.0,0.0,0.0006572780754676949,0.0,0.0,0.0,0.0,0.3496444267524585,0.3496444267524585,0.0006572780754676949,0.0,0.0,0.0,0.0,0.3496444267524585,0.0,0.3496444267524585,0.3496444267524585,0.2731840247417152,0.0005659075806720149,0.0005659075806720149,0.0,-0.0,0.0,0.2731840247417152,-0.0,0.0,0.0,0.0,0.0,0.0,0.0,0.0,0.0,0.0,0.0,0.0,1.9649568773320136e-6,0.0,0.0,0.0,0.0,0.025707530826134736,0.0,14.585868708954735,0.0,0.0,0.0,0.0,0.0,0.6156082174484172,0.0,0.0,0.0,0.0,0.0,0.0,0.0,1.9649568773320136e-6,0.0,0.0,0.00234714098997309,0.0027853263736181294,0.0,0.0,0.00021909269182251954,0.0,0.0,0.0,0.0,0.0,0.0,0.0,0.0,0.0,0.0,0.0,0.0,0.0,0.0,0.0,0.0,0.0,0.0,0.0,0.0,0.0,0.0,0.0,0.0,0.0,0.0,0.0,0.0,0.0,0.0,0.0,0.0,0.0,0.07646040201074333,0.0,0.0,0.0,0.0,0.0,0.0,0.0,0.0,0.12539175817006512,0.0,0.14779226657165004,0.0,0.0,0.0,0.0,0.0,0.0,0.0,0.0,0.0,0.0,0.0,0.0,0.0,0.0,0.0,0.0,0.0,0.0,2.1475897942956377,0.0,0.0,0.0,0.0,0.0,0.0,0.0,0.0,0.0,0.0,7.783511317688576,0.0,0.0,0.0,0.0,0.0,0.0,0.0,0.0,0.09283242271267367,0.0,0.0,0.00021909269182251954,0.0,0.0,0.0,0.0,0.0035054830691603127,0.0,0.0,0.0,0.0,