{"objective_value":0.982478438666005,"time_limit":1800,"thermo_feasible":false,"dual_bound":0.982478438666005,"solution":[-0.0,-0.0,-0.0,-0.0,-0.0,-0.0,-0.0,-0.0,0.0002190926918225191,0.0002210576486998511,-0.0,0.0,0.0,0.0,0.0,1.9649568773320102e-6,-0.0,0.00044015034052236057,-0.0,0.0,-0.0,-0.0,-0.0,0.0,-0.0,0.982478438666005,-0.0,-0.0,-0.0,-0.0,-0.0,-0.0,-0.0,-0.0,-0.0,-0.0,-0.0,-0.0,-0.0,-0.0,-0.0,-0.005113800273306879,-0.0,-0.0,-0.0,-0.0,-0.0,-0.0,-0.0,-0.005113800273256557,-0.0,-0.0,-0.0,0.0,-0.0,-0.0,-0.0,-0.0,-0.0,-0.0,19.670845812960486,-2.456196096665013e-5,0.0,0.0,-0.0,0.0,0.0,-0.0,-0.0,-0.0,-0.0,-0.0,-0.0,-0.0,-0.0,-0.0,-0.0,-0.0,-0.0,-0.0006965772130141976,-0.0,-0.0,-0.0,-0.0,-0.0,-0.0,-0.0,-0.0,-0.0,-0.0,-0.0,-0.0,-0.0,-0.0,-0.0,-0.0,-0.0,-0.0,-0.0,-0.0,-0.0,-0.0,-0.0,-0.0,-0.0,-0.0,-0.0,-0.0,-0.0,-0.0,-0.0,0.0,-0.0,-0.0,-0.0,-0.0,-0.0,-0.0,0.0,-0.0,-0.0,-0.0,-0.0,-0.0,-0.0,-0.0,-0.0,-0.0,-0.0,-0.0,0.0,-0.0,-0.0,-0.0,-0.0,-0.0,-0.0,-0.0,-0.0,0.0,0.0,0.0,-0.0,1.9649568773320102e-6,-0.0,-0.0,-0.0,-0.0,-0.0,-0.0,-0.0,-0.0,-0.0,-0.0,-1000.0,-0.008523000455427594,0.0,999.9842204137966,-0.0,0.0,-0.0,-0.0,-0.0,-0.0006788926011182096,-0.0,0.0,-0.0,0.0,0.0,0.0,-0.00012673971858791463,-0.0,-0.0,0.0,-0.0,-10.0,-0.0,-10.61157669982632,0.0,0.0,-0.0,-0.0,-0.0,-0.0,-0.0,-0.0,-0.0003173405356891196,0.0,-0.0,-0.0,-0.0,0.0,-0.0,0.0,-267.57038428126964,-0.0,-0.0,-0.0,-0.0,-0.0,-0.0,-0.0,-0.0,-0.0,-0.0,-0.0,-0.0,-0.0,-0.0,-0.0,-0.0,0.0,-0.0,-0.0,-0.0,-0.0,0.0,-0.0,-0.0,-0.0,-0.9477291587689756,-0.0,-0.0,-0.0,-0.0,-0.0,-0.0,-0.0,-0.0,-0.0,-0.0,-0.0,-0.0,-0.0,-0.0,-0.0,-0.0,-0.0,-0.0,-0.0,-0.0,-0.0,-0.0,-0.0,-0.0,-0.0,-0.0,-0.0,-0.0,-0.0,-0.0,-0.0,-0.0,-0.0,-0.0,-0.0,-0.0,-0.0,-0.0,-0.0003350251475851078,0.0,0.0,0.0,-0.0,-0.0,-0.0,-0.0,-0.0,-0.0,0.0,0.0,0.0,-0.0,-0.0,-0.0,-0.0,0.0,0.0,-0.0,0.0,-0.0,0.0,-0.24779088701595295,0.0,-0.0,0.0,-0.0,-0.0,0.0,-0.0,0.0,0.0,-0.0,-0.0,-0.0,-0.0,-0.0,-0.0,-0.0,0.0,0.0,0.0,0.0,0.0,0.0,-0.0,-0.0,-0.0,-0.0,-0.0,0.0,0.0,0.0,-0.0,0.0,0.0,0.0,0.0,-0.0,0.0,0.0,0.0,0.0,0.0,0.0,0.0,0.0,0.0,0.0,0.0,0.0,0.0,0.0,-0.0,0.0,0.0,0.0,0.0,0.0,-990.9569805843356,0.0,0.0,0.0,0.0,0.0,-0.0,0.0,0.0,545.6099797201166,0.0,0.0,0.0,-0.0,0.0,0.0,0.0,0.0,0.0,-0.0,0.0,0.0,0.0,0.0,0.0,0.0,0.0,0.0,0.0,0.0,0.0,0.07646040201074318,0.0,0.0,0.0,0.0,0.0,0.0,0.0,0.0,0.0,0.0,0.0,0.0,0.0,0.0,0.0,0.0,0.0,0.0,0.0,0.0,0.0,0.0,0.0,0.0,-0.0,0.0,0.0,0.0,0.0,0.0,0.0,0.0,0.0,-0.0,0.0,0.0,0.0002210576486998511,0.0,0.0,0.0,-0.0,0.03823020100537159,0.0,0.0,0.0,0.0,0.0,0.0,0.12539175817006493,0.14779226657164982,0.0,0.0,0.0,-0.0,0.0,0.0,-0.0,0.0,0.0,0.0,0.07646040201074318,0.0,0.07646040201074318,0.0,0.0,0.0,0.0,-0.0,0.0,0.0,0.0,0.0,0.0,0.0,0.0,0.0,0.0,0.0,0.0,-0.0,0.0,0.0,0.3496444267524579,0.0,0.0,0.0,0.3496444267524579,0.0,0.3496444267524579,-0.0,0.3496444267524579,0.0,0.07646629688137513,-0.0,1000.0,0.0,0.3496444267524579,0.2731840247417147,0.2731840247417147,0.0,0.0,-0.0,-0.0,0.0,0.0,0.0,0.0,0.0,0.0,0.0,0.0,0.0,0.0,0.29060926232989504,0.0,0.0,0.0,0.0,0.0,0.29060926232989504,0.28543847830719576,0.5723683588842864,0.8589504420940896,0.0,0.0,0.0,-0.0,0.0,0.0006572780754674239,-0.0,0.0006572780754674239,0.0,0.0,0.0,0.0,0.0,0.0,0.0,0.0,1000.0,0.0,0.0,-1000.0,-0.3496444267524579,-0.19177291387853357,-0.3496444267524579,-0.3496444267524579,-0.3496444267524579,0.0,0.0,0.0,0.0,0.0006612079892222065,0.0,-0.3496444267524579,-0.2731840247417147,-0.12539175817006493,-0.0,0.0,0.0,0.0,0.0,0.0,0.29060926232989504,0.0,-0.0,0.0,0.0,0.0,0.0,0.0,-0.0,0.0,4.855698960895077,4.855698960895077,0.24352889554901982,0.29379740486336703,0.440165077698951,-0.29060926232989504,-0.0,0.0,0.0,0.0,0.29379740486336703,0.0,-0.0,0.06269587908503246,-0.0,0.0,0.0,0.0,0.0,0.0,0.0,-0.0,0.0,0.0,-0.0,0.0,0.0,0.533243120021291,0.440165077698951,-0.440165077698951,3.799346003468897,0.0,0.0,0.0,0.0,0.0,0.0,0.0,0.0,-0.0,0.0,0.0,0.0,0.027301110853650952,0.0,0.0,0.040951666280476424,0.0,0.0,-0.0,0.0,999.0130827237481,0.0,0.06269587908503246,0.0,0.0,1000.0,0.07389613328582491,0.0,0.0,-0.29060926232989504,-1000.0,-0.0,0.0,0.0,0.0,0.00044015034052236057,0.0,-0.0,0.0,0.0,0.0,-0.0,0.0,-0.0,-0.0,0.0,0.0,0.0,-0.0,0.0,0.055847021889091734,0.055847021889091734,0.0,0.0,0.0,-0.0,0.0,-0.0,0.0,1.9649568773320102e-6,0.0,0.0,0.0,0.0,0.0,0.0,0.0,-0.0,-0.0,0.0,0.0,0.0,0.0,0.06269587908503246,0.0,-0.0,-0.0,-0.0,-0.0,0.0,0.0,-0.0,0.0,0.0,0.0,0.0,0.0,0.0,0.0,0.0,0.0,1.9649568773320102e-6,0.0,0.0002190926918225191,0.0,0.0,0.0,0.0,0.0,0.0004381853836450382,0.0,0.0,0.0,0.0,0.0,0.0,0.0,0.0,0.0,0.0,0.0,0.0,0.0,0.0,0.0005659075806714403,0.0,0.0,0.0,0.0,0.0,0.3249989551185211,0.0,0.0,0.0,0.0,0.0,0.0,0.0,0.0,0.6156082174484161,0.0,1000.0,0.0,1.050344119295298,0.0,0.0,0.0,0.0,-1000.0,0.0,0.29060926232989504,0.0,0.29060926232989504,0.0,0.0,0.0,0.0,0.0,0.0,0.0,0.0,0.0,0.0,0.0,0.0,0.0,0.0,-1.050344119295298,0.0,0.0,0.0,0.0,0.0,0.0023471409899730867,0.0,0.0,0.0,0.23683134003263387,0.0,0.0,0.0,0.0,0.0022380858832811478,0.0,0.0,0.0,0.0,0.0,0.0,0.0,-2.8763814928352525,0.0,0.0,0.0,0.0025569001366282785,0.005113800273256557,0.0,0.0,0.31771780740956734,0.37444120006594905,0.0002190926918225191,0.0,0.0,0.0,0.0,0.0,0.0,0.0,0.0,0.0,0.0,0.0,0.0,-19.670845812960486,-19.670845812960486,0.0,0.0,0.0,0.0,0.0,0.0,0.0,0.0,0.0,0.0,2.456196096665013e-5,2.456196096665013e-5,0.0,0.0,0.0,0.0,0.0,0.0,0.0,0.0,0.0,0.0,0.0,0.0,0.0,-0.14779226657164982,0.0,0.0,0.0,0.0,-0.0,0.0,0.0,0.1577123513668604,0.0,0.0,-0.0,0.0,0.0006965772130141976,0.0,0.00023972473903450522,0.0006965772130141976,0.0002190926918225191,0.0,0.0,0.0,0.0,0.0,0.0,0.0,0.0,0.0,0.0,0.0,0.0,0.0,0.0,0.0,0.0,0.0,0.0,0.0,0.0,0.0,0.0,1000.0,0.0,0.0,0.0,0.0,0.24352889554901982,0.0,0.1512142389735235,-1000.0,0.0,-0.0,1000.0,0.0,4.855698960895077,0.0,0.0,0.0,0.0,0.0,0.0,0.0,0.0,0.0,0.0,0.0,-0.0,0.0,3.15,35.140329885916366,0.0,0.0,0.0,0.09307804232234,0.0,0.33714828349106507,0.364449394344716,0.0,1000.0,0.0,0.17773526194687347,0.0,0.0,0.0,0.0,0.0,0.0,0.0,55.80046600349227,0.0,0.06269587908503246,0.07389613328582491,0.0,0.0,-1000.0,0.0,0.0,0.0,0.0,0.0,0.0,0.0,0.0,0.0,0.0,0.0,0.0,0.0,0.0008763707672900764,1.9649568773320102e-6,0.0,0.0,0.013650555426825476,0.0,0.0,0.0,0.0,0.0,0.0,0.0,0.0,0.0006572780754674239,0.00044015034052236057,0.0,0.0,0.0,0.0,0.0,0.0,0.37444120006594905,0.0,0.0,0.00011986236951725261,0.0,0.37444120006594905,0.0,0.0,0.0,0.37444120006594905,0.0,0.0,0.0,0.0,0.0,0.0,0.00011986236951725261,0.8589504420940896,0.28543847830719576,0.0,0.0,0.00027312900594914964,0.0011735704949865434,0.0,0.00011986236951725261,0.0,0.0,0.0,0.0,0.0,0.24352889554901982,0.0,0.0,0.0,0.0,0.0,0.0,0.0,0.0006572780754674239,0.0006572780754674239,0.0,0.0,0.364449394344716,0.364449394344716,0.026364808901602112,0.0006572780754674239,0.0,0.0,0.0,0.0,0.0005659075806714403,0.0005659075806714403,0.0,0.0,0.0,0.0,1.9649568773320102e-6,0.0006572780754674239,0.0,0.0,0.0,0.0,-0.0,0.0,0.3249989551185211,0.0,0.0,-0.3249989551185211,0.0,0.0004381853836450382,-0.0,0.0,0.0,0.0,0.0,0.0,0.025707530826134688,0.0,0.0,0.0,0.0,0.0,0.0,0.0,0.0,0.0,0.0,0.0,0.0,0.0,0.0,0.0,0.0,0.0,0.0,0.0,0.0,0.0023471409899730867,0.002785326373618125,-0.0,0.0002190926918225191,0.0,0.0,0.0,0.0,0.0,0.0,0.0,0.0,0.0,0.0,0.0,0.0,0.0,999.9948861997267,0.0,0.0,0.0,0.0,0.0,0.005113800273306879,0.0,0.0,0.0,0.0,0.0,0.0,0.0,0.0,0.0,0.0,0.0,0.0,0.3496444267524579,0.3496444267524579,0.0,0.07646040201074318,0.3496444267524579,0.0,0.3496444267524579,0.3496444267524579,0.0,0.0,0.12539175817006493,0.14779226657164982,0.2731840247417147,-1000.0,0.2731840247417147,0.0,0.0,0.0,0.0,0.0,0.0,0.0,0.0,0.0,0.0,0.0,0.0,0.0,0.0,1.9649568773320102e-6,0.0,0.0,0.0,0.0,14.585868708954717,0.0,0.0,0.0,0.0,1.9649568773320102e-6,0.0,0.0,0.0,0.0,0.0,2.1475897942956337,0.0,0.0,0.0,0.0,0.0,0.0,0.0,0.0,0.0,0.0,0.0,0.0,0.0,0.0,0.0,7.783511317688585,0.0,0.0,0.0,0.0,0.0,0.0,0.0,0.0002190926918225191,0.0,0.0,0.0,0.0,0.0,0.0,0.0,0.0,0.0,0.0,0.0,0.0,0.0,0.0,0.0,0.0,1000.0,0.01577958620341471,0.0,0.0,0.0,0.002410019610047577,0.0,0.0,4.823917748361111,0.0,0.0,0.0,0.0,0.0,0.0,0.0,0.0,0.0,0.0,0.0928324227126735,0.0,0.0,