{"objective_value":0.22445454211988455,"time_limit":1800,"thermo_feasible":false,"dual_bound":0.22445454211988455,"solution":[0.0,5.948530468556187,-0.0,-0.0,-0.0,0.0,0.0,0.0,-0.04291099490793739,0.0,-0.0,-0.0,0.0,0.0,0.0,0.0,-0.0,-0.0,0.0,0.0,-0.0,0.0,0.0,0.0,0.0,0.0,-0.0,-0.0,-0.0,-0.001906965789850539,-0.00015195572501516182,0.0,-1.7031871023325917,-7.092763530988352e-5,-0.0,-0.0,-0.2600635818636397,-0.0,-1.5711817948391917e-6,-0.0,0.0,-0.0,-0.0,-0.0,-0.0,-7.474336252592155e-5,0.22445454211988453,-0.0,0.0005005336289273424,5.0053362892734244e-5,5.0053362892734244e-5,0.028382950214685735,0.0,0.0,9.296027653253736,2.6020852139652106e-18,-0.0,-0.0,-0.00010010672578546849,0.0,0.0,-0.0,-0.0,0.0,-0.04238442455212414,-0.0,0.0,0.0,0.11346491340519133,0.0,-5.005336289273424e-5,0.0,-0.0,0.0,0.004358009389799678,0.21266170047690577,0.21266170047690577,0.21266170047690577,0.09919678707171449,0.11346491340519133,0.0,0.0,0.09919678707171449,-0.0,-0.001144269255727171,-0.0,0.21266170047690577,0.09919678707171449,0.11346491340519133,-0.0,0.09919678707171449,0.11346491340519133,0.07450992980211686,-0.001144269255727171,0.11346491340519133,0.0,-0.0,0.004358009389799678,0.11346491340519133,1.6457390284360471,0.07450992980211686,5.0053362892734244e-5,0.0,-5.5664726445731356e-5,-0.0,-9.296027653253736,0.0,0.0,0.049776610442300424,-0.00015577145223119983,0.0,0.0,0.04889091281909537,0.04143094165719887,-0.0,1.4683100135493483,0.14713421699588458,0.0,-0.0,0.0,-9.346178653872293,-0.003102410681181043,-0.0,0.0,-0.0002002134515686118,0.0,5.0053362892734244e-5,-0.0,0.0,-0.049776610442300424,-5.0,0.0,0.09116210005471995,0.09116210005471995,0.0,0.21266170047690577,5.0053362892734244e-5,0.0,0.0,0.0,0.36438107485922444,0.09116210005471995,0.0,-0.0,-0.0,0.0,0.0,0.0001070648165911845,-0.0,0.0,0.0,0.45,5.0053362892734244e-5,-0.0,0.0,5.0053362892734244e-5,-0.0,0.0,0.0,0.0,0.0,0.0005005336289273424,0.0,0.03515766165949463,10.537351277448053,0.036796404271511915,0.0,0.03515766165949463,2.5026681446367122e-5,0.0005005336289273424,0.0,-0.049776610442300424,0.0,0.0259126035241143,0.036796404271511915,0.00015577145223119983,0.05273896148920307,0.006376977996168039,0.09297715170957252,-0.18579898087599803,0.001144269255727171,0.0,0.0005721346278635856,-1.6457390284360471,0.0,0.0005005336289273424,0.0,5.5664726445731356e-5,0.0,-0.0,0.0,0.0,0.0,5.0053362892734244e-5,0.0,0.0,0.0,0.0,0.0,0.009565579221523119,0.0,0.0,0.0,5.0053362892734244e-5,0.028382950214685735,0.09003769502597046,-0.0915819422757553,0.0,0.0005115319014913752,0.0,0.0,0.015942557217691156,0.0,0.0,0.0,0.009565579221523119,0.0,0.0,0.0,0.0,0.0,4.4890908423976895e-7,0.0,0.0,0.015518338133084574,0.0,0.0,0.0,0.0,0.0,0.00013579499798253017,0.07815956065698616,0.049776610442300424,0.049776610442300424,0.0,-0.09003769502597046,0.0639978257764742,0.0,0.054382193192058344,0.0,0.0,0.040565220488242494,0.0,0.0,3.3209596705473223,5.0053362892734244e-5,0.0,0.0005990691729179718,0.0,0.1931738837664311,0.0018084302458599092,5.0053362892734244e-5,0.0,0.0,5.0053362892734244e-5,0.0,0.0,0.0002002134515686118,5.0053362892734244e-5,5.0053362892734244e-5,0.05774811350568813,5.0053362892734244e-5,5.0053362892734244e-5,0.08660017371340446,0.06412509150185616,0.0,0.1823242001094399,0.0,0.0,0.03719952462915482,0.006376977996168038,0.0002002134515686118,0.012028070003120351,-0.06412509150185616,0.0,0.0,0.0,0.012343428634798809,0.0,0.0,0.0,0.0,0.0,0.0,0.00013579499798253017,0.03725496490105843,0.00013579499798253017,0.09919678707171449,0.054553452007695825,9.150946002341428,0.0,0.0,0.0,0.0,0.0,0.0,0.002179004694899839,0.0,0.0,-5.959454671121161,0.0,4.901216284103964,0.0639978257764742,0.0,0.09878371589603585,0.0,0.0,0.0,1.8791868468086979,3.212137374891341,0.0,0.04889091281909537,0.0,0.0,0.0,-999.9758219811774,0.003102410681181043,0.0,5.0053362892734244e-5,0.028382950214685735,0.14713421699588458,3.427184879571653,999.99345333437,0.005161332196046745,0.0,5.0,0.09334772615862122,1.2344999816593651e-5,5.0,0.006746879081579282,3.2121874282542335,0.06412509150185616,0.016217962940872258,0.012343428634798809,0.0,0.016217962940872258,0.23157468910501589,0.06412509150185616,0.0,0.00040042690314187395,0.002179004694899839,0.2086356593549102,0.0,0.0,0.0,0.03725496490105843,0.054553452007695825,0.03719952462915482,-1.4405672076888014,0.036846457634404646,-0.006376977996168039,0.0,-0.22183515761334552,0.03719952462915482,0.00040042690314187395,0.0,0.0,0.0,0.0,0.00040042690314187395,0.0,9.521345152383967,0.0,-0.0,0.0,0.0,0.005161332196046745,0.0,-0.028382950214685735,0.0,0.036846457634404646,0.0,0.017581299829708436,0.0,0.0,0.0,0.0,3.3209596705473223,0.028382950214685735,0.0,0.0,0.0,0.0,-0.0,0.0,0.0,0.0,-0.0,0.00012344999816593652,0.0,-0.05273896148920307,0.0639978257764742,0.0,0.0,0.0,0.0639978257764742,0.1823242001094399,0.0,0.0,0.0,0.015942557217691156,0.0,1.2344999816593651e-5,0.015942557217691156,0.015942557217691156,0.0,0.015942557217691156,0.009565579221523119,1.2344999816593651e-5,0.0,5.0053362892734244e-5,0.0,0.0,0.0001070648165911845,-0.0259126035241143,-0.0,0.015942557217691156,0.0,-0.04889091281909537,-0.07581647969179672,0.0,0.0001070648165911845,0.02641313715304164,0.0,0.017581299829708436,0.0,0.07581647969179672,0.0,0.07581647969179672,0.0065466656300106705,0.0,-0.07581647969179672,0.0,0.0001070648165911845,0.0,0.0005005336289273424,0.09421995650929468,0.03805424752554732,-0.07581647969179672,-0.14713421699588458,0.04889091281909537,0.04291099490793739,0.0,0.0,0.0,0.19023263144649213,0.0065466656300106705,0.0,0.0,0.0,0.0,0.0,0.0,0.002941252319938967,1000.0,7.092763530988351e-5,0.0,0.0,0.0,0.0,0.07581647969179672,0.0001070648165911845,0.09334772615862122,0.0,-0.0,0.0,0.00018113481549074682,0.0033551464956080336,0.010127164485907069,0.0,0.00010033118032765381,0.00013579499798253017,0.001467483796379805,0.00018113481549074682,-0.001906965789850539,0.00015195572501516182,0.0,0.014829711597860772,0.0,0.001467483796379805,0.00018113481549074682,-3.122551955767733,-3.122551955767733,3.3474228610632544,0.0005115319014913752,0.0014493029784680945,0.0014493029784680945,0.00013579499798253017,0.00013579499798253017,0.0005505869918200766,0.0,0.0,0.0005921110821122555,5.0053362892734244e-5,0.0,0.0,0.0,0.0,0.0,0.0,0.0,1.7031871023325917,0.0,0.0,0.0,0.0005115319014913752,0.0,5.0053362892734244e-5,0.0,0.0,0.0,0.0,0.0005115319014913752,0.04143094165719887,-0.0,0.0,0.0,0.0,0.0,0.0,0.0,0.0,5.0053362892734244e-5,0.0,0.0,0.0,0.0,0.0,0.02712780041515136,0.03972374040983505,0.0,0.0,0.0015868936127875835,0.0,0.0,0.0,0.008988282139190775,0.028382950214685735,0.37039915004253804,0.006376977996168039,0.0,0.37034909667964533,0.049776610442300424,-0.028382950214685735,0.0,0.008988282139190775,0.4108768332593495,0.02712780041515136,0.03972374040983505,0.0,0.0,9.346178653872293,0.03719952462915482,0.0001070648165911845,5.0053362892734244e-5,-0.016217962940872258,0.0,4.016573372792313,0.0,0.0,0.37039915004253804,-0.0,0.0,0.0005115319014913752,0.0,0.0,0.11346491340519133,0.0034640069485361784,-0.0,0.0,0.0005005336289273424,5.005336289273424e-5,0.00010010672578546849,0.0,0.0065466656300106705,0.0,0.0,5.0053362892734244e-5,-9.521345152383967,0.0,-9.150946002341428,0.0,0.0,0.0065466656300106705,0.0,0.002941252319938967,0.0065466656300106705,0.006376977996168039,0.0,-0.0,0.04889091281909537,0.002941252319938967,1.1933090733733704,0.0,0.0,0.0,0.0,5.005336289273424e-5,0.0,-0.08256575295516391,-0.08256575295516391,0.016217962940872258,5.0053362892734244e-5,0.0033551464956080336,-0.023205457291606387,0.0,0.010127164485907069,0.015518338133084574,0.0639978257764742,0.014829711597860772,0.0639978257764742,0.0,0.0,0.0,0.0,-0.031176735900451957,5.0053362892734244e-5,0.0,0.0,0.04238442455212414,0.0,0.0,0.0,0.006376977996168039,0.0,0.26644055985980775,0.0,0.0001070648165911845,0.04143094165719887,0.21266170047690577,-0.009283963589344857,0.09919678707171449,0.0,5.0053362892734244e-5,0.0,0.0,0.0,-0.09163199563864803,0.11346491340519133,0.09919678707171449,0.11346491340519133,0.07450992980211686,