{"objective_value":1.043682855081837,"time_limit":1800,"thermo_feasible":true,"dual_bound":1.043682855081837,"solution":[46.710126800443525,4.304787919017278,-0.0,0.0,0.0,0.0,0.0,0.0,-0.19953024455169033,0.0,-0.0,0.0,0.0,0.0,0.0,0.0,0.0,0.0,0.0,0.0,-0.0,0.0,0.0,0.0,0.0,0.0,-0.0,-0.0,-0.0,-0.00886712953677528,-0.0007065732928904034,0.0,-7.919586571572127,-0.0003298037822058603,0.0,-0.0,-1.2092600089919603,-0.0,-7.305779985572854e-6,0.0,0.0,-0.0,0.0,-0.0,-0.0,-0.00034754639074225144,1.0436828550818364,-0.0,0.0023274127668324956,0.00023274127668324957,0.00023274127668324957,0.13197682807366343,0.0,0.0,23.02200202290452,5.204170427930421e-18,-0.0,-0.0,-0.0004654825533664991,-0.0,0.0,0.0,0.0,-2.087365710163673e-6,-0.19708176457366564,0.0,0.0,0.0,0.5275962948038395,0.0,-0.00023274127668315714,0.0,0.0,0.0,0.020264146314268938,0.9888477578758369,0.9888477578758369,0.9888477578758369,0.4612514630719974,0.5275962948038395,0.0,0.0,0.4612514630719973,0.0,-0.005320695195207201,0.0,0.0,0.0,0.0,0.9888477578758369,0.0,0.0,0.0,0.4612514630719973,0.5275962948038395,0.0,-0.0,0.0,0.0,0.0,0.4612514630719973,0.0,0.5275962948038395,0.0,0.0,0.34646096057296644,0.0,-0.005320695195207201,0.0,0.5275962948038395,0.0,0.0,0.0,0.0,-0.0,0.0,0.020264146314268938,0.5275962948038395,44.079655701136424,0.34646096057296644,0.00023274127668324957,0.0,0.0,-0.00025883334806029546,0.0,-23.02200202290452,0.0,0.0,0.2314544157229336,-0.0007243159014267945,0.0,0.0,0.0,13.400957156769502,0.2273360431767806,0.0,0.0,0.192648199805278,-0.0,6.827440303114605,0.0,0.0,0.6841539414803874,0.0,13.072131398607121,0.0,22.804494247965778,0.0,-0.01442578442294114,0.0,0.0,-0.0009309651067323059,0.0,0.00023274127668324954,-0.0,0.0,0.23145441572293357,0.0,-26.943473465034675,0.0,0.0,0.0,0.0,0.0,0.0,0.0,0.0,0.0,0.0,-2.842170943040401e-14,0.00023274127668324954,0.0,0.0,0.0,0.0,0.0,0.0,1.694322052719821,0.0,0.0,0.0,0.8477825395001196,0.0,-0.0,0.0,0.0,0.0,0.0004978367218712661,-0.0,0.0,0.0,0.45,0.0,0.00023274127668324949,0.0,0.0,0.00023274127668324957,0.0,0.0,0.0,0.0,0.0,0.0023274127668324956,0.0,0.16347830768859237,28.793986728331966,0.17109823621354484,0.0,0.16347830768859237,0.00011637063834162477,0.0023274127668324956,0.0,0.0,0.23145441572293357,0.0,0.0,0.21750777493874118,-0.0,0.17109823621354484,0.0007243159014267945,0.0,0.0,0.24522894204429752,0.0,-0.0,0.02965207359573006,0.0,0.0,0.0,0.0,0.43233101115767975,0.0,0.8639397937796429,0.0,0.005320695195207202,0.0,0.002660347597603601,-44.079655701136424,0.0,0.0023274127668324956,0.0,0.00025883334806029546,0.0,-0.0,0.0,0.0,0.0,0.0,0.0,0.00023274127668324954,0.0,0.0,0.0,0.0,0.0,0.0,0.0,0.0,0.0,0.0,0.0,0.0,0.04447863223502261,0.0,0.0,0.0,0.00023274127668324954,0.13197682807366343,0.0,0.0,0.0,0.5156806608556364,0.0,0.0,0.0,0.0023785532267315067,0.02485957513346318,0.0,0.0,0.07413070583075268,0.0,0.0,0.0,0.0,0.0,0.04447863223502261,0.0,0.0,0.0,0.0,0.0,0.0,0.0,2.087365710163673e-6,0.0970177203681084,0.0,0.0,0.0,0.0,0.0,0.0,0.0,0.0,0.0,0.0,0.0,0.000631428127324511,0.0,0.0,0.0,0.0,0.0,0.0,0.0,0.0,0.0,0.36343124379659697,0.0,0.0,0.0,0.23145441572293357,0.23145441572293357,0.0,0.0,0.5156806608556364,0.0,0.2975811177380637,0.0,0.2528697442263579,0.0,0.0,0.0,0.0,0.0,0.0,0.0,0.0,0.0,0.0,0.0,0.0,0.0,0.0,0.0,0.0,0.0,0.0,0.0,0.0,0.0,0.0,0.0,0.0,0.0,0.0,0.0,0.0,0.0,0.0,0.0,0.0,0.0,0.0,0.18862271503323003,0.0,0.0,0.0,0.8255509577957529,0.00023274127668324957,0.0,0.0,0.0,0.0,0.0,0.0,0.002785589540213422,0.0,0.0,0.0,0.898232081349064,0.0,0.0,0.0,0.008408952763394355,0.00023274127668324957,0.0,0.0,0.0,0.0,0.00023274127668324957,-13.072131398607121,0.0,0.0009309651067323059,0.00023274127668324957,0.00023274127668324957,0.26852081232116504,-0.0,0.00023274127668324954,0.00023274127668324957,0.40267893756194956,0.0,0.2981728859168951,0.0,0.8477825395001196,0.0,0.0,0.0,0.172972690621278,0.029652073595730057,0.0,0.0009309651067323059,0.05592887683812543,0.2981728859168951,0.0,0.0,0.0,0.0,0.057395251249515444,0.0,0.0,0.0,0.0,0.0,0.0,0.0,0.0,0.000631428127324511,0.17323048028648322,0.000631428127324511,0.4612514630719974,0.2536660742447853,0.0,50.01112036523461,0.0,0.0,0.0,0.0,0.0,0.0,0.0,0.0,0.010132073157134469,0.0,0.0,0.0,-4.355583963574111,0.0,0.0,26.484142726310317,0.0,0.2975811177380637,0.0,0.0,0.4593307387243575,46.710126800443525,0.0,0.0,0.0,0.0,0.0,8.834978979632751,-0.0,0.0,0.0,0.4165599195345256,-0.0,0.0,0.0,0.2273360431767806,0.0,0.0,0.0,0.0,0.0,0.0819833756323884,0.01442578442294114,0.0,0.0,0.00023274127668324954,0.13197682807366343,0.6841539414803874,0.0,20.4631998424937,0.0,0.0,0.02399948725260683,0.0,26.943473465034675,0.0,0.4340541315514074,5.740255702950101e-5,26.943473465034675,0.0,0.0,0.03137206294090422,0.41679266081120886,0.2981728859168951,0.0,0.0754113046939381,0.057395251249515444,0.0,0.0,0.0754113046939381,0.0,0.9797728422426276,0.2981728859168951,0.0,0.0,0.0,0.0,0.0,0.0,0.0,-0.0,0.0018619302134659963,0.010132073157134469,0.9701272185042215,0.0,-0.0,0.0,0.0,0.17323048028648322,0.2536660742447853,0.172972690621278,6.723299633677071,0.0,0.17133097749022813,0.02965207359573006,0.0,0.0,1.0315030761630315,0.0,0.172972690621278,0.0018619302134659963,0.0,0.0,0.0,0.0,0.0,0.0018619302134659963,0.0,0.0,0.0,0.0,51.66126749743025,0.0,-0.0,0.0,0.0,-0.0,0.0,0.0,0.0,0.02399948725260683,0.0,0.13197682807366343,-0.0,0.0,0.0,0.1713309774902281,0.0,0.0,0.0,0.0,0.08175063435570515,0.0,0.0,0.0,0.0,0.0,0.0,0.0,0.0,0.0,-0.0,0.8255509577957529,0.13197682807366343,0.0,0.0,0.0,0.0,0.0,0.0,0.0,0.0,0.9888477578758653,0.00057402557029501,0.0,0.0,0.24522894204429752,0.0,0.0,0.0,0.0,0.2975811177380637,0.0,0.0,0.0,0.0,0.0,0.0,0.2975811177380637,0.0,0.8477825395001196,23.355063400221763,0.0,0.0,0.0,0.0,0.0,0.0,0.07413070583075267,5.740255702950101e-5,0.07413070583075267,0.07413070583075267,0.0,0.0,0.07413070583075267,0.04447863223502261,5.740255702950101e-5,0.0,0.00023274127668324954,0.0,0.0,0.0004978367218712661,0.0,0.21750777493874118,0.0,0.0,-0.0,0.07413070583075267,0.0,0.0,0.0,0.2273360431767806,0.0,0.0,0.0,0.35253623847239773,0.0,0.0,0.0,0.0,0.0,0.0004978367218712661,0.12281746733746528,0.0,0.0,0.08175063435570515,0.0,0.35253623847239773,0.0,0.35253623847239773,0.0,0.0,0.030441097834171916,0.0,0.3525362384723977,0.0,0.0,0.0004978367218712661,0.0,0.0023274127668324956,0.43810988312625876,0.20738813276760154,0.35253623847239773,-0.0,0.0,0.6841539414803874,0.0,0.0,0.0,0.0,0.0,0.0,0.0,0.0,0.0,0.2273360431767806,0.19953024455169033,0.0,0.0,0.0,0.0,0.0,0.8845556612160715,0.030441097834171916,0.0,0.0,0.0,0.0,0.0,0.0,0.0,0.0,-0.030441097834171916,0.013676420132992383,0.030441097834171916,0.0003298037822058603,0.0,0.0,0.0,0.0,0.0,-0.0,0.0,0.35253623847239773,0.0004978367218712661,0.0,0.4340541315514074,0.0,-0.0,0.0,0.000842252064051042,0.015600971317763295,0.04708992673843738,0.0,0.0,0.00046652623622158107,0.000631428127324511,0.0,0.006823598506525047,0.0,0.000842252064051042,0.0,0.0,0.00886712953677528,0.0,0.0,0.0,0.0,0.0,0.0,0.0007065732928904034,0.0,0.0,0.0,0.0,0.06895612623525693,0.0,0.0,0.0,0.006823598506525047,0.000842252064051042,0.0,0.0,0.0,0.0,0.0,0.0,0.0,0.0,0.9486011664099014,0.0023785532267315067,0.0,0.00673906019526342,0.0,0.00673906019526342,0.000631428127324511,0.000631428127324511,0.002560154043515745,0.0,0.0,0.0,0.002753235371705884,0.0002327412766832495,0.0,0.0,0.0,0.0,0.0,0.0,0.0,0.0,0.0,0.0,7.919586571572127,0.0,0.0,0.0,0.0,0.0,0.0,0.0,0.0,0.0,0.0,0.0,0.0023785532267315067,0.0,0.00023274127668324957,0.0,0.0,0.0,-0.0,0.0,0.0,0.0023785532267315067,0.192648199805278,0.0,0.0,0.0,0.0,0.0,0.0,0.0,0.0,0.0,0.0,0.0,0.0,0.0,0.00023274127668324954,0.0,0.0,0.0,0.0,0.0,0.0,0.12614055354804582,0.18470994800952834,0.0,0.0,0.007378837785428584,0.0,0.0,0.0,0.0,-0.0,0.041794279931752144,0.13197682807366343,1.6501471321956387,0.029652073595730067,0.0,1.6499143909189555,0.0,0.0,0.0,0.0,0.0,0.0,0.0,0.23145441572293357,0.0,0.13197682807366343,0.0,0.0,0.041794279931752144,2.0075386765181458,0.12614055354804582,0.18470994800952834,0.0,0.0,0.0,22.804494247965778,0.172972690621278,0.0004978367218712661,