{"objective_value":0.32771755825959675,"time_limit":1800,"thermo_feasible":true,"dual_bound":0.32771755825959675,"solution":[14.920414058184253,1.2250165443599905,-0.0,0.0,0.0,0.0,0.0,0.0,-0.06265271507051144,0.0,-0.0,0.0,0.0,0.0,0.0,0.0,0.0,0.0,0.0,0.0,-0.0,0.0,0.0,0.0,-0.0,0.0,-0.0,-0.0,-0.0,-0.0027842883749735346,-0.000221864786941747,0.0,-2.4867588473105977,-0.00010355874841003258,0.0,-0.0,-0.37970896572481705,-0.0,-2.2940229078170697e-6,0.0,0.0,-0.0,0.0,-0.0,-0.0,-0.00010912994690044571,0.32771755825959675,-0.0,0.0007308101549189012,7.308101549189009e-5,7.308101549189009e-5,0.041440868394600795,0.0,0.0,7.355625392253412,8.673617379884035e-19,-0.0,-0.0,-0.00014616203098378019,-0.0,0.0,0.0,0.0,-6.554351165191937e-7,-0.06188388967883448,0.0,0.0,0.0,0.16566581374604183,0.0,-7.308101549252655e-5,0.0,0.0,0.0,0.006362964111168333,0.3104992777486376,0.3104992777486376,0.3104992777486376,0.14483346400259578,0.16566581374604183,0.0,0.0,0.14483346400259578,0.0,-0.0016707041120074245,0.0,0.0,0.0,0.0,0.3104992777486376,0.0,0.0,0.0,0.14483346400259578,0.16566581374604183,0.0,-0.0,0.0,0.0,0.0,0.14483346400259578,0.0,0.16566581374604183,0.0,0.0,0.10878912063985575,0.0,-0.0016707041120074245,0.0,0.16566581374604183,0.0,0.0,0.0,0.0,-0.0,0.0,0.006362964111168333,0.16566581374604183,14.039126890710463,0.10878912063985575,7.308101549189009e-5,0.0,0.0,-8.127395444838002e-5,0.0,-7.355625392253412,0.0,0.0,0.072676939742556,-0.00022743598543216022,-0.0,0.0,0.0,4.273937467040628,0.07138376625766359,0.0,0.0,0.06049174549134771,-0.0,2.143823724233198,0.0,0.0,0.21482508607277265,0.0,4.176038766685884,0.0,7.2819747655386795,0.0,-0.004529712090264147,0.0,0.0,-0.0002923240619675249,0.0,7.30810154918901e-5,-0.0,0.0,0.072676939742556,0.0,-8.559313532767892,0.0,0.0,0.0,0.0,0.0,0.0,0.0,0.0,0.0,0.0,0.0,7.30810154918901e-5,0.0,0.0,0.0,0.0,0.0,0.0,0.5320189781015453,0.0,0.0,0.0,0.26620464485671225,0.0,-0.0,0.0,0.0,0.0,0.00015632127528984564,-0.0,0.0,0.0,0.45,0.0,7.308101549189009e-5,0.0,0.0,7.308101549189009e-5,0.0,0.0,0.0,0.0,0.0,0.000730810154947323,0.0,0.05133236745552574,9.16803490416991,0.05372503334840748,0.0,0.05133236745552574,3.654050774594505e-5,0.0007308101549189012,0.0,0.0,0.072676939742556,0.0,0.0,0.07365062671473221,0.0,0.05372503334840748,0.00022743598543216014,0.0,0.0,0.07700215607647012,0.0,0.0,0.009310783547713405,0.0,0.0,0.0,0.0,0.13575241046322234,0.0,0.27127804037612907,0.0,0.0016707041120074242,0.0,0.0008353520560037121,-14.039126890710463,0.0,0.0007308101549189012,0.0,8.127395444838002e-5,0.0,-0.0,0.0,0.0,0.0,0.0,0.0,7.30810154918901e-5,0.0,0.0,0.0,0.0,0.0,0.0,0.0,0.0,0.0,0.0,0.0,0.0,0.013966339180349237,0.0,0.0,0.0,7.30810154918901e-5,0.04144086839460079,0.0,0.0,0.0,0.1672772390865912,0.0,0.0,0.0,0.0007468683152736214,0.013158881223384503,0.0,0.0,0.023277122728062646,0.0,0.0,0.0,0.0,0.0,0.013966339180349237,0.0,-0.0,0.0,0.0,0.0,0.0,0.0,6.554351165191935e-7,0.03581661776633654,0.0,0.0,0.0,0.0,0.0,0.0,0.0,0.0,0.0,0.0,0.0,0.00019826912274705603,0.0,0.0,0.0,0.0,0.0,0.0,0.0,0.0,0.0,0.1141178081371568,0.0,0.0,0.0,0.072676939742556,0.072676939742556,0.0,0.0,0.1672772390865912,0.0,0.09344079651632584,0.0,0.07940137632048469,0.0,0.0,0.0,0.0,0.0,0.0,0.0,0.0,0.0,0.0,0.0,0.0,0.0,0.0,0.0,0.0,0.0,0.0,0.0,0.0,0.0,0.0,0.0,0.0,0.0,0.0,0.0,0.0,0.0,0.0,0.0,0.0,0.0,0.0,0.0592277388691404,0.0,0.0,0.0,0.25387095644502916,7.308101549189012e-5,0.0,0.0,0.0,0.0,0.0,0.0,0.0008746781629948637,0.0,0.0,0.0,0.28204585618786465,0.0,0.0,0.0,0.0026404203668975714,7.308101549189012e-5,0.0,0.0,0.0,0.0,7.308101549189012e-5,-4.176038766685884,0.0,0.0002923240619675249,7.308101549189012e-5,7.308101549189012e-5,0.0843158288241456,-0.0,7.30810154918901e-5,7.308101549189012e-5,0.12644162691550895,0.0,0.093626612371859,0.0,0.26620464485671225,0.0,0.0,0.0,0.05431361408303775,0.009310783547713404,0.0,0.0002923240619675249,0.017561728512015273,0.093626612371859,0.0,0.0,0.0,0.0,0.018022171681370013,0.0,0.0,0.0,0.0,0.0,0.0,0.0,0.0,0.00019826912274705603,0.05439456031992788,0.00019826912274705603,0.14483346400259578,0.07965142481743676,0.0,15.901613284116769,0.0,0.0,0.0,0.0,0.0,0.0,0.0,0.0,0.0031814820555841664,0.0,0.0,0.0,-1.2409665579204847,0.0,0.0,8.415083178311678,0.0,0.09344079651632582,0.0,0.0,0.14423035445621468,14.920414058184253,0.0,0.0,0.0,0.0,0.0,2.779546012294547,-0.0,0.0,0.0,0.1308002704403695,-0.0,0.0,0.0,0.07138376625766359,0.0,0.0,0.0,0.0,0.0,0.02574286963640786,0.004529712090264147,0.0,0.0,7.308101549189008e-5,0.041440868394600795,0.21482508607277265,0.0,6.496842343717112,0.0,0.0,0.007535865252179428,0.0,8.559313532767892,0.0,0.13629347215188842,1.8024465704277823e-5,8.559313532767892,0.0,0.0,0.009850862083725183,0.13087335145586138,0.093626612371859,0.0,0.02367923217204717,0.018022171681370013,0.0,0.0,0.02367923217204717,0.0,0.302296796876375,0.093626612371859,0.0,0.0,0.0,0.0,0.0,0.0,0.0,-0.0,0.0005846481239351209,0.0031814820555841664,0.3046210079061431,0.0,-0.0,0.0,0.0,0.05439456031992788,0.07965142481743676,0.05431361408303775,2.1164763875381203,0.0,0.05379811436389936,0.009310783547713405,-0.0,0.0,0.3238930943547073,0.0,0.05431361408303775,0.000584648123935121,0.0,0.0,0.0,0.0,0.0,0.000584648123935121,0.0,0.0,0.0,0.0,16.419761288847415,0.0,0.0,0.0,0.0,0.0,0.0,0.0,0.0,0.007535865252179428,0.0,0.041440868394600795,0.0,0.0,0.0,0.05379811436389937,0.0,0.0,0.0,0.0,0.02566978862091597,0.0,0.0,0.0,0.0,0.0,0.0,0.0,0.0,0.0,0.0,0.25387095644502916,0.041440868394600795,0.0,0.0,0.0,0.0,0.0,0.0,0.0,0.0,0.3104992777486376,0.00018024465704277823,0.0,0.0,0.07700215607647012,0.0,0.0,0.0,0.0,0.09344079651632582,0.0,-2.842170943040401e-14,0.0,0.0,0.0,0.0,0.09344079651632582,0.0,0.26620464485671225,7.4602070290921265,0.0,0.0,0.0,0.0,0.0,0.0,0.02327712272806265,1.8024465704277823e-5,0.02327712272806265,0.02327712272806265,0.0,0.0,0.02327712272806265,0.013966339180349237,1.8024465704277823e-5,0.0,7.30810154918901e-5,0.0,0.0,0.00015632127528984564,0.0,0.07365062671473221,0.0,0.0,-0.0,0.02327712272806265,0.0,0.0,0.0,0.07138376625766359,0.0,0.0,0.0,0.11069676454648486,0.0,0.0,0.0,0.0,0.0,0.00015632127528984564,0.03856481910331458,0.0,0.0,0.02566978862091597,0.0,0.11069676454648487,0.0,0.11069676454648486,0.0,0.0,0.009558538021757658,0.0,0.11069676454648486,0.0,0.0,0.00015632127528984564,0.0,0.0007308101549189012,0.13756698258328132,0.06512010056664796,0.11069676454648486,0.0,0.0,0.21482508607277265,0.0,0.0,0.0,0.0,0.0,0.0,0.0,0.0,0.0,0.07138376625766359,0.06265271507051144,0.0,0.0,0.0,0.0,0.0,0.2777514453044309,0.009558538021757658,0.0,0.0,0.0,0.0,0.0,0.0,0.0,0.0,-0.009558538021757658,0.004294410883433756,0.009558538021757658,0.00010355874841003257,0.0,0.0,0.0,0.0,0.0,-0.0,0.0,0.11069676454648486,0.00015632127528984564,0.0,0.13629347215188842,0.0,-0.0,0.0,0.00026446806951549456,0.004898722060864454,0.014786288511114748,0.0,0.0,0.00014648974854203988,0.00019826912274705603,0.0,0.0021426173959012444,0.0,0.00026446806951549456,0.0,0.0,0.0027842883749735346,0.0,0.0,0.0,0.0,0.0,0.0,0.000221864786941747,0.0,0.0,0.0,0.0,0.02165229907421156,0.0,0.0,0.0,0.0021426173959012444,0.00026446806951549456,0.0,0.0,0.0,0.0,0.0,0.0,0.0,0.0,0.29250885656383563,0.0007468683152736214,0.0,0.0021160722736822163,0.0,0.0021160722736822163,0.00019826912274705603,0.00019826912274705603,0.0008038911704107913,0.0,0.0,0.0,0.0008645189186888162,7.308101549189009e-5,0.0,0.0,0.0,0.0,0.0,0.0,0.0,0.0,0.0,0.0,2.4867588473105977,0.0,0.0,0.0,0.0,0.0,0.0,0.0,0.0,0.0,0.0,0.0,0.0007468683152736214,0.0,7.308101549189009e-5,0.0,0.0,0.0,-0.0,0.0,0.0,0.0007468683152736214,0.06049174549134771,0.0,0.0,0.0,0.0,0.0,0.0,0.0,0.0,0.0,0.0,0.0,0.0,0.0,7.308101549189008e-5,0.0,0.0,0.0,0.0,0.0,0.0,0.03960827180881312,0.05799912574322518,0.0,0.0,0.0023169631368953497,0.0,0.0,0.0,0.0,-0.0,0.013123449620505554,0.041440868394600795,0.5181480047306455,0.009310783547713407,0.0,0.5180749237151535,0.0,0.0,0.0,0.0,0.0,0.0,0.0,0.072676939742556,0.0,0.041440868394600795,0.0,0.0,0.013123449620505554,0.6357222880613491,0.03960827180881312,0.05799912574322518,0.0,0.0,0.0,