{"objective_value":0.5213568994044118,"time_limit":1800,"thermo_feasible":true,"dual_bound":0.5213568994044118,"solution":[23.51817713152637,2.0579960510525868,-0.0,0.0,0.0,0.0,0.0,0.0,-0.09967249067123596,0.0,-0.0,0.0,0.0,0.0,0.0,0.0,0.0,0.0,0.0,0.0,-0.0,0.0,0.0,0.0,-0.0,0.0,-0.0,-0.0,-0.0,-0.004429448217339882,-0.0003529586208967866,0.0,-3.956116630081009,-0.00016474878021179403,0.0,-0.0,-0.6040686074242397,-0.0,-3.6494982958310984e-6,0.0,0.0,-0.0,0.0,-0.0,-0.0,-0.000173611847501669,0.5213568994044113,-0.0,0.0011626258856718378,0.00011626258856718378,0.00011626258856718378,0.06592714400038614,0.0,0.0,11.592712500329126,-8.673617379884035e-19,-0.0,-0.0,-0.00023252517713436756,-0.0,0.0,0.0,0.0,-1.0427137988088231e-6,-0.09844938738523326,0.0,0.0,0.0,0.2635532116455216,0.0,-0.00011626258856800575,0.0,0.0,0.0,0.010122665558836058,0.49396480790970376,0.49396480790970376,0.49396480790970376,0.23041159626418212,0.26355321164552165,0.0,0.0,0.23041159626418212,0.0,-0.0026578774731636895,0.0,0.0,0.0,0.0,0.49396480790970376,0.0,0.0,0.0,0.23041159626418212,0.2635532116455216,0.0,-0.0,0.0,0.0,0.0,0.23041159626418212,0.0,0.2635532116455216,0.0,0.0,0.17306963632628847,0.0,-0.0026578774731636895,0.0,0.2635532116455216,0.0,0.0,0.0,0.0,-0.0,0.0,0.010122665558836058,0.2635532116455216,22.16375269694459,0.17306963632628847,0.00011626258856718378,0.0,0.0,-0.00012929651105229406,0.0,-11.592712500329126,0.0,0.0,0.11561975551021815,-0.00036182168818666165,0.0,0.0,0.0,6.7423867908529775,0.11356248118516832,0.0,0.0,0.09623466327656333,-0.0,3.4105505230527506,0.0,0.0,0.3417593533406826,0.0,6.5819863230576745,0.0,11.4801998360639,0.0,-0.0072061950635677755,0.0,0.0,-0.0004650503542686337,0.0,0.00011626258856718377,-0.0,0.0,0.11561975551021816,0.0,-13.53142264588256,0.0,0.0,0.0,0.0,0.0,0.0,0.0,0.0,0.0,0.0,0.0,0.00011626258856718378,0.0,0.0,0.0,0.0,0.0,0.0,0.8463744399914185,0.0,0.0,0.0,0.42349768802930426,0.0,-0.0,0.0,0.0,0.0,0.00024868724101590443,-0.0,0.0,0.0,0.45,0.0,0.00011626258856718378,0.0,0.0,0.00011626258856718378,0.0,0.0,0.0,0.0,0.0,0.0011626258857286812,0.0,0.08166325929505287,14.476025218152172,0.08546968601766135,0.0,0.08166325929505287,5.813129428359189e-5,0.0011626258856718378,0.0,0.0,0.11561975551021816,0.0,0.0,0.11251266426522569,-0.0,0.08546968601766135,0.0003618216881866615,0.0,0.0,0.1225006238685579,0.0,0.0,0.01481227086897874,0.0,0.0,0.0,0.0,0.2159647965816859,0.0,0.43156881418898396,0.0,0.002657877473163689,0.0,0.0013289387365818446,-22.16375269694459,0.0,0.0011626258856718378,0.0,0.00012929651105229406,0.0,-0.0,0.0,0.0,0.0,0.0,0.0,0.00011626258856718378,0.0,0.0,0.0,0.0,0.0,0.0,0.0,0.0,0.0,0.0,0.0,0.0,0.02221866698191781,0.0,0.0,0.0,0.00011626258856718378,0.06592714400038614,0.0,0.0,0.0,0.2614606809267703,0.0,0.0,0.0,0.001188172373742654,0.01627800098866236,0.0,0.0,0.03703093785089655,0.0,0.0,0.0,0.0,0.0,0.02221866698191781,0.0,1.9163242809701532e-14,-3.929396102501724e-15,0.0,0.0,0.0,0.0,1.0427137988088227e-6,0.05232357429968454,0.0,0.0,0.0,0.0,0.0,0.0,0.0,0.0,0.0,0.0,0.0,0.000315420924139669,0.0,0.0,0.0,0.0,0.0,0.0,0.0,0.0,0.0,0.18154689951060432,0.0,0.0,0.0,0.11561975551021816,0.11561975551021816,0.0,0.0,0.2614606809267703,0.0,0.1486524072995823,0.0,0.1263174777290973,0.0,0.0,0.0,0.0,0.0,0.0,0.0,0.0,0.0,0.0,0.0,0.0,0.0,0.0,0.0,0.0,0.0,0.0,0.0,0.0,0.0,0.0,0.0,0.0,0.0,0.0,0.0,0.0,0.0,0.0,0.0,0.0,0.0,0.0,0.0942237897155605,0.0,0.0,0.0,0.4085324637133425,0.00011626258856718377,0.0,0.0,0.0,0.0,0.0,0.0,0.0013915015645103747,0.0,0.0,0.0,0.4486990378327147,0.0,0.0,0.0,0.004200572538501345,0.00011626258856718377,0.0,0.0,0.0,0.0,0.00011626258856718377,-6.5819863230576745,0.0,0.0004650503542686337,0.00011626258856718377,0.00011626258856718377,0.13413574579256585,-0.0,0.00011626258856718375,0.00011626258856718377,0.20115252571270711,0.0,0.14894801666154459,0.0,0.42349768802930426,0.0,0.0,0.0,0.08640604300899138,0.01481227086897874,0.0,0.0004650503542686337,0.027938473525283686,0.14894801666154459,0.0,0.0,0.0,0.0,0.028670979968946814,0.0,0.0,0.0,0.0,0.0,0.0,0.0,0.0,0.000315420924139669,0.08653481816314423,0.000315420924139669,0.23041159626418212,0.12671527304334287,0.0,25.126731355781132,0.0,0.0,0.0,0.0,0.0,0.0,0.0,0.0,0.005061332779418029,0.0,0.0,0.0,-2.0833704913465994,0.0,0.0,13.301970520098914,0.0,0.14865240729958232,0.0,0.0,0.22945212578364516,23.51817713152637,0.0,0.0,0.0,0.0,0.0,4.417247619055477,-0.0,0.0,0.0,0.20808657247478646,-0.0,0.0,0.0,0.11356248118516832,0.0,0.0,0.0,0.0,0.0,0.04095362716201536,0.0072061950635677755,0.0,0.0,0.00011626258856718374,0.06592714400038614,0.3417593533406825,0.0,10.274089253011757,0.0,0.0,0.011988601901804449,0.0,13.531422645882559,0.0,0.21682555682254623,2.867462946724263e-5,13.53142264588256,0.0,0.0,0.015671467039197112,0.20820283506335366,0.14894801666154459,0.0,0.03767064276646576,0.028670979968946814,0.0,0.0,0.03767064276646576,0.0,0.4855718086676341,0.14894801666154459,0.0,0.0,0.0,0.0,0.0,0.0,0.0,-0.0,0.00093010070853747,0.005061332779418029,0.48461322920508754,0.0,-0.0,0.0,0.0,0.08653481816314423,0.12671527304334287,0.08640604300899138,3.3623882899180733,0.0,0.08558594860622853,0.01481227086897874,0.0,0.0,0.5152726643883623,0.0,0.08640604300899138,0.0009301007085374699,0.0,0.0,0.0,0.0,0.0,0.0009301007085374699,0.0,0.0,0.0,0.0,25.95103884364836,0.0,0.0,0.0,0.0,0.0,0.0,0.0,0.0,0.011988601901804449,0.0,0.06592714400038614,0.0,0.0,0.0,0.08558594860622853,0.0,0.0,0.0,0.0,0.040837364573448165,0.0,0.0,0.0,0.0,0.0,0.0,0.0,0.0,0.0,-0.0,0.4085324637133425,0.06592714400038614,0.0,0.0,0.0,0.0,0.0,0.0,0.0,0.0,0.49396480790970376,0.0002867462946724263,0.0,0.0,0.1225006238685579,0.0,0.0,0.0,0.0,0.14865240729958232,0.0,-5.684341886080802e-14,0.0,0.0,0.0,0.0,0.14865240729958232,0.0,0.42349768802930426,11.759088565763186,0.0,0.0,0.0,0.0,0.0,0.0,0.03703093785089654,2.867462946724263e-5,0.03703093785089654,0.03703093785089654,0.0,0.0,0.03703093785089654,0.022218666981917806,2.867462946724263e-5,0.0,0.00011626258856718377,0.0,0.0,0.00024868724101590443,0.11251266426522569,0.0,0.0,0.0,-0.0,0.03703093785089654,0.0,0.0,0.0,0.11356248118516832,0.0,0.0,0.0,0.17610445483772166,0.0,0.0,0.0,0.0,0.0,0.00024868724101590443,0.06135171585121297,0.0,0.0,0.04083736457344816,0.0,0.17610445483772366,0.0,0.17610445483772166,0.0,0.0,0.015206416684928477,0.0,0.1761044548377273,0.0,0.0,0.00024868724101590443,0.0,0.0011626258856718378,0.21885154973363155,0.10359778676685191,0.17610445483772366,0.0,0.0,0.3417593533406826,0.0,0.0,0.0,0.0,0.0,0.0,0.0,0.0,0.0,0.11356248118516832,0.09967249067123596,0.0,0.0,0.0,0.0,0.0,0.4418671770229193,0.015206416684928477,-8.673617379884035e-19,0.0,0.0,0.0,0.0,0.0,0.0,0.0,-0.015206416684928477,0.006831860809795412,0.015206416684919595,0.00016474878021179398,0.0,0.0,0.0,0.0,0.0,-0.0,0.0,0.17610445483772166,0.00024868724101590443,0.0,0.21682555682254623,0.0,-0.0,0.0,0.0004207350178193603,0.0077932429322971454,0.023523101944227645,0.0,0.0,0.00023304653403377216,0.000315420924139669,0.0,0.0034086314083060436,0.0,0.0004207350178193603,0.0,0.004429448217339882,0.0,0.0,0.0,0.0,0.0,0.0,0.0,0.0003529586208967866,0.0,0.0,0.0,0.0,0.03444605034364947,0.0,0.0,0.0,0.0034086314083060436,0.0004207350178193603,0.0,0.0,0.0,0.0,0.0,0.0,0.0,0.0,0.4700004421531226,0.001188172373742654,0.0,0.003366401499454286,0.0,0.003366401499454286,0.000315420924139669,0.000315420924139669,0.0012788884742390221,0.0,0.0,0.0,0.001375339500628838,0.00011626258856718378,0.0,0.0,0.0,0.0,0.0,0.0,0.0,0.0,0.0,0.0,3.956116630081009,0.0,0.0,0.0,0.0,0.0,0.0,0.0,0.0,0.0,0.0,0.0,0.001188172373742654,0.0,0.00011626258856718378,0.0,0.0,0.0,-0.0,0.0,0.0,0.0011881723737426537,0.09623466327656333,0.0,0.0,0.0,0.0,0.0,0.0,0.0,0.0,0.0,0.0,0.0,0.0,0.0,0.00011626258856718374,0.0,0.0,0.0,0.0,-8.881784197001252e-15,0.0,0.06301171621891656,0.09226922269969334,0.0,0.0,0.00368599327878919,0.0,0.0,0.0,0.0,-0.0,0.020877737036649656,0.06592714400038616,0.8243074878672271,0.014812270868978742,0.0,0.8241912252786597,0.0,0.0,0.0,0.0,0.0,0.0,0.0,0.11561975551021816,0.0,0.06592714400038614,0.0,0.0,