{"objective_value":0.2244545421199055,"time_limit":1800,"thermo_feasible":false,"dual_bound":0.2244545421199055,"solution":[0.0,5.948530468556125,0.0,0.0,0.0,0.0,0.0,0.0,-0.04291099490794141,0.0,0.0,0.0,0.0,0.0,0.0,0.0,0.0,0.0,0.0,0.0,0.0,0.0,0.0,0.0,0.0,0.0,0.0,0.0,0.0,-0.0019069657898507172,-0.00015195572501517602,0.0,-1.70318710233231,-7.092763530989014e-5,0.0,0.0,-0.2600635818643988,0.0,-1.5711817948393386e-6,0.0,0.0,0.0,0.0,0.0,0.0,-7.474336252592853e-5,0.2244545421199055,0.0,0.0005005336289273893,5.005336289273893e-5,5.005336289273893e-5,0.028382950214688406,0.0,0.0,9.296027653253999,0.0,0.0,0.0,-0.00010010672578547785,0.0,0.0,0.0,0.0,-4.48909084239811e-7,-0.042384424552128167,0.0,0.0,0.0,0.11346491340520191,0.0,-5.005336289273893e-5,0.0,0.0,0.0,0.004358009389800085,0.21266170047692567,0.21266170047692567,0.21266170047692567,0.09919678707172375,0.11346491340520191,0.0,0.0,0.09919678707172375,0.0,-0.0011442692557272784,0.0,0.21266170047692567,0.09919678707172375,0.11346491340520191,0.0,0.09919678707172375,0.11346491340520191,0.07450992980212383,-0.0011442692557272784,0.11346491340520191,0.0,0.0,0.004358009389800085,0.11346491340520191,1.645739028436419,0.07450992980212383,5.005336289273893e-5,0.0,-5.566472644573657e-5,0.0,-9.296027653253999,0.0,0.0,0.04977661044230508,-0.00015577145223121441,0.0,0.0,0.048890912819099935,0.041430941657202805,0.0,1.4683100135494855,0.1471342169958984,0.0,0.0,0.0,-9.346178653872562,-0.003102410681181334,0.0,0.0,-0.0002002134515706076,0.0,5.005336289273893e-5,0.0,0.0,-0.04977661044230508,-5.0,0.0,1000.0,1000.0,0.0,0.21266170047692567,5.005336289273893e-5,0.0,0.0,0.0,0.36438107485892185,-999.8176757998906,0.0,0.0,0.0,0.0,0.0,0.000107064816591243,0.0,0.0,0.0,0.45,5.005336289273893e-5,0.0,0.0,5.005336289273893e-5,0.0,0.0,0.0,0.0,0.0,0.0005005336289273893,0.0,0.0351576616594631,10.537351277447842,0.03679640427148054,0.0,0.0351576616594631,2.5026681446369463e-5,0.0005005336289273893,0.0,-0.04977661044230508,0.0,0.02591260352411673,0.03679640427148054,0.00015577145223121441,0.05273896148917318,0.006376977996168635,0.0929771517095812,-0.1857989808760154,0.0011442692557272784,0.0,0.0005721346278636392,-1.645739028436419,0.0,0.0005005336289273893,0.0,5.566472644573657e-5,0.0,0.0,0.0,0.0,0.0,5.005336289273893e-5,0.0,0.0,0.0,0.0,0.0,0.009565579221524014,0.0,0.0,0.0,5.005336289273893e-5,0.028382950214688406,0.09003769502597891,-0.09158194227576384,0.0,0.0005115319013578363,0.0,0.0,0.015942557217692648,0.0,0.0,0.0,0.009565579221524014,0.0,0.0,0.0,0.0,0.0,4.48909084239811e-7,0.0,0.0,0.015518338133086076,0.0,0.0,0.0,0.0,0.0,0.00013579499798254286,0.07815956065699349,0.04977661044230508,0.04977661044230508,0.0,-0.09003769502597891,0.06399782577648018,0.0,0.05438219319206343,0.0,0.0,0.04056522048824628,0.0,0.0,6.533097045438737,5.005336289273893e-5,0.0,0.0005990691729180278,0.0,0.19317388376644917,0.0018084302458600786,5.005336289273893e-5,0.0,0.0,5.005336289273893e-5,0.0,0.0,0.0002002134515706076,5.005336289273893e-5,5.005336289273893e-5,0.05774811350569353,5.005336289273893e-5,5.005336289273893e-5,0.08660017371341255,0.06412509150186217,0.0,0.18232420010945696,0.0,0.0,0.0371995246291583,0.006376977996168635,0.0002002134515706076,0.01202807000312149,-0.06412509150186217,0.0,0.0,0.0,0.012343428634799964,0.0,0.0,0.0,0.0,0.0,0.0,0.00013579499798254286,0.037254964901061914,0.00013579499798254286,0.09919678707172375,0.05455345200770091,5.938808627450442,0.0,0.0,0.0,0.0,0.0,0.0,0.0021790046949000425,0.0,0.0,-5.959454671121101,0.0,4.901216284104067,0.06399782577648018,0.0,0.09878371589593318,0.0,0.0,0.0,1.87918684680874,-1000.0,0.0,0.048890912819099935,0.0,0.0,0.0,1000.0,0.003102410681181334,0.0,5.005336289273893e-5,0.028382950214688406,0.1471342169958984,3.4271848795718167,-999.9823686468075,0.0051613321960472264,0.0,5.0,0.09334772615856031,1.2344999816594803e-5,5.0,0.006746879081581891,5.005336289273893e-5,0.06412509150186217,0.016217962940873774,0.012343428634799964,0.0,0.016217962940873774,3.4437120639963594,0.06412509150186217,0.0,0.0004004269031419114,0.0021790046949000425,0.20863565935486006,0.0,0.0,0.0,0.037254964901061914,0.05455345200770091,0.0371995246291583,-4.652704582580055,0.036846457634373275,-0.006376977996168635,0.0,-0.2218351576133662,0.0371995246291583,0.0004004269031419114,0.0,0.0,0.0,0.0,0.0004004269031419114,0.0,9.521345152384336,0.0,0.0,0.0,0.0,0.0051613321960472264,0.0,-0.028382950214688406,3.212137374891357,0.036846457634373275,0.0,0.01758129982971008,0.0,0.0,0.0,3.212137374891357,6.533097045438737,0.028382950214688406,0.0,0.0,0.0,0.0,0.0,0.0,0.0,0.0,0.0,0.00012344999816594804,0.0,-0.05273896148917318,0.06399782577648018,0.0,0.0,0.0,0.06399782577648018,0.18232420010945696,0.0,0.0,0.0,0.015942557217692648,0.0,1.2344999816594803e-5,0.015942557217692648,0.015942557217692648,0.0,0.015942557217692648,0.009565579221524014,1.2344999816594803e-5,0.0,5.005336289273893e-5,0.0,0.0,0.000107064816591243,-0.02591260352411673,0.0,0.015942557217692648,0.0,-0.048890912819099935,-0.0758164796918038,0.0,0.000107064816591243,0.02641313715304412,0.0,0.01758129982971008,0.0,0.0758164796918038,0.0,0.0758164796918038,0.006546665630011284,0.0,-0.0758164796918038,0.0,0.000107064816591243,0.0,0.0005005336289273893,0.09127870418932948,0.038054247525550894,-0.0758164796918038,-0.1471342169958984,0.048890912819099935,0.04291099490794141,0.0,0.0,0.0,0.19317388376644917,0.006546665630011284,0.0029412523199392414,0.0,0.0,0.0,0.0,0.0,0.0,-999.9823686468075,7.092763530989014e-5,0.0,0.0,0.0,0.0,0.0758164796918038,0.000107064816591243,0.09334772615856031,0.0,0.0,0.0,0.00018113481549076373,0.0033551464956083476,0.010127164485908016,0.0,0.00010033118032786631,0.00013579499798254286,0.0014674837963799424,0.00018113481549076373,-0.0019069657898507172,0.00015195572501517602,0.0,0.014829711597862155,0.0,0.0014674837963799424,0.00018113481549076373,0.08958541912354645,0.08958541912354645,6.559560235954674,0.0005115319013578363,0.0014493029784682298,0.0014493029784682298,0.00013579499798254286,0.00013579499798254286,0.0005505869918201282,0.0,0.0,0.0005921110821123107,5.005336289273893e-5,0.0,0.0,0.0,0.0,0.0,0.0,0.0,1.70318710233231,0.0,0.0,0.0,0.0005115319013578363,0.0,5.005336289273893e-5,0.0,0.0,0.0,0.0,0.0005115319013578363,0.041430941657202805,0.0,0.0,0.0,0.0,0.0,0.0,0.0,0.0,5.005336289273893e-5,0.0,0.0,0.0,0.0,0.0,0.027127800415153898,0.039723740409838754,0.0,0.0,0.0015868936127877318,0.0,0.0,0.0,0.008988282139191615,0.028382950214688406,3.5825365249338947,0.006376977996168635,0.0,3.582486471571002,0.04977661044230508,-0.028382950214688406,0.0,0.008988282139191615,0.4108768332592545,0.027127800415153898,0.039723740409838754,0.0,0.0,9.346178653872562,0.0371995246291583,0.000107064816591243,5.005336289273893e-5,-0.016217962940873774,0.0,0.8044359979013129,0.0,0.0,3.5825365249338947,0.0,0.0,0.0005115319013578363,0.0,0.0,0.11346491340520191,0.003464006948536502,0.0,0.0,0.0005005336289273893,5.005336289273893e-5,0.00010010672578547785,0.0,0.006546665630011284,0.0,0.0,5.005336289273893e-5,-9.521345152384336,0.0,-5.938808627450442,0.0,0.0,0.0,0.0029412523199392414,0.0,0.006546665630011284,0.006376977996168635,0.0,0.0,0.048890912819099935,0.0,1.1933090733735732,0.0029412523199392414,0.0,0.0,0.0,5.005336289273893e-5,0.006546665630011284,-0.08256575295505943,-0.08256575295505943,0.016217962940873774,5.005336289273893e-5,0.0033551464956083476,-0.023205457291608552,0.0,0.010127164485908016,0.015518338133086076,0.06399782577648018,0.014829711597862155,0.06399782577648018,0.0,0.0,0.0,0.0,-0.031176735900454874,5.005336289273893e-5,0.0,0.0,0.042384424552128167,0.0,0.0,0.0,0.006376977996168635,0.0,0.26644055986056747,0.0,0.000107064816591243,0.041430941657202805,0.21266170047692567,-0.009283963589289623,0.09919678707172375,0.0,5.005336289273893e-5,0.0,0.0,0.0,-0.09163199563865658,0.11346491340520191,0.09919678707172375,0.11346491340520191,0.07450992980212383,0.620011455061011,0.11346491340520191,0.0,5.005336289273893e-5,-995.1900944703232,0.0,-0.009283963589289623,