{"nodes":1,"time":0.24909499999999998,"objective_value":50.67807261154243,"μ":[-1627.1818181818182,-2627.181818181818,0.0,1.0,-184.90909090909088,185.90909090909088,-1.0,-993.5,993.5,6.0,3.5,90.9545454545455,-818.090909090909,-371.81818181818176,1182.909090909091,0.0,-182.90909090909088,371.81818181818176,715.1363636363636,1.0,0.0,-442.27272727272737,998.0,0.0,-290.72727272727275,816.0909090909091,992.5,0.0,184.90909090909088,1.0,2.0,2.0,3.0,2817.090909090909,1817.090909090909,-78.45454545454561,3817.090909090909,-77.45454545454561,-380.81818181818176,1816.090909090909,1816.090909090909,1.0,-375.31818181818176,0.0,1814.090909090909,0.0,0.0,-181.90909090909088,-379.31818181818176,-183.90909090909088,-79.45454545454561,-82.45454545454561,-1.0,371.81818181818187,0.0,-722.6363636363636,-723.6363636363636,-180.409090909091,814.0909090909091,1815.090909090909,1816.090909090909,1170.909090909091,1.0,1172.909090909091,-1.0,-181.90909090909088,1.5,185.90909090909088,-725.6363636363636,620.47,181.90909090909088,0.0,0.0,-907.5454545454545,-998.0,620.47,1171.909090909091,1817.090909090909,1816.090909090909,-195.90909090909088,-181.90909090909088,-908.5454545454545,-86.45454545454538,-1189.409090909091,-368.81818181818176,7.0,913.5454545454546,-0.5,-1.0,1.0,538.7272727272727,-81.45454545454561,-1628.1818181818182,0.0,-80.45454545454561,183.90909090909088,1.0,-1.0,0.0,1183.909090909091,0.0,2183.909090909091,-90.4545454545455,1186.909090909091,0.0,-627.1818181818182,5.0,619.47,-181.40909090909088,817.0909090909091,992.0,1620.47,-1.0,0.0,-101.45454545454527,170.90909090909088,608.47,6.5,0.0,-1997.0,-997.0,-996.0,0.0,0.0,-986.0,-609.47,2815.090909090909,-1903.0454545454545,-993.5,0.0,0.0,-1633.1818181818182,1632.1818181818182,0.0,-817.0909090909091,1.0,-723.6363636363636,1013.0,-1.0,177.40909090909088,247.65181818181827,0.0,815.0909090909091,87.45454545454561,-83.45454545454561,86.45454545454561,-622.6818181818181,1443.0609090909093,185.90909090909088,-1884.5454545454547,-1621.47,-1627.1818181818182,0.0,1162.409090909091,4.0,15.5,-1.0,178.40909090909088,180.40909090909088,0.0,820.5909090909091,0.0,-1626.1818181818182,-1.0,-1.0,0.0,86.45454545454561,3247.6518181818183,-188.90909090909088,0.0,8.5,-1.0,9.5,0.0,186.90909090909088,-183.90909090909088,628.97,-1.0,0.0,184.90909090909088,-5.5,-187.90909090909088,1.0,-1017.5000000000001,5.5,1621.47,0.0,0.0,-6.5,-997.5,993.5,-994.5,0.0,176.40909090909088,-997.0,814.0909090909091,-720.6363636363636,0.0,-714.6363636363636,1.0,1444.0609090909093,-6.0,1163.409090909091,0.0,0.0,1443.0609090909093,-6.0,0.0,-2327.818181818182,0.0,3.0,1.0,0.0,-6.0,7.0,0.0,-1620.47,0.0,0.0,-6.0,1.0,0.0,0.0,1164.409090909091,-6.0,0.0,-2326.818181818182,0.0,4.5,-6.0,-720.6363636363636,182.90909090909088,-1.0,0.0,184.90909090909088,-714.6363636363636,1185.909090909091,0.0,-100.0,0.0,100.0,180.90909090909088,-81.45454545454561,0.0,90.4545454545455,-1002.0,1.0,251.0,0.0,-4.0,0.0,-8.009999999999991,0.0,0.0,14.5,11.009999999999991,425.5,-12.5,714.6363636363636,805.0909090909091,-1.0,0.0,-1.0,714.6363636363636,0.0,805.0909090909091,0.0,6.0,637.6818181818182,714.6363636363636,0.0,0.0,1871.8939393939395,-816.0909090909091,0.0,-992.5,-99500.0,0.0,-1.0,-992.5,0.0,-992.5,251.0,-992.5,9296.454545454544,-992.5,805.0909090909091,-199500.0,-992.5,0.0,-992.5,0.0,-2620.681818181818,714.6363636363636,4.0,805.0909090909091,105897.8662912309,0.0,-992.5,714.6363636363636,0.0,805.0909090909091,630.97,0.0,-992.5,714.6363636363636,0.0,805.0909090909091,-986.0,-1829.0909090909088,-815.0909090909091,0.0,0.0,-994.5,90.4545454545455,-300700.0,-1018.5,0.0,0.0,-850.0,-1104.9545454545455,182.90909090909088,0.0,0.0,1.0,-1621.47,-1.0,2229.94,0.0,0.0,0.0,-1621.47,200.0,-1.0,1621.47,182.90909090909088,-1012.0,-182.90909090909088,0.0,-2.0,-1622.47,-100900.0,1437.5609090909093,0.0,998.0,-182.90909090909088,0.0,-184.909090909091,0.0,182.90909090909088,-182.90909090909088,997.0,0.0,0.0,0.0,-2326.818181818182,1620.47,0.0,0.0,0.0,-182.90909090909088,0.0,-1084.4545454545453,0.0,2327.818181818182,-13.0,-627.97,0.0,182.90909090909088,0.0,0.0,-1157.909090909091,0.0,-2315.818181818182,1.0,449.56090909090915,0.0,200.0,0.0,0.0,0.0,-1.0,0.0,-196.90909090909088,0.0,1620.47,0.0,0.0,816.5909090909091,5.5,-1.0,0.0,811.0909090909091,0.0,0.0,82109.09090909091,1.0,0.0,0.0,82009.09090909091,0.0,0.0,81909.09090909091,0.0,999.0,82009.09090909091,999.0,1620.47,1620.47,805.5909090909091,0.0,813.0909090909091,0.0,0.0,99.4545454545455,822.0909090909091,716.4245454545455,0.0,2001.2881818181818,811.0909090909091,1623.47,0.0,814.0909090909091,813.0909090909091,0.0,-198.909090909091,-2.0,0.0,-1620.47,820.5909090909091,0.0,0.0,1.0,1010.0,0.0,-2.0,0.0,-1.0,0.0,0.0,0.0,-116.1663636363636,-1.0,1184.909090909091,0.0,-1.0,0.0,-110.6663636363636,-102.45454545454527,-1000.0,608.47,0.0,0.0,0.0,607.47,606.47,1.0,0.0,0.0,609.47,0.0,0.0,1.0,0.0,0.0,1000.0,0.0,2000.0,0.0,1620.47,1.0,1.0,-1.0,2.0,-2086.454545454545,-900.3336363636364,-99.45454545454527,101.45454545454527,1.0,2.0,8.211818181818103,1.0,0.0,2.0,-724.6363636363636,1620.47,83.45454545454561,2.0,-1.0,-95.9545454545455,-1.0,1000.0,-278.8636363636364,2000.0,0.0,0.0,1000.0,1.0,-1620.47,2.0,0.0,611.47,1.0,0.0,0.0,-400.0,-5.0,-1.0,0.0,-195.90909090909088,0.0,-183.909090909091,-1611.97,186.90909090909088,1.0,0.0,0.0,0.0,538.2272727272727,-1.0,-184.909090909091,1.0,0.0,1000.0,0.0,1.0,-1012.0,0.0,-1.0,-1.0,1.0,0.0,1441.0609090909093,0.0,0.0,1.0,0.0,182.909090909091,-184.90909090909088,-2.5,0.0,-2.5,0.0,1623.47,-1.0,0.0,-1.0,0.0,1624.47,-1.0,-1.0,-1616.47,0.0,0.0,0.0,0.0,-1.0,0.0,0.0,0.0,1.0,0.0,0.0,-1.0,0.0,5.5,0.0,1.0,-1.0,0.0,1.0,0.0,3.0,360.81818181818176,1.0,0.0,361.81818181818176,-1.0,0.0,1.0,1.0,81910.09090909091,0.0,0.0,104897.8662912309,0.0,0.0,-994.5,1.0,-2.0,-1.0,0.0,177.40909090909088,-1.0,0.0,-3.5,-1.0,-1.0,0.0,1.0,1.0,1.5,191.40909090909088,0.0,0.0,1.0],"time_limit":1800,