{"nodes":1,"time":0.24731599999999998,"objective_value":50.67807261154243,"μ":[11.748888888888889,-12.748888888888889,8.497777777777777,7.497777777777777,-1.0,-999.0,5.415555555555553,0.0,-28.91333333333333,0.0,-2.0,-1.0,6.748888888888889,16.374444444444443,41.87222222222222,9.497777777777777,-8.0,-7.374444444444444,-7.0,0.0,1.0,-2.0,-12.58222222222222,15.748888888888889,-7.0,2.417777777777779,0.0,-15.0,-6.6850000000000005,1.0,-1.0,-3.0,1.0,8.0,-4.0,2.0,-3.0,1001.0,1.0,0.0,11.748888888888889,-8.748888888888889,0.0,9.748888888888889,-11.748888888888889,0.0,0.0,0.0,1.0,0.0,1.6255555555555556,1.0,-13.748888888888889,0.0,-0.8766666666666669,9.748888888888889,0.0,1.0,0.0,-8.374444444444444,-1.0,0.0,0.0,2.3744444444444426,1.5,2001.0,47.08,-2.0,7.0,59.82888888888889,0.0,-14.0,11.58222222222222,3.0,3.3744444444444426,9.748888888888889,0.0,9.0,10.58222222222222,-30.08,14.123333333333333,4.0,-2.0,-31.08,0.0,8.123333333333333,3.0,11.58222222222222,7.0,10.374444444444444,-5.374444444444444,15.374444444444444,-1.0,1.0,-1.0,0.0,-0.37444444444444436,-10.872222222222222,-17.915555555555557,-13.58222222222222,1.123333333333333,1.0,0.0,999.0,-19.87222222222222,-1.0,-0.37444444444444436,-2.0,3.0,-14.58222222222222,0.0,-10.748888888888889,0.0,16.74888888888889,-1004.0,8.748888888888889,0.6255555555555556,1.6255555555555556,-12.248888888888892,6.0,19.74888888888889,14.374444444444444,0.5,1.0,0.0,0.0,0.0,-1.0,51.45444444444444,0.0,-16.0,-1007.0,0.5,12.58222222222222,89.16,30.497777777777777,-39.49777777777778,-7.0,0.0,46.08,13.915555555555557,60.82888888888889,1.0,-1.0,13.374444444444444,-2.0,-2.0,3.3744444444444426,1.6255555555555556,-26.123333333333335,16.58222222222222,32.12333333333333,3.0,0.0,-1.0,999.0,-1.0,2.0,998.1666666666667,1.0,-1.0,0.0,13.58222222222222,-1.0,56.82888888888889,-45.08,8.748888888888889,-21.74888888888889,-0.5,-1.0,-42.49777777777778,-101.32666666666668,72.07777777777778,0.0,0.0,0.0,39.08,0.0,60.82888888888889,-1.0,-22.74888888888889,1.0,0.0,0.0,0.0,59.82888888888889,3.0,40.87222222222222,0.0,-41.49777777777778,0.0,-61.828888888888876,3.0,103.32666666666668,0.0,3.0,8.748888888888889,-25.123333333333335,132.40666666666667,0.0,0.0,0.0,0.0,22.082222222222228,59.82888888888889,1.0,29.497777777777777,3.0,0.0,-2.0,3.0,0.0,0.0,30.497777777777777,1.0,0.0,0.0,3.0,-24.123333333333335,10.0,1.0,23.082222222222228,-75.74444444444444,13.0,50.66222222222221,3.0,0.0,-124.82444444444444,-2.0,-76.74444444444444,-7.417777777777779,-54.24666666666666,1007.7488888888889,-44.49777777777778,0.0,19.33111111111111,8.0,200.0,0.0,1.0,-200.0,0.0,8.748888888888889,-9.625555555555556,0.0,-10.58222222222222,1.0,0.0,0.0,-10.0,-711.3333333333333,0.0,58.82888888888889,6.113333333333333,-10.0,39.86222222222222,-9.625555555555556,-1.0,-10.0,0.0,-355.66666666666663,-9.625555555555556,-10.0,0.0,0.0,0.0,190.28352490421457,0.0,-6.0,0.0,0.0,100.0,0.0,-9.625555555555556,8.748888888888889,0.0,0.0,-10.0,0.0,-9.625555555555556,0.37444444444444436,37.44444444444446,0.0,-10.0,300.0,-9.625555555555556,31.123333333333328,0.0,-37.87222222222222,0.0,0.0,0.37444444444444436,-1.0,-10.0,-15.207777777777771,-1.0,0.0,0.0,-9.625555555555556,22.74888888888889,0.0,0.0,15.748888888888892,2.0,0.0,-41.49777777777778,3.0,0.0,0.0,1.0,-540.259259259259,0.0,1.0,3.0,-4608.0,-2.0,3.0,0.0,0.0,3.0,0.0,3.0,1.0,-8.748888888888889,-1.0,0.0,3.0,3.0,-1.0,-1.0,1.0,-612.3333333333333,0.0,-2349.7777777777774,34892.2829439528,-49.08,18.748888888888892,0.0,-2.0,1.0,73.07777777777778,-5482.888888888889,-1.0,0.0,29.33111111111111,0.0,0.0,-1006.0,38.08,11.748888888888892,-228.13888888888889,-43.08,772.8611111111111,0.0,0.0,0.0,-24.331111111111106,-2.0,0.0,0.0,-2.0,0.0,86.16,1.2511111111111113,-3.625555555555554,0.0,-2.0,0.0,-59.32888888888889,58.82888888888889,71.07777777777778,0.0,-71.91111111111111,0.0,-2.0,56.45444444444445,0.0,9.748888888888889,69.07777777777778,0.0,0.0,0.0,0.0,-59.32888888888889,58.82888888888889,80.24444444444444,0.0,0.37444444444444436,12.58222222222222,23.95666666666667,20.915555555555557,0.7488888888888887,0.0,-17.0,-13.748888888888889,-14.748888888888889,6324.444444444443,-62.82888888888889,7199.333333333332,-1.0,0.0,8074.222222222221,50.24666666666667,16.58222222222222,0.0,7199.333333333332,0.0,47.08,-2.0,-46.08,0.0,-49.24666666666667,-14.748888888888889,5.0,-1.0,41.91333333333333,-1.0,0.0,0.7488888888888887,41.87222222222222,92.49333333333331,1074.888888888889,0.0,0.0,-1.0,-1.0,0.0,-69.57777777777778,0.0,58.82888888888889,0.0,-39.08,0.0,0.0,-1.0,0.0,-1.0,-1.0,-1.0,0.0,-1.0,1.0,-8.748888888888889,0.0,0.0,0.0,-58.82888888888889,1.0,1.0,1.0,0.0,0.0,-35.91333333333333,60.45444444444445,-1.6255555555555556,0.0,12.58222222222222,0.0,0.0,0.0,0.0,0.0,1.0,0.0,1.0,58.82888888888889,70.07777777777778,-58.82888888888889,0.0,1.0,0.0,1.0,-1.0,-13.748888888888887,9.748888888888889,-61.82888888888889,8.748888888888889,0.0,0.0,1.0,-53.45444444444444,0.0,50.995555555555555,11.166666666666668,0.0,-18.915555555555557,0.0,0.0,58.82888888888889,0.0,0.0,0.0,15.58222222222222,-1.0,49.828888888888876,10.166666666666668,-11.748888888888889,58.82888888888889,7.123333333333333,-11.166666666666668,0.0,-19.16444444444444,7.123333333333333,4.0,77.07555555555555,1.0,-2962.111111111111,8.123333333333333,1.0,10.415555555555553,4.0,0.0,-29.331111111111113,70.07777777777778,17.497777777777777,0.0,0.0,0.0,0.0,3.0,0.0,0.0,-8.748888888888889,-21.16444444444444,-22.33111111111111,11.748888888888889,12.58222222222222,-33.91333333333333,-2.0,-2.0,0.0,0.0,0.0,0.0,0.0,0.0,-1.0,-1.0,0.0,0.0,0.0,0.0,0.0,8.748888888888889,-55.82888888888889,0.0,0.0,0.0,1.0,1.0,131.40666666666667,-17.497777777777777,85.16,-1.0,-1.0,-19.95666666666667,0.0,0.0,0.0,0.0,-1.0,0.0,0.0,0.0,1.0,0.0,0.0,-1.0,-38.08,0.0,0.0,0.0,-1.0,0.0,0.0,-1.0,11.748888888888889,-991.4177777777779,-35.70555555555555,0.0,-990.4177777777779,-1.0,0.0,1.0,1.0,8075.222222222221,0.0,0.0,33892.2829439528,0.0,0.0,0.0,1.0,-2.0,-1.0,-36.70555555555555,-43.49777777777778,-1.0,0.0,7.123333333333333,-1.0,-24.12333333333333,-23.12333333333333,1.0,1.0,0.0],"time_limit":1800,