{"time":0.7008423805236816,"objective_value":25.339036305771216,"μ":[-4954.341153846153,-7568.3482792955965,-8567.348279295597,-8997.732662992425,-6158.571677610707,-4067.2636995774883,-5138.92686444637,-7569.3482792955965,-10000.0,-7002.99286077213,-9251.96479479309,-7373.388117182386,-6385.403798467325,-7385.403798467326,-6861.303441408807,-3484.8981171823843,-8250.964794793088,-10000.0,-5601.772337007589,-8305.596882817614,-1200.000000000001,-10000.0,-8247.964794793088,-5943.7363964779815,-2870.9149706847297,-7604.810948639244,-64.95867768941707,-6843.744271028538,-4068.2636995774883,-5677.871263680043,-6180.865582395103,-6179.865582395103,-2870.9149706847297,-7374.388117182385,-5490.898117182385,-4138.696558591193,-8356.113490853742,-6569.3482792955965,-1468.4368241870734,-7661.703234443488,-4275.393117182386,-8445.96479479309,-9555.255728971462,-4953.341153846153,-6610.794190509923,-10000.0,-4952.341153846153,-5372.388117182386,-4274.393117182386,-8352.846153846156,-7250.964794793092,-6842.744271028538,-8250.964794793092,-4534.547249061757,-6469.036036585065,-4515.059102564104,-2869.9149706847297,-7602.543611631667,-8897.737662992426,-10000.0,-6060.576677610708,-3867.492424953398,-4276.393117182387,-1466.7686995774884,-10000.0,-3865.2250879458206,-3138.696558591193,-8602.543611631667,-5976.931728814053,-8054.6974577855035,-9245.665985381716,-6693.142919402679,-8802.732662992415,-8250.964794793092,-10000.0,-851.4597947930882,-8355.113490853742,-4219.071241791973,1602.4950000000008,-7662.703234443488,-3813.6898827389123,2361.561677610707,-6917.569498123528,-8554.255728971462,-10000.0,-2724.882476156733,-3953.3411538461537,-9238.933322389294,-4907.369219825203,-5369.041036585066,-7943.3750512033375,-10000.0,-3462.1514212004504,-10000.0,-8499.5,-6181.865582395103,-4369.041036585066,-2753.3411538461537,-5274.125780174811,-7292.630780174797,-9629.281369997101,-8053.430120777927,-10000.0,-7249.964794793092,-8894.85130393935,-10000.0,-10000.0,-7276.393117182386,-9999.0,-3067.5310365850646,-3969.5360365850647,-5646.7442710285395,-4068.5310365850637,-10000.0,-10000.0,-9000.0,-7201.248930386065,-8001.99286077213,-10000.0,-10000.0,-8356.658846153847,-2470.0360365850647,-10000.0,-1292.7658790646547,-6001.0,-1199.000000000001,-1537.4318644463706,-2199.000000000001,-7374.388117182386,-7373.388117182386,-10000.0,-2599.495,-4271.41997068473,-10000.0,-8049.929153767449,-9643.341153846155,-8048.929153767449,-10000.0,-10000.0,10000.0,-8530.963963414937,-10000.0,-7373.388117182385,-2598.4950000000003,-10000.0,-7243.929153767447,-9053.624948796658,-10000.0,-5861.758985303011,-9630.281369997101,-10000.0,-8116.076241791976,4739.7360146969895,-144.54020520691074,-6232.557644621171,-10000.0,-8350.578816838579,-9000.0,-10000.0,-6550.429153767449,-9999.0,-10000.0,-10000.0,-4498.0,-8401.505,-10000.0,1451.9547947930914,4738.7360146969895,-8305.589743589746,-9999.0,-7604.078285646821,-8801.465325984838,-7603.078285646821,-9748.035205206912,-5373.388117182386,-9999.0,-10000.0,-6373.388117182386,-10000.0,-8555.255728971462,-2869.9149706847297,-2417.056241791976,-10000.0,-7294.630780174797,-10000.0,-7601.078285646821,-1465.7686995774884,-4308.037930346718,9251.96479479309,-5449.342053040464,-9146.272868199338,-10000.0,-10000.0,-10000.0,-7461.808441408808,-10000.0,-10000.0,-9251.964794793088,-10000.0,-10000.0,-9999.0,-7537.84857879955,-10000.0,-10000.0,-6509.645494449269,-9999.0,-10000.000000000002,-7295.182593417833,-10000.0,-9757.334014618284,-10000.0,-7537.84857879955,-1011.2753076136032,-10000.0,-10000.0,-3415.338578799561,-7713.3176923076935,-7295.182593417833,-10000.0,-9757.334014618284,-7537.84857879955,-4736.035886491871,-10000.0,-6510.645494449269,-10000.0,-5507.645494449269,-10000.0,-3416.6059158071366,-7537.84857879955,-8246.964794793088,-4499.0,-6844.744271028538,-10000.0,-7537.84857879955,-10000.0,-7537.84857879955,-6552.429153767449,-9999.0,-6551.429153767449,-7137.062073170129,-4985.095139149169,-10000.0,-10000.0,-3068.5310365850646,-3461.6514212004504,-8500.5,-1829.281369997102,-1199.000000000001,-10000.0,-8244.665985381716,-10000.0,-9800.0,-6374.388117182385,-10000.0,-3069.5310365850646,-10000.0,-4498.0,-7803.009999999998,-6139.062073170129,-3968.5360365850647,-7986.166421200439,-5862.758985303011,-4862.758985303011,-4716.571241791977,-10000.0,-10000.0,-10000.0,-10000.0,-9258.68069965618,-2438.665985381718,-6662.703234443488,-10000.0,-1929.276369997102,-10000.0,-10000.0,-0.0,-10000.0,10000.0,-10000.0,-7650.424153767449,-3485.8981171823843,-1000.0,-7573.031036585066,10000.0,-6490.898117182385,-2190.0,-4363.228344277375,-10000.0,-1990.0,-4950.0000000000455,-2199.000000000001,-10000.000000000007,-6175.398117182386,-10000.0,-10000.0,-10000.0,-10000.0,-199.0000000000009,-10000.0,-10000.0,-10000.0,-10000.0,-10000.0,-10000.0,-10000.0,8877.067655565112,-10000.0,-10000.0,-10000.0,-2218.071241791975,-6669.031036585065,-10000.0,-4569.036036585065,10000.0,-10000.0,-10000.0,-2.2737367544323206e-11,-10000.0,-10000.0,-10000.0,-1283.3433075348967,-9999.0,-6181.865582395103,-10000.0,-10000.0,10000.0,-7391.885341185186,9369.718630002899,-8100.995,10000.0,-10000.0,-10000.0,10000.0,-4968.536036585065,-9631.281369997101,10000.0,-10000.0,-10000.0,-7368.041036585065,10000.0,-8646.153846153848,-9629.281369997101,-10000.0,-10000.0,-10000.0,-3546.6588461538463,-10000.0,-8100.994999999997,-4068.5310365850646,-9631.281369997101,-10000.0,-10000.0,-10000.0,-8398.237662992426,-9251.964794793088,-9251.96479479309,-9629.281369997101,-9151.969794793087,-10000.0,-9631.281369997101,-10000.0,1453.3411538461537,-10000.0,-3808.3328021415764,10000.0,-10000.0,-10000.0,-7691.802978033219,-10000.0,-10000.0,-3808.3328021415764,-10000.0,-3246.153846153846,-10000.0,453.3411538461537,-3808.3328021415764,-10000.0,-10000.0,-4878.768631761319,-9900.005000000001,-10000.0,-3808.3328021415764,-10000.0,-3002.1952782983226,-10000.0,-10000.0,-10000.0,-8996.0,-3164.446292995319,-10000.0,-10000.0,-5924.302842400901,-8970.036036585065,-9193.862476156746,-2798.590424874691,-3808.3328021415764,-10000.0,-10000.0,-10000.0,-10000.0,1578.217286800642,-2218.071241791975,-7898.737662992426,-10000.0,-501.7673370075745,7769.8844846590655,-5222.8774761567465,-9000.0,-2914.7803076136024,-10000.0,-8653.301084271576,-9251.964794793088,-4470.30337359264,-10000.0,-10000.0,-10000.0,-4469.30337359264,-2218.0712417919767,-10000.0,-8900.005000000001,-1469.0310365850646,-9000.0,-9399.237662992426,-9251.964794793088,-4175.398117182386,-6768.016036585064,-5367.041036585065,-9998.0,-10000.0,-2218.0712417919767,10000.0,-3470.0360365850647,-10000.0,0.5000000000109139,-10000.0,-9000.0,-9999.0,-9500.499999999998,-10000.0,-5084.63223811774,0.5000000001018634,-9663.068816838579,-10000.0,-1669.0210365850644,-10000.0,-10000.0,-6465.452750938243,-6398.237662992426,-9000.0,-10000.0,-7999.0,-3276.393117182387,-9999.0,2000.0,-1369.0360365850647,-10000.0,-7999.0,-9999.0,-10000.0,-8768.016036585064,-9535.547249061758,-8597.762337007578,-2546.6588461538463,-3547.6588461538463,-9500.5,-9251.96479479309,-10000.0,-9803.009999999998,-9823.317692307694,-8930.468963414936,-7501.500000000002,-10000.0,-10000.0,-10000.0,-10000.0,-10000.0,-10000.0,-5546.658846153847,9999.0,-7546.658846153847,-7001.0,-10000.0,-8500.499999999998,-10000.0,-1.0,-10000.0,-10000.0,-10000.0,-4793.797978033218,-10000.0,-8901.005000000001,-10000.0,-6396.960162113213,-3901.005,-3069.5310365850646,-9999.0,-6991.772404823743,-10000.0,-7167.843279295597,-6097.995,-4791.240769230768,-10000.0,-10000.0,-10000.0,-10000.0,-2218.071241791975,-6999.0,-10000.0,-9692.410256410254,7097.995,-1047.1588461538463,-10000.0,-9499.5,-9999.0,-10000.0,-9000.0,-6291.630780174797,-9999.0,-9499.499999999998,-10000.0,-9999.0,-9000.0,-2218.071241791975,-10000.0,-8501.5,-10000.0,-6901.240769230768,-9631.281369997101,-9889.999999999998,-8047.158846153847,-10000.0,-8546.658846153847,-8501.5,-10000.0,-8054.348728892755,-10000.0,-9251.96479479309,-10000.0,1470.0360365850647,-9000.0,-10000.0,-10000.0,-6255.3511538461535,