{"nodes":80,"time":1.089119,"objective_value":25.33903630577122,"μ":[-1.0,-703.5240086336571,-1400.6706739185188,-1000.0,0.0,0.0,463.2964666606031,296.4759913663429,-1465.296466660603,0.0,793.6106348956474,3798.6106348956473,1798.7787999636193,1797.7787999636193,104.19468255217589,-201.22120003638065,333.4823333030163,-4.0,670.5176666969842,0.0,-9.461425882780873,0.0,1001.0,2788.233291546852,1794.6106348956473,1000.0,1781.6106348956473,0.0,1.0,2805.6106348956473,-928.5929333212061,-927.5929333212061,2793.6106348956473,3491.757300180509,-202.22120003638065,1592.9519827326858,0.0,1296.475991366343,1787.6106348956473,0.0,2798.6106348956473,999.0,-3676.6858317649558,0.0,865.1858666424127,792.6106348956474,-1.0,3799.6106348956473,3797.6106348956473,999.0,324.4823333030157,-293.95445670577556,1322.4823333030158,-201.22120003638065,793.6106348956474,2796.6106348956473,1795.6106348956473,1000.0,0.0,206.3893651043527,0.0,0.0,2797.6106348956473,1.0,206.3893651043527,0.0,1593.9519827326858,2000.0,4791.879921954256,-133.81413335758737,-1673.6858317649558,-2791.8799219542566,-134.81413335758737,323.4823333030157,-469.1283015926317,2.0,1.0,0.0,796.7787999636193,-1.0,864.1858666424127,797.7787999636193,-271.6282667151745,-2675.6858317649558,-1.0,330.4823333030163,1.0,0.0,203.22120003638054,3799.6106348956473,330.4823333030163,3902.8950798006936,1000.0,735.9247333757775,-103.10492019930643,-929.5929333212061,2799.6106348956473,0.0,1799.6106348956473,-466.2964666606031,-1465.296466660603,-1133.8141333575873,0.0,325.4823333030157,-135.81413335758737,699.8773782262524,1793.6106348956473,3187.9039654653716,1793.6106348956473,-1000.0,-604.7066694302766,-4.0,0.0,-1466.296466660603,-482.39823333030154,793.6106348956474,0.0,0.0,0.0,792.6106348956474,0.0,0.0,-1000.0,466.2964666606031,1000.0,-8.461425882780873,0.0,991.5385741172191,3797.6106348956473,3796.6106348956473,0.0,0.0,793.6106348956474,1000.0,-108.48794336698575,0.0,-107.48794336698575,-678.5176666969843,792.6106348956474,1.0,4043.354641456597,796.7787999636193,3492.757300180509,392.5865913845332,-56.81606733937883,0.0,792.6106348956474,-1.0,-129.64596828961533,-1466.296466660603,0.0,0.0,871.3540317103847,793.7787999636193,1797.7787999636193,0.0,999.0,-1000.0,-2.0,-198.22120003638065,-1000.0,330.4823333030163,0.0,-1499.0,0.0,89.7332566693949,0.0,872.3540317103847,793.6106348956474,-999.0,798.7787999636193,-1134.8141333575873,799.7787999636193,792.6106348956474,3798.6106348956473,1.0,0.0,3797.6106348956473,792.6106348956474,-3675.6858317649558,2794.6106348956473,2794.6106348956473,792.6106348956474,-1132.8141333575873,792.6106348956474,1464.296466660603,2.0,-1000.0,792.6106348956474,799.7787999636193,-2.0,792.6106348956474,-702.1466652848617,792.6106348956474,0.0,-1.0,697.1466652848617,3.0,-1002.0,0.0,-1.0,2465.296466660603,-2.0,2465.296466660603,1893.5120566330143,-1.0,3650.768050072064,2465.296466660603,-2.0,2465.296466660603,2953.6213847872023,2465.296466660603,1662.964666606032,-927.4247682532348,2465.296466660603,0.0,135.81413335758725,2465.296466660603,0.0,2465.296466660603,2465.296466660603,0.0,2465.296466660603,1266.0752666242224,-1927.4247682532346,1930.5929333212061,2465.296466660603,0.0,2465.296466660603,1000.0,-1500.0,-1.0,2465.296466660603,2465.296466660603,793.6106348956474,2465.296466660603,-200.22120003638065,-2000.0,-199.22120003638065,0.0,2795.6106348956473,2465.296466660603,-1000.0,0.0,0.0,0.0,1223.3887727414776,1689.6852394020807,2466.296466660603,0.0,0.0,999.0,3493.757300180509,-1000.0,-1.0,0.0,-500.0,-1089.733256669395,-3000.0,0.0,-1133.8141333575873,866.1858666424127,1866.1858666424127,-1.0,0.0,0.0,0.0,0.0,264.0752666242224,-2008.461425882781,669.5176666969842,0.0,223.38877274147762,0.0,1065.4070666787934,-1000.0,0.0,69612.0078045743,-50873.07129413905,-1199.2212000363807,-202.22120003638065,0.0,-816.82674747602,0.0,-1202.2212000363807,0.0,-1271.6282667151745,0.0,0.0,34484.26197010406,1688.6852394020807,0.0,1798.6106348956473,0.0,0.0,0.0,697.1466652848617,689.6852394020806,0.0,0.0,0.0,0.0,0.0,0.0,0.0,-12698.315137008585,0.0,39580.53174478236,0.0,0.0,-2198.3893651043527,0.0,-1198.3893651043525,0.0,0.0,0.0,10092.539549356683,-1466.296466660603,0.0,0.0,2593.951982732686,-1000.0,0.0,0.0,71.40706667879385,466.2964666606031,0.0,0.0,0.0,0.0,-1000.0,466.2964666606031,0.0,0.0,0.0,0.0,466.2964666606031,-791.6106348956474,-998.0,0.0,208.38936510435258,0.0,0.0,466.2964666606031,-1000.0,-307.3147605979194,0.0,0.0,1000.0,0.0,0.0,466.2964666606031,-1.0,-1.0,-1000.0,0.0,0.0,0.0,466.2964666606031,0.0,0.0,690.6852394020806,0.0,793.6106348956474,0.0,0.0,0.0,2000.0,0.0,0.0,793.6106348956474,0.0,-1299.3147605979193,-793.6106348956474,-309.3147605979194,0.0,0.0,-793.6106348956474,-2184.46651333879,-206.38936510435258,0.0,0.0,-1206.3893651043527,793.6106348956474,-1000.0,0.0,0.0,0.0,0.0,-1000.0,-2675.6858317649558,0.0,-500.0,0.0,0.0,865.0177015744413,71.40706667879385,0.0,0.0,0.0,-793.6106348956474,0.0,998.0,-4469.296466660603,4006.0,0.0,2001.0,1000.0,0.0,0.0,1137.8141333575873,793.6106348956474,1798.6106348956473,-697.1466652848617,0.0,0.0,1799.6106348956473,0.0,4004.0,1000.0,795.6106348956473,0.0,1998.0,793.6106348956474,2799.6106348956473,1795.6106348956473,-103.28444490504614,0.0,0.0,0.0,78561.06348956472,463.1283015926316,330.4823333030158,-21438.93651043527,0.0,1100.1049201993064,-121438.93651043528,1100.1049201993064,1005.168165067972,0.0,-121538.93651043528,2201.2212000363807,1099.1049201993064,2795.6106348956473,1791.6106348956473,-1103.1049201993064,1201.2212000363807,-2.0,-206.20984039861293,-103.10492019930643,2894.8950798006936,2796.6106348956473,2998.0,896.8950798006936,-204.3893651043527,0.0,-103.10492019930643,0.0,0.0,1795.6106348956473,-201.22120003638065,-3201.2212000363807,793.790159601387,896.8950798006935,1000.0,793.6106348956474,1103.1049201993064,-1786.8799219542566,135.81413335758725,1000.0,0.0,2998.0,3101.1049201993064,0.0,792.6106348956474,103.10492019930643,999.0,896.8950798006936,792.6106348956474,1000.0,1001.0,1330.4823333030158,0.0,0.0,-1000.0,-1000.0,-1000.0,0.0,0.0,103.10492019930643,0.0,-1000.0,-1805.4494041272246,0.0,0.0,103.10492019930643,1094.733256669395,0.0,1083.3559133205995,0.0,0.0,0.0,-2271.6282667151745,0.0,0.0,0.0,-1103.1049201993064,2000.0,-998.0,0.0,-308.3147605979194,0.0,0.0,1000.0,-1000.0,-1000.0,-1202.2212000363807,1000.0,2100.1049201993064,0.0,2101.1049201993064,-4000.0,0.0,0.0,-1000.0,0.0,0.0,-136.81413335758725,0.0,1000.0,329.48233330301593,0.0,-1000.0,0.0,-1.0,0.0,0.0,0.0,0.0,-1000.0,896.8950798006936,-1534.703533339397,103.10492019930655,0.0,0.0,-1000.0,0.0,0.0,798.7787999636193,2794.6106348956473,0.0,3.168165067971927,206.38936510435258,999.0,690.6852394020806,0.0,0.0,-134.81413335758725,998.0,0.0,0.0,0.0,0.0,0.0,0.0,0.0,0.0,0.0,0.0,1.0,0.0,0.0,1000.0,0.0,-1.0,0.0,0.0,0.0,0.0,0.0,90.7332566693949,1786.1731827690664,999.0,303.8533347151383,1785.1731827690664,1.0,0.0,0.0,-1001.0,-121439.93651043528,793.6106348956474,793.6106348956474,0.0,793.6106348956474,0.0,0.0,1792.6106348956473,-696.1466652848617,1.0,-1.0,-1134.8141333575873,1.0,0.0,1.0,1000.0,0.0],"time_limit":1800,