{"nodes":105,"time":1.290334,"objective_value":53.03632988597188,"μ":[3318.715829985004,4329.1127579292,979.2061441116084,989.6030720558042,2998.01,1999.01,-265.70669015727344,608.8922764874933,-1.0,-1875.5989666447667,-1287.153924165882,-2209.307770319728,1.0,76.84615384615385,70.09224528267907,-818.2000468072215,-609.0308394416014,860.923037917059,-246.03076142956567,0.0,0.0,58.170225118445856,136.0163789645997,-1810.5847011978549,0.0,0.0,-1287.6072083521221,-1150.5908293875225,1979.2061441116084,-447.79248816256734,0.0,1146.6108293875222,849.4091706124775,-610.0308394416014,-299.19165877504486,-61.23080823678721,1998.01,389.9691605583986,0.0,-1.0,-1363.0000780120358,-819.2000468072215,-818.2000468072215,999.01,0.0,-999.0,1.0,2999.01,2.0,-77.84615384615385,858.923037917059,2287.607208352122,1533.0461226413395,-1077.8461538461538,-1.0,1.0,-998.0,0.0,2284.607208352122,675.1230847242805,398.7230691218731,1707.0493961509906,-600.2769308781269,2398.723069121873,820.0614838531135,1399.723069121873,742.47693867933,2398.723069121873,0.0,1399.723069121873,369.738469339665,0.0,2398.723069121873,-680.8769932877555,1399.723069121873,2959.412288223217,366.8847046537628,2398.723069121873,1.0,1399.723069121873,-368.70046970598275,364.8847046537627,1399.723069121873,2398.723069121873,-1.0,627.2346192852171,1399.723069121873,0.0,2398.723069121873,743.47693867933,2398.723069121873,744.47693867933,0.0,-62.23080823678721,1399.723069121873,607.8922764874933,1.0,1322.8769152757195,1708.0493961509906,2708.0493961509906,0.0,-632.1152953462372,0.0,-2876.5989666447667,5000.01,0.0,4999.01,-469.9538773586605,0.0,1075.8461538461538,1136.0163789645997,-451.4403355629556,0.0,-450.4403355629556,3000.01,1075.8461538461538,1366.8847046537628,6489.455843620151,0.0,4330.1127579292,274.6877147446322,1434.0308004355834,0.0,-635.1152953462373,425.8307146223442,1000.0,-1149.5908293875225,1075.8461538461538,366.8847046537628,230.86832568916316,368.738469339665,0.0,0.0,-1887.4308550440087,1075.8461538461538,0.0,0.0,1.0,1075.8461538461538,230.86832568916316,0.0,-58.23080823678721,0.0,0.0,-393.2095273261684,-633.1152953462372,1075.8461538461538,1093.1969899091305,-574.1692853776558,0.0,-725.3122852553678,1075.8461538461538,-575.1692853776558,2999.01,0.0,3999.01,-820.2000468072215,1075.8461538461538,-955.2164257718212,-2875.5989666447667,0.0,0.0,-150.5908293875225,1367.738469339665,485.62980608636826,-1.0,1484.6298060863683,-611.0308394416014,-1368.738469339665,107.95379934662466,0.0,-1.0,-1576.1692853776558,-999.0000000000001,0.0,-1368.738469339665,2742.918655452093,-785.2582952239494,0.0,0.0,3741.918655452093,999.0,-1368.738469339665,1742.918655452093,-517.2232754090741,0.0,135.02637896459964,7215.768128875519,-1368.738469339665,-1473.0144604770016,0.0,2602.800472673832,6883.66537094632,-1368.738469339665,-2000.0,0.0,-942.9077547173209,-1368.738469339665,-259.78466999304044,-999.0,0.0,-679.8769932877555,136.0163789645997,0.0,0.0,-1000.0,-213.92311592909488,-1136.0163789645997,136.0163789645997,0.0,-60.23080823678721,0.0,-59.23080823678721,-136.0163789645997,-0.9900000000000091,0.0,0.0,-677.1230847242805,-1137.0163789645997,0.0,0.0,1979.2061441116084,0.0,-2213.953191310828,998.0,2040.15215408019,-2349.969570275428,4331.1127579292,0.0,-393.1077235125067,-470.4762526314982,483.62980608636826,-1.0,392.2095273261684,-606.4926315960979,0.0,-470.9538773586605,-594.2163477597855,-136.0163789645997,408.78365224021445,-469.9538773586605,0.0,1000.0,0.0,-1.0,925.1538461538462,1.0,-943.9077547173209,2536.0461226413395,999.0,-2546.8606143231555,998.01,0.0,-180.93851614688657,-1.990000000000009,-1000.0,998.51,-473.01446047700165,1000.5,0.0,2998.01,0.0,1136.0163789645997,-2000.0,-1028.3248226724058,-1001.0,-1463.7132246673332,1136.0163789645997,332.10275792919936,1136.0163789645997,-1062.2308082367872,0.0,1136.0163789645997,-1000.0,1136.0163789645997,0.0,1136.0163789645997,1.0,179.7999531927785,0.0,3040.15215408019,875.5989666447667,998.01,1.0,0.0,-20.79385588839159,-746.0472184062011,-1.0,0.0,0.0,-352.89661381759095,-1.0,-1001.0,-1010.3969279441958,1485.6298060863683,2470.8153144045523,1366.8847046537628,-1342.4996858733953,0.0,1.0,-1001.0,-1364.0000780120358,-1609.0308394416013,-999.0,1.0,0.0,0.0,107.95379934662466,409.78365224021445,-1000.0,1.0,-10.396927944195795,1000.0,752.9692385704345,-1287.6072083521221,0.0,-1.0,1423.6235873167218,999.0,-1287.6072083521221,136.0163789645997,0.0,5001.01,1.0,0.0,2288.607208352122,-2810.584701197855,-998.0,1286.6072083521221,0.0,0.0,3288.607208352122,1000.0,0.0,1001.0,-998.0,1000.0,-1610.0308394416015,0.0,1000.5,1000.0,0.0,708.0493961509906,1999.0,1000.5,979.2061441116084,999.5,0.0,0.0,-1.0,0.0,1000.0,0.0,0.5,1001.0,0.0,0.0,0.0,35451.969807549525,0.0,1000.0,0.0,-1059.2308082367872,-15934.308569095128,1.0,0.5,0.0,0.5,92415.38461538462,1998.01,1635.8453078093257,-1.0,-3078.846153846154,0.0,2002.0,2559.999153963172,0.0,-332.10275792919936,0.0,1001.0,0.0,999.0,0.0,-1000.0,1000.0,0.0,0.0,-1001.5,1040.15215408019,1000.0,136.0163789645997,0.0,0.0,-4001.5,0.0,0.0,0.0,60.1702251184458,1077.8461538461538,0.0,75.84615384615385,52057.607704009504,0.0,-1.5,-3000.99,-925.6538461538462,-2946.6010801624543,-2000.99,0.0,-1287.6072083521221,107584.61538461538,3861.776493729778,0.0,574.1692853776558,0.0,-999.0,0.0,0.0,0.0,0.0,-1000.0,0.0,0.0,0.0,2979.2061441116084,0.0,0.0,-150.5908293875225,0.0,-1.0,0.0,0.0,0.0,0.0,0.0,562.8470935869439,0.0,-1804.0376110668192,-2688.738430333647,390.1077235125067,0.0,60.10676939696907,0.0,-1925.1538461538462,137.01637896459965,0.0,0.0,2000.0,0.0,0.0,1001.0,-1000.0,1136.0163789645997,0.0,0.0,0.0,0.0,-1000.0,-1000.0,1483.153000117018,0.0,48015.30001170181,0.0,0.0,55999.91539631719,0.0,1393.2095273261684,-0.9900000000000091,-1070.5036973411648,0.0,999.0,0.0,0.0,1.0,0.0,1334.2635173575868,-863.9836210354003,-1.0,0.0,-1863.9836210354003,0.0,1999.0,-1136.0163789645997,-1.5,0.0,998.5,-1875.5989666447667,-0.5,999.5,-1000.0,1000.0,0.0,0.0,1.0,0.0,0.0,0.0,1000.0,0.0,0.0,0.0,-1000.0,-3011.615345609366,0.0,0.0,0.0,-1001.0,1.0,136.0163789645997,0.0,0.0,0.0,938.8932306030309,-1.0,0.0,0.0,1915.3841729828453,1999.01,4297.892315493511,0.0,999.01,0.0,1.0,0.5,-100.0,999.5,0.0,0.0,1914.3841729828453,1000.5,100.0,0.0,1.0,0.0,0.0,-1999.5,1999.01,0.0,332.10275792919936,999.01,-2.0,0.5,999.01,0.0,0.5,99.0,999.01,136.0163789645997,136.0163789645997,-0.5,136.0163789645997,0.0,-0.5,0.0,0.0,0.0,0.0,136.0163789645997,0.0,0.0,0.0,-1743.47693867933,-1750.9692385704343,0.0,0.0,-1000.0,0.0,-331.10275792919936,1368.738469339665,1.0,0.0,0.0,4296.892315493511,-863.9836210354003,0.0,-1863.9836210354003,0.0,-1474.0144604770016,0.0,1.0,-1525.4307770319729,-1000.0,0.0,-1000.0,0.0,-3810.584701197855,-924.6538461538462,0.0,1.0,349.6134271217686,0.0,0.0,-320.8769152757195,3296.8923154935114,3295.8923154935114,135.0163789645997,135.0163789645997,0.0,-1000.0,0.0,-1000.0,0.0,0.0,0.0,0.0,0.0],"time_limit":1800,