{"time":1.217125415802002,"objective_value":50.67807261154243,"μ":[-2356.0714285714257,-4968.928571428574,-4885.5,-5885.5,-3162.5542635704687,-3161.5542635704687,-4927.214285714287,-6933.438549284759,-4458.652834999046,-4057.285714285712,-5717.197120713328,-5714.197120713328,-2520.5,-3973.5,-6473.0,-3885.5,-5124.2857142857165,-10000.0,-3232.571428571424,-7957.285714285712,-10000.0,-8943.928571428572,-3659.5,-4638.5,-6993.571428571428,-5476.652834999047,-10000.0,-1258.2685492847572,-8128.107142857144,-8501.5,-8964.928571428572,-5057.285714285712,-10000.0,-3935.2857142857074,-1122.0,-8028.642857142856,-2122.0,-8985.928571428572,-7985.9285714285725,-8659.071428571424,-9654.071428571424,-9764.928571428572,-8963.928571428572,-2517.5,-4967.928571428574,-10000.0,-7681.5,-8957.285714285712,-9028.642857142855,-10000.0,-4496.125692141897,-7159.571428571424,-4969.928571428574,-7504.5,-10000.0,-10000.0,-7356.214285714283,-7930.785714285712,-8596.785714285712,-9626.285714285714,-5985.9285714285725,-10000.0,-6985.9285714285725,-7841.928571428576,-3660.5,-8984.928571428572,-9283.357142857141,-8076.7142857142835,-6928.785714285711,-7497.000000000005,-3663.125692141897,-2258.2685492847622,-5937.285714285712,-3660.125692141897,-7840.928571428577,-10000.0,-7525.214285714288,-437.9114064276109,-6980.0,-10000.0,-5782.911406427611,-5942.714285714288,-3659.5,-9022.0,-7980.0,-2685.5,-7075.7142857142835,-3502.071428571424,-5977.999999999995,-9316.428571428565,-2996.5542635704696,-8315.428571428565,-6716.197120713328,-5554.071428571424,-7161.571428571424,-7160.571428571424,-4356.071428571425,-10000.0,-6070.214285714287,-3660.5,-10000.0,-7590.438549284758,-8688.214285714286,-2057.285714285712,-5596.857142857141,-2100.0,-10000.0,-7964.9285714285725,-5746.268549284757,-3661.5,-9528.428571428576,-6009.0,-9089.938549284758,-3638.5,-1123.0,-2518.5,-7261.357142857137,-6261.357142857137,-4487.670000000001,-10000.0,-2636.5,-8316.428571428565,-3661.5,-8978.0,-1049.6428571428514,-6497.000000000005,-6274.357142857149,-4193.554263570469,-10000.0,-6554.071428571424,-1259.2685492847572,-3231.571428571424,-3661.5,-4502.071428571424,-6019.061450715242,3746.1256921419044,-791.3228128552255,-3230.571428571424,-4522.071428571424,-9284.357142857141,-8132.0,-7496.000000000005,-8998.0,-5522.071428571424,-8314.428571428565,-5193.554263570469,-3100.0,-7842.928571428576,-7262.357142857137,-3499.0,-4945.928571428574,-10000.0,-8998.0,-10000.0,-9999.0,-5984.9285714285725,-9022.0,-3191.5542635704687,-5546.5,-7554.071428571424,-9999.0,-8028.642857142855,-3270.285714285712,-9050.642857142855,-6134.0,-5987.928571428574,-6952.438549284759,1262.2314507152428,-3662.5,-9999.0,-1793.3228128552255,-10000.0,-5077.268549284758,-10000.0,-9997.007187144773,684.4285714285761,-9997.0,-10000.0,-6073.132879286671,-10000.0,1261.2314507152428,-10000.0,-8003.0,-10000.0,-10000.0,-7596.77573642953,-7340.5,-6759.802879286672,-10000.0,-1792.3228128552255,-10000.0,-648.0370985695135,-7340.5,-8472.364330001914,-10000.0,-7340.5,-4802.785714285712,-3500.0,-10000.0,-4162.554263570469,-10000.0,-9000.0,-10000.0,-8321.0,-8627.775736429528,-10000.0,2744.1256921419044,-7340.5,-10000.0,-10000.0,-7340.5,2680.0,-10000.0,385.60852714094926,-10000.0,-7639.482834999045,-10000.0,-7340.5,-4500.0,-10000.0,-10000.0,-8320.0,-4839.554263570469,-7340.5,-2053.6971207133283,-7340.5,-10000.0,-10000.0,-8774.94573642953,-3839.5542635704687,-1079.285714285712,-3569.697120713331,-2076.285714285712,-3317.965669998085,-7700.0,-9108.214285714284,-10000.0,10000.0,-7626.285714285714,9996.0,-10000.0,-9842.714285714283,-9179.571428571424,-10000.0,10000.0,-4663.5,-8700.0,9997.0,1787.329999999998,-9957.285714285717,10000.0,-10000.0,-10000.0,-1114.0,-8958.285714285717,-2987.5,-10000.0,-914.0,-9957.285714285717,-1791.4999999999955,-10000.0,-10000.0,-8958.285714285717,-10000.0,-10000.0,-1100.0,-10000.0,-9681.238095238112,-1417.7857142857092,10000.0,-10000.0,-10000.0,-9498.5,-10000.0,-5175.0,5480.768549284768,-4157.0,-9957.285714285717,10000.0,-10000.0,1742.1256921419044,-10000.0,-10000.0,-8958.285714285717,-10000.0,-10000.0,-9999.0,10000.0,2515.5,-9957.285714285717,-10000.0,-10000.0,-9999.0,-9957.285714285717,-5871.5,-9000.0,-10000.0,-10000.0,-10000.0,-3573.820044287627,-10000.0,-1255.1948051948143,8269.125692141904,-9956.285714285712,10000.0,-3314.965669998085,10000.0,10000.0,-10000.0,-9999.0,10000.0,9957.285714285712,10000.0,-8998.0,-10000.0,-3614.5,-8998.0,-10000.0,-10000.0,-8998.0,-10000.0,10000.0,-8956.285714285712,-9981.0,-10000.0,-8958.285714285712,-9996.0,-8998.0,1385.5,-10000.0,-5160.554263570469,-10000.0,-8956.285714285712,-10000.0,10000.0,-3156.0,9271.125692141904,-10000.0,385.5,-8958.285714285712,-8996.0,-10000.0,-10000.0,-8956.285714285712,-9977.0,-4294.3299999999945,-10000.0,-10000.0,-10000.0,-7765.268549284756,-4294.3299999999945,1060.4556921419025,-10000.0,-10000.0,-10000.0,-10000.0,-5896.231450715244,-4294.3299999999945,-10000.0,-10000.0,-4294.3299999999945,-10000.0,-7021.061450715242,-8633.0,-3525.071428571424,-10000.0,-4294.3299999999945,-10000.0,-10000.0,-1790.329999999998,-7391.598549284755,-10000.0,-4660.5,-10000.0,-2247.6157142857055,-3948.401428571422,-6954.285714285711,-8079.268549284758,-6079.268549284758,-10000.0,-10000.0,-1383.0541871921375,-10000.0,-10000.0,-1790.329999999998,-10000.0,4322.615812807865,-5540.714285714288,-3148.99,-10000.0,-10000.0,-9207.99,-8382.214285714288,-10000.0,-4182.561450715242,-4181.561450715242,-6198.999999999978,-10000.0,-8098.999999999978,-9432.938549284758,-3285.285714285712,-9999.0,-10000.0,-4945.928571428574,-10000.0,-8098.999999999978,-10000.0,-4837.55426357047,-9998.0,-4989.928571428574,-10000.0,-7999.0,-4968.928571428574,-1001.0,-9022.0,-2126.99,-9999.0,-10000.0,-10000.0,-9639.0,-9796.5,-10000.0,-10000.0,-10000.0,-10000.0,-6933.438549284759,-10000.0,-1548.0614507152413,-7498.5,-1790.329999999998,-10000.0,-10000.0,3232.571428571424,-9997.0,-10000.0,-9979.0,-8274.44573642953,-10000.0,-3116.0,10000.0,-5617.5,-9498.5,-9981.0,-10000.0,-10000.0,-10000.0,-10000.0,-10000.0,-9498.5,-10000.0,-9498.5,-1790.329999999998,-6406.214285714287,-4623.329999999998,-9167.0,-10000.0,-10000.0,-5577.768549284758,-8079.268549284758,-10000.0,-3661.5,-10000.0,-10000.0,-10000.0,-8497.5,-8127.204307858101,-10000.0,-10000.0,-7729.714285714288,-10000.0,-1791.329999999998,-5055.5,-4433.938549284759,-10000.0,-10000.0,-10000.0,-3442.0,-5501.0,-8498.5,-9498.5,-7075.7142857142835,1461.7685492847577,-10000.0,-10000.0,-10000.0,3903.7685492847577,-10000.0,-10000.0,-1790.329999999998,-9955.285714285714,-8958.285714285712,-7999.0,-8016.554263570469,-10000.0,-10000.0,-9000.0,-5031.0,-10000.0,-9189.0,-7954.285714285714,3787.329999999998,-10000.0,-5688.0,-10000.0,-10000.0,-8999.0,10000.0,-10000.0,-10000.0,-2100.91140642761,-6746.268549284757,-9351.670000000002,-5465.544307858097,-9998.0,-10000.0,-8500.5,-10000.0,-2754.231450715243,-10000.0,-10000.0,-10000.0,-10000.0,-7981.0,-4515.214285714288,-7383.214285714288,-10000.0,-10000.0,-10000.0,-7274.44573642953,-2114.0,-8498.5,-9999.0,-9499.5,-9999.0,-8499.5,-10000.0,-6577.768549284758,-8078.268549284758,-8499.5,-10000.0,-8498.5,-9999.0,-4981.0,-9999.0,-3955.9385492847578,-4934.438549284759,-5433.938549284759,-9000.0,-9500.5,-10000.0,-10000.0,2460.7685492847577,-10000.0,-614.5,-4078.2685492847572,-6191.642857142859,-9213.642857142862,-10000.0,-10000.0,-2755.231450715244,-10000.0,-10000.0,-10000.0,10000.0,8245.768549284756,-10000.0,-1.0,-10000.0,-8503.5,-10000.0,-10000.0,-8501.5,-10000.0,7244.768549284756,6245.768549284756,-10000.0,-10000.0,-3310.5,-10000.0,-5526.5,-3311.5,-9999.0,-10000.0,-6504.5,-7701.0,-10000.0,-10000.0,-9999.0,9999.0,9997.0,-10000.0,-8998.0,9999.0,-9999.0,-9978.0,-9999.0,-3318.965669998085,-9999.0,-10000.0,-9999.0,-9841.714285714283,-7338.5,-8338.5,-10000.0,8997.0,-10000.0],"time_limit":1800,