{"objective_value":50.67807261154244,"time_limit":1800,"thermo_feasible":false,"dual_bound":50.67807261154244,"solution":[0.0,0.0,106.2719182664045,-1000.0,661.0878555066788,1000.0,-581.5266600447317,1000.0,-1000.0,0.0,-0.0,1000.0,370.4668464048975,108.63351645010238,-0.0,-1000.0,-513.606217861656,-174.1923604494803,904.5731892724657,-1000.0,-752.8430398735075,1000.0,500.0,-1000.0,0.0,0.0,0.0,1.1368683772161603e-13,8.189576534025258,0.0,0.0,638.5031724473455,-63.570574283918866,-20.31683930996735,416.42510118721714,630.6742548634053,-0.0,338.9121444933212,-370.4668464048975,723.6077044184523,-361.36759846749567,0.0,259.06630719020495,-500.0,-108.63351645010238,0.0,-738.4057016210222,-287.1723662605659,0.0,0.0,0.0,0.0,731.1477569885061,0.0,0.0,0.0,0.0,0.0,0.0,0.0,0.0,0.0,0.0,0.0,0.0,0.0,-0.0,0.0,0.0,-0.0,-7.388862986762888,-12.9583831667714,0.0,0.0,0.0,0.0,0.0,-0.0,-0.0,0.0,0.0,0.0,0.0,0.0,0.0,0.0,0.0,0.0,0.0,0.0,-0.0,0.0,0.0,-0.0,0.0,0.0,0.0,0.0,0.0,0.0,0.0,0.0,0.0,0.0,0.0,0.0,0.0,0.0,0.0,0.0,0.0,0.0,0.0,0.0,-0.0,-0.0,0.0,0.0,0.0,0.0,0.0,0.0,0.0,0.0,0.0,0.0,0.0,847.2056110761996,0.0,0.0,0.0,0.0,0.0,0.0,0.0,0.0,0.0,0.0,0.0,0.0,-0.0,0.0,0.0,0.0,0.0,0.0,0.0,0.0,0.0,0.0,0.0,0.0,0.0,0.0,0.0,0.0,0.0,0.0,0.0,0.0,0.0,0.0,0.0,0.0,3.0052097058644662,0.0,0.0,0.0,-0.0,0.0,0.0,0.0,0.0,0.0,0.0,0.0,0.0,0.0,0.0,0.0,0.0,0.0,0.0,0.0,0.0,0.0,0.0,0.0,0.0,0.0,0.0,0.0,0.0,0.0,-0.0,12.9583831667714,0.0,0.0,0.0,0.0,0.0,-0.0,0.0,0.0,0.0,50.67807261154243,0.0,-1000.0,-500.0,1000.0,-638.5031724473455,-0.0,-0.0,0.0,0.0,287.1723662605659,-259.06630719020495,0.0,-0.0,0.0,0.0,108.63351645010238,0.0,0.0,-1.1368683772161603e-13,0.0,-135.84088436615139,0.0,0.0,-0.0,-1000.0,457.916928503375,0.0,-0.0,-259.06630719020495,0.0,0.0,-1000.0,0.0,350.5528977721925,500.0,0.0,0.0,0.0,937.1085118890759,136.05035373294683,-0.0,-312.2014216888637,-1.1368683772161603e-13,558.9515928248169,1000.0,67.92044218307569,41.80940990452251,-0.0,1000.0,0.0,67.92044218307569,0.0,0.0,0.0,0.0,1000.0,-270.3514693262523,-630.6742548634053,370.4668464048975,67.92044218307569,67.92044218307569,67.92044218307569,0.0,0.0,53.13595913320228,-0.0,740.933692809795,-106.2719182664045,936.5003750177374,0.0,-5.3161298169508004,-5.371875696823498,-4.865094970708073,-12.922908515943321,-16.57679755123553,-6.000283797206625,731.1477569885061,-2.8633111025521476,-16.181508584865497,-3.0052097058644662,-4.074517037968012,-3.405566479495651,-4.723196367395754,0.0,312.2014216888637,-0.0,0.0,-0.0,-0.0,-0.0,-1000.0,-5.184366828160791,-0.0,0.0,-0.0,0.0,0.0,0.0,0.0,0.0,0.0,0.0,0.0,0.0,0.0,0.0,0.0,0.0,0.0,0.0,0.0,0.0,0.0,0.0,0.0,0.0,0.0,0.0,0.0,0.0,0.0,0.0,0.0,0.0,0.0,0.0,0.0,0.0,0.0,0.0,0.0,0.0,4.865094970708073,0.0,0.0,0.0,0.0,0.0,0.0,0.0,0.0,0.0,0.0,0.0,0.0,-0.0,0.0,0.0,0.0,0.0,0.0,0.0,0.0,1000.0,0.0,0.0,0.0,0.0,0.0,0.0,0.0,0.0,0.0,0.0,0.0,0.0,0.0,0.0,-0.0,0.0,5.184366828160791,0.0,0.0,0.0,0.0,0.0,0.0,0.0,0.0,8.189576534025258,0.0,0.0,0.0,0.0,0.0,-0.0,0.0,0.0,0.0,0.0,0.0,5.371875696823498,16.57679755123553,6.000283797206625,5.3161298169508004,-731.1477569885061,-1000.0,2.8633111025521476,5.184366828160791,16.181508584865497,3.0052097058644662,4.074517037968012,63.570574283918866,361.36759846749567,7.388862986762888,20.31683930996735,-1000.0,12.922908515943321,4.723196367395754,738.4057016210222,3.405566479495651,-312.2014216888637,1000.0,0.0,0.0,0.0,0.0,0.0,-1000.0,0.0,0.0,0.0,0.0,0.0,0.0,0.0,-1000.0,0.0,0.0,0.0,0.0,0.0,0.0,0.0,0.0,0.0,0.0,528.3907009115294,0.0,0.0,0.0,0.0,0.0,0.0,0.0,0.0,0.0,0.0,0.0,0.0,0.0,0.0,-0.0,0.0,0.0,0.0,0.0,0.0,0.0,0.0,0.0,0.0,0.0,0.0,0.0,0.0,0.0,0.0,0.0,0.0,-827.866858567635,-350.5528977721925,0.0,0.0,350.5528977721925,8.189576534025258,41.80940990452251,21.690215077740163,-416.42510118721714,1000.0,136.05035373294683,500.0,-0.0,0.0,0.0,90.99104999248908,0.0,279.47579641240844,1000.0,0.0,500.0,0.0,0.0,740.933692809795,53.13595913320228,53.13595913320228,1000.0,1000.0,-0.0,500.0,-350.5528977721925,63.49962498226267,-418.47333995526833,581.5266600447317,0.0,-72.55072875068416,0.0,259.06630719020495,500.0,312.2014216888637,-937.1085118890759,136.05035373294683,0.0],"termination":"OPTIMAL","time":0.012386999999999999}