{"objective_value":25.33903630577122,"time_limit":1800,"thermo_feasible":false,"dual_bound":25.33903630577122,"solution":[0.0,-749.1714135128011,228.95846425168756,0.0,1000.0,0.0,0.0,0.0,-26.56797956660114,0.0,91.23320021892923,500.0,0.0,0.0,0.0,968.5542559445379,68.02517686647342,-0.0,-38.09724108572698,952.2865946362328,0.0,0.0,0.0,20.90470495226126,0.0,47.71340536376721,0.0,0.0,0.0,0.0,0.0,0.0,1000.0,-454.6228537836249,-210.73716324420764,0.0,0.0,0.0,564.6652206523281,435.3347793476719,672.7742190509009,0.0,-0.0,0.0,-53.13595913320225,968.2501875088686,-0.0,-176.89688025785006,53.13595913320225,-1000.0,-565.220145547425,0.0,64.66522065232812,1000.0,1000.0,-176.89688025785006,-0.0,0.0,0.0,54.31675822505118,-0.0,-1000.0,-370.6695586953439,-591.2332002189291,0.0,-823.10311974215,-161.57436500375002,1000.0,500.0,-1000.0,0.0,0.0,0.0,-952.2865946362328,4.094788267012629,0.0,0.0,771.887859560925,-5.217307575358294,-36.72639922158476,425.4449534775291,210.73716324420764,-0.0,85.41282357949353,-0.0,-1.1368683772161603e-13,-96.6405505665808,150.7267235612494,176.89688025785006,-500.0,-54.31675822505118,0.0,-549.7557316900123,-143.58618313028285,0.0,0.0,0.0,0.0,1000.0,0.0,0.0,0.0,0.0,0.0,0.0,0.0,0.0,0.0,0.0,0.0,0.0,0.0,-0.0,0.0,0.0,-0.0,-3.6944314933814444,-6.479191583385701,0.0,-2.6580649084754007,-2.6859378484117493,-2.432547485354037,-6.461454257971662,-8.288398775617766,-3.000141898603313,1000.0,-1.431655551276074,-8.09075429243275,-1.5026048529322331,-2.0372585189840065,-1.702783239747826,-2.361598183697878,-0.0,38.09724108572698,-0.0,0.0,-0.0,-0.0,-0.0,-1000.0,-2.592183414080396,-0.0,0.0,-0.0,0.0,0.0,0.0,0.0,0.0,0.0,0.0,0.0,0.0,0.0,0.0,0.0,0.0,0.0,0.0,0.0,2.592183414080396,0.0,0.0,0.0,0.0,0.0,0.0,0.0,0.0,4.0947882670126035,0.0,0.0,0.0,0.0,0.0,-0.0,0.0,0.0,0.0,0.0,0.0,0.0,0.0,0.0,0.0,0.0,0.0,0.0,0.0,0.0,-0.0,0.0,0.0,0.0,-0.0,0.0,0.0,0.0,0.0,0.0,0.0,0.0,0.0,0.0,0.0,0.0,0.0,0.0,0.0,129.18347489408285,0.0,0.0,0.0,0.0,0.0,0.0,0.0,0.0,0.0,0.0,935.3347793476719,0.0,0.0,0.0,0.0,0.0,0.0,0.0,0.0,0.0,0.0,0.0,-0.0,0.0,0.0,-0.0,0.0,0.0,0.0,0.0,0.0,0.0,0.0,0.0,0.0,0.0,0.0,0.0,0.0,0.0,0.0,0.0,0.0,0.0,0.0,0.0,0.0,0.0,-0.0,0.0,0.0,0.0,25.339036305771224,-91.23320021892923,0.0,-1000.0,91.23320021892923,4.094788267012629,20.90470495226126,10.845107538870081,-425.4449534775291,-1000.0,68.02517686647342,500.0,-0.0,0.0,0.0,0.0,0.0,0.0,0.0,0.0,500.0,952.2865946362328,0.0,0.0,0.0,0.0,47.71340536376721,646.2062394843,0.0,500.0,-91.23320021892923,31.749812491131344,-64.66522065232812,-64.66522065232812,176.89688025785006,-36.27536437534208,0.0,-0.0,500.0,38.09724108572698,-968.5542559445379,68.02517686647342,-952.2865946362328,0.0,-1000.0,-500.0,1000.0,-771.887859560925,-0.0,0.0,-0.0,0.0,143.58618313028285,-176.89688025785006,0.0,0.0,0.0,0.0,54.31675822505118,0.0,0.0,952.2865946362328,0.0,-564.6652206523281,0.0,0.0,-176.89688025785006,0.0,0.0,0.0,0.0,0.0,0.0,0.0,0.0,0.0,0.0,0.0,0.0,0.0,0.0,0.0,0.0,0.0,0.0,0.0,0.0,0.0,0.0,0.0,0.0,0.0,0.0,0.0,0.0,0.0,0.0,0.0,0.0,0.0,0.0,0.0,0.0,0.0,-0.0,-0.0,0.0,0.0,0.0,0.0,0.0,0.0,0.0,0.0,0.0,0.0,0.0,-0.0,0.0,0.0,-0.0,0.0,0.0,-0.0,0.0,0.0,0.0,0.0,0.0,0.0,0.0,0.0,0.0,0.0,0.0,0.0,0.0,0.0,0.0,0.0,0.0,0.0,-0.0,0.0,0.0,0.0,0.0,0.0,0.0,0.0,0.0,0.0,0.0,0.0,0.0,0.0,0.0,0.0,0.0,0.0,0.0,0.0,0.0,0.0,0.0,0.0,0.0,0.0,0.0,0.0,0.0,-0.0,0.0,0.0,0.0,0.0,0.0,0.0,0.0,1000.0,0.0,0.0,0.0,0.0,0.0,0.0,0.0,0.0,0.0,0.0,0.0,0.0,0.0,1.5026048529322333,0.0,0.0,0.0,0.0,0.0,0.0,0.0,0.0,0.0,0.0,0.0,0.0,0.0,0.0,0.0,0.0,0.0,0.0,0.0,0.0,0.0,0.0,0.0,0.0,0.0,0.0,0.0,0.0,0.0,0.0,6.479191583385701,2.432547485354037,2.6859378484117493,8.288398775617766,3.000141898603313,2.6580649084754007,-1000.0,849.2732764387506,1.431655551276074,2.592183414080396,8.09075429243275,1.5026048529322331,2.0372585189840065,5.217307575358294,96.6405505665808,3.6944314933814444,36.72639922158476,479.80732196793144,6.461454257971662,2.361598183697878,549.7557316900123,1.702783239747826,-38.09724108572698,-1000.0,0.0,0.0,0.0,0.0,0.0,-1000.0,0.0,0.0,-913.9334292838175],"termination":"OPTIMAL","time":0.016909}