{"time":1.5266852378845215,"objective_value":50.67807261154243,"μ":[-3597.411339680022,-2597.411339680022,-5147.883506582604,7509.81617267587,10000.0,-4233.610760886944,-4943.228544561094,-3941.228544561094,-2556.5730664371895,-3206.9266755114877,-5798.411339680346,-3791.4846641686954,-5741.241557930496,-10000.0,-3804.224102286509,-8935.610760886942,-10000.0,-9466.221521773889,-10000.0,-2356.573066437347,-7607.515335831253,-3557.573066437347,-10000.0,-10000.0,-8004.805251418081,-9265.221521773889,-8952.65444591854,-8518.250129025662,-5233.610760886944,-10000.0,-1099.0,-5498.832282660833,-2099.0,-7800.0,-7799.0,-8727.794588211234,-7799.0,-8726.794588211234,-1023.1687495442184,-10000.0,-8999.0,-2357.573066437347,-1020.1687495442184,-10000.0,-5209.272745695605,-7641.426933562653,-8934.610760886944,-10000.0,-1986.2571518127124,-5766.389239113056,-6170.221521773888,-3040.1180417255764,-7442.426933562653,-9002.40483299547,-10000.0,-7339.418878569983,-8339.418878569983,-10000.0,-5211.272745695664,-6280.095941158457,-6799.0,-8036.71320873011,-3500.9362788121734,-10000.0,-6458.758442069504,-6191.772487643959,-6028.786533218726,-2526.308375734473,-6982.845812132636,-8620.271197387421,-10000.0,-9713.45502471177,-7707.816172675709,-8048.2350512456915,-1100.0,-6654.98440611753,-8035.713208730109,-10000.0,-8800.0,520.9703605430173,-4762.053804434721,-8049.2350512456915,-7856.758442069446,-4276.4409791370035,-5901.588660319668,-3205.9266755113254,-7855.758442069446,-2591.4846641686954,-4758.499741948515,-5275.029639456925,-5457.758442069504,-6246.044717236902,-3596.411339680022,-6275.029639456925,-6245.044717236902,-1629.0075388898572,-4976.140142292599,-5801.237115656739,-3206.9266755113254,-3803.224102286509,-8350.257667915681,-3802.224102286509,-4077.029639456925,-2233.6107608869443,-10000.0,-4112.941237188431,-2299.0,-8621.271197387421,-8324.25818401834,-8265.221521773889,-9915.742848187036,-6653.98440611753,-3207.9266755113254,-4792.41133968002,-5884.853867125306,-8037.71320873011,-6866.507796941343,-3132.1034800484745,-9833.007538890019,-5521.859857707081,-5522.859857707081,-5521.859857707089,-7950.654445918541,-2554.5730664371895,-2130.103480048474,-3914.8629543236593,-6279.095941158457,-9047.235051245692,-3756.4997419485153,-3501.9362788121734,-6655.98440611753,-88.2633450453095,-6916.609212579037,-3501.9362788121734,-1795.5998119287415,-7275.029639456925,-4133.492203058657,-5610.8533510228135,-4501.936278812173,-3181.580605327046,-10000.0,-10000.0,-5210.272745695605,-4791.484664168695,-4040.1180417255764,-4792.484664168695,-8000.404832995469,-8462.773003747092,927.5655275473323,-7115.146132874694,-10000.0,-5112.941237188431,-6885.853867125623,-4018.515335831363,-3299.0,-10000.0,-10000.0,-2181.580605327046,553.1978728990653,-4091.3515446634583,-6135.4495502327545,-10000.0,-3598.411339680022,-9999.0,-8800.0,-10000.0,-5791.484664168695,-8046.942269394116,-5731.166804537127,-5496.832282660833,2554.5730664371895,-6296.832282660833,2039.0431689287798,7437.992977213018,928.5655275473323,8929.176804537148,-4865.507796941343,-8483.47010249159,-10000.0,-1628.0075388898572,-5048.06733390684,-3985.8458121326335,-5497.832282660833,-8836.79458821118,9931.176804537146,-8701.125064513044,-10000.0,-7845.007538889964,-5047.06733390684,-8036.500258051325,-4634.353609074138,-8998.0,-10000.0,-3367.3094079396265,-7858.771455439071,-10000.0,-7794.073324488674,-10000.0,-10000.0,-10000.0,-9278.044201134511,-7794.073324488674,-4017.515335831363,-10000.0,-9000.0,4870.073840591549,-7794.073324488674,-9999.0,-7377.822679359926,-10000.0,-4356.573066437348,-10000.0,-9000.0,-7794.073324488674,-2705.9266755113254,-10000.0,-10000.0,-10000.0,-2644.353609074138,-7794.073324488674,-10000.0,-10000.0,-10000.0,-4018.515335831363,-7794.073324488674,-2367.972941056405,-7676.115461211968,-9999.999999999947,-3733.30186904977,-7794.073324488621,-7794.073324488674,-2452.2300928693708,-10000.0,-9650.35360907429,964.3892391130594,-10000.0,-4305.433956349796,-10000.0,10000.0,-10000.0,-10000.0,-8084.257151812966,-8316.867912699754,-10000.0,-10000.0,7029.713208730109,-9999.0,10000.0,-2100.01,10000.0,-9800.000000000053,-2406.9266755116505,-10000.0,-1552.5730664371895,-9999.0,-1900.0100000000002,-10000.0,10000.0,-9800.000000000053,-10000.0,-9999.0,-10000.0,-9999.0,-9800.0,-10000.0,-10000.0,-10000.0,-1299.0,-293.4425274456007,-9800.0,-10000.0,9997.0,-6921.295861768559,-2365.309407939627,10000.0,-8997.0,-10000.0,-10000.0,-4136.911597731346,-8998.0,-4065.088402268494,-8998.0,10000.0,-8998.0,-10000.0,-8997.0,-10000.0,9899.999999999995,10000.0,-10000.0,-8998.0,-10000.0,-3597.411339680022,-9800.0,-10000.0,-10000.0,10000.0,-10000.0,10000.0,-9800.000000000053,-10000.0,-10000.0,-8998.0,-7776.937088221384,-4700.022616669943,-9800.0,10000.0,-10000.0,2557.5730664371895,10000.0,-2179.580605327046,-9800.000000000053,10000.0,-8998.0,-10000.0,-10000.0,-10000.0,-3254.280284585624,-4703.022616669943,-10000.0,-8763.088402268495,7054.758442069659,-10000.0,-9140.417330261964,-9928.176804537146,-10000.0,1291.4846641686954,-8561.498193640498,6989.369202956604,-10000.0,-10000.0,-4206.926675511326,-10000.0,-7867.507796941343,-5867.507796941343,-9934.610760886944,-3263.088402268494,-10000.0,-10000.0,291.4846641686954,-10000.0,-10000.0,-10000.0,-8935.610760886944,-8876.831250455689,-10000.0,-8935.610760886944,-10000.0,-8856.462563601734,-10000.0,-10000.0,-8948.65444591854,-8935.610760886944,-1734.7784782261115,1641.3536090741381,-10000.0,-10000.0,-9035.030671662726,-10000.0,-10000.0,-10000.0,-8933.610760886944,-3200.198389001396,-10000.0,-6037.030671662726,-10000.0,-10000.0,-5411.853351022651,-7934.610760886944,-2691.6991631555975,10000.0,-7666.868944905499,-10000.0,-6853.280284585462,5989.369202956604,-3607.6404003440284,-4990.369202956608,-10000.0,-10000.0,-10000.0,-10000.0,-6361.257667915681,-10000.0,-2084.1692656471296,-4990.369202956608,-1644.3536090741381,4990.369202956608,-10000.0,-2583.5204136114253,-9997.0,-9799.0,10000.0,-8767.489741948655,0.333323443530347,-10000.0,4365.639092556171,10000.0,9928.176804537146,-5009.297473599861,-2816.680453714798,1188.7248482181355,-10000.0,-9999.0,-10000.0,-3463.057463976777,-2816.680453714821,-10000.0,-1644.3536090741381,-3644.353609074138,-4733.166804537127,-10000.0,-5210.272745695664,-10000.0,-4990.369202956608,-4404.926675511326,-1508.6972181485742,-9708.5364041929,-9378.81514047008,-10000.0,-10000.0,7304.009603300845,10000.0,-5211.272745695605,-4211.272745695605,-10000.0,-10000.0,-4877.507796941343,-8844.007538890019,-10000.0,-5134.4495502327545,-7361.257667915625,-1644.3536090741381,-9515.250129025662,-6209.27274569566,-10000.0,-9998.0,-10000.0,-8800.0,3153.9924611100378,-10000.0,-10000.0,-10000.0,-9999.0,-3804.224102286509,-10000.0,-9999.0,-10000.0,-10000.0,-4684.853867125306,-9145.235051245683,-9865.507796941343,815.2711973874211,-10000.0,-10000.0,-8938.330992404195,-10000.0,-9846.007538889962,-10000.0,-3268.5956831071308,-7866.507796941343,-3193.265206805643,-10000.0,-5678.015077779981,-9000.0,-1000.0,-9515.250129025662,1641.3536090741381,-10000.0,-10000.0,-10000.0,-8929.176804537148,-9515.250129025664,-10000.0,-10000.0,-7367.389239113055,-10000.0,-6507.648455336541,-7255.40534909818,-9515.250129025664,-10000.0,-4458.758442069504,-7347.257667915681,-10000.0,-9832.007538890015,6866.507796941343,-1644.3536090741381,-9798.832282660831,-10000.0,-6361.257667915626,-9703.808117683195,-1770.5304136112863,-9515.250129025664,-10000.0,-10000.0,-9516.250129025662,-2644.353609074138,-9999.0,-4962.677062588473,-10000.0,-10000.0,-9516.250129025662,-10000.0,-9999.0,-4552.573066437191,10000.0,10000.0,5816.030671662284,-8516.250129025662,-10000.0,2595.7935560060305,-8347.257667915677,-10000.0,-5801.073324488672,6706.565527547229,-9831.007538890015,-10000.0,-8516.250129025662,-9934.610760886942,-10000.0,-9033.500258051325,-9999.0,-10000.0,-8515.250129025662,-9999.0,-4961.677062588473,-9999.0,-5222.154187867205,-5877.507796941343,-5877.507796941343,-9000.0,-10000.0,-10000.0,-10000.0,