{"time":1.3706305027008057,"objective_value":53.03632988597189,"μ":[-4819.178103065147,-9540.064421368152,-5274.392701021715,-8995.27901932472,-6638.054421368168,-6639.054421368168,-9361.79540204343,-9817.42196135056,-6036.204597956563,-5581.578038649433,-164.3745979565565,-4341.127974233698,-2821.6072989782842,-1995.3506752554283,-6801.0,-3081.1572345625573,-5169.384597956554,-5616.421961350571,-10000.0,-8643.853922701142,-4753.204597956573,-10000.0,-7830.179999999987,-4892.280546423984,-10000.0,-1898.9999999999998,-4316.7923453315825,-4044.972345331569,-4274.392701021715,908.0553093368617,-5725.607298978285,-10000.0,-5045.972345331569,-4170.384597956554,-1454.8902692950032,-3811.7726366059997,-7638.054421368168,-3168.384597956554,-4195.3506752554285,-4196.3506752554285,-10000.0,-3082.1572345625573,-3081.1572345625573,-6612.447122389882,-7625.597298978287,-1900.9999999999998,-9999.0,-5919.669324744575,445.56337627715743,-3113.3086494891413,-10000.0,-6442.777298978275,-7822.071286095134,-5399.360675255427,-10000.0,-3195.3506752554285,-10000.0,-7577.928713904857,-9997.0,-5398.999999999992,-8178.392701021716,-2298.990000000016,-10000.0,-8178.392701021716,-10000.0,-10000.0,-3590.999999999999,-8178.392701021716,-10000.0,-10000.0,-8974.392701021716,-10000.0,-8178.392701021716,-9000.0,-10000.0,-9547.78540204343,-3759.9106108396995,-8178.392701021716,-2558.9355786318447,-10000.0,-3566.6565593071227,-6391.526012883146,-10000.0,-8178.392701021716,-2455.4366237228423,-10000.0,-10000.0,-8373.426961350571,-8178.392701021716,-2590.999999999999,-8178.392701021716,-2589.999999999999,-9002.0,-4712.772636606,-10000.0,-9818.42196135056,-10000.0,-10000.0,-1298.9900000000162,-2298.990000000016,-6035.204597956563,-4759.9106108397,-8360.79540204343,-5583.578038649433,-9536.054421368168,-9800.0,-9537.054421368168,-8053.152572190278,-10000.0,-10000.0,-8998.0,-8818.441961350556,-10000.0,-8817.441961350556,-7536.054421368168,-9001.0,-2757.910610839699,-9338.064421368155,-10000.0,-9538.064421368152,-1897.9999999999998,-10000.0,-9302.0,-7391.526012883146,-2922.0712860951435,-5203.659324744571,-4043.972345331569,-10000.0,-2105.6879098179725,-10000.0,-8975.392701021716,-10000.0,-10000.0,-3798.929871168555,-10000.0,-9928.151414926586,-10000.0,444.56337627715743,-10000.0,-10000.0,-8273.928713904857,-6920.43196135057,-8030.318279653583,-10000.0,-9928.328279653568,-3105.6879098179725,-10000.0,-3646.752331186124,-7033.730610839714,-10000.0,-3017.871157263693,-10000.0,-7769.058890493276,-7537.054421368168,-10000.0,-8537.054421368168,-4082.1572345625573,-10000.0,-10000.0,-5582.578038649433,-10000.0,-8951.682090182,-5044.972345331569,7023.2420257662825,-3963.3560128831523,6998.634726787997,-7593.971414926595,-6800.999999999996,9975.392701021716,-7032.730610839717,10000.0,-1456.4366237228423,-6210.123311861431,-7368.384597956558,-10000.0,-10000.0,-6871.049083740438,-10000.0,-8976.392701021716,-8126.607298978285,-10000.0,-7433.610241004133,-10000.0,-6870.0490837404395,-7234.730610839716,-8976.392701021716,-5985.831720346443,-10000.0,-10000.0,-2517.1618969348265,-8976.392701021716,-10000.0,-9998.990000000013,-10000.0,8997.0,-8976.392701021716,-7235.730610839716,-10000.0,-6234.730610839719,10000.0,-8976.392701021716,-10000.0,10000.0,-4561.935578631845,5998.634726787997,9997.0,-6392.526012883146,2030.8393247445565,10000.0,-10000.0,-6922.43196135057,5998.634726787994,-6921.43196135057,-10000.0,-6825.1064471344525,-6997.634726787994,-3111.6593247445708,-3794.7013505108644,-10000.0,-9001.0,-5998.634726787994,-2274.392701021715,-4155.496752554293,-6997.634726787994,-10000.0,-2299.0,-10000.0,-9539.064421368152,-9842.37344069286,-8051.152572190278,-2392.9233762771382,-10000.0,-3112.6593247445708,-6025.607298978289,-6394.288649489144,-3208.65932474457,-8052.152572190278,-10000.0,-5671.956024755534,-2964.3560128831523,-7052.152572190278,-1670.5907515435288,-2206.65932474457,-4137.643987116848,-9999.0,-5021.607298978284,-9000.0,-8233.730610839717,-10000.0,-6037.204597956563,-8017.801221679405,-6638.054421368168,-10000.0,-10000.0,-5638.054421368168,-3267.9352087962816,-10000.0,-1515.1618969348265,-8666.604903376403,10000.0,-7734.054421368167,-10000.0,-8998.0,-6869.049083740438,-4811.772636606,-9998.0,-6471.377539982401,-8998.0,-10000.0,10000.0,-4711.772636606,-8999.990000000014,10000.0,-9999.0,-7997.999999999583,-10000.0,-8998.0,-9999.0,-5080.157234562557,-10000.0,-3299.0,-5025.081286095137,-8735.054421368168,10000.0,-2265.9352087962816,-10000.0,-10000.0,-9062.686979413002,-7863.454726788003,10000.0,-8999.990000000016,-5195.3506752554285,-8871.574533540854,-6995.279019324721,-2961.3560128831523,-10000.0,-1103.6879098179725,-7995.269019324737,-8101.550610839728,-7525.597298978287,-8998.0,-9997.0,-10000.0,-5498.0,-5652.204597956573,-9516.677427809731,-1455.4366237228423,-5211.123311861433,-2965.3560128831523,-5499.0,-7986.866979412988,-7995.279019324721,-10000.0,-10000.0,-10000.0,-8003.6493247445715,-9999.0,-8716.046979412975,-5223.3186494891415,-4111.659324744567,-10000.0,-10000.0,-9535.054421368168,-8443.777298978272,-2821.1072989782842,-7444.777298978275,-4895.280546423984,-10000.0,-10000.0,-10000.0,-10000.0,-10000.000000000004,-10000.0,-6499.0,-10000.0,-1119.8711572636894,-7913.947974233714,-2054.725273211983,-10000.0,-10000.0,-9769.00533762773,-2119.871157263693,-273.3827010217301,-10000.0,-10000.0,-3173.392701021715,-5638.0444213681685,-10000.0,-7002.0,-9999.0,-10000.0,-7638.0444213681685,10000.0,-10000.0,-9999.0,-10000.0,-4643.2145979565685,-7710.659324744571,-10000.0,-6319.318649489141,-10000.0,-7099.0,-7820.43196135057,-10000.0,-10000.0,-6667.604903376403,-10000.0,-2901.0,10000.0,-2433.395096623597,-2100.0,-10000.0,-2604.0099999999984,-9997.0,-6426.89594846743,-3900.0,-10000.0,-8999.99000000001,-10000.0,-10000.0,-10000.0,3234.395096623597,-10000.0,-10000.0,-10000.0,-10000.0,-10000.0,-9000.0,-1299.0,-9197.267122389898,-10000.0,-10000.0,-10000.0,-9801.732877610102,-2033.8393247445565,-6864.677286054952,-10000.0,-3571.104051532574,-8424.246623722858,10000.0,-9463.735273211983,-10000.0,-10000.0,-10000.0,-7103.66932474457,-10000.0,-10000.0,-5203.66932474457,-7138.558778320574,-9178.820000000012,10000.0,-9964.79569331784,-10000.0,-8077.9287139048565,-9065.686979413002,-5626.5972989782795,9999.00000000001,-10000.0,10000.0,-10000.0,-9000.0,-10000.0,-10000.0,-10000.0,-10000.0,2440.0444213681694,1333.395096623597,-10000.0,-10000.0,-1304.6493247445715,-10000.0,-10000.0,-10000.0,-5641.044421368169,-7047.294845388746,-9752.25128609513,10000.0,-10000.0,-5452.5132474457205,-7218.7826366060035,10000.0,-6024.597298978304,10000.0,-8868.925208796281,-10000.0,10000.0,-10000.0,-2304.6493247445715,-10000.0,-10000.0,-10000.0,-10000.0,-7831.179999999987,-2169.8200000000143,-10000.0,-10000.0,-9000.0,-2168.8200000000134,-10000.0,695.3506752554285,-8100.0,-10000.0,-3935.0492603288412,-10000.0,-10000.0,-10000.0,-7464.67172034644,-3203.659324744571,-10000.0,10000.0,-304.64932474457146,6831.179999999986,-10000.0,-10000.0,-10000.0,-10000.0,-9101.0,-7434.610241004133,-1.0,-10000.0,-10000.0,-1304.6493247445715,-10000.0,-8999.0,-8765.904115948277,-9999.0,-10000.0,-9999.0,-9999.0,-10000.0,-9004.0,-10000.0,-5713.772636605995,-10000.0,-9999.0,-9001.0,-10000.0,-7640.044421368169,-2033.8393247445565,-8638.04442136817,-10000.0,-9000.0,-10000.0,-10000.0,6831.179999999986,-6451.261286095124,6831.179999999986,-8999.0,9997.0,-9999.0,-10000.0,2030.8393247445565,-7298.0199999999695,-7100.0,-10000.0,-9999.0,-1434.022765437403,-3115.669324744572,-10000.0,-5796.340675255429,-7816.669324744573,-6626.5972989782795,-6626.5972989782795,-9999.000000000002,-10000.0,-10000.0,-3400.0,-2.2737367544323206e-11,-1435.022765437403,-10000.0,10000.0,-10000.0,-9999.0,0.0,-10000.0,-10000.0,-4921.669324744575,-8665.604903376403,-4400.009999999985,-6018.669324744574,-10000.0,-9666.604903376403,-2212.669324744571,-8434.610241004133,-10000.0,9999.0,-8815.669324744573,-10000.0,-8999.999999999583,-3304.6493247445715,-10000.0,-5304.649324744572,-9999.0,9999.0,