{"nodes":1,"time":0.143863,"objective_value":25.339036305771234,"μ":[0.0,0.0,20.416666666666664,1.0,0.0,0.5,-2.999999999999999,1.0,3.333333333333333,0.0,997.0,24.416666666666664,997.75,0.75,14.208333333333332,-15.416666666666666,-15.250000000000002,-1.666666666666667,1.333333333333333,0.0,1.0,16.208333333333332,-1.333333333333333,-18.208333333333332,-1.0,0.0,-8.0,1.0,-0.5,5.0,-18.666666666666664,-17.666666666666664,-1.0,-2.0,-13.916666666666666,-13.208333333333332,4.666666666666666,2.0,-5.0,3.0,1.0,-8.916666666666668,-14.000000000000037,1.0,-994.3333333333334,0.0,0.0,21.416666666666664,18.916666666666664,-997.0,-14.916666666666666,2.0,-1013.9166666666666,-12.916666666666668,4.0,1.5,-2.0,-0.5,1.5,-3.5,-2.0,0.0,0.0,0.5,-3.0,0.0,-12.208333333333332,0.5,0.5,-9.916666666666668,992.6666666666666,1.0,-1008.9166666666666,-15.916666666666666,-17.916666666666664,999.0,5.666666666666666,0.0,11.916666666666668,0.0,-0.833333333333333,12.916666666666668,-0.33333333333333304,986.0,-1.0,-8.916666666666668,2.0,0.0,2.0,3.166666666666666,-5.583333333333335,1.666666666666666,1.0,5.333333333333333,0.5,981.3333333333334,2.166666666666666,3.333333333333333,0.5,1.0,-10.333333333333332,-11.416666666666668,0.0,-11.583333333333336,-8.916666666666668,-2.0,1.0,-24.416666666666664,0.0,0.0,-0.5,-0.666666666666667,2.0,0.0,0.0,0.0,-251.91666666666666,-3.333333333333333,-3.0,993.6666666666666,0.0,0.0,-1.1666666666666665,0.0,0.0,2.0,1.0,3.0,23.416666666666664,22.416666666666664,0.0,1.0,-3.0,0.833333333333333,-12.916666666666666,0.0,-11.916666666666666,-1014.9166666666666,0.6666666666666661,-7777.886725663715,0.0,-3.0,0.0,2.0,0.0,-1.0,-997.0,-989.0,0.0,0.0,9.333333333333332,-992.5,16.916666666666668,-987.0833333333334,994.4166666666667,-15.916666666666668,-997.5,-1.0,-999.0,6.499999999999998,-1.0,-1014.25,-26.833333333333332,982.0,19.416666666666664,0.0,0.0,17.916666666666668,0.0,-1.0,-12.916666666666668,-1008.4166666666666,-1.791666666666666,-997.0,20.416666666666664,-1.0,0.0,21.416666666666664,-997.0,985.0,0.0,-1002.5,-997.0,-9.916666666666668,-997.0,-1.0,1.5,-7.916666666666668,-997.0,-2.791666666666666,-991.5,-997.0,0.0,-997.0,-4.791666666666668,1.0,0.0,999.0,-999.0,20.416666666666664,-0.5,1.0,0.5,1.0,994.4166666666667,-0.5,-1.0,1.0,0.5,1.0,19.416666666666664,1.0,0.0,0.0,1.0,12.916666666666668,0.16666666666666652,1.0,-8.916666666666668,1.0,0.0,0.0,0.0,993.4166666666667,0.0,5.333333333333333,1.0,14.416666666666668,1.0,-2.333333333333333,983.0,0.0,1.0,1.0,7.5,1.0,-15.416666666666666,0.0,-14.416666666666666,-1969.0,-1.5,1.0,1.0,-1.0,1.0,-0.5,1.0,-15.0,0.0,-1.0,0.0,0.0,-1.0,1.0,-2.0,-2.333333333333333,984.0,0.0,-1968.0,0.5,-7.916666666666668,4.666666666666666,5.666666666666666,-996.5,0.0,0.0,0.0,-2.333333333333333,-5.5833333333332575,1.0,0.0,0.0,0.5,-2.333333333333333,6.333333333333333,0.0,0.0,-100.0,100.0,-14.916666666666666,-16.416666666666664,1.0,0.0,-349.0,-14.916666666666666,0.0,-1.1766666666666663,-2.333333333333333,-3.4899999999999998,-874.5,-16.0,0.0,1.5,-1.0,0.0,-3.333333333333333,0.0,-14.0,20.416666666666664,0.0,0.0,-2.333333333333333,0.0,0.0,-3.0,0.0,-2.333333333333333,-1958.0,0.0,0.0,-0.5,-2.333333333333333,0.0,-82.33333333333331,-315.66666666666663,17.666666666666664,-2416.0,-7.333333333333332,0.0,0.0,-16.416666666666664,1.0,0.0,0.0,0.0,138.83333333333337,0.0,130.50000000000003,-0.5,-15.78282828282829,0.0,8.333333333333332,0.0,0.5,0.0,0.0,8.333333333333332,0.0,4.5,0.0,1.0,0.0,-2566.0,0.0,0.0,0.5,-5.0,6.0,-6.5,-8.333333333333332,0.0,8.333333333333332,-1.0,5.5,0.0,0.0,0.0,0.5,0.0,-8.333333333333332,-6.5,-1.5,6.0,0.0,-1483.3333333333333,0.0,-0.5,2.0,-1200.0,0.0,0.0,0.0,-1.5,0.0,-2.5,0.0,100.0,0.0,0.0,997.5,-982.0,0.0,997.0,18.166666666666664,984.0,0.0,0.0,1967.0,3.0,0.0,0.0,1.0,0.0,18.166666666666664,-986.0,0.0,0.0,-983.0,994.0,200.0,-15.160919540229886,0.0,-1.0,982.0,-1.5,-13.160919540229886,0.666666666666667,0.0,0.0,1.0,3.6666666666666665,0.0,0.0,0.0,-3.0,-20.416666666666664,-1.0,0.0,-2.5,0.5,-2.5,0.0,0.5,0.0,1.5,-1.0,0.0,-1.5,0.0,3.0,-100.0,0.0,0.0,-150.0,-3.0,-1.5,-200.0,1.0,0.0,-994.75,-150.0,8.0,-0.5,-3.5,5.0,0.0,0.0,-2.5,-0.5,0.5,0.0,-1.0,1.5,0.0,-2.0,0.0,0.0,1.5,0.0,-1.0,-13.916666666666668,-13.916666666666668,0.0,1.5,-0.5,0.0,1.0,20.416666666666664,3.666666666666666,1.0,-0.5,1.0,2.5,1.0,1.0,2.5,-0.5,1.0,1.0,2.5,1.0,-1.333333333333333,0.0,2.0,0.0,0.0,0.0,1.0,-2.0,2.5,0.5,0.0,1.0,1.0,0.0,3.5,1.0,0.0,-1.0,1.0,0.0,0.0,1.0,-13.916666666666668,4.791666666666668,3.0,-1.0,0.0,4.666666666666666,2.5,-1.0,10.333333333333332,-1.5,0.0,0.0,-3.0,5.999999999999998,-1.0,0.0,0.0,1.5,-3.0,3.0,-1.5,0.0,1.5,3.4999999999999996,2.9999999999999996,-2.0,0.0,11.333333333333332,1.5,-1.5,1.4999999999999996,0.0,3.0,8.0,0.0,0.0,0.0,0.5,4.666666666666666,0.0,1.5,-1283.3333333333335,0.0,0.0,-0.5,998.25,9.0,2.5,0.0,-3.0,0.0,-1.5,-8.916666666666668,-1.5,0.0,-1.5,7.583333333333335,0.0,0.0,0.0,0.0,0.0,-1.0,0.0,0.0,1.0,1.0,0.0,0.0,-1.5,0.0,0.0,1.5,0.0,1.0,0.0,-1.0,-18.416666666666664,-36.33333333333333,1.0,20.416666666666664,-35.33333333333333,-1.0,0.0,0.0,1.0,-199.0,0.0,0.0,-7778.886725663715,0.0,0.0,0.0,1.0,-1.0,-21.416666666666664,0.0,-10.416666666666668,-1.0,0.0,0.49999999999999956,-1.0,0.0],"time_limit":1800,