{"nodes":1121,"time":6.130727,"objective_value":50.67807261154243,"μ":[-547.8444919448366,463.1555080551634,0.0,-1.0,-997.0,3.0,461.1555080551634,0.0,0.0,457.6765720649621,-123.60194248853458,-124.60194248853463,-999.0,0.0,-1.5,44.17070524181764,2160.512115725453,1993.2394679951008,247.68282096727057,122.34141048363529,0.0,1916.3531441299242,798.8562685810788,-1.0,945.0476987434843,3.0,57.42070524181764,0.0,0.0,0.0,1716.209412711003,1457.676572064962,1.0,939.568762753283,1079.281256925487,1228.838286032481,1080.281256925487,1463.1555080551634,1462.1555080551634,314.96407789275804,575.0179825485975,2988.371126678522,1717.209412711003,1.0,464.1555080551634,272.16171396751895,0.0,121.34141048363529,228.83828603248094,0.0,-1098.1019424885346,316.96407789275804,462.1555080551634,0.0,-11.5,257.05390465583963,0.0,934.568762753283,935.568762753283,-1008.5,1464.1555080551634,-1000.0,1463.1555080551634,-3010.5,459.1555080551634,1464.1555080551634,1.0,-124.60194248853458,939.568762753283,-1.0,-1098.6019424885346,-1000.0,137.71249417220417,-98.60194248853463,-2010.5,-879.6585895163646,0.0,-1105.6019424885346,1017.3710836885688,4786.227395259601,-1104.1019424885346,798.3773325908776,1.0,3530.173490603761,17.371083688568774,-1.5,-120.60194248853458,313.96407789275804,819.2273522696478,-68.93123724671705,-996.0,936.068762753283,-1112.6019424885346,932.568762753283,314.96407789275804,315.96407789275804,0.5,-44.67070524181764,460.1555080551634,0.0,-9.5,0.0,0.0,457.6765720649621,2174.012115725453,337.3351615813267,-999.5,1718.209412711003,1000.0,-1.0,0.0,742.9460953441603,0.0,0.0,1078.281256925487,0.0,1000.5,999.5,-1541.8444919448366,0.0,1000.0,935.068762753283,-540.8444919448366,16.371083688568774,-553.8444919448366,2169.512115725453,470.1555080551634,931.568762753283,-178.27264773035222,931.568762753283,1.0,248.68282096727057,458.1555080551634,312.96407789275804,-910.6136761348239,3135.1019424885344,1931.568762753283,249.68282096727057,0.0,0.0,-1799.856268581079,0.0,-2.0,-1000.0,-69.93123724671705,-58.4312372467171,1337.3351615813267,-3009.5,2000.5,1.0,-536.8444919448366,4050.2156186233583,0.0,1256.0539046558397,632.2308158100127,1465.1555080551634,0.0,1931.568762753283,-1.0,53.910173236918354,1.0,-771.161713967519,933.568762753283,-2027.2156186233588,89.38632386517608,459.1555080551634,1.0,2.0,-539.8444919448366,1.0,931.568762753283,842.1824388881068,0.0,0.0,0.0,3011.5,-1000.0,-212.98826635371074,0.0,1.0,1.0,1630.2308158100127,999.0,842.1824388881068,-1109.1019424885346,0.0,2009.0,0.0,1010.0,1931.568762753283,-1212.9882663537107,4729.425031334362,2009.0,0.0,1010.0,2009.0,-999.0,0.0,1090.386323865176,-998.0,1010.0,402.28746283784244,-1086.386323865176,-597.7125371621576,0.0,1402.2874628378424,3136.1019424885344,2009.0,1010.0,701.1437314189212,2009.0,-998.0,1010.0,4135.101942488534,1402.2874628378424,-999.0,1010.0,2009.0,1000.0,1010.0,0.0,0.0,463.1555080551634,2009.0,-1123.6019424885346,2009.0,1010.0,620.4486403166452,-753.3205438733421,-536.8444919448366,77.28125692548701,-1536.8444919448366,-542.3234279350379,-1123.6019424885346,-1000.0,-1081.6468558700758,1008.0,0.0,0.0,1089.386323865176,0.0,954.3292947581824,-684.035922107242,0.0,2888.242592446255,0.0,0.0,89.38632386517608,0.0,0.0,0.0,0.0,0.0,0.0,0.0,-1000.0,0.0,0.0,0.0,1005.0,0.0,0.0,0.0,0.0,0.0,0.0,0.0,0.0,1997.0,0.0,1996.5,16766.758079066334,0.0,0.0,-3988.5,88.38632386517608,-2988.5,0.0,0.0,0.0,1625.9608547418502,0.0,1538.074530876674,0.0,0.0,0.0,4049.2156186233583,0.0,0.0,0.0,0.0,0.0,-2510.141087746684,0.0,1457.676572064962,-1000.0,0.0,-5135.101942488534,0.0,0.0,0.0,0.0,89.38632386517608,-969.0449133815408,0.0,-123.60194248853463,1089.386323865176,0.0,0.0,-1089.386323865176,0.0,-1121.3414104836352,0.0,1089.386323865176,0.0,1089.386323865176,1000.0,-1121.3414104836352,0.0,1089.386323865176,-1000.0,1000.0,0.0,0.0,-1121.3414104836352,0.0,1000.0,1089.386323865176,1001.5,-1121.3414104836352,0.0,0.0,0.0,0.0,1.0,-988.5,1089.386323865176,-1121.3414104836352,1.5,0.0,1000.0,0.0,-1121.3414104836352,0.0,-2000.0,0.0,-89.38632386517608,1248.6828209672706,-3000.0,0.0,89.38632386517608,0.0,0.0,-89.38632386517608,-1000.0,0.0,0.0,0.0,-2010.5,-89.38632386517608,0.0,-1000.0,-1910.613676134824,0.0,0.0,631.2308158100127,-1159.2964971020945,-1089.386323865176,0.0,0.0,1631.2308158100127,-3099.886323865176,-631.2308158100127,-1248.6828209672706,89.38632386517608,0.0,0.0,-2631.2308158100127,-1000.0,89.38632386517608,1631.2308158100127,-89.38632386517608,0.0,0.0,0.0,0.0,0.0,-953.3292947581824,-538.8444919448366,50.170705241817586,-1631.2308158100127,-539.8444919448366,1002.0,0.0,-536.8444919448366,-1536.8444919448366,100.0,-2257.461631620026,0.0,-1631.2308158100132,0.0,-100.0,2402.287462837842,464.1555080551634,2000.0,0.0,-597.7125371621576,-2157.293132261482,-2000.0,460.1555080551634,1256.0539046558397,0.0,461.1555080551634,0.0,0.0,-989.0,-1000.0,0.0,-539.8444919448366,1000.0,0.0,0.0,0.0,89.38632386517608,-754.3205438733421,-1632.2308158100132,0.0,374.7691841899873,-753.3205438733421,0.0,-631.2308158100132,1000.0,0.0,0.0,-1256.0539046558397,0.0,-753.3205438733421,-631.2308158100132,124.58972806332895,0.0,246.6794561266579,4000.0,1000.0,-1000.0,0.0,89.38632386517608,0.0,4122.089728063329,0.0,122.08972806332895,0.0,0.0,0.0,89.88632386517611,-0.5,-876.910271936671,-1000.0,877.910271936671,1000.0,0.0,0.0,-1187.9882663537107,0.0,0.0,0.0,0.0,2697.6620530567297,-89.38632386517611,66.43123724671705,122.08972806332895,0.0,0.0,-2632.230815810013,-998.0,122.08972806332895,0.0,0.0,1002.5,123.58972806332895,-122.08972806332895,-3114.8414104836356,1756.820543873342,-1.5,1000.0,-89.38632386517611,879.910271936671,-1510.1410877466842,0.0,0.0,-1000.0,-49.170705241817586,2000.0,933.568762753283,-1170.512115725453,-999.0,0.0,-513.1078093116794,89.38632386517611,-3.5,0.0,0.0,0.0,0.0,0.0,0.0,1000.0,0.0,-2.5,-1.0,-2098.6019424885344,1002.0,-1632.2308158100127,3046.7156186233583,0.0,755.8205438733421,0.0,0.0,-1.0,0.0,-8.0,0.0,-1000.0,0.0,0.0,2541.802363925239,-258.05390465583963,0.0,3460.0000429899533,-1753.320543873342,89.38632386517611,3000.0,4000.0,122.08972806332895,-877.910271936671,-1000.0,0.0,-1000.0,0.0,-1000.0,0.0,-1000.0,0.0,-1000.0,0.0,910.6136761348239,-631.2308158100132,-1632.2308158100132,-877.910271936671,123.08972806332895,-876.910271936671,-1542.8444919448366,0.0,-539.8444919448366,1001.5,-1.0,996.5,0.0,0.0,0.0,0.0,0.0,0.0,0.0,0.0,0.0,0.0,0.0,-1.0,1.0,0.0,0.0,0.0,0.0,0.0,0.0,0.0,515.1078093116793,775.1617139675188,1000.0,0.0,774.1617139675188,1.0,0.0,257.05390465583963,-1001.0,-101.0,0.0,0.0,0.0,0.0,0.0,0.0,2887.242592446255,-1255.0539046558397,1.0,0.0,-1124.6019424885346,1.0,0.0,-1.5,955.3292947581824,-1000.0,0.0,-1.0,-1.0,0.0],"time_limit":1800,