{"objective_value":53.03632988597188,"time_limit":1800,"thermo_feasible":false,"dual_bound":53.03632988597188,"solution":[-352.78646984295347,0.0,1000.0,-770.0698311676833,-0.0,-0.0,770.0698311676833,0.0,0.0,0.0,-890.8258935148353,1000.0,0.0,500.0,-0.0,0.0,121.15206694363405,431.5009961310677,0.0,68.49900386893229,0.0,0.0,500.0,900.132590824715,0.0,1000.0,0.0,0.0,99.86740917528505,-546.7503462093753,0.0,500.0,-770.0698311676833,0.0,461.5645717316362,340.41250478800214,340.41250478800214,0.0,639.6988715047585,0.0,-0.0,1000.0,-111.21718377088304,-962.2381331211881,-0.0,-773.3751731046876,111.21718377088304,-1000.0,-1000.0,1000.0,198.02292348036167,231.6344028993194,121.15206694363405,-773.3751731046876,-0.0,1000.0,500.0,37.76186687881198,-0.0,962.2381331211881,538.4354282683639,-649.652612039247,0.0,-226.62482689531237,-480.9080998261586,1000.0,500.0,-1000.0,198.02292348036167,-768.3655971006806,0.0,-900.132590824715,0.0,0.0,0.0,302.8898906862315,-10.92018032352161,0.0,890.8258935148353,1000.0,0.0,757.8873861928756,-500.0,834.0611096378799,-781.3877839653497,0.0,816.9215356963964,-500.0,-37.76186687881198,878.847933056366,-1000.0,-224.6088570670911,0.0,0.0,0.0,0.0,458.20324700197403,0.0,0.0,0.0,0.0,0.0,0.0,0.0,0.0,0.0,0.0,0.0,0.0,0.0,0.0,0.0,0.0,0.0,0.0,-0.0,-0.0,0.0,0.0,0.0,0.0,0.0,0.0,0.0,0.0,0.0,0.0,0.0,0.0,0.0,0.0,-0.0,0.0,0.0,0.0,0.0,0.0,0.0,0.0,0.0,0.0,0.0,0.0,0.0,0.0,0.0,0.0,0.0,0.0,0.0,0.0,0.0,-0.0,0.0,0.0,0.0,0.0,0.0,0.0,0.0,0.0,0.0,-0.0,0.0,0.0,0.0,0.0,0.0,0.0,0.0,0.0,0.0,-0.0,0.0,0.0,0.0,0.0,-0.0,0.0,0.0,0.0,0.0,0.0,0.0,0.0,0.0,0.0,0.0,0.0,0.0,0.0,0.0,0.0,0.0,0.0,0.0,0.0,0.0,0.0,0.0,0.0,0.0,0.0,0.0,0.0,-0.0,0.0,0.0,0.0,0.0,0.0,0.0,0.0,0.0,0.0,0.0,-0.0,0.0,0.0,0.0,0.0,0.0,0.0,-0.0,0.0,0.0,0.0,0.0,0.0,0.0,0.0,0.0,0.0,0.0,0.0,0.0,-0.0,0.0,0.0,0.0,0.0,53.03632988597188,0.0,773.3751731046876,0.0,0.0,43.54636259170877,500.0,120.41721912843641,-934.1819146115089,0.0,-900.132590824715,0.0,500.0,1000.0,-500.0,-302.8898906862315,0.0,0.0,0.0,-878.847933056366,224.6088570670911,-816.9215356963964,121.15206694363405,0.0,0.0,-1000.0,37.76186687881198,0.0,0.0,900.132590824715,0.0,-1000.0,0.0,878.847933056366,-773.3751731046876,0.0,696.6321930522407,0.0,0.0,77.60570435192528,0.0,0.0,-1000.0,-198.02292348036167,770.0698311676833,500.0,0.0,0.0,0.0,934.1819146115089,0.0,0.0,77.60570435192525,900.132590824715,136.99800773786458,922.3942956480747,340.41250478800214,0.0,0.0,99.86740917528505,0.0,340.41250478800214,0.0,0.0,198.02292348036167,0.0,1000.0,759.2009192963847,-1000.0,500.0,0.0,0.0,0.0,0.0,-0.0,0.0,0.0,-0.0,-7.732696897374701,-13.561389551843009,0.0,-5.56351100503845,-5.621850967913019,-5.091487669053301,-13.52426412092283,-17.348183505701403,-6.279501458499071,458.20324700197403,-2.9965526385574113,-16.93450013259082,-0.0,-4.264120922832139,-3.56404136833731,-4.9429859453725795,-0.0,-77.60570435192525,-0.0,0.0,-0.0,-0.0,-0.0,-929.1817672883702,-0.0,-0.0,0.0,-0.0,0.0,0.0,0.0,0.0,0.0,0.0,0.0,0.0,0.0,0.0,0.0,0.0,0.0,0.0,0.0,0.0,0.0,0.0,0.0,0.0,0.0,0.0,0.0,0.0,0.0,0.0,0.0,0.0,0.0,0.0,0.0,0.0,0.0,0.0,0.0,0.0,-799.6034061109636,0.0,0.0,0.0,0.0,0.0,0.0,0.0,0.0,0.0,0.0,0.0,0.0,0.0,0.0,0.0,0.0,0.0,0.0,0.0,0.0,0.0,0.0,0.0,929.1817672883702,0.0,0.0,0.0,0.0,0.0,0.0,0.0,0.0,0.0,0.0,0.0,0.0,0.0,0.0,0.0,0.0,0.0,0.0,0.0,0.0,0.0,0.0,0.0,0.0,0.0,0.0,0.0,0.0,0.0,0.0,0.0,0.0,0.0,0.0,0.0,0.0,0.0,0.0,0.0,0.0,0.0,13.561389551843009,5.091487669053301,5.621850967913019,17.348183505701403,6.279501458499071,5.56351100503845,-458.20324700197403,-1000.0,2.9965526385574113,0.0,16.93450013259082,0.0,4.264120922832139,10.92018032352161,781.3877839653497,7.732696897374701,0.0,242.11261380712438,13.52426412092283,4.9429859453725795,1000.0,3.56404136833731,77.60570435192525,-1000.0,0.0,0.0,0.0,0.0,0.0,-929.1817672883702,0.0,0.0,0.0,0.0,0.0,0.0,0.0,673.5077639294027,0.0,0.0,0.0,0.0,0.0,0.0,0.0,0.0,0.0,0.0,570.3426736203189,0.0,0.0,0.0,0.0,0.0,0.0,0.0,0.0,0.0,0.0,0.0,0.0,0.0,0.0,0.0,0.0,0.0,0.0,0.0,0.0,0.0,0.0],"termination":"OPTIMAL","time":0.011293}