{"nodes":1,"time":0.126365,"objective_value":53.03632988597188,"μ":[680.1129032258063,1123.0752688172042,-439.9623655913979,2.0,-1.0,-1000.0,-250.65053763440855,-1625.215053763441,-1.0,1372.5645161290324,-241.15053763440855,1003.9999999999999,245.15053763440855,0.0,-2003.0,627.2150537634409,1.0,-376.7849462365591,0.0,249.15053763440855,711.9516129032259,-0.5,2248.1505376344085,1129.5752688172042,0.0,0.5,-2915.983870967742,-668.3333333333334,-438.9623655913979,0.0,440.9623655913979,-334.66666666666674,332.66666666666663,-1.0,-333.66666666666674,-501.3602150537634,0.0,999.0,-2003.7204301075267,-2004.7204301075267,-3171.6935483870975,1627.215053763441,1626.215053763441,-1836.02688172043,-124.57526881720423,-998.5,-1.0,0.0,1339.4462365591403,-0.5,625.9354838709676,5039.059139784946,-624.2150537634409,-247.15053763440855,1124.0752688172042,-2002.7204301075267,-998.0,0.0,998.0,-1249.1505376344085,2005.0,2.0,2249.1505376344085,2005.0,-1250.4301075268818,2249.1505376344085,-1.0,2005.0,442.9623655913979,2249.1505376344085,-246.15053763440855,0.0,2005.0,-2757.569892473118,2249.1505376344085,121.07526881720423,623.4946236559142,2005.0,1.0,2249.1505376344085,-1.0,-1553.478494623656,2249.1505376344085,2005.0,1336.9462365591403,0.0,2249.1505376344085,122.70026881720428,2005.0,0.0,2005.0,1000.0,124.57526881720428,-376.2849462365591,2249.1505376344085,-1626.215053763441,0.0,0.0,1.0,2.0,0.0,624.4946236559142,-250.15053763440855,1372.5645161290324,3126.0752688172042,0.0,2126.0752688172042,-1624.215053763441,-2003.7204301075267,0.0,1000.0,375.0645161290324,0.0,-451.9623655913979,2125.0752688172042,0.0,1623.4946236559142,0.0,-2003.7204301075267,1124.0752688172042,47.39784946236546,-1077.6774193548388,0.0,-2553.478494623656,-2544.478494623656,-0.5,-669.3333333333334,0.0,836.3655913978503,0.0,0.0,247.15053763440855,-2003.7204301075267,7.0,0.0,1410.2849462365584,-2003.7204301075267,1338.4462365591403,0.0,0.0,1623.1559139784943,500.63978494623666,953.6021505376345,-2003.7204301075267,0.0,837.3655913978503,0.0,792.9677419354848,-2543.478494623656,-2003.7204301075267,46.39784946236546,0.0,-2544.478494623656,1125.0752688172042,-2003.7204301075267,1126.0752688172042,1626.215053763441,0.0,0.0,1371.5645161290324,-2003.7204301075267,619.4354838709676,331.66666666666663,-1500.3566308243726,0.0,-1254.2060931899641,-2174.9731182795704,-2176.9731182795704,0.0,-2131.354838709677,-246.15053763440855,1000.0000000000001,-2546.478494623656,0.0,-2174.9731182795704,246.15053763440855,-1411.8440860215048,37.39784946236546,0.0,0.0,-2534.4193548387093,-1124.5752688172042,0.0,-1412.8440860215048,-2537.478494623656,-246.15053763440855,212.87096774193606,-45.39784946236546,0.0,210.87096774193606,-246.15053763440855,1167.4731182795697,954.6021505376345,246.15053763440855,1.0,0.0,-2538.478494623656,0.0,-2127.354838709677,0.0,-246.15053763440855,-2758.569892473118,-5.555555555555555,3.0,-1253.2060931899641,0.0,-1380.5053763440858,-2246.6505376344085,0.0,0.0,-500.36021505376334,-1247.6505376344085,499.63978494623666,-1247.6505376344085,-836.5268817204301,0.0,0.0,0.0,-1247.6505376344085,1124.5752688172042,0.0,323.88709677419354,-248.15053763440855,0.0,0.0,-428.9623655913979,-2085.6774193548385,124.07526881720423,-124.57526881720428,-1627.215053763441,0.0,-1.0,-1.0,1906.204301075269,-1247.6505376344085,0.0,-1625.215053763441,0.0,-2246.6505376344085,3.0,-1624.215053763441,0.0,1000.0,-1.5,-1.0,-1756.5698924731182,-1.0,-1540.478494623656,-3504.8602150537636,0.0,0.0,-1.0,-1798.1881720430113,-2251.4301075268813,-2.0,0.0,-1124.5752688172042,1210.870967741936,-1124.5752688172042,1000.0,-125.07526881720423,0.0,1000.0,1120.5752688172042,-1501.3602150537633,-2.0,-955.6021505376345,1000.0,-1000.0,1000.0,-1376.2849462365593,0.0,1000.0,-1.0,1000.0,0.0,1000.0,-1.0,2624.2150537634407,0.0,-429.9623655913979,-1125.0752688172042,-1.0,367508.2648586925,1000.0,0.0,0.0,-8675.75204446136,2247.6505376344085,1000.0,1000.0,-2004.7204301075267,248.15053763440855,0.0,998.0,1.0,1836.3655913978505,1000.0,0.0,0.5,998.0,-2173.6935483870975,0.0,-878.586021505376,-161.97311827956992,2035.7795698924724,1337.9462365591403,-2375.5053763440856,4.0,-877.5860215053762,2912.983870967742,1.0,2035.7795698924724,0.0,0.0,2248.1505376344085,0.0,5162.63440860215,1754.172043010752,-1789.4086021505377,0.0,1.0,4126.075268817204,2248.6505376344085,245.15053763440855,4039.059139784946,5.5,0.0,0.0,1.0,-1790.4086021505377,2702.612903225806,1.0,-876.586021505376,912.2043010752682,1755.172043010752,-160.97311827956992,1123.0752688172042,0.0,-1122.5752688172042,1.0,0.0,161.97311827956992,1755.172043010752,-1122.5752688172042,1447.9623655913979,0.0,0.0,1754.172043010752,-100.0,0.0,-1123.5752688172042,-62266.322580645145,2.0,1124.5752688172042,0.0,489.3010752688171,2001.1612903225803,0.0,4002.8225806451605,1000.0,1124.0752688172042,1623.715053763441,112607.52688172042,1.0,-1.0,-99.0,0.5,-12456.526881720427,-1123.0752688172042,0.0,-1124.0752688172042,-123.58526881720428,0.0,0.0,-124.56526881720427,-493.3010752688171,0.0,-1000.0,-212.87096774193606,-27626.38172043011,-909.2043010752682,0.0,0.0,-1124.0752688172042,3282.21370967742,0.0,1247.1505376344085,-427.9623655913979,-213.87096774193606,0.0,0.0,0.0,1460.0215053763445,2246.6505376344085,0.0,838.0268817204301,2248.1505376344085,123.57526881720428,0.0,-1.5,-204962.55913978495,0.0,1248.1505376344085,2247.6505376344085,1371.7258064516127,-2241.1505376344085,1123.5752688172042,0.0,-12592.2359154291,-112256.5268817204,2916.483870967742,-312628.56989247305,0.0,-9675.752044461358,1122.5752688172042,-367028.8817204301,1123.5752688172042,0.0,0.0,1124.5752688172042,0.0,1125.5752688172042,0.0,372.50537634408596,-1123.5752688172042,0.0,-10343.085377794692,0.0,1122.5752688172042,0.0,0.0,0.0,1122.5752688172042,2455.962854349952,-297.32795698924747,0.0,202.75268817204255,1.0,0.0,0.0,2906.204301075269,0.0,371.7258064516128,3372.7258064516127,-479386.4086021505,0.0,-1125.5752688172042,0.0,0.0,0.0,0.0,2249.1505376344085,1.0,-1124.0752688172042,0.0,-1124.5752688172042,0.0,0.0,1122.5752688172042,-1124.0752688172042,-154953.7634408602,2904.204301075269,0.0,-130288.70967741933,0.0,1908.204301075269,0.0,-1952.6021505376345,0.0,1121.5752688172042,1.0,-2545.478494623656,0.0,-112207.5268817204,1900.204301075269,-1.0,-1.0,0.0,1123.0752688172042,-1.0,-2.0,0.0,123.57526881720423,2246.6505376344085,-1000.0,0.0,0.0,-1123.5752688172042,0.0,0.0,-0.5,-3376.7849462365593,0.0,-1123.5752688172042,-1123.5752688172042,0.0,-1.0,2246.6505376344085,-1124.5752688172042,0.0,0.0,0.0,-1123.5752688172042,1.0,875.0860215053762,0.0,124.57526881720423,0.0,0.0,-1.0,-2246.6505376344085,-1952.6021505376345,1123.0752688172042,0.0,0.0,-899.4838709677422,-1000.0,-1878.6451612903224,1.5,-998.0,0.0,1123.5752688172042,1123.5752688172042,-100250.0,1.0,0.0,12157.52688172042,-898.4838709677422,1124.5752688172042,124565.05376344084,3158.3548387096766,-1.0,12157.52688172042,0.0,0.0,-998.0,0.0,-1000.0,-999.0,-99.0,-1123.5752688172042,-1001.0,0.0,-1123.5752688172042,124566.05376344084,-998.0,0.0,0.0,-1.0,0.0,-1124.5752688172042,1123.5752688172042,366508.2648586924,0.0,0.0,2246.6505376344085,0.0,0.0,0.0,246.15053763440855,0.0,-508.41935483870964,-2246.6505376344085,0.0,1.0,1.0,-1.0,0.0,-1001.0,246.15053763440855,0.0,-1879.6451612903224,3372.2258064516127,0.0,0.0,-2246.6505376344085,211.87096774193606,-3371.2258064516127,-1.0,-247.15053763440855,1.5,-242446.2365591398,0.0,0.0,-833.0268817204301,1370.7258064516127,2006.7204301075267,-1000.0,-2246.6505376344085,2913.983870967742,0.0,-2005.0,-1880.6451612903224,-1879.6451612903224,1.0,1.0,0.0,0.0,838.0268817204301,0.0,0.0,1.0,0.0,2246.6505376344085,-1625.215053763441],"time_limit":1800,