{"objective_value":50.67807261154244,"time_limit":1800,"thermo_feasible":false,"dual_bound":50.67807261154244,"solution":[-190.06360661202473,116.03138887199634,0.0,0.0,-699.5139409746859,108.63351645010238,0.0,0.0,74.72932278328494,0.0,-794.145105962219,0.0,583.4825521026895,-185.03408945017662,-1000.0,457.9169285033752,0.0,-0.0,111.0018717101483,0.0,0.0,-1000.0,-189.48418731516585,11.6407532788713,500.0,1000.0,0.0,0.0,937.1085118890758,136.05035373294683,189.48418731516585,0.0,74.72932278328494,288.54613185966696,888.9981282898517,678.1137170902226,41.809409904522525,0.0,925.2706772167151,0.0,678.1137170902226,0.0,0.0,0.0,0.0,1000.0,-827.0244763828921,-859.6634075035079,1000.0,794.145105962219,678.1137170902226,0.0,678.1137170902226,0.0,189.48418731516585,-0.0,1000.0,-106.27191826640451,936.5003750177374,-0.0,-185.03408945017662,106.27191826640451,-1000.0,1000.0,1000.0,-810.5158126848341,916.7877309512387,-1000.0,-185.03408945017662,-0.0,1000.0,1000.0,108.63351645010238,-0.0,-1000.0,-810.5158126848343,-106.27191826640444,829.8438664891806,-814.9659105498233,0.0,1000.0,500.0,-1000.0,0.0,-83.2122690487613,0.0,-74.72932278328494,8.189576534025258,0.0,0.0,823.5372618975221,-199.91880246588244,0.0,999.9999999999998,859.6634075035079,-0.0,0.0,-1000.0,663.6935530734571,-22.45545397417446,0.0,190.06360661202473,-500.0,-108.63351645010238,583.4825521026895,-98.52042551562113,-287.1723662605664,0.0,0.0,0.0,0.0,-21.695282885001323,0.0,0.0,0.0,0.0,0.0,0.0,0.0,0.0,0.0,0.0,0.0,0.0,0.0,-0.0,0.0,0.0,-0.0,-7.38886298676289,-12.958383166771403,0.0,-5.316129816950803,-5.3718756968235,-4.865094970708076,-12.922908515943325,-16.576797551235533,-6.0002837972066265,-21.695282885001323,-2.863311102552149,-16.1815085848655,-3.0052097058644676,-4.074517037968014,-3.4055664794956515,-4.723196367395756,-0.0,-0.0,0.0,-0.0,-0.0,0.0,0.0,0.0,0.0,0.0,0.0,1000.0,-0.0,-0.0,0.0,0.0,0.0,0.0,0.0,0.0,0.0,0.0,0.0,0.0,0.0,0.0,0.0,0.0,5.184366828160793,0.0,0.0,0.0,0.0,0.0,0.0,0.0,0.0,8.189576534025258,0.0,0.0,0.0,0.0,0.0,-0.0,0.0,0.0,0.0,0.0,0.0,0.0,0.0,0.0,0.0,-0.0,-0.0,0.0,0.0,0.0,-0.0,0.0,0.0,-1000.0,12.922908515943325,4.723196367395756,98.52042551562113,3.4055664794956515,0.0,416.5174478973105,-0.0,0.0,-0.0,-0.0,-0.0,-1000.0,-0.0,0.0,-0.0,0.0,0.0,0.0,0.0,-740.2365877665385,0.0,0.0,0.0,0.0,0.0,0.0,-0.0,0.0,0.0,0.0,704.2438944184296,0.0,0.0,0.0,0.0,0.0,0.0,0.0,0.0,0.0,0.0,0.0,-0.0,0.0,0.0,0.0,0.0,0.0,0.0,0.0,0.0,0.0,0.0,0.0,0.0,0.0,0.0,0.0,0.0,0.0,0.0,0.0,0.0,0.0,0.0,0.0,0.0,0.0,-0.0,0.0,0.0,0.0,50.67807261154246,0.0,-827.866858567635,-11.6407532788713,-189.48418731516585,0.0,11.6407532788713,8.18957653402526,41.809409904522525,21.69021507774017,-999.9999999999998,627.884426966141,136.05035373294683,500.0,-0.0,0.0,116.03138887199634,855.7269340701665,0.0,144.27306592983348,300.48605902531415,0.0,500.0,74.72932278328494,0.0,1000.0,189.48418731516585,0.0,925.2706772167151,629.9318210996468,0.0,500.0,-11.6407532788713,63.499624982262695,-222.3033071384009,1000.0,185.03408945017662,-72.55072875068414,0.0,5.029517161848105,500.0,0.0,-937.1085118890758,136.05035373294683,-74.72932278328494,0.0,-1000.0,-500.0,1000.0,-823.5372618975221,-0.0,0.0,0.0,-583.4825521026895,287.1723662605664,0.0,0.0,0.0,0.0,0.0,-1000.0,-5.184366828160793,0.0,0.0,0.0,0.0,0.0,0.0,0.0,0.0,0.0,0.0,0.0,0.0,0.0,0.0,0.0,0.0,0.0,0.0,0.0,0.0,0.0,0.0,0.0,0.0,0.0,0.0,0.0,0.0,0.0,0.0,0.0,0.0,0.0,0.0,0.0,0.0,0.0,0.0,0.0,0.0,0.0,0.0,0.0,0.0,-0.0,-0.0,0.0,0.0,0.0,0.0,0.0,0.0,0.0,0.0,0.0,0.0,0.0,0.0,0.0,0.0,0.0,0.0,0.0,0.0,0.0,0.0,0.0,0.0,0.0,0.0,0.0,0.0,0.0,0.0,0.0,0.0,0.0,0.0,0.0,0.0,0.0,0.0,-0.0,0.0,0.0,0.0,0.0,0.0,0.0,0.0,0.0,0.0,0.0,0.0,0.0,847.2056110761996,0.0,0.0,0.0,0.0,0.0,0.0,0.0,0.0,0.0,0.0,0.0,0.0,0.0,0.0,0.0,-0.0,0.0,0.0,-0.0,0.0,0.0,0.0,0.0,0.0,0.0,0.0,0.0,0.0,0.0,0.0,0.0,0.0,0.0,0.0,0.0,3.005209705864468,0.0,0.0,0.0,0.0,0.0,0.0,0.0,0.0,0.0,0.0,0.0,0.0,0.0,0.0,0.0,0.0,0.0,0.0,0.0,0.0,0.0,0.0,0.0,0.0,0.0,0.0,0.0,0.0,0.0,0.0,12.958383166771403,4.865094970708076,5.3718756968235,16.576797551235533,6.0002837972066265,5.316129816950803,21.695282885001323,-627.884426966141,2.863311102552149,5.184366828160793,16.1815085848655,3.0052097058644676,4.074517037968014,199.91880246588244,22.45545397417446,7.38886298676289],"termination":"OPTIMAL","time":0.011732}