{"nodes":441,"time":3.857323,"objective_value":50.67807261154244,"μ":[-772.7888515419099,-771.7888515419099,937.8492450807644,0.0,0.0,244.90708406751637,973.7815312774537,976.7815312774537,-2.0,-2.0,-0.5,-424.14320572687893,-67.99755991184793,1898.7839713656053,848.7864114537579,0.0,-422.6432057268789,489.81416813503273,417.14320572687893,-1004.0,0.0,-727.5175384728657,-164.71475135834328,212.19660286343944,0.0,1213.3317066078985,999.8468049926123,0.0,243.90708406751637,1.0,256.60301967694284,621.9535420337581,257.60301967694284,1938.8492450807644,1937.8492450807644,-776.7888515419099,1939.8492450807644,-775.7888515419099,299.20870836993805,1212.3317066078985,1214.3317066078985,1.0,302.20870836993805,0.0,1938.8492450807644,0.0,421.6432057268789,0.0,298.70870836993805,1033.5753774596178,-776.7888515419099,-775.7888515419099,0.0,-871.5048801763041,-721.5175384728659,-773.7888515419099,-485.6104544053494,68.99755991184793,938.8492450807644,1939.8492450807644,1938.8492450807644,930.8492450807644,931.8492450807644,1417.9900107194912,968.7815312774537,-197.43205726878887,0.0,-1.0,-481.6104544053494,484.14076563872686,-290.17839713656053,0.0,0.0,-191.43205726878887,255.60301967694284,-1.0,931.8492450807644,1207.3317066078985,1928.8492450807644,717.8519140968169,0.0,-192.43205726878887,703.8519140968169,713.3519140968169,384.9247370043322,-3.0,704.8519140968169,-0.5,230.21114845809,223.21114845809,1544.1383255505748,-778.7888515419099,-771.7888515419099,224.21114845809,-777.7888515419099,-1.0,1127.4951198236959,932.8492450807644,-4.0,849.7864114537579,0.0,850.7864114537579,-354.145645815031,244.90708406751637,419.1432057268789,-776.7888515419099,536.0854812040769,0.0,0.0,1215.3317066078985,999.3468049926123,0.0,-5.0,229.21114845809,-278.4824615271341,929.8492450807644,1000.0,0.0,0.0,486.64076563872686,485.64076563872686,484.64076563872686,1002.8468049926123,0.0,3.0,-70.15075491923562,1940.8492450807644,-1190.4320572687889,233.21114845809,930.8492450807644,-486.64076563872686,909.8492450807646,950.8492450807641,930.8492450807644,919.8492450807645,223.21114845809,-770.7888515419099,930.8492450807644,931.8492450807644,230.21114845809,1384.4247370043322,-700.6380966226743,939.8492450807643,0.0,-774.7888515419099,-1.0,-1869.5048801763041,0.0,1.0,-451.03507694573136,-700.6380966226743,-1054.2713130690438,0.0,-999.0,535.0854812040769,-2410.9900107194912,2.0,1230.21114845809,2802.872007121785,-1576.6608586636946,-56.15075491923574,277.4824615271341,-773.7888515419099,1.0,0.0,-1703.6380966226743,-1.0,0.0,-1007.0,-1378.0464579662419,-2902.630776358218,-1655.528919493376,-2908.630776358218,-2.0,2.0,0.0,1004.0,-995.0,0.0,0.0,2939.8492450807644,805.5679427312111,-378.04645796624186,3009.0,-996.0,-42.93228619668935,998.0,0.0,1939.8492450807644,0.0,939.8492450807643,-998.0,2128.995119823696,972.7815312774537,0.0,-359.32915205579616,1585.356794273121,41.93228619668935,582.3567942731211,997.0,0.0,1585.356794273121,-1000.0,582.3567942731211,993.0,933.8492450807644,1585.356794273121,-2000.0,-1008.0,582.3567942731211,0.0,-1000.0,-3.0,1585.356794273121,-500.0,582.3567942731211,-933.8492450807644,-1006.0,0.0,1585.356794273121,-1000.0,582.3567942731211,582.3567942731211,0.0,1585.356794273121,999.0,-4008.0,582.3567942731211,-18.218468722546277,1585.356794273121,1585.356794273121,2418.643205726879,1.5,0.0,-745.3969803230572,582.3567942731211,-755.0929159324836,-1000.0,-14130.15098384713,580.3567942731211,12330.150983847134,0.0,-1777.78885154191,1423.643205726879,0.0,-4.0,0.0,100150.0,2422.143205726879,-2398.630776358218,0.0,-2001.5,0.0,-2908.9900107194912,-2411.9900107194912,3423.643205726879,126979.27406020385,0.0,0.0,0.0,-496.0,0.0,-1000.0,0.0,0.0,0.0,1131.8419248163082,537.0854812040769,0.0,0.0,0.0,-3.0,0.0,975.7815312774537,8633.565555697678,0.0,0.0,0.0,-3058.1507549192356,933.8492450807644,-3059.1507549192356,2.999999999999889,142364.3205726879,933.8492450807646,0.0,3.0,0.0,-6715.075491923568,3.0,99900.0,933.8492450807644,0.0,-1771.78885154191,0.0,245.90708406751628,0.0,1.0,0.0,0.0,0.0,0.0,0.0,-1931.8492450807644,0.0,2.999999999999889,0.0,0.0,0.0,-3900.630776358218,0.0,1232.21114845809,0.0,0.0,-1998.0,0.0,0.0,65.15075491923562,999.0,0.0,0.0,1065.1507549192356,421.64320572687893,-1000.0,1.0,0.0,0.0,-1.0,1001.0,-1000.0,0.0,-1421.643205726879,-5.0,0.0,0.0,1001.0,0.0,-1991.0,-1421.643205726879,0.0,-1001.0,0.0,0.0,1997.0,0.0,1002.8468049926123,-1421.643205726879,0.0,996.0,1006.0,0.0,-1421.643205726879,2.846804992612306,0.0,-577.6608586636946,-933.8492450807644,0.0,0.0,0.0,1930.8492450807644,-1000.0,-1421.643205726879,0.0,0.0,-1421.643205726879,0.0,0.0,68.99755991184793,0.0,0.0,0.0,930.8492450807644,0.0,0.0,0.0,0.0,0.0,930.8492450807644,0.0,0.0,930.8492450807644,-930.8492450807644,-1001.0,0.0,1008.9999999999999,0.0,0.0,-930.8492450807644,996.0,-1000.0,0.0,-277.4824615271341,0.0,-1005.0,-2110.7334820510264,0.0,-100.0,1000.0,0.0,-3041.5827271317908,0.0,-252.94707059726852,930.8492450807644,100.0,0.0,-1183.796315678033,0.0,-930.8492450807644,0.0,1931.3492450807644,-9.0,-1000.5,-4.0,0.0,0.0,573.3567942731211,-995.0,2060.997559911848,-631.6405367108264,0.0,-1005.0,3771.78885154191,1770.78885154191,-60.15075491923574,-1060.1507549192356,930.8492450807644,-992.0000000000001,-1.0,-1.0,0.0,944.8492450807643,-1.0,0.0,-500.0,-2069.1507549192356,-1849.7864114537579,-2000.0,277.4824615271341,0.0,995.0,504.0,0.0,-770.7888515419099,-1000.0,0.0,0.0,1.0,0.0,-3001.0,-555.9649230542682,-1001.5,0.0,-1929.8492450807644,0.0,0.0,0.0,-996.0,500.0,0.0,0.0,2000.0,499.0,996.0,0.0,0.0,-1000.0,0.0,-930.8492450807644,500.0,-1000.0,0.0,0.0,0.0,485.64076563872686,500.0,-333.77514489719715,-1514.7161430983447,295.17839713656053,-822.0815349119737,-499.0,1.0,-2870.3617889133757,0.0,-1931.8492450807644,500.0,0.0,0.0,0.0,0.0,-1000.0,-607.4321717327389,-1.0,0.0,-29.075377459617812,500.0,-1000.0,930.8492450807644,0.0,0.0,0.0,1000.0,0.0,0.0,-500.0,500.0,1001.5,0.0,3.5,-1000.0,0.0,-700.791291630062,500.0,1496.0,-3833.4800214389825,0.0,-500.0,0.0,-1000.0,-1000.0,-583.3567942731211,-2000.0,496.0,0.0,-1000.0,0.0,-1000.0,0.0,69.15075491923562,1999.0,999.0,-1000.0,1000.0,0.0,934.8492450807644,-501.0,499.0,999.0,0.0,-4496.0,0.0,0.0,-1000.0,-2001.5,-2936.8492450807644,-1934.8492450807644,0.0,0.0,-995.0,0.0,0.0,-1.0,-500.0,0.0,1000.5,0.0,0.0,0.0,0.0,0.0,0.0,0.0,0.0,0.0,0.0,-1.0,996.0,0.0,-1000.0,0.0,0.0,0.0,0.0,0.0,278.4824615271341,1285.4824615271339,966.4246225403822,-277.4824615271341,1284.4824615271339,1.0,0.0,0.0,-1001.0,99.0,0.0,0.0,0.0,0.0,0.0,0.0,992.0,-276.4824615271341,1.0,965.4246225403822,971.7815312774537,1.0,0.0,-2000.5,1424.643205726879,-30.575377459617812,969.4246225403822,-1.0,-1.0,0.0,-1000.0,0.0,0.0,0.0],"time_limit":1800,