{"objective_value":0.692812693473445,"time_limit":1800,"thermo_feasible":false,"dual_bound":0.692812693473445,"solution":[0.0,0.0,0.10489184179187958,12.022915928540879,0.0603197371572657,-0.0,-0.0,0.11011772793874999,0.004849688854314116,0.0,0.0,0.0,-4.156876160840671e-6,0.0,-0.0,0.06516942601157981,0.0,0.0,0.18212798648569423,-0.0,0.37501396847563606,10.0,0.18212798648569423,0.22585693807234308,-4.15687616084067e-6,0.2449785684122102,-0.6419761764644601,0.10422397035537119,0.0,-0.0,1.3856253869468901e-5,0.011639253250353875,4.156876160840671e-6,0.029098133125884697,0.06031973715726569,0.005819626625176938,0.0,0.0,-0.0,0.37501396847563606,0.37501396847563606,-0.37501396847563606,-0.0,0.0,0.019121630339867083,0.0,19.604542514565356,-9.961756739320267,0.0,10.0,0.0,0.0,0.0,0.0,-0.0,1.6395440103556813,-11.059729052286636,-0.0,0.0,4.156876160840671e-6,0.0,0.2847501738937467,0.0,0.0,0.0,0.2449785684122102,0.0,0.2449785684122102,0.0,0.0,0.034640634673672226,-0.0,-11.065548678911814,0.034640634673672226,-0.0,0.034640634673672226,4.15687616084067e-6,0.03741188544756603,0.0,0.037411885447566025,0.0,-0.0,4.90258048470956,4.15687616084067e-6,-0.0,0.034640634673672226,-0.0,4.156876160840671e-6,6.928126934734451e-6,0.2183052797134825,0.029098133125884697,1.9273144949156416,0.015920142883318094,0.0,-0.0,-0.0,0.0,0.0,-0.2183052797134825,2.151092994907564,-0.0,-0.0,6.928126934734451e-6,-0.0,-0.0,-0.35162669038204475,0.0,-0.0,0.034640634673672226,-0.0,0.15865410680541892,0.06031973715726569,0.0,0.2847501738937467,0.0,4.087594891515788e-5,0.2183052797134825,0.35162669038204475,1.8422596781419998e-11,-2.8937662392724585e-11,-3.9809268958633766,-0.06235314241261006,-0.0,-0.19121630339867082,0.0018913786531820813,0.0,-0.0,-1.4463143932697922,0.2847501738937467,-0.0,41.11989127178675,-0.2965238328066345,-0.0,-0.0,0.0,0.004849688854314116,24.045831857081758,-0.20538293735481586,0.0,4.15687616084067e-6,19.83856008081212,-0.0,0.0,4.156876160840671e-6,0.6928126934734452,-0.0,-0.0,0.11004359698054811,0.0,0.011639253250353875,4.15687616084067e-6,0.005819626625176938,0.10422397035537119,0.10422397035537119,-0.0,-12.0,1.1366704138095052,-0.0,0.0,-0.0,0.03234896224751221,0.06031973715726569,0.2183052797134824,0.0,0.0,-0.0,-0.0,-0.0,3.325500928672536e-5,0.034640634673672226,4.156876160840671e-6,2.195953917746766,0.2126934968963476,-4.156876160840671e-6,0.2847501738937467,0.034640634673672226,0.019334323836763433,-0.0,-0.0,-0.0,4.087594891515788e-5,-0.0,-0.0,4.087594891515788e-5,8.673617379884035e-17,-0.0,-12.60606143471266,0.0,-0.2785515787252401,-0.0,0.0,-0.0,0.017112473528794095,0.3514230034501636,-0.7110151923066427,0.0,0.0,0.023590965025472452,-0.0,0.034640634673672226,0.7110151923066427,-0.0,0.0,0.0,0.06152176718044192,0.0,3.325500928672536e-5,0.01745887987553081,0.7782309560771812,0.19288598198994178,0.0,3.325500928672536e-5,0.0,0.0,0.0,1.4007938280578136,-13.004264452188584,0.0,6.928126934734451e-6,0.0,0.0,0.0,-3.0102616847019954,0.0,0.6419761764644601,-0.015920142883318094,0.0,0.0,-1.9405309425336954,0.0,0.37501396847563606,-0.019121630339867083,1.9509753493345556,0.24498064685029058,0.0,0.0,-1.3938333943732255,0.0,0.0,0.0,0.0,0.055702140555264984,0.0,0.0,11.065548678911814,16.863823509688615,-0.0,16.728934956707416,0.034640634673672226,0.0,0.019334323836763433,0.14549066562942348,0.0,0.0,0.0,0.0,0.01745887987553081,0.02327850650070775,0.02327850650070775,0.0,0.0,0.0,0.03699619783148196,0.02327850650070775,0.0,0.19288598198994178,0.0,0.0,0.0,-1.938047439965147,0.0,0.0058196266251769385,4.15687616084067e-6,0.0,0.0,0.0,0.034640634673672226,6.928126934734451e-6,0.0,0.0,0.0,0.0,0.0,-10.0,-999996.7671367414,-10.0,999996.7671367414,0.034640634673672226,-1.8422596781419998e-11,-2.151092994907564,2.8937662392724585e-11,0.0,0.01745887987553081,0.0,-0.01745887987553081,0.0,1.6395440103556813,1.4463143932697922,999999.0,0.0,-0.0,4.15687616084067e-6,0.004849688854314116,12.60606143471266,-2.8055071529693456,0.0,0.0,0.0,0.062353142412610064,0.0,3.325500928672536e-5,3.325500928672536e-5,3.325500928672536e-5,0.10908197296200699,0.0,0.0,0.0,-0.06031973715726569,-0.0,0.20538293735481586,0.005819626625176938,-0.0,-0.10664812196983453,0.0,-0.06031973715726569,0.0,0.16696785912710022,0.0,0.0,4.087594891515788e-5,0.004849688854314116,0.7264369719257997,1.0722142447368486,0.7264369719257997,0.03464063467367226,0.0,0.0,4.15687616084067e-6,0.004849688854314116,0.004849688854314116,-0.03699619783148196,0.0003671907275405123,0.0,0.03741188544756603,0.0,0.19121630339867082,-0.37501396847563606,0.0018913786531820813,1.938047439965147,-0.0,-0.01745887987553081,0.19288598198994178,0.0,2.909813312588469e-5,999999.0,3.0102616847019954,24.332187533433036,0.0,0.0,0.3574165260614105,-0.03699619783148196,0.2976323331161919,-0.0,0.2317264472114501,0.005819626625176938,0.09252028552452451,0.011639253250353875,0.017112473528794095,0.04999890646259158,0.017597442414225506,0.0,0.005819626625176938,0.005819626625176938,0.005819626625176938,0.0,0.017597442414225506,0.017112473528794095,0.04999890646259158,-19.83856008081212,0.0,0.0,0.2965238328066345,0.005819626625176938,0.0,0.0,0.0018913786531820813,0.0018913786531820813,0.0,-0.0,0.0,0.0,0.2847501738937467,0.06031973715726569,0.0,0.0,4.15687616084067e-6,-0.0,-0.1219350340513263,0.0,4.156876160840671e-6,12.0,0.0,-0.06031973715726569,6.928126934734451e-6,0.0,0.0,4.15687616084067e-6,0.0,4.087594891515788e-5,0.2183052797134825,1.9347805971778496,0.24498064685029058,0.0,0.0,0.7906440811061364,0.0,4.087594891515788e-5,0.004849688854314116,-1.1366704138095052,0.0,-0.2183052797134825,4.15687616084067e-6,0.030057289821352196,0.0,4.15687616084067e-6,0.0,0.0,0.14549066562942342,0.034640634673672226,4.087594891515788e-5,4.15687616084067e-6,-2.195953917746766,0.0,0.0,0.019121630339867083,0.0,0.0,0.10422397035537119,13.021376925717378,0.0,0.0,-0.1551440867627207,0.2449785684122102,-0.06152176718044192,4.087594891515788e-5,0.0907584628450213,0.0,4.156876160840671e-6,0.1219350340513263,0.0,0.0,0.16696785912710022,0.0,0.0,3.604703289454533,-0.13186558026201295,0.019121630339867086,-0.43989426065646736,0.37501396847563606,0.0,0.017112473528794095,0.0,-0.8477951239410241,0.37501396847563606,0.06941983188603951,0.03741188544756603,0.03741188544756603,-0.0,0.37501396847563606,-0.0,0.0,-0.0907584628450213,0.37501396847563606,0.0,0.005819626625176938,0.005819626625176938,0.0,0.005819626625176938,0.019121630339867083,0.0,0.005819626625176938,0.019121630339867083,0.055702140555264984,0.005819626625176938,0.019121630339867083,-999999.0,0.019121630339867083,0.019121630339867083,0.019121630339867083,999999.0,0.019121630339867083,0.0,0.6977919383014468,0.017458879875530815,0.019121630339867083,0.2847501738937467,0.005819626625176938,0.24324653667852653,0.004849688854314116,0.0,0.0518875138650002,0.0,0.0,1.0722142447368486,0.0,0.0,0.0,1.0722142447368486,1.9564126280415262,0.054225063892779604,-8.673617379884035e-17,11.059729052286636,4.087594891515788e-5,-0.01711247352879409,-0.0,0.0,0.0,0.005819626625176938,4.087594891515788e-5,-0.0,0.2785515787252401,0.0,0.0,0.0,0.0,0.0,0.04390839007426634,0.0,4.156876160840671e-6,0.6451534154767129,0.0,0.0,0.0018913786531820813,6.928126934734451e-6,1.3856253869468901e-5,6.928126934734451e-6,0.005819626625176938,0.005819626625176938,0.06031973715726569,0.017112473528794095,0.017597442414225502,0.017597442414225506,0.01711247352879409,-0.5717598409184803,-0.5659263580394339,0.02327850650070775,0.0,0.2449785684122102,-0.2449785684122102,0.0603197371572657,0.0,0.0,4.15687616084067e-6,0.2847501738937467],"termination":"OPTIMAL","time":0.021686999999999998}