{"objective_value":0.05390186774575474,"time_limit":1800,"thermo_feasible":true,"dual_bound":0.05390186774575474,"solution":[-0.0,-1.99,-0.0,-0.0,1.0320644519145813e-5,0.047497173676413214,1.411150897583859e-6,4.111580569778467e-6,0.0,0.0010618667945913685,-10.650548674997331,0.00028476410631949977,0.05390186774575475,-0.012538775371275936,134.27908424564356,0.0,5.599703334501804e-6,0.022961637788697833,0.0006388442897002723,1.7905135844471802,0.025296571279800544,0.004626423181514648,0.0,2.75815857255027e-7,0.004626423181514648,0.0,6.927468042684401e-6,0.0,0.0,0.0005145925467686068,5.5641820036587725e-5,8.124465767056824,0.005745097531836514,0.0006043083928019479,9.621483392604459e-7,4.111580569778467e-6,9.621483392604459e-7,0.005259355310099439,0.03201898847840044,5.5641820036587725e-5,1.3662506417502255e-6,0.2930609874139313,0.00028476410631949977,-1.5859572963973692,0.024925187100211254,0.3890816146200836,0.0006388442897002723,0.00010040980068537486,0.010302907462744532,0.0038521379438698497,4.720941184644184e-6,0.0,0.010181381713172235,0.02523360435764546,9.621483392604459e-7,0.0006042022061224887,2.75815857255027e-7,-0.018537689791084222,0.0038521379438698497,0.004626423181514648,0.0006613164634802873,0.010304273713386283,0.01287841098604006,0.0022712722960867584,0.027691851698312838,0.014929330644259178,-0.0962180017928439,0.0,0.010304273713386283,0.0010319090826280603,0.0,6.157749371274929e-7,0.00574537334769365,0.021093719755405586,0.0,0.005788600207768188,0.02399223403313263,-0.04381406159685053,-0.0,1.4111508975838592e-6,9.621483392604459e-7,5.325274337498666,-4.729073682861128,0.6171235002411224,-2.220446049250313e-16,-0.0006043083928019479,0.02399223403313263,0.023990822882235047,0.0,-0.42758215861973853,0.01150690128215222,0.000604202206122489,0.004626423181514648,0.010181381713172235,0.0002847641063194998,0.0,1.3970393886086157e-5,0.005303668239834351,0.0,0.002471025425241477,0.0,4.111580569778467e-6,0.009869530297101315,0.010407385560798585,191.70987614995198,2.75815857255027e-7,2.75815857255027e-7,0.0,0.01365910828206816,2.75815857255027e-7,4.111580569778467e-6,0.01275779590852461,0.0,1.0840204622348736e-6,0.023990822882235047,-9.657403597282997e-5,-0.0,-0.047501285256982995,0.0,0.01287841098604006,0.02399223403313263,0.0,0.002471025425241477,0.045124496226334895,0.02836474105450375,0.00385213794386985,1.0840204622348736e-6,0.009184233112422665,1.3970393886086157e-5,1.4111508975838592e-6,0.0026518341199171756,2.75815857255027e-7,2.75815857255027e-7,0.0,1.6484808212684173e-6,0.0,-4.729073682861128,0.002471025425241477,2.75815857255027e-7,0.005788600207768188,4.111580569778467e-6,-0.04381406159685053,0.01275779590852461,0.0,0.0,0.0002572962733843034,0.0,1.026291561879952e-6,-0.0,0.023990822882235047,0.007617456953871243,0.0,-1.607052151487815,0.026858238279308704,0.0,1.026291561879952e-6,0.021093719755405586,0.049871602284624394,0.0,0.3890816146200836,1.026291561879952e-6,0.0,0.0,4.720941184644184e-6,2.75815857255027e-7,0.0006613164634802873,0.00039348363454400965,0.0018167409994273,0.0,-0.013515153516779432,0.004285198485787502,0.000604202206122489,4.749717367641321,0.0,1.026291561879952e-6,0.0,-3.2502295666436742,2.7581585725502695e-7,0.0,-0.031416100777124284,0.0024837876626639032,0.0006042022061224887,0.0,0.005863663702901386,0.0,0.0,0.02399223403313263,0.021093719755405586,0.02271322961640548,0.0,0.007274718913323644,1.411150897583859e-6,0.015609700609458297,4.111580569778467e-6,0.026858238279308704,0.0,-0.0,2.75815857255027e-7,0.004626423181514648,0.0,0.0024837876626639032,0.010304273713386283,0.004626423181514648,1.3662506417502255e-6,0.0,2.75815857255027e-7,1.0840204622348736e-6,0.0,0.0,-0.0,1.0840204622348736e-6,0.0005145925467686068,1.0840204622348734e-6,0.0,2.75815857255027e-7,0.0006053924132641828,1.026291561879952e-6,0.009980288721528325,0.031416100777124284,0.007277496314862979,0.03201898847840044,9.451937561606229,0.0,0.008394278254308026,0.008394278254308026,6.414322261744814e-5,1.026291561879952e-6,0.0030999999999999773,0.0,2.75815857255027e-7,0.0,0.012531847903233246,0.01365910828206816,0.02523360435764546,1.6484808212684173e-6,0.0,0.023990822882235047,0.0,0.01287841098604006,0.0004833617648979909,4.111580569778467e-6,1.026291561879952e-6,0.000613666888981831,0.0,-0.32158223631456556,1.6484808212684173e-6,0.0046153086163854724,3.2969616425368346e-6,0.007274718913323644,0.0,3.2969616425368346e-6,0.020362276153460045,0.0006043083928019479,0.0006253986843985609,0.022961637788697833,-0.010181381713172235,1.411150897583859e-6,0.015609700609458297,0.0,8.124465767056824,0.0,-0.010302907462744532,0.01307568181705633,0.0,1.6484808212684173e-6,1.3970393886086157e-5,3.2502295666436742,0.015609700609458297,0.0,1.3662506417502255e-6,0.0,0.02836474105450375,0.007274718913323644,0.0006043083928019479,1.99,1.3662506417516455e-6,-0.007617456953871243,-3.193009447885184,0.0006043083928019479,0.0,2.75815857255027e-7,0.002471025425241477,0.0,0.0,0.0,0.0,0.0,0.0,0.005492248397997894,4.749717367641321,7.948651611897042,0.0,-0.02836474105450375,1.0840204622348734e-6,2.75815857255027e-7,0.0,0.021093719755405586,0.010181381713172235,0.004878581509016063,0.02836474105450375,2.75815857255027e-7,0.007274718913323644,-4.797214541317735,0.6200980236328485,0.004626423181514648,0.005493614648639645,-0.0,0.02399223403313263,0.0,1.379079286275135e-7,0.008570396971575004,4.702220193964908,-0.0,-0.014929330644259178,0.027554634791629826,-0.01287841098604006,-0.0030999999999999773,-0.02399223403313263,0.00035408018338077253,0.0018157788510880398,9.621483392604459e-7,0.023990822882235047,0.010302907462744532,-0.007617456953871243,0.0,0.023990822882235047,0.0,0.005863663702901386,0.021093719755405586,0.02399223403313263,0.02399223403313263,0.0006043083928019479,-0.045124496226334895,-1.5859572963973692,0.0,-0.005457977913896343,0.0,0.0,1.3006135562700998,0.09974320456924879,0.0,-0.0,0.0,0.002471025425241477,0.0,0.010302907462744532,0.010304273713386283,0.0006043083928019479,0.025296571279800544,0.009671966833708572,0.010304273713386283,0.026858238279308704,2.75815857255027e-7,0.005745097531836514,1.6484808212684173e-6,0.4313135759708716,2.75815857255027e-7,0.007877237534305827,1.0840204622348734e-6,0.17380647963303464,0.0,0.012531847903233246,0.0,1.3662506417502255e-6,0.0006629585299792939,1.026291561879952e-6,0.047497173676413214,1.4111508975838592e-6,0.0005145925467686068,0.0,0.0,0.0,0.021093719755405586,-0.010181381713172235,0.0289887834062055,0.015609700609458297,0.0,0.9585493807497599,0.0,0.0,0.0,-0.005788600207768188,1.3970393886086157e-5,0.008394278254308026,0.007274718913323644,5.7008070678339355e-5,1.0840204622348736e-6,0.0,2.75815857255027e-7,0.004626423181514648,0.0,0.021093719755405586,0.0,0.0038521379438698497,-2.75815857255027e-7,0.33729022781656887,0.0038521379438698497,0.0,0.0,4.749717367641321,0.0006629585299792939,4.111580569778467e-6,0.0,2.738915605773133e-6,0.00612325217591774,-0.3328015666124982,-1.3006135562700998,8.634960628760868e-5,2.75815857255027e-7,1.9899999999999998,0.0002572962733843034,1.0840204622348734e-6,9.621483392604459e-7,5.700807067833796e-5,4.702220193964908,0.008426315905639211,0.005788600207768188,0.005266212478760238,-0.0,-0.0,0.047497173676413214,0.0,-0.0,0.0018137968255091605,0.005863663702901386,0.02399223403313263,5.599703334501804e-6,-0.027691851698312838,0.023990822882235047,-0.0,0.0,0.0,1.6484808212684173e-6,4.111580569778467e-6,0.0004833617648979909,0.0,0.0,-0.6171235002411224,4.729073682861128,-1.9899999999999998,-0.0,0.0006043083928019479,0.015609700609458297,-2.7581585725502706e-7,-0.4313135759708716,-0.0,-8.634960628760868e-5,-0.008394278254308026,1.3726649640133899e-6,-0.0,0.0,0.0,0.005303668239834351,0.0,0.002471025425241477,0.0,-0.00028476410631949977,0.0006043083928019479,-6.414322261744815e-9,0.023,0.0,-0.009980288721528325,0.0,0.007274718913323644,0.0,0.023990822882235047,0.015609700609458297,2.75815857255027e-7,0.009184233112422665,2.75815857255027e-7,0.0006043083928019479,-0.0,