{"objective_value":0.053904754110698075,"time_limit":1800,"thermo_feasible":true,"dual_bound":0.053904754110698075,"solution":[0.0,-1.99,0.0,0.0,1.0321197174329471e-5,0.022119714431287782,1.4112264626180755e-6,4.1118007388076155e-6,0.0,0.001061923655980752,-6.475115426593649,0.00028477935501435903,0.053904754110698075,0.012758479069543041,0.0,0.0239935187816232,5.600003190298091e-6,0.022962867350290524,0.0003540991438485852,2.417234831149113,0.0,0.004626670919603189,0.0,2.758306267844421e-7,0.004626670919603189,0.0,6.927838998306917e-6,0.0,0.0,0.000514620102435028,5.56447995733914e-5,4.081994382703386,0.005745405173274484,0.000604340752618646,0.0,4.1118007388076155e-6,0.0,0.005259636940763207,0.032020703047665085,5.56447995733914e-5,1.3663238024438642e-6,0.2770408593836245,0.00028477935501435903,-0.8335978147951565,0.011876958092166344,0.06197081339223973,0.0003540991438485852,0.00010041517748101294,0.010303459168132363,0.0038523442201341624,4.72119398403138e-6,0.0,0.010181926911037925,0.024517755198036704,0.0,0.0006042345602530478,2.758306267844421e-7,-0.018538682456833683,0.0038523442201341624,0.004626670919603189,0.0006613518759944812,0.009587625110301153,0.012879100605816712,0.002271393919344103,0.027693334555833372,0.014930130087735551,-0.09622315412390045,0.0,0.010304825491934807,0.001031964339826472,-0.28066608084352956,0.0,0.005745681003901268,0.021093887092901616,0.0,0.005788910178710001,0.0239935187816232,-0.043816407774760625,0.0239935187816232,1.4112264626180755e-6,0.0,3.2375577132968245,-3.1509952595031905,-0.5348127240359164,0.0,-0.000604340752618646,0.0239935187816232,0.02399210755516058,0.0,-0.7082389598893154,0.011507517459621688,0.0006042345602530478,0.004626670919603189,0.010181926911037925,0.0,0.0,1.3971141980336199e-5,0.005303952243389676,0.0,0.0024711577449821422,0.0,4.1118007388076155e-6,0.009853598763500235,0.01040794286083457,18.097241597264826,2.758306267844421e-7,2.758306267844421e-7,0.0,0.013659839707025239,2.758306267844421e-7,4.1118007388076155e-6,0.012758479069543041,0.0,1.084078509920249e-6,0.02399210755516058,-9.657920736898976e-5,0.00725967477794598,-0.022123826232026588,0.0,0.012879100605816712,0.0239935187816232,0.0,0.0024711577449821422,0.016760652631822966,0.0,0.0,1.084078509920249e-6,0.00918472491446107,1.3971141980336199e-5,1.4112264626180755e-6,0.002651976121694838,2.758306267844421e-7,2.758306267844421e-7,0.0,1.6485690949674792e-6,0.0,-3.1509952595031905,0.0024711577449821422,2.758306267844421e-7,0.005788910178710001,4.1118007388076155e-6,-0.043816407774760625,0.012758479069543041,0.0,0.0,0.000257310051217514,0.0,1.0263465182636274e-6,0.0,0.02399210755516058,0.0076178648573749334,0.0,-0.5740267564403644,0.03919011543149747,0.0,0.0,0.021093887092901616,0.0,1.0263465182636274e-6,0.06197081339223973,1.0263465182636274e-6,0.0,0.0,4.72119398403138e-6,2.758306267844421e-7,0.0006613518759944812,0.00039350470500809593,0.001815260275437106,0.0,-0.013515877233172685,0.004285427951800497,0.0006042345602530478,2.2119714431287782,0.0,1.0263465182636274e-6,0.0,-1.745513834889896,2.758306267844421e-7,0.0,-0.031417783062650396,0.0024839206658034195,0.0006042345602530478,-0.025297925873613,0.005863977693381852,0.0,0.0,0.0239935187816232,0.021093887092901616,0.022714445876109577,0.0,0.00725967477794598,1.4112264626180755e-6,0.015610536485736787,4.1118007388076155e-6,0.03919011543149747,0.0,0.0,2.758306267844421e-7,0.004626670919603189,0.0,0.0024839206658034195,0.010304825491934807,0.004626670919603189,1.3663238024438642e-6,0.0,2.758306267844421e-7,1.084078509920249e-6,0.0,0.0,0.025297925873613,1.084078509920249e-6,0.000514620102435028,1.084078509920249e-6,0.0,2.758306267844421e-7,0.0006054248311285664,1.0263465182636274e-6,0.009980823151163044,0.031417783062650396,0.007262452328211042,0.032020703047665085,4.401823171826269,0.0,0.008394727755438336,0.008394727755438336,6.414665739173071e-5,1.0263465182636274e-6,0.0031,0.0,2.758306267844421e-7,0.0,0.012532518965071652,0.013659839707025239,0.024517755198036704,1.6485690949674792e-6,0.0,0.02399210755516058,0.0,0.012879100605816712,0.0004833876482024383,4.1118007388076155e-6,1.0263465182636274e-6,0.0006117753502103476,0.0,-0.30556363555476734,1.6485690949674792e-6,0.004615555759305562,3.2971381899349585e-6,0.00725967477794598,0.0,3.2971381899349585e-6,0.020363366523098687,0.000604340752618646,0.0006235077738472952,0.022962867350290524,-0.010181926911037925,1.4112264626180755e-6,0.015610536485736787,0.0,4.081994382703386,0.0,-0.010303459168132363,0.013076382000392926,0.0,1.6485690949674792e-6,1.3971141980336199e-5,1.745513834889896,0.015610536485736787,0.0,1.3663238024438642e-6,-0.025297925873613,0.0,0.00725967477794598,0.000604340752618646,1.99,1.3663238024438642e-6,-0.0076178648573749334,-1.4076245712355209,0.000604340752618646,0.0,2.758306267844421e-7,0.0024711577449821422,0.0,1.9966582858913795,0.0,0.0,0.0,0.0,0.005490618100018792,2.2119714431287782,6.74207139353461,0.0007172003816336548,0.0,1.084078509920249e-6,2.758306267844421e-7,0.0,0.021093887092901616,0.010181926911037925,0.004878842749808446,0.0,2.758306267844421e-7,0.00725967477794598,-2.234091157560066,-0.5318380413628816,0.004626670919603189,0.005491984423821236,0.0,0.0239935187816232,0.0,1.3791531339222104e-7,0.008570855903600995,2.1898517286974903,0.0,-0.014930130087735551,0.027556110301388857,-0.012879100605816712,-0.0031,-0.0239935187816232,0.0003540991438485852,0.001815260275437106,0.0,0.02399210755516058,0.010303459168132363,-0.0076178648573749334,0.0,0.02399210755516058,0.0,0.005863977693381852,0.021093887092901616,0.0239935187816232,0.0239935187816232,0.000604340752618646,-0.016760652631822966,-0.8335978147951565,0.0,0.001815260275437106,0.28066608084352956,0.0,0.28063867369138507,0.0,0.0,0.0,0.0,0.0024711577449821422,0.0,0.010303459168132363,0.010304825491934807,0.000604340752618646,0.0,0.0,0.010304825491934807,0.03919011543149747,2.758306267844421e-7,0.005745405173274484,1.6485690949674792e-6,0.4029705782282624,2.758306267844421e-7,0.28854374019220325,1.084078509920249e-6,0.17381578671181902,0.0,0.012532518965071652,0.0,1.3663238024438642e-6,0.0006629940304237095,1.0263465182636274e-6,0.022119714431287782,1.4112264626180755e-6,0.000514620102435028,0.0,0.0,0.0,0.021093887092901616,-0.010181926911037925,0.028990335712491534,0.015610536485736787,0.0,0.09048620798632413,0.009672484753164224,0.0,0.0,-0.005788910178710001,1.3971141980336199e-5,0.008394727755438336,0.00725967477794598,5.701112337583527e-5,1.084078509920249e-6,0.0,2.758306267844421e-7,0.004626670919603189,0.0,0.021093887092901616,0.0,0.0038523442201341624,-2.758306267844421e-7,0.6179734719975281,0.0038523442201341624,0.0,0.0,2.2119714431287782,0.0006629940304237095,4.1118007388076155e-6,0.0,2.7390622710441565e-6,0.006123580066975302,2.213304855252434,-0.28063867369138507,8.635423018074788e-5,2.758306267844421e-7,0.18427251754272714,0.000257310051217514,1.084078509920249e-6,0.0,5.7011123375835264e-5,2.1898517286974903,0.00842676712233816,0.005788910178710001,0.005266494476615201,0.0,0.0,0.022119714431287782,0.0,0.0,0.0018138939516346621,0.005863977693381852,0.0239935187816232,5.600003190298091e-6,-0.027693334555833372,0.02399210755516058,-8.339065460924993e-8,0.0,0.0,1.6485690949674792e-6,4.1118007388076155e-6,0.0004833876482024383,0.0,0.0,0.5348127240359164,3.1509952595031905,-0.18427251754272714,-0.02836625994424969,0.000604340752618646,0.015610536485736787,-2.758306267844421e-7,-0.4029705782282624,0.0,-8.635423018074788e-5,-0.008394727755438336,1.3727384681830373e-6,0.0,0.0,0.0,0.005303952243389676,0.0,0.0024711577449821422,0.0,-0.00028477935501435903,0.000604340752618646,-6.414665682097432e-9,0.023,0.0,-0.009980823151163044,0.0,0.0,0.0038523442201341624,0.02399210755516058,0.015610536485736787,2.758306267844421e-7,0.00918472491446107,2.758306267844421e-7,0.000604340752618646,0.0,0.0,4.72119398403138e-6,-2.417234831149113,0.008394727755438336,0.06197081339223973,0.00028477935501435903,0.0,4.72119398403138e-6,0.0056433414266985026,