{"objective_value":0.06314983713171118,"time_limit":1800,"thermo_feasible":false,"dual_bound":0.06314983713171118,"solution":[-0.0,0.0,-0.0,3.2582537367129175e-5,-0.0002849320651382809,0.008008397873525705,0.0,0.0006019846634352353,0.026245671730193203,0.0,0.02486125805870258,0.0013844136714906221,0.02486125805870258,0.0013844136714906221,0.0,0.5246736622239585,0.018488681694067345,0.0013844136714906221,0.0,0.008008397873525705,0.0,1.4082413680371595e-5,0.011304695724419925,0.0,0.0,0.0006019846634352353,0.0016672819999514386,0.026245671730193203,0.01717450125063984,0.005240141910270828,0.00039121450402769347,0.026245671730193203,7.779030592281605e-5,0.00030099233171761766,0.0003009923317176179,0.0017869888312183103,0.0016534180847075429,0.00011796193811708543,6.704744507948039e-5,0.002526896527939431,0.01717450125063984,0.0,-0.05411734542220228,0.0,3.637645328233172e-5,0.01969479230561529,0.05411734542220228,0.00014385766553000912,-0.17569856558953073,0.0,0.0,0.026245671730193203,0.005408720400493931,0.026245671730193203,0.00018348816676990002,0.00018348816676990002,0.0,0.02486125805870258,0.0,0.0001590239198650751,0.0,0.0,0.0,0.0,0.0,0.0,1.4082413680371595e-5,0.01228632710471707,-0.01717450125063984,0.18595948278963575,0.0,0.009919324985572648,0.03686929355625513,0.01717450125063984,0.0,0.0,0.0,0.0,0.0,0.020176749084011677,0.052779120425687505,7.041206840185797e-6,0.0,1.4082413680371595e-5,0.024853438466969913,0.0013382081986580917,0.0,1.4082413680371595e-5,1.4082413680371595e-5,0.0,0.0,0.00138047627914546,0.13231438719491487,0.0,0.002015688239784939,0.0,0.0,0.5246736622239585,0.0,0.011742490811312716,0.015893763887410022,0.0013114326677142463,9.685922019261862e-5,0.020464060319263868,0.015893763887410022,0.002526896527939431,-0.01717450125063984,0.0015897867932175395,0.009353880175623322,0.0,2.2430822149183812e-5,0.0013382081986580917,0.011304695724419925,0.011304695724419925,0.0,0.0258727807197578,0.0015931440911588098,0.020464060319263868,2.93128913997977e-5,0.0031862881823176196,0.0,1.4101358631511108e-5,2.93128913997977e-5,0.00014098327439327504,0.005240141910270828,0.0,0.0003348014915211932,0.00039121450402769347,7.779030592281605e-5,0.00030099233171761766,0.0,0.0007282439218028934,0.0,0.0003009923317176179,9.558359348255803e-6,0.004502393937979612,3.9508432604712464e-5,0.004502393937979612,0.0017236514390703052,0.0,0.0017869888312183103,5.636943911886655e-5,6.704744507948039e-5,-0.0,0.0,0.00011796193811708543,5.636943911886655e-5,0.0016534180847075429,-0.0,5.636943911886655e-5,0.0,3.637645328233172e-5,0.0,0.0,3.637645328233172e-5,0.01153351675957287,0.0005586234592671171,1.4082413680371595e-5,0.0,0.0,1.4082413680371595e-5,3.2582537367129175e-5,0.0,0.012309187345758745,1.1773541388308406,0.005408720400493931,0.0029448685020575537,0.0,0.0,0.02486125805870258,0.0,0.012162658631567574,0.0028272994190772613,4.2268080487368244e-5,0.0,0.0,0.011304695724419925,-0.0258727807197578,0.0,2.8204611758136166e-5,0.0,5.636943911886655e-5,999.9200108643632,0.013755802722726383,0.014910308045168326,0.0,0.4386970044770735,0.0,1.4082413680371595e-5,0.44589683143996633,0.0005049776726237285,-0.36006802824730083,-1.5498131009934142,0.0,0.020464060319263868,8.608585797794868e-6,-0.0015931440911588098,0.011156469542606653,1.731315934802994e-5,5.636943911886655e-5,0.0,3.222220439645563e-5,0.011156469542606653,3.222220439645563e-5,0.0,0.00032726140096766686,0.0,6.314983713171119e-8,0.0,0.0,0.009979016832347774,0.0,8.176009413442647e-5,0.0,0.0,0.7615710680958137,0.0,0.0,0.0027957541809348575,0.0028272994190772613,6.314983713171119e-8,1.4082413680371595e-5,0.4994229513522346,0.006372576364635239,5.636943911886655e-5,5.640922351627233e-5,0.011156469542606653,0.0,2.816482736074319e-5,0.024853438466969913,0.0,0.0,0.0,0.010941039304117814,-0.0,0.18595948278963575,0.0,-0.0,0.0,0.0,0.014910308045168326,0.7615710680958137,1.0311671738131214,0.007250832598244838,0.0,-0.0,0.020464060319263868,0.005408720400493931,0.0013945586928258316,0.0,0.006372576364635239,0.0,0.00037001876639313164,0.0,-0.024316478433031176,0.009993099246028146,0.040361542699475894,-0.0,0.00013409489015896078,-1.734723475976807e-18,0.0,0.034220454692814366,0.5246736622239585,0.0,0.0,0.0033068361694150858,-1.734723475976807e-18,0.08544665084286299,0.005408720400493931,0.00010384359217938588,0.005408720400493931,0.007852817261680073,0.005408720400493931,0.004502393937979612,0.0,-0.018243356448980043,0.052779120425687505,0.0,0.009979016832347774,0.0,0.018243356448980043,0.0,0.0006605599263651252,0.03315429599251729,-0.03315429599251729,0.0,2.820713775161331e-5,0.013755802722726383,0.011304695724419925,0.013755802722726383,0.011304695724419925,0.003226704078081915,0.00014385766553000912,0.0,0.0,0.00020833762768122837,2.736516097314433e-5,5.636943911886655e-5,7.500116706621943e-5,7.500116706621943e-5,0.0,0.0009446520986695544,0.01969479230561529,0.0016374121269881394,1.4127186914897977e-5,6.692114540521697e-5,0.0,0.0,0.0,-0.01969479230561529,0.0,0.004735164237647099,0.024853438466969913,0.0003826059182298986,6.0477146574785773e-5,0.00026877012732116207,0.00026877012732116207,0.0014597274302506433,0.007744957213559436,0.0,0.014910308045168326,0.0,0.0,0.001653354934870411,3.6201843982658935e-5,1000.0,0.024853438466969913,999.9668457040075,0.0,6.698429524234867e-5,0.03315429599251729,0.0,-0.052779120425687505,0.0013382081986580917,0.018243356448980043,0.026245671730193203,0.0005049776726237285,0.0015931440911588098,1.4082413680371595e-5,3.637645328233172e-5,0.0,0.0,0.0,0.0,0.0,8.608585797794868e-6,0.0,1.731315934802994e-5,0.0,0.0,0.014910308045168326,0.0,0.5692400928690521,-0.0,0.18595750828367816,0.4994229513522346,0.011304695724419925,0.0020297706534653107,3.222220439645563e-5,0.0077308747998790645,0.0,0.0,0.00014385766553000912,0.01082857841146311,0.024365457257260983,3.637645328233172e-5,1.7537846468544568e-5,0.0,0.03593360342987196,0.0,0.0016672819999514386,0.0015214058761771857,0.0,3.222220439645563e-5,0.0,0.0015169853875779662,0.001661535364772453,0.00032726140096766686,-0.4734388286102101,0.0013382081986580917,0.0,0.00014385766553000912,0.0013382081986580917,6.314983713171119e-8,0.0013382081986580917,0.0013382081986580917,0.0013382081986580917,0.04620994017830876,0.04620994017830876,0.5692400928690521,0.00010384359217938588,0.0,8.176009413442647e-5,0.0,0.0,0.01717450125063984,6.314983713171119e-8,0.01969479230561529,0.0,0.0,-0.01969479230561529,0.0015897867932175395,0.00010384359217938588,2.8204611758136166e-5,0.0,3.637645328233172e-5,0.0015931440911588098,0.011742490811312716,1.4082413680371595e-5,1.4082413680371595e-5,1.4082413680371595e-5,1.4082413680371595e-5,0.0015897867932175395,1.4082413680371595e-5,1.4082413680371595e-5,1.4101358631511108e-5,0.0,0.0,0.00138047627914546,1.4082413680371595e-5,0.0,0.7732229373095041,0.0,0.0,0.013755802722726383,0.0,0.4386970044770735,0.0004259014465673997,0.0015931440911588098,0.0004259014465673997,0.0,3.3804107816604997e-6,0.0,0.14624333445683815,3.3804107816604997e-6,0.001508460159565185,0.00017426829054867018,1.5942807882271803e-5,0.0013844136714906221,0.013755802722726383,3.311198560164144e-5,-1.1773541388308406,0.0001937689602549426,0.0001937689602549426,1.4082413680371595e-5,0.0006605599263651252,0.0,0.0,0.000515075331581089,2.207465706776096e-5,6.314983713171119e-8,0.0006605599263651252,0.00010384359217938588,0.0,0.0,1.7537846468544568e-5,1.5044690898584609e-5,0.01810969943979176,0.0,0.0,0.0,0.0,0.0,-0.01228632710471707,0.0015931440911588098,0.0,0.0,-0.0016672819999514386,0.0,3.637645328233172e-5,0.0,0.00014385766553000912,1.4082413680371595e-5,0.0015931440911588098,-0.006372576364635239,0.011782496612034673,5.640922351627233e-5,2.8204611758136166e-5,0.14618696501771927,0.0016672819999514386,-0.01153351675957287,0.022881080487932907,0.006372576364635239,0.4734388286102101,0.0,0.0,0.07689541514461351,0.0,0.4734388286102101,0.0,1.4082413680371595e-5,-0.019588447979885494,0.0,0.0015214058761771857,0.0015169853875779662,0.0016672819999514386,0.001661535364772453,