{"objective_value":1.4,"time_limit":1800,"thermo_feasible":false,"dual_bound":1.4,"solution":[-0.0,0.008399999866634606,-0.0,0.0056,0.008400000000000001,0.0028,0.0042,-4.034470999999984,-0.0,0.016799999866634607,-0.0,73.48826340209489,0.016799999866634607,0.016799999866634607,0.016799999866634607,0.008400000000000001,0.008399999866634606,-0.0,0.005600000000000001,0.0,0.06999999999999999,0.008399999866634606,0.0056,0.0,0.0,0.0,0.008400000000000001,0.0028,0.0,0.0042,0.0,-0.0,0.0,0.0,0.0,0.0,-0.869694000000016,0.0,0.0,0.0,0.0,0.0,0.40529859999998374,0.6690725999999838,0.0,0.0,0.0,0.0,0.016799999866634607,0.0,0.0,1.3845999999999998,0.40529859999998374,0.0,0.016799999866634607,0.0,0.0014,0.0,-0.0,0.0014,0.0021000000000000003,0.016799999866634607,0.008400000000000001,0.008399999866634606,0.0014,0.0056,0.0021,-0.4424,0.7950725999999838,0.008400000000000001,0.0056,-0.0,0.008400000000000001,0.0028,0.6690725999999838,0.0,-999894.4133597506,-999894.4133597506,0.0042,-0.0,0.016799999866634607,0.016799999866634607,-0.0,-0.0,0.016799999866634607,-0.0,0.0,999998.3168,0.0,-999999.0,0.0,0.0,0.0,0.0,0.0,0.0,0.0,0.0,148.68107160537707,0.0,148.68107160537707,0.0,0.0,-999999.0,0.0,0.0,0.016799999866634607,0.008400000000000001,0.008399999866634606,0.005600000000000001,0.0,0.0756,0.0,0.0756,0.0,0.0,0.0,0.0,0.0,0.0,0.0,0.0,1.4000000000000001e-5,0.0,0.0,-0.0,0.3262826,0.0,0.0,0.0,0.0,0.0,0.12599999999999997,0.0,0.0,0.0,0.3934,0.3934,0.0,0.0,-0.0,-0.0,0.0,-1.3845999999999998,-3.5779012499842793,0.0,0.0,0.0,0.3206,0.4412226,0.0,0.0,0.0,0.0,0.003822000000000035,0.0,0.0,0.0,0.0,0.0,0.0,0.0,-3.9386157999999667,-0.0,0.0,-0.0,-0.0,-0.0,-0.0,0.0,999999.0,0.0,0.0,1.4,0.0,0.0,999999.0,0.0,0.25752230000000004,0.118999999249354,0.0,0.0,0.0,0.4424,-0.0,0.12188260000000002,0.0,0.8346226000000001,0.0,0.0,0.3864,0.0021,0.0,0.0007,-999999.0,0.0007,0.0007,0.0,0.0,0.0007,-0.0,0.0,-0.0,1.1620826000000002,0.0,0.0,-0.0,0.0,0.0,0.0,0.010499999999999999,-0.0,1.5176041999366134,0.0,0.4564,0.0,0.0,0.0,0.0,0.0,0.4564,0.0,0.42979999999999996,0.5754,0.0,0.0,0.0014,0.0014,0.0021000000000000003,0.0,0.0,0.0,0.0,0.0014,0.0021,2.8000000000000003e-5,0.0,0.0,0.0,-73.48826340209489,-73.48826340209489,-0.0,-0.0,0.0,0.0,0.0,0.0,0.5754,0.0,0.0,0.0,-0.0,0.0,0.0,0.0,-0.0,-0.0,0.0,1.1620826000000002,0.0007,0.0,0.0,0.3864,0.4564,0.0,0.4564,0.0,0.0,0.10457999999999999,0.0,0.06999999999999999,0.06999999999999999,0.0,0.0,0.21195999999999998,0.0,0.0,0.06999999999999999,0.0,8.260000000004375e-5,-0.0,999999.0,0.0,-0.0,0.0,999999.0,999999.0,0.4412226,-0.0,-0.0,-0.0,8.260000000004375e-5,-0.4412226,0.0,8.260000000004375e-5,-999999.0,0.03458,1.4000000000000001e-5,999999.0,0.0,-8.260000000004375e-5,0.03458,0.0021,0.06999999999999999,999999.0,0.5754,0.0021000000000000003,0.5754,-0.4424,0.0,0.0,0.0,0.0,0.0,0.008400000000000001,0.008400000000000001,999996.7991958001,-999996.7991958001,0.0007,0.0,0.008399999866634606,0.0056,-0.0,0.008400000000000001,0.0056,0.0,0.0,0.0,0.008400000000000001,0.0028,0.0,-0.0,0.0,0.0,0.0,0.0,0.0,0.0042,0.016799999866634607,0.016799999866634607,0.016799999866634607,-0.0,0.0,0.0,-0.0,-0.0,0.0,-0.007,-0.0,-0.0,-0.0,0.0,-0.0,0.06999999999999999,0.0,0.0,-47.591308403582104,0.0,18.926891600000005,-0.0,13.240063200006261,-0.0,18.926891600000005,1.1508,0.6525652,0.0,-0.0,0.0,51.055400401931784,-0.04983300005348079,0.0,-0.0,0.0,0.0,-0.0,-0.0,0.0,0.0,-0.0,0.0,-0.0,-0.0,-0.0,0.0,0.0112,0.0014,0.0014,0.0021000000000000003,-0.0,0.0,0.0,0.0014,-0.0,0.0021,0.0,0.0,0.0,0.0,-0.0119,-0.0,0.294,0.294,-0.0,0.0,0.0,0.0,18.926891600000005,0.0,-0.0,-0.0,-0.0,0.0,0.0,0.0,-0.0,0.0,-0.0,0.0,0.004200000000000001,18.16251540000001,-0.0,-0.0,-0.0014,-0.0,0.6690725999999838,0.0,0.0,0.0,0.06999999999999999,0.0,0.0,-0.0,-0.0,-20.0,0.0,0.0,27.019040400965867,0.389774,-0.0,-0.0,0.0,0.0,-0.0,-0.0,0.0,0.0,0.06999999999999999,-0.0,0.0,-0.0,0.0,0.0,0.0,20.0,-0.0,20.0,2.815901199999968,-999999.0,0.0,0.0,0.0,0.0,0.0,0.294,0.0,0.0,0.0,0.389774,0.0,-27.67173539986834,0.0,0.0,0.6690725999999838,0.0,999996.7991958001,-0.0,0.0,-0.0,0.0007,0.0,-14.444098199931666,0.0112,-0.0,0.0112,0.0,0.0,0.0,-0.0,0.0,0.06999999999999999,0.0,0.0,0.0,-0.2592723,0.0,0.0,0.0,0.0,0.0,1.4000000000000001e-5,0.0,0.0,0.0,-0.0,0.0,-999998.2284348008,0.0,25.53516780096588,0.0,-0.0,0.0,999998.2284348008,47.591308403582104,47.591308403582104,-0.0,0.0,0.0,-0.0,0.0,0.0,0.0,-0.0,0.0,-13.240063200006261,-999892.8957597507,0.0,-0.0,-0.0,0.0,0.0,0.0,0.0,0.0,999892.8957597507,0.12599999999999997,0.12599999999999997,0.0,999999.0,-0.6525652,0.0756,-0.3864000000000001,0.0,-0.0,0.0007,20.0,0.0,0.0,0.0,0.0,-0.7950725999999838,0.0,0.389774,-1.0715417999308556,0.0,0.0,0.12599999999999997,0.0007,0.12599999999999997,0.0021,-0.0,0.5992,-0.5992,0.0,0.0,0.0,0.0014,-0.5992,0.5992,0.0,0.0,0.0,0.0,0.0,0.0,-1.1620826000000002,-0.0,0.3864,-0.0,0.016799999866634607,0.0,0.0,0.0,-0.0,0.0,0.0,999999.0,0.0,0.0,0.0,-0.0,0.0,0.0,0.0,999999.0,-0.0,-0.0,0.0,0.0,-0.3262826,-0.0,-0.0,0.9281999999999999,-4.156353599999984,-0.0,5.084553599999984,0.12599999999999997,-0.0,0.0,0.0,-0.5992,-0.0,0.0,0.0,-0.0,0.0,-0.0,0.0,0.0,0.118999999249354,-0.0,0.0,3.9386157999999667,0.0,0.0,-0.0,999888.9773109506,0.0021,0.0,0.0,0.0,0.0021,0.0,0.0021,-4.156353599999984,0.0,0.0,0.0,0.0,0.0,-0.06999999999999999,-0.0,0.0,0.0,0.0,0.0,0.0,0.0,-0.0,0.0,999892.9657597507,0.0,0.0,0.0,0.0,0.0,0.0,0.0,8.260000000004375e-5,0.0,0.0,0.0,0.0,0.0,0.0,0.0,0.0,0.0,52.51954560193175,52.51954560193175,0.0,0.0,0.0,0.0,0.2743999999999999,0.0,0.0,0.0,0.0,0.0,0.0,0.0,0.0,0.0,0.0,0.0,0.0,0.0,0.0,0.0,0.0,0.0,0.0,0.0,0.0,0.0,0.0,-0.0,0.0,0.0,0.0,0.0,0.0007420000000000135,0.0,0.0,0.2592723,0.2592723,0.0,0.0,0.003822000000000035,-0.0,0.0,0.0,0.0,0.0,0.0,0.0,0.0,0.7595125999999838,0.3934,0.0,0.0007,0.0,0.0,0.0,0.40656,-0.024977399999999973,0.03458,0.035559999999999994,0.0,0.0,0.03458,0.0,0.035559999999999994,0.03458,0.0,0.0,0.0,0.5992,0.4412226,0.0,0.0,0.0,0.0,14.444098199931666,14.444098199931666,0.0,0.0,0.003822000000000035,0.049,0.4424,0.0,51.125442401931785,0.003822000000000035,0.0,0.0,0.0,0.0,0.0,-0.4412226,0.0,0.0,0.0,0.0,0.0,0.0,0.0,0.0,8.260000000004375e-5,0.294,0.0,0.06999999999999999,0.0,0.0,0.0,0.0,0.0,0.0,0.0,8.260000000004375e-5,0.0,0.0,0.0,0.0,0.0,-0.0,0.0,0.0,17.01171540000001,0.0,1.0689083999999953,0.0,0.0,0.0,0.0,0.0,-18.16251540000001,0.0014,18.926891600000005,0.0,0.0,0.0,0.0,-1.1508,0.0,-0.004200000000000001,0.0,0.0,0.0,0.0,0.0,0.0007,999893.7008297498,999893.7008297498,-0.7125300008337945,0.0,0.0,0.0,0.0,0.0,0.0,0.0007,0.0,0.0,0.0007,0.6690725999999838,0.12599999999999997,0.0,0.0,0.0007,0.0,0.6690725999999838,0.12599999999999997,0.6690725999999838,0.0007,0.12599999999999997,0.0,0.0,0.0007,0.0007,0.0007,0.0007,0.0007,0.0,0.0,0.0,0.0,0.0,0.0,1.315717199999984,0.5754,-0.0,0.0,0.0,0.0007,1.4000000000000001e-5,0.0007,999999.0,0.0,999999.0,0.0014,999999.0,0.0007,0.0,0.0014,17.01171540000001,0.0,0.0,-0.24639999999999998,17.01171540000001,0.0,0.0007,0.0007,0.0,0.0,0.0,0.0,1.0715417999308556,1.0715417999308556,0.0014,0.0007,0.0014,999999.0,0.0,0.0,1.4000000000000001e-5,8.260000000004375e-5,0.0,0.0,0.0,0.0,0.0,0.0,0.0,8.260000000004375e-5,0.0,0.0056,0.0,8.260000000004375e-5,8.260000000004375e-5,0.0,0.0,0.3262826,0.0,8.260000000004375e-5,8.260000000004375e-5,0.1834,0.24639999999999998,0.0007,0.0,0.0,0.0,0.0,0.0,0.0,0.0,0.0,0.003822000000000035,0.0,0.0,0.0,0.0,0.6690725999999838,0.0,0.0756,0.0,1.4000000000000001e-5,2.8000000000000003e-5,1.4000000000000001e-5,0.0,0.0,0.0,-0.1834,0.0,0.4564,0.0,0.0,0.0,0.0,0.0,0.0,0.0,-0.4564,0.0,0.0,0.0,0.0,0.0,0.0,0.03458,0.035559999999999994,0.035559999999999994,0.03458,0.0,0.0,-1.0689083999999927,0.0,-1.0688803999999927,0.0,0.0,0.0,0.0,0.0,0.12188260000000002,-10.496707600965856,0.44114,0.0,0.0,0.0,0.0,0.0007,0.0014,0.0,0.0007,0.0,0.0,0.0,8.260000000004375e-5,0.0007,0.0,0.0,0.0,0.0007,-0.5628,0.0,0.0,0.5754,0.0,0.0,0.5754,0.0,-0.0,0.0,0.0,4.360753599999984,0.0,0.0,-4.360753599999984,0.0,0.3262826,0.0,0.0,0.0,0.0,0.0,0.0,0.0,0.0,-0.2743999999999999,-0.007,0.0,0.007,0.0,-148.68107160537707,148.68107160537707,