{"objective_value":1.4,"time_limit":1800,"thermo_feasible":false,"dual_bound":1.4,"solution":[49.513690540678354,0.0084,0.0,0.0056,0.0084,0.0028,0.0042,-4.034470998053483,0.0,0.0168,0.0,74.97344753250755,0.0168,0.0168,0.0168,0.0084,0.0084,0.0,0.0056,0.0,0.06999999999999999,0.0084,0.0056,0.0,0.0,0.0,0.0084,0.0028,0.0,0.0042,0.0,0.0,0.0,0.0,0.0,0.0,-999999.0,0.0,0.0,0.0,0.0,0.0,0.4052985986845791,0.6690725986845791,0.0,0.0,0.0,0.0,0.0168,0.0,0.0,0.0,0.4052985986845791,0.0,0.0168,0.0,0.0014,0.0,0.0,0.0014,0.0021,0.0168,0.0084,0.0084,0.0014,0.0056,0.0021,-0.7363999999999999,0.7950725986845791,0.0084,0.0056,0.0,0.0084,0.0028,0.6690725986845791,999997.5609549341,-999999.0,-999999.0,0.0042,0.0,0.0168,0.0168,0.0,0.0,0.0168,0.0,0.0,999998.3168,0.0,-999999.0,0.0,0.0,0.0,0.0,0.0,0.0,0.0,0.0,0.0,0.0,0.0,0.0,999922.1235079068,-999999.0,0.0,0.0,0.0168,0.0084,0.0084,0.0056,0.0,0.0756,0.0,0.0756,0.0,0.0,0.0,0.0,0.0,0.0,0.0,0.0,1.4000000000014001e-5,0.0,0.0,0.0,0.32628259993046516,0.0,0.0,0.0,0.0,0.0,0.126,0.0,0.0,0.0,0.3934,0.3934,0.0,0.0,0.0,0.0,0.0,0.0,-41.1194651837653,0.0,0.0,0.0,0.3206,0.44122259993046525,0.0,0.0,0.0,0.0,0.003821999882347882,0.0,999990.9481842027,0.0,0.0,0.0,0.0,0.0,-999993.5021999999,0.0,0.0,0.0,0.0,0.0,0.0,0.0,999999.0,0.0,0.0,1.4,0.0,0.0,75.49189209316395,0.0,0.22252229990640657,0.11899999999999997,0.0,0.0,0.0,0.7363999999999999,0.0,0.1218825999304652,0.0,0.8346225999304653,0.0,0.0,0.3864,0.0021,0.0,0.0007,-999999.0,0.0007,0.0007,0.0,0.0,0.0007,0.0,0.0,0.0,1.1620825999304651,0.0,0.0,0.0,0.0,0.0,0.0,0.010499999999999997,0.0,0.0,0.0,0.4564,0.0,0.0,0.0,0.0,0.0,0.4564,0.0,0.42979999999999996,0.5753999999999999,0.0,0.0,0.0014,0.0014,0.0021,0.0,0.0,0.0,0.0,0.0014,0.0021,2.8000000000028002e-5,0.0,0.0,0.0,-74.97344753250755,-74.97344753250755,0.0,0.0,0.0,0.0,0.0,0.0,0.5753999999999999,0.0,0.0,0.0,0.0,0.0,0.0,0.0,0.0,0.0,0.0,1.1620825999304651,0.0007,0.0,0.0,0.3864,0.4564,0.0,0.4564,0.0,0.0,0.10457999999999999,0.0,0.06999999999999999,0.06999999999999999,0.07855493434233463,0.0,0.21196,0.0,0.0,0.06999999999999999,0.0,8.25999304652214e-5,0.0,999999.0,0.0,999999.0,0.0,0.0,0.0,0.44122259993046525,0.0,0.0,999999.0,8.25999304652214e-5,-0.44122259993046525,0.0,8.25999304652214e-5,999999.0,0.03458,1.4000000000014001e-5,-999998.9214450656,0.0,-8.25999304652214e-5,0.03458,0.0021,0.06999999999999999,-999998.9214450656,0.5753999999999999,0.0021,0.5753999999999999,-0.7363999999999999,0.0,0.0,0.0,0.0,0.0,0.0084,0.0084,999998.3168,-999998.3168,0.0007,0.0,0.0084,0.0056,0.0,0.0084,0.0056,0.0,0.0,0.0,0.0084,0.0028,0.0,0.06999999999999999,0.0,0.0,0.0,0.0,0.0,0.0042,0.0168,0.0168,0.0168,0.0,0.0,0.0,0.0,0.0,0.0,-0.007,0.0,0.0,0.0,0.0,0.0,0.06999999999999999,0.0,0.0,152.08863785443208,0.0,18.926891600955383,0.0,-37.82881146180631,0.0,18.926891600955383,18.16251540155072,-100.0,0.0,0.0,0.0,0.0,999990.976906134,0.0,0.0,0.0,0.0,0.0,0.0,0.0,0.0,0.0,0.0,0.0,0.0,0.0,0.0,0.0112,0.0014,0.0014,0.0021,0.0,0.0,0.0,0.0014,0.0,0.0021,0.0,0.0,0.0,0.0,-0.011899999999999999,0.0,0.0,0.0,0.0,0.0,0.0,0.0,18.926891600955383,0.0,0.0,0.0,0.0,0.0,0.0,0.0,0.0,0.0,0.0,0.0,0.0042,18.16251540155072,0.0,0.0,-0.0014,0.0,0.6690725986845791,0.0,0.0,0.0,0.06999999999999999,0.0,0.0,0.0,0.0,-20.0,0.0,0.0,26.94048546833128,0.389774,0.0,0.0,0.0,0.0,0.0,0.0,25.441677671031655,0.0,0.0,0.0,0.0,0.0,0.0,0.0,0.0,20.0,0.0,20.0,2.815901197251506,999999.0,0.0,0.0,-49.513690540678354,0.0,0.0,0.0,0.0,0.0,-49.513690540678354,0.389774,0.0,-999999.0,0.0,0.0,0.6690725986845791,0.0,999998.3168,0.0,0.0,0.0,0.0007,0.0,-63.9577887338819,0.0112,0.0,0.0112,0.0,0.0,0.0,0.0,0.0,0.06999999999999999,0.0,0.0,0.0,-0.22427229990640654,0.0,0.0,0.0,0.0,0.0,1.4000000000014001e-5,0.0,0.0,0.0,0.0,0.0,-999999.0,0.0,0.0,-0.06999999999999999,0.0,-0.06999999999999999,999999.0,-152.08863785443208,-152.08863785443208,0.0,0.0,0.0,0.0,0.0,0.0,0.0,0.0,0.0,37.82881146180631,0.07855493434233463,0.0,0.0,0.0,0.0,0.0,0.0,0.0,0.0,0.0,0.126,0.126,0.0,999899.119,100.0,0.0756,-0.3864,0.0,0.0,0.0007,20.0,0.0,0.0,0.0,0.0,-0.7950725986845791,0.0,0.389774,-1.0715417971456276,0.0,0.0,0.126,0.0007,0.126,0.0021,0.0,0.5992,-0.5992,0.0,0.0,0.0,0.0014,-0.5992,0.5992,0.0,0.0,0.0,0.0,0.0,0.0,-1.1620825999304651,0.0,0.3864,0.0,0.0168,0.0,0.0,0.0,0.0,0.0,0.0,999999.0,0.0,0.0,0.0,0.0,0.0,0.0,0.0,-999999.0,0.0,0.0,0.0,0.0,-0.32628259993046527,0.0,0.0,-0.4564,-999926.2798615048,0.0,999925.8234615048,0.126,0.0,0.0,0.0,-0.5992,0.0,0.0,0.0,0.0,0.0,0.0,0.0,0.0,0.11899999999999997,0.0,0.0,999990.976906134,0.0,0.0,0.0,0.0,0.0021,0.0,0.0,0.0,0.0021,0.0,0.0021,-999926.2798615048,0.0,0.0,0.0,0.0,0.0,-0.06999999999999999,0.0,0.0,0.0,0.0,0.0,0.0,0.0,0.0,0.0,0.0,0.0,0.0,0.0,0.0,0.0,0.0,0.0,8.25999304652214e-5,0.0,0.0,0.0,0.0,0.0,0.0,0.0,0.0,0.0,1.4641451973691582,1.4641451973691582,0.0,0.0,0.0,0.0,0.2744,0.0,0.0,0.0,0.0,0.0,0.0,0.0,0.0,0.0,0.0,0.0,0.0,0.0,0.0,0.0,0.0,0.0,0.0,0.0,0.0,0.0,0.0,0.0,0.0,0.0,0.0,0.0,0.0007419999456033111,0.0,0.0,0.22427229990640654,0.22427229990640654,0.0,0.0,0.003821999882347882,0.0,0.0,0.0,0.0,0.0,100.65256519986093,0.0,-100.65256519986093,0.7595125986845792,0.3934,0.0,0.0007,0.0,0.0,0.0,0.40656000000000003,-0.024977400069534778,0.03458,0.035559999999999994,0.0,0.0,0.03458,0.0,0.035559999999999994,0.03458,0.0,0.0,0.0,0.5992,0.44122259993046525,0.0,0.0,0.29400000000000004,0.0,63.9577887338819,63.9577887338819,0.0,0.0,0.003821999882347882,0.049,0.7363999999999999,0.0,0.07004200000000003,0.003821999882347882,0.0,0.0,0.0,0.0,0.0,-0.44122259993046525,0.0,0.0,0.0,0.0,0.0,0.0,0.0,0.0,8.25999304652214e-5,1.439049265933504,0.0,0.06999999999999995,0.0,0.0,0.0,0.0,0.0,0.0,0.0,8.25999304652214e-5,0.0,0.0,0.0,0.0,0.0,0.0,0.0,0.0,0.0,0.0,1.0689083990446164,0.0,0.0,0.0,0.0,0.0,-18.16251540155072,0.0014,18.926891600955383,0.0,0.0,0.0,2.198224934269617,-18.16251540155072,0.0,-0.0042,0.0,0.0,0.0,0.0,0.0,0.0007,0.0,0.0,-999999.0,0.0,0.0,0.0,0.0,0.0,0.0,0.0007,0.0,0.0,0.0007,0.6690725986845791,0.126,0.0,0.0,0.0007,0.0,0.6690725986845791,0.126,0.6690725986845791,0.0007,0.126,0.0,0.0,0.0007,0.0007,0.0007,0.0007,0.0007,1.439049265933504,0.0,0.0,0.0,0.0,0.0,-999996.8145888002,0.5753999999999999,0.0,0.0,0.0,0.0007,1.4000000000014001e-5,0.0007,999999.0,999999.0,0.0,0.0014,0.0,0.0007,0.0,0.0014,0.0,0.0,999999.0,-0.24639999999999998,0.0,0.0,0.0007,0.0007,0.0,0.0,0.0,0.0,1.0715417971456276,1.0715417971456276,0.0014,0.0007,0.0014,999999.0,0.0,0.0,1.4000000000014001e-5,8.25999304652214e-5,0.0,0.0,0.0,0.0,0.0,14.407866601309891,0.0,8.25999304652214e-5,0.0,0.0056,2.6038488001795486,8.25999304652214e-5,8.25999304652214e-5,0.0,0.0,0.32628259993046516,0.0,-999998.1302233988,8.25999304652214e-5,0.1834,0.24639999999999998,0.0007,0.0,0.0,0.0,0.0,0.0,0.0,0.0,0.0,0.003821999882347882,0.0,0.0,0.0,999998.1303059987,0.6690725986845791,999998.1303059987,0.0756,0.0,1.4000000000014001e-5,2.8000000000028002e-5,1.4000000000014001e-5,0.0,0.0,0.0,-0.1834,0.0,0.4564,0.0,0.0,0.0,0.0,0.0,0.0,0.0,-0.4564,0.0,0.0,0.0,0.0,0.0,0.0,0.03458,0.035559999999999994,0.035559999999999994,0.03458,0.0,0.0,-1.0689083990446164,0.0,-1.0688803990446165,0.0,0.0,0.0,0.0,0.0,0.1218825999304652,-27.429868068261744,0.44114000000000003,0.0,0.0,0.0,0.0,0.0007,0.0014,0.0,0.0007,0.0,0.0,0.0,8.25999304652214e-5,0.0007,0.0,0.0,0.0,0.0007,-0.5628,0.0,0.0,0.5753999999999999,0.0,0.0,0.5753999999999999,0.0,0.0,0.0,0.0,999926.4842615048,0.0,0.0,-999926.4842615048,0.0,0.32628259993046527,0.0,0.0,0.0,0.0,0.0,0.0,0.0,0.0,-0.2744,-0.007,0.0,0.007,0.0,0.0,0.0,0.2744,0.0,0.0,0.0,0.0,-1.439049265933504,0.0,1.8954492659335038,0.32628259993046516,0.0,0.0084,0.0,0.0,-0.24675419952230737,0.0,0.0,0.0,-999985.0916697333,0.4564,0.0,-1.3845999999999998,999926.8706615048,999925.8234615048,0.0,0.0,0.0,-0.24675419952230737,-0.8221541995223091,0.03458,0.0,0.0,-0.015721999882347883,0.4665625999304651,0.0756,0.0,0.0,-999999.0,0.0,0.0,0.0],"termination":"OPTIMAL","time":0.01169896125793457}