{"cuts":3,"times_sub_problem":[0.025707006454467773,0.023988008499145508,0.01820993423461914],"objective_values":[1.4000000000000001,1.4,1.4000000000000001],"time":1800.0360968112946,"objective_value":null,"μ":null,"time_limit":1800,"x":null,"times_mis_problem":[3.0994415283203125e-5,2.384185791015625e-5,2.002716064453125e-5],"dual_bounds":[1.4000000000000001,1.4,1.4000000000000001],"times_master_problem":[0.2523529529571533,0.21008014678955078,0.13138318061828613,1800.0359208583832],"solution":null,"a":null,"iter":3,"G":null,"thermo_feasible":false,"scip_tol":1.0e-6,"termination":"INFEASIBLE"}