{"cuts":43,"times_sub_problem":[0.03864097595214844,0.0197298526763916],"objective_values":[0.35960670777573717,0.35960670777572995],"multiple_mis":89,"time":1800.0442099571228,"max_density":15,"objective_value":null,"μ":null,"time_limit":1800,"x":null,"times_mis_problem":[12.20746898651123,9.30637812614441],"dual_bounds":[0.35960670777573717,0.35960670777572995],"times_master_problem":[57.26202702522278,18.429033041000366,1800.0132539272308],"max_cuts":null,"solution":null,"a":null,"iter":2,"G":null,"thermo_feasible":false,"scip_tol":1.0e-6,"termination":"INFEASIBLE"}