{"objective_value":0.9824784386659274,"time_limit":1800,"thermo_feasible":false,"dual_bound":0.9824784386659274,"solution":[-0.0,-0.0,-0.0,-0.0,-0.0,-0.0,-0.0,-0.0,-0.0,-0.0,-0.0,-0.0,-0.0,-0.0,-0.0,-0.0,0.0,-0.0,0.0002190926918225018,0.00022105764869983363,-0.0,0.0,1.964956877331855e-6,-0.0,-0.0,-0.0,-0.0,0.0004401503405223328,0.0,0.9824784386659274,-0.0,-0.0,-0.0,0.0,-0.0,-0.0,-0.0,-0.0,-0.0,-0.0,0.0,-0.0,-0.0,-0.0,-0.0,-0.0,-0.0,-0.0,-0.0,-0.0,-0.0,-0.0,-0.0,0.0,-0.0,-0.0,-0.0,-0.0,-0.0,0.0,-0.0,-0.0,-990.956980584335,-0.0,-0.0,545.6099797201189,-0.0,0.0,-0.0,-0.0,-0.0,-0.0,0.0,0.0,0.0,-0.0,-0.0,-0.0,-0.0,-0.0,-0.0,-0.0,-0.0,-0.0,-0.0,-0.0,-0.0,-0.0,-0.0,-0.0,-0.0,-0.0,-0.0,-0.0,0.0,-0.0,-0.0,-0.0,-0.0,-0.0,-0.0,-0.0,0.0,-0.0,-0.0,-0.0,-1000.0,0.0,-0.0,-0.0,-0.1917729138785184,0.0,-0.0,-0.0,-0.0,-0.0,-0.0,-0.0,-0.0,-0.0,-0.0,-0.0,999.9842204137966,-0.0,-0.0,-0.0,0.0,-0.0,-0.0,0.0,-0.0,-0.0,0.0,0.0,0.0,-0.0,-0.0,-0.0,-0.0,-0.0,-0.0,-0.0,-0.0,-0.0,-0.0,-0.0,-0.0,-0.0,-0.0,-0.0,-0.0,-0.0,-0.0,-0.0,-0.0,1.964956877331855e-6,-0.0,-0.005113800273306879,-0.0,-0.0,-0.0,-0.0,-0.0,-0.0,-0.0,-0.0,-0.0,-0.0,-0.0,-0.0,-0.00852300045542692,0.0,-0.0,-0.0,-0.005113800273256153,-0.0,0.0,-0.0006788926011181559,-0.0,0.0,-0.0,19.67084581295938,-0.00012673971858790463,-0.0,-0.0,-0.0,-0.0,-10.611576699827635,-2.4561960966648186e-5,0.0,0.0,0.0,-0.00031734053568909453,0.0,0.0,-0.0,0.0,-0.0,-0.0,-0.0,-0.0,-0.0,0.0,-0.0,-0.0006965772130141425,0.0,-0.0,0.0,-267.5703842812698,-0.0,0.0,-0.0,-0.0,-0.0,0.0,-0.0,-0.0,-0.0,-0.0,-0.0,0.0,0.0,-0.9477291587695936,-0.0,-0.0,-0.0,0.0,0.0,1000.0,500.0,-0.0,-0.0,-0.0,0.0,-0.0,0.0,0.0,0.0,-0.0,-0.0,-0.0,-0.0,-0.0,-0.0,-0.0,-0.0,0.0,0.0,0.0,-0.0,0.0,-0.0,0.0,0.0,0.0,0.0,0.0,-0.0,-0.0,0.0,-0.0,-0.0,-0.0,-0.0,0.0,0.0,0.0,-0.0,0.0,-0.0,0.0,0.0,-0.0,-0.0,-0.0,0.0,-0.0,0.0,-0.0,0.0,0.0,-0.0,-0.24779088701593352,-0.0,-0.0,-0.0,-0.0,-0.0,-0.0,-0.0,-0.0,0.0,0.0,0.0,0.0,0.0,-0.0,-0.0,0.0,0.0,0.0,0.0,0.0,-0.0,-0.0,-0.0,-0.0,0.0,0.0,-0.0,-0.0,-0.0,-0.0,0.0,0.0,0.0,-0.0,-0.0,-0.0,0.0,0.0,0.0,0.0,0.0,0.0,-0.0,-0.0,0.0,-0.0,-0.0,0.0,0.0,0.0,-0.0,-0.0,-0.0,-0.0,-0.0,0.0,0.0,-0.0,0.0,-0.0,0.0,-0.0,-0.0,-0.0,-0.0,0.0,0.0,-0.0,-0.0,0.0,-0.0,0.0,0.0,0.0,-0.0,-0.0,-0.0,-0.0,-0.0,-0.0,-0.0003350251475850813,-0.0,0.0,0.0,0.0,-0.0,0.0,0.0,-0.0,0.0,0.0,-0.0,-0.0,0.0,-0.0,0.0,-0.0,0.0,0.0,-0.0,0.0,0.0,0.0,0.0,0.0,0.038230201005368565,0.0,0.0,0.0,0.0,0.0,0.125391758170055,0.0,-0.0,0.0,0.0,0.0,0.1477922665716381,0.0,0.0,0.0,0.0,0.0,0.07646040201073713,-0.0,0.0,0.0,0.0,0.0,-0.0,0.0,0.0,0.0,0.0,0.0,0.0,0.0,0.0,0.0,0.0,0.0,0.0,0.07646040201073713,0.0,0.0,0.0,1000.0,0.0,-0.0,0.0,0.0,0.0,0.0,0.0,0.0,0.34964442675243024,0.34964442675243024,0.0,0.0,0.34964442675243024,0.0,0.34964442675243024,-0.0,0.34964442675243024,0.0,0.07646040201073713,0.2731840247416931,-0.0,0.2731840247416931,-0.0,0.0,0.0,0.0,0.0,0.0,0.0,0.0,0.0,0.0,0.0,0.0,0.0,0.0,-10.0,0.0,0.0,0.0,0.07646629688136908,1000.0,0.0,0.0,0.0,0.0,0.0,-0.0,0.0,0.0,0.0,0.0,0.0,0.0,0.0,0.0,0.0,0.0,0.0,0.0,0.0,0.00022105764869983363,0.0,-0.0,0.290609262329872,-0.0,0.290609262329872,0.28543847830717317,0.0,-0.0,0.0,0.0,0.0,0.5723683588842413,0.8589504420940216,0.0,0.0,0.0,-0.0,0.0,0.0,-0.34964442675243024,-0.34964442675243024,-0.34964442675243024,0.0,-0.34964442675243024,-0.0,-0.34964442675243024,-0.2731840247416931,-0.125391758170055,0.0,0.0,0.0,0.0006612079892221718,0.24352889554900073,0.0,0.2937974048637739,-0.0,0.44016507769934676,0.2937974048637739,0.290609262329872,0.0,-0.0,0.0,-0.0,-0.0,0.0,4.8556989608948244,0.0,-0.0,0.0,0.0,-0.0,0.0,-0.0,0.0,4.8556989608948244,-0.290609262329872,0.0,0.0,0.0,0.0,0.0,0.0,0.0,0.0,0.0,0.0,0.0,-0.0,0.0,0.0,0.0,0.0,0.0,0.0,0.0,-0.0,0.0,0.0,-1000.0,-0.0,1000.0,0.0,0.0,0.000657278075467754,0.000657278075467754,0.0,0.0626958790850275,0.07389613328581905,0.0,0.0,-0.290609262329872,0.0,0.0,0.0,0.0,0.0004401503405223328,-0.0,0.5332431200216794,0.44016507769934676,-996.6435972266434,999.2232279844293,0.0,-0.44016507769934676,0.0,0.0,0.0,0.0,0.0,1000.0,-1000.0,3.79934600346873,0.0,0.0,0.0,0.02730111085364879,0.0,0.0,0.040951666280473184,0.0,-1000.0,0.0,0.0,0.0,-0.0,0.0,0.0,0.0,0.0,0.0,0.0,0.0,0.0,0.0,0.0,1000.0,-1000.0,0.0,0.0,0.0,0.0,0.0,0.0,0.0,0.0,0.0,0.0,-1000.0,0.0,0.0,1000.0,0.290609262329872,0.290609262329872,0.0,0.0,0.0,0.0,0.0,0.0,0.0,0.0,-1.0503441192952148,0.0,0.00011986236951724314,0.00011986236951724314,0.0,0.00011986236951724314,0.0,0.24352889554900073,0.0,0.0,0.0,0.0,0.0,0.0,0.0,0.2368313400326151,0.0,0.0,0.0,1.964956877331855e-6,0.0,0.0,0.0,0.0,0.0,0.0,0.0,0.0,0.0,0.000565907580671543,0.3249989551184954,0.0,1.0503441192952148,0.0,0.0,999.9948861997267,0.005113800273306879,0.0,0.0,0.0,0.002238085883280993,0.0,0.0,0.0,-1000.0,0.0,0.0,0.0,0.0,0.0,-2.876381492835886,0.0,0.0,0.0,0.0,0.0,0.0,-0.0,0.0,0.0,0.0,0.0,0.0,0.6156082174483675,0.0,0.0,0.0,0.0,-0.0,0.0,0.0,3.15,0.0,0.0,0.0,0.0,0.0,0.0,0.0,0.09307804232233263,55.80046600349254,0.0,0.0,0.0,0.0,0.0,0.0,0.0,0.0,0.0,0.0,0.3177178074095423,0.0023471409899729003,-0.0,0.0,0.37444120006591985,0.0002190926918225018,0.0,0.0,0.0,0.0,0.0,0.0,0.0,0.0,0.0,0.0,0.0,0.0,0.0,0.0,0.0,0.0,0.0002190926918225018,0.0,0.0,0.0,0.0,0.0,0.0,0.0,0.0,0.0,0.0,0.0,0.0,0.0,-0.0,0.0,0.0,0.0,1000.0,0.0,0.0,0.0,0.0,0.0,0.0,0.0,0.0025569001366280764,-1000.0,0.0,1000.0,0.0,0.005113800273256153,0.0,4.8556989608948244,0.0,-0.0,0.0,0.0,0.0,0.0,0.0,-0.0,-19.67084581295938,0.0,-0.0,0.0,-19.67084581295938,0.0,0.0,-0.0,0.0,2.4561960966648186e-5,-0.1477922665716381,0.0,0.157712351366848,0.0,-0.0,0.0,2.4561960966648186e-5,0.0,0.0,0.0,0.0,0.0006965772130141425,0.0,0.0,0.0,0.0,0.0,0.0,0.0006965772130141425,0.0,0.0,-0.0,0.0,0.0,0.0,0.0,0.0,0.0,0.0,0.0,0.0,0.00023972473903448627,0.0,0.0,0.0,0.24352889554900073,-1000.0,0.0,0.0,1.964956877331855e-6,0.15121423897351155,0.0,0.17773526194685954,0.0,0.0,0.0,0.0,0.0,0.0,0.0,0.0,0.0,0.0,-1000.0,0.0,0.0002190926918225018,0.0,35.14032988591662,0.0,0.0,0.0,0.0,0.0,0.0,0.0,0.0,0.0,0.0,0.0,1000.0,0.0,0.0,0.0,0.013650555426824395,0.0,0.0,0.3644493943446871,0.0,0.0,0.0,0.3644493943446871,0.02636480890160041,0.33714828349103826,0.000657278075467754,0.0,0.0,0.3644493943446871,0.0,0.0,0.0,0.0,-0.0,0.0,0.0,0.000657278075467754,0.0,0.0,0.3249989551184954,0.0,0.0,0.0,0.0626958790850275,0.07389613328581905,0.0,0.0,-0.3249989551184954,0.0004381853836450036,0.0,0.000657278075467754,0.0004401503405223328,0.0,0.0008763707672900072,1.964956877331855e-6,0.0,-0.0,0.0,0.0,0.0,0.0,0.0,0.0,0.37444120006591985,0.37444120006591985,0.0,0.0,0.0,0.0,0.0,0.0,0.0,0.0,0.0,0.0,0.0,0.0,0.0002731290059491278,0.0023471409899729003,0.0,0.0,0.0,0.05584702188908731,0.37444120006591985,0.0,0.0,0.0,0.0,0.05584702188908731,0.0,0.0,0.0,0.0,0.0,0.0,0.0,0.8589504420940216,0.28543847830717317,0.000657278075467754,0.000657278075467754,0.0,0.0,0.0,0.0,0.0,0.0,0.000565907580671543,0.0,0.000565907580671543,0.0,-0.0,0.0,1.964956877331855e-6,0.0,0.0,0.0,0.0,0.0,0.0,0.0,0.0,0.0,0.0,0.0,0.025707530826132655,0.0,0.0,0.0,0.0,0.0,0.0,0.0,0.0,0.0,0.0,0.0023471409899729003,0.0,0.002785326373617904,0.0,0.0,1.964956877331855e-6,0.0,-0.0,0.0002190926918225018,0.0,0.0,0.0,0.0,0.0,0.0,0.0,0.0,0.0,0.0,0.0,0.0,0.0,0.0,0.0,0.0,0.0,0.0,0.0,0.0,0.0,0.0,0.0,0.0,0.0,0.0,0.0,0.0,0.0,0.0,0.0,0.0,0.0,0.0,0.0,0.0,0.0,0.0,0.0,0.0,0.07646040201073713,0.0,0.0,0.0,0.0,0.0,0.0,0.125391758170055,0.1477922665716381,0.0,0.0,0.0,0.0,0.0,0.0,0.0,0.0,0.0,0.0,0.0,0.0,0.0,0.0,0.0,0.0,0.0,0.34964442675243024,0.34964442675243024,0.0,0.0,0.34964442675243024,0.0,0.0,0.0,0.0,0.34964442675243024,0.34964442675243024,0.0,0.2731840247416931,0.0,0.2731840247416931,0.0,0.0,0.0,0.0,2.1475897942954636,0.0,0.0,0.0,0.0,0.0,7.783511317688385,0.0,0.0,0.0,0.0,0.0,0.0,1.964956877331855e-6,0.0,0.0,14.585868708953694,0.0,0.0,0.0,0.00021909269182250176,0.0,0.0,0.0,0.0,0.0,0.0,0.0,-0.0,0.0,0.0,0.0,0.0,0.0,0.0,0.0,1000.0,0.0,0.0,0.015779586203413458,0.0004381853836450036,0.0,0.0,0.0,0.0,0.0,0.0,0.0,0.0,0.0,31.01467037117846,0.0,0.0,0.0,0.0,0.0,0.0,0.0,0.0,-0.0,0.0,0.0,0.0,0.0,0.0,0.002410019610047768,0.0,-999.9842204137966,0.0,0.0,0.0,0.0,