{"objective_value":0.22840679202929776,"time_limit":1800,"thermo_feasible":false,"dual_bound":0.22840679202929776,"solution":[0.0015988475442050838,-0.0006386253905139232,0.01142033960146488,0.0006386253905139232,-8.232495404335282,0.01142033960146488,0.01142033960146488,-8.942972546671982,0.22840679202929776,0.012608054920017235,0.0,0.0,0.0,0.12174082015161569,0.04310721385968935,0.001596563476284791,0.0,0.0,0.0,-1000.0,0.0,0.006545910252767643,0.19022973877556076,0.06304027460008618,0.0,0.0,0.0,0.0,0.08076464166155967,0.0,4.120426290225116,8.232495404335282,0.01142033960146488,-0.0,-0.12615021327241233,-0.0,-0.0,0.0,-0.0,-0.0,0.0,2.2840679202929772e-6,0.0015988475442050842,0.07012088515299437,-0.0,0.664638183244549,0.0,0.11139513450731969,8.942972546671982,-0.0,-0.0,0.0683610108210797,0.0,1.1627763803574058,-0.0,0.0,0.0683610108210797,-0.0,-0.0,0.0,0.0,0.0,0.0,0.0006386253905139164,-0.12174082015161569,0.0035124396478265272,0.0,0.0,-0.0,0.0,0.0,0.0,0.0,0.0,0.0,0.0,0.0,0.0,0.13546806835257647,0.0,0.0,0.0,0.0,0.0,-0.0,-0.0,0.0,10.38245838801375,17.292389387847454,0.0,-7.349861194323275,0.7864228575028136,0.0,0.09387519152404135,0.0,0.0,-0.0,0.2536685832277381,0.1319517457899565,0.028779255795691516,-0.0,0.0,0.02052349229779255,0.0,0.0,0.0,0.0,-0.0,0.11139513450731969,-0.0,-0.0,-0.0,0.0,-2.794,0.00448385373432714,0.005801532517544162,0.08076464166155967,0.08076464166155967,0.08076464166155967,0.0003193126952569582,0.0,-0.0,4.5681358405859544e-6,0.0,-0.005801532517544162,-0.0,-0.0,-0.0,-0.0,-0.0,-0.0,0.006304027460008617,0.09387519152404135,0.0,0.0,0.0,-2.368826254716623,0.0,0.0,-0.0,0.0,0.19022973877556076,0.06304027460008618,-0.1755911474770963,-0.0,0.0,-0.0,0.08076464166155967,0.08076464166155967,0.01142033960146488,0.01142033960146488,-0.0,-0.0,-0.0,-0.0712857597923438,2.2840679202929772e-6,0.0712857597923438,0.09387519152404135,-0.8418925889810887,-0.0,-0.0,0.09387519152404135,0.0,0.000319312695256957,-0.0,-0.0,-0.0,0.01142033960146488,0.0,0.01142033960146488,0.0006521013912436554,-0.0,-0.0,-0.0,0.0006521013912436554,-0.0,0.012333966769582073,-0.0,0.0,0.664638183244549,-0.0,0.012333966769582073,-0.0,0.0056416477631236524,0.06418230856023267,0.0,0.0,0.0,0.0,-0.0,-0.0,0.06418230856023267,0.0,0.00031931269525695827,0.00031931269525695827,-0.0,0.0,0.0,0.0,0.43084099092335987,499.56392609526716,0.0,0.0,0.0006521013912436554,0.0006386253905139164,0.0712857597923438,0.0006235505422399267,-0.006304027460008617,-0.43084099092335987,0.047965426326152534,-0.1303745968903231,0.7320723193041399,0.0,0.0035124396478265272,0.0,0.0035124396478265272,7.349861194323275,0.0,0.0,-1000.0,0.0,9.419027804111431,0.7864228575028136,4.184838376016788,0.020556611282636795,0.001596563476284791,0.0,17.292389387847454,0.0,0.0,0.0,0.0,2.2840679202929772e-6,0.01142033960146488,-0.001596563476284791,0.0,0.17857528221226582,0.0,0.0,0.0,2.2840679202929772e-6,0.0,0.000319312695256957,0.0,0.011427191805225757,0.0,0.0,0.000319312695256957,0.0,-999.7560622313317,0.012608054920017233,0.0,0.0,0.0,0.0,0.0009579380857708743,0.0,-0.012608054920017233,0.0,0.0,0.0,0.0031931269525695702,0.7320723193041399,0.0,0.0,0.0,0.0,0.0,0.0,0.0,0.0,0.0,0.0,0.0,0.0,0.0,0.006545910252767643,0.0,-0.1319517457899565,9.419027804111431,0.11139513450731969,0.0,0.0,0.0,0.5967730435706772,0.0,0.03517464597251185,0.0,0.5116056325849195,0.0,0.0,0.06304027460008618,-0.19022973877556076,0.0,0.5520409437927923,0.0,0.03517464597251185,0.0,0.0,0.0,0.0,0.0,0.0,0.0,0.0,0.0,0.0,0.0756437613842628,0.00448385373432714,0.11139513450731969,0.0,0.0,0.0056416477631236524,0.005801532517544163,0.0,0.005801532517544162,-0.0,0.0,499.56392609526716,0.0,0.0,0.0,0.0,0.0,0.0,0.0,0.04310721385968935,5.588,0.31219302714224284,0.0,0.0,0.0,0.0,0.0,0.06359073496887678,0.020556611282636795,0.0,0.0,0.0,0.0,0.664638183244549,0.0,-999.7560622313317,0.0,0.0,0.0,0.020556611282636795,0.0,0.01142033960146488,0.0,0.0,0.0,0.0,0.0,0.0035124396478265272,0.0035124396478265272,0.01142033960146488,0.0035124396478265272,0.0,0.0015988475442050842,-991.868792729624,0.09775810698853944,-991.868792729624,0.0,0.0,991.3571870970391,0.03494623918048255,0.0,0.0,0.0,0.0,0.0,0.0,0.020556611282636795,0.0,-0.038367772925081416,0.0,0.0,-0.0,0.0,2.2840679202929772e-6,0.006304027460008618,8.646194693923727,0.12174082015161569,-0.0,0.0006521013912436554,0.2536685832277381,0.23191968849205044,0.23191968849205044,0.0,0.04636657878194743,0.020556611282636795,0.04796542632615253,0.020556611282636795,0.0,0.012333966769582073,0.0401995953971564,0.0,-0.06304027460008618,6.85220376092382e-7,0.0,0.0,0.0,0.047965426326152534,0.00012105559977546635,0.7320723193041399,0.06418230856023267,-0.09775810698853944,0.0,2.368826254716623,0.0006235505422399267,0.0,0.06359073496887678,0.0,0.0035124396478265272,0.0,-0.0,0.0006235505422399267,0.0712857597923438,0.0,0.009593085265230492,0.0,0.0006235505422399267,0.0,0.09775810698853944,-0.0712857597923438,0.0,0.0,0.0,0.0,0.0,0.09775810698853944,0.0,0.0,-0.09775810698853944,0.0,-0.09775810698853944,0.0,0.0,0.0,2.2840679202929772e-6,0.0,0.0,0.0,0.0,2.794,6.85220376087893e-7,0.0,0.0,0.8418925889810887,0.0,0.006304027460008617,0.8418925889810887,0.0,0.0,0.0,0.0007982817381423956,0.0,0.0007982817381423956,499.56392609526716,0.0,0.0,999.8793562176692,0.09387519152404135,0.0,0.0,0.006304027460008617,0.0,0.0,0.0,0.0006521013912436554,0.006304027460008617,0.0,0.03494623918048255,-991.9037389688045,-0.2623208609168235,0.0,0.0,4.184853450865062,0.0,0.0,4.186434939493073,-0.012608054920017233,11.465176442079716,0.664638183244549,0.0,0.0,0.0,0.0,0.0,0.0006235505422399267,0.08076464166155967,0.0,-0.7704400922292213,-9.419027804111431,0.7320723193041399,0.0003193126952569582,-9.419027804111431,0.0006521013912436554,0.0,0.0,0.0,0.0,0.0,2.2840679202929772e-6,4.5681358405859544e-6,0.0,0.1755911474770963,0.0,0.0,0.0,0.0,0.0,8.646194693923727,0.0006521013912436554,0.0006521013912436554,2.2402030484763755,0.0,0.0,0.0,-0.0,0.005801532517544163,0.0,0.0,0.011443180280667816,0.664638183244549,0.0,0.029921289755837993,0.11139513450731969,0.012333966769582073,0.0,0.6702798310076727,0.0,0.0,0.11139513450731969,0.020556611282636795,0.020556611282636795,-0.6185169133576883,0.11139513450731969,-0.6185123452218477,0.0,0.02052349229779255,0.0,0.11139513450731969,0.020556611282636795,991.9667792434046,0.0,-0.6764538950040578,0.09387519152404135,0.0015988475442050838,-6.85220376092382e-7,-6.85220376092382e-7,0.0,0.8808332061386713,0.09387519152404135,1000.0,0.0,0.0,-0.664638183244549,0.0,991.3571870970391,0.0,0.0006521013912436554,0.0,-0.011443180280667816,0.0,-0.35619605244086483,-0.2623208609168235,0.0056416477631236524,0.2536685832277381,0.6875245438058847,0.07758978725235242,0.012608054920017233,0.0,-0.12174082015161569,0.0006386253905139232,0.0,-0.029921289755837993,0.0,0.0,0.0,0.06359073496887678,0.0,0.0,0.0,0.0,0.0,0.005747628514625247,0.005747628514625247,0.0,0.0,-0.0401995953971564,2.794,0.0,0.0,0.0,0.0,0.0,0.0,0.0,0.0,0.0,991.868792729624,0.006545910252767643,0.0,0.0,-0.09181953039577771,0.0,0.0,0.664638183244549,0.005428315819368289,0.0,0.0,0.0,0.0,0.0,0.0,0.0,0.0,0.0,0.0,0.0,0.0,-0.0,0.0,0.0,-0.0,0.006304027460008617,0.012333966769582073,0.0,0.0,0.006304027460008617,0.006304027460008617,0.006304027460008617,0.006304027460008617,0.000319312695256957,0.0,0.0,0.006304027460008617,0.0,0.0,0.0,0.0,0.0,0.0,0.0,5.588,0.0,0.0,0.0,0.0,0.0],"termination":"OPTIMAL","time":0.025304999999999998}