{"objective_value":0.28786570370401576,"time_limit":1800,"thermo_feasible":false,"dual_bound":0.28786570370401576,"solution":[-0.0,-0.0,-0.0,0.3266700005633171,0.0,0.0,-0.07608290548897136,0.0,0.0,-0.0,-0.0,-0.0,0.0,-0.0,-0.0,0.0,-0.0,8.673617379884035e-19,0.0,0.0,0.0,-0.0,0.0,-0.0,0.0,-0.0,0.0,0.0,-3.0340174816956278e-12,0.0,0.11445540379271807,0.0,0.0071102828814891906,0.04626001858523533,0.015000681820012761,0.0,0.0,0.0,0.0,0.0,0.005383088659265095,0.0,0.0,0.016494704822240105,0.0,0.04626001858523533,0.05547172110376384,0.0,0.08238716440008931,0.05547172110376384,0.0,-0.0,0.0,0.0,0.16149265977795282,0.0,0.0,0.0,0.0,0.04758132216524027,0.02849582600966402,0.22100074111949652,0.22100074111949652,0.0,0.0,0.0,0.0,0.0,-999999.0,0.0,-999999.0,0.0,0.0,0.0,0.0,-0.1470734666794152,-0.0,0.0,0.0,0.0,0.0,-0.0,-0.0,0.0,-999998.4707209981,0.0,999999.0,0.04626001858523533,-0.0,0.0,0.0,0.0,0.0,0.0,0.0,0.0,0.0,0.0,-0.0,0.0,-0.0,0.0,0.14707058802238324,0.0,0.0,-1.5064415280940011,0.0,0.0,0.0,0.0,0.0,0.0,0.0,1.5064415280940011,0.0,0.0,0.0,0.0,0.0,999999.0,0.0,0.0,-0.08532339457787028,0.0,-0.0,0.0,0.0,0.7188208127481988,0.0,999998.7299848485,999983.1845251807,0.0,0.0,0.0,0.0,0.0,0.0,0.13057588320014313,0.0,0.0,-999999.0,0.0,0.0,0.0,0.005383088659265095,0.0,0.0,-0.0,-0.0,-0.0,-0.0,0.0,0.0,0.016494704822240105,0.0,-0.0,0.03336363505929893,-0.0,-0.0,0.0,0.0,0.0,0.0,0.02849582600966402,0.03336363505929893,0.0,0.0,-0.0,0.0,0.008175385985194048,0.0,0.0,4.455984976579202,0.0,0.008175385985194048,0.0,0.0,0.0,-0.0,0.0,0.0,-0.0,0.0,-0.0,-0.0,0.0,0.0,0.016494704822240105,-0.0,0.0,0.0,0.0,0.0,0.0006333045481488348,0.0,0.0,0.00020150599259281102,0.0006333045481488348,0.04626001858523533,0.04626001858523533,0.0,0.0,0.0,-0.0,0.0,0.0,-0.12516400797050606,0.0006333045481488348,0.0006333045481488348,0.0006333045481488348,0.0,0.0006333045481488348,0.0,0.0006333045481488348,0.029275942066698403,0.0,0.0,0.0,0.0,8.673617379884035e-19,0.0,0.0,0.0,0.0,-0.0,0.0,0.0,0.031837946829664135,0.0,0.0,0.0,0.12516400797050606,0.0,0.0,0.07809796541489947,0.0,0.0,0.0,-999997.221024012,999996.8409865886,-0.07616926520008258,0.0,0.0,0.0,0.0,0.0,0.0,0.0,0.0,999996.8409865886,-999999.0,999999.0,0.0,999999.0,0.0,-999999.0,0.0,-0.0,-0.0,-0.0,-0.0,-0.0,0.0,0.0,0.0,0.0,1.0,-0.0,-0.0,0.0,999999.0,0.0,999999.0,0.0,-0.0,0.019085496155576243,0.0,0.0,4.281244254044941,0.0,-0.0,-0.0,-0.0,-0.07608290548897136,999996.779418355,999998.7367756006,0.0,0.0,0.0,0.00020150599259281102,0.0,-0.0,0.0,-0.0,0.0,0.06790751950377731,0.07608290548897136,0.0,-18.021084337356974,0.0,-1.4949883184277923,-999999.0,0.0,0.0,0.0,-0.0,0.0,0.0,0.0,0.003799827288893009,-0.18997169692125937,0.0,0.0,0.0,0.0,0.0,0.0,0.0,-0.0,0.0,0.0,-0.0,0.0,0.0,-0.0,0.0,0.0,0.0,0.0,0.07608290548897136,0.0,0.0,0.005319758204450212,0.0,0.0,0.0,-0.0,0.5292790018771828,0.0014508431466682395,0.0,0.0,0.0,0.0,-0.0006908776888896377,-0.0,0.012867596955569504,0.0,0.0,0.16149265977795282,0.0,0.05547172110376384,0.0,1.9839543656562455,3.967908731312491,0.0,0.0010363165333344567,0.0,0.0,999999.0,0.0,0.0,0.0,0.001899913644446504,-0.0,-0.0,-0.0,0.0,0.0,0.0,0.031837946829664135,0.0,-0.0,0.0,0.0,0.0,-0.031837946829664135,0.0,0.0,0.0,0.07608290548897136,0.07608290548897136,-0.0,-0.007829947140749227,0.0,0.0,-0.0010363165333344567,0.0,-0.0,-0.0,0.0,0.0,0.0,0.0,0.0018999136444465042,0.0,0.0012666090962976696,0.0,0.0,0.0,0.23256670202247431,0.0,0.005037649814820277,0.0,0.0005699740933339512,0.0,0.0,-0.0006908776888896377,0.23256670202247431,-0.23256670202247431,0.0,0.0,0.0,0.0,0.003799827288893009,0.0,0.0,0.0,0.0,0.0,0.0,0.0,0.0,0.0,0.0002849870466669756,0.0,0.0002849870466669756,0.0,0.0,0.0,17.874155518290202,0.0,0.0,0.0,0.0,0.0,0.0,0.0,-0.0,0.0,0.0,0.0,-8.673617379884035e-19,0.0,0.0,0.0,0.0,0.0,0.0,0.0,0.0,0.0,-0.0,999997.9131539166,-999997.9131539166,-0.0,-0.0,0.00020150599259281102,0.00020150599259281102,0.0,0.07608290548897136,-0.0,-0.0,0.0,-0.0,-15.81547481927555,0.0,0.0,0.0,-0.0,0.0,0.0,0.0,15.81547481927555,0.0,-0.0,0.0,0.0,0.0,0.0,0.0,0.0,-0.0,0.0,0.0,-0.0008348105407416459,0.0,0.0014882656881497617,0.0,0.0,-0.0,-0.0,-0.0,0.0,0.0,0.0,0.0,0.0,-0.0,0.0,0.0,-0.0,0.0,3.0340174816956278e-12,0.0,-0.0,-0.0,-0.0,-10.0,-0.0,-0.0,0.0,0.0,0.0,0.0,0.0,-0.0,0.0,0.0,-0.0,-0.0,-0.0,0.0,0.0,0.0,0.0,0.0,-0.0,0.0,5.640454760148357,0.0,1.4495304784066816,0.0,0.0,0.0,0.0,0.0,-0.0,0.0,0.08238716440008931,-0.0,-0.0,0.0,0.0,0.0,0.0,0.0,18.021084337356974,0.0,0.0,0.0,0.0,0.0,0.0,0.0,0.0,-0.0,0.0,-0.0,0.0,0.0,0.0,-0.0,0.0,0.0,0.0,0.0,0.08238716440008931,-0.0,0.0,-0.0,0.0,0.0,-0.0,0.0,-0.0,0.0,-0.0,0.0,-0.0,-0.0,0.0,-0.0,-0.0,0.0,0.0,-0.0,-0.0,-0.0,0.0,-0.02225201889632042,0.0,-0.0,0.0,-0.0,9.24710308325416e-12,-1.6110288961790502,-0.0,0.0,-1.9999999999807074,0.0,0.0,0.0,0.0,0.0,0.0,0.0,0.0,-0.0,-0.0,-0.0,-0.0,0.0,0.0,-0.0,-0.0,0.0,-0.0,-0.0,-0.0,0.0,0.0,-0.0,0.0,-0.056911049687319526,-0.0,-0.0,-0.0,-0.0,-0.0,-0.0,-0.0,-0.0,-0.0,-0.0,-0.0,0.0,0.0,-0.0,-0.0,-0.0,0.003799827288893009,-8.673617379884035e-19,-0.0,0.0,-0.0,0.0,0.0027404814992624225,0.0,0.0,-0.0,0.0,0.0,0.0,0.0,0.0,0.0,0.0,0.0,0.0,0.0,0.0,0.0,0.0,0.0,0.0,0.0,0.0,0.0,0.0,0.0,0.0,0.0,0.0,0.0,0.0,0.0,0.0,0.0,0.0,0.0,0.0,0.0,0.0,0.0,0.0,-0.0,0.0,0.0,0.0,0.0,0.0,0.0,0.0,0.0,0.0,0.0,0.0,0.0,0.0,0.0,0.016120479407425083,0.0,0.0,0.01579806981927659,0.0,0.0,0.014830841054831087,0.0,0.0,0.0,0.0,0.0,0.0,-0.0132187931140886,0.0,0.0,0.0,0.010478311614826177,0.0,0.0,0.0027404814992624225,0.010478311614826177,0.0,0.0,0.0,0.0061257821748214565,0.0,0.0,0.0,0.0,0.0,0.0,0.0,0.0474114814000514,-0.0,0.0,0.0,0.0474114814000514,0.0,0.02849582600966402,0.0,0.0,0.8016352161803437,0.0008348105407416459,999999.0,999999.0,0.0008348105407416459,0.0,0.0,0.0,-999998.5173355746,0.0,0.0,0.0,0.0,0.0,0.0,0.0,0.0864235246554017,0.0,0.0,0.0,0.0,999999.0,0.0,0.0,18.038204425517055,0.0,0.016120479407425083,-0.0,0.0,0.0,0.02849582600966402,0.0071102828814891906,0.0,0.14925836737053216,0.0,0.0,0.0,0.0,-999998.7789992589,0.0,0.0,0.14925836737053216,0.0,0.0,0.0,0.0,0.0,0.0,-0.0,0.0,0.014217687105941339,0.0,0.8024700267210854,0.0,0.0,0.0,0.0,0.0,0.0,0.0,0.0,0.09709134454529743,0.0,0.0012666090962976696,0.0,0.0,-999998.9990241353,999999.0,0.0,0.0,0.0,0.0,0.0,0.0,0.0,-0.0,0.0,-0.0,0.0,0.0,0.0,0.0,10.0,0.0,8.924879730095057,0.2361851739180408,0.0,0.0,0.0,0.0,0.0,0.0,0.0,0.0,0.0002849870466669756,0.0,-0.0,0.0,0.0,0.0,0.0474114814000514,0.0,0.0,0.0,0.0,0.0,0.0,0.0,-5.640454760148357,0.0,-1.417041955748573,-0.0006333045481488348,0.0,-7.421405702892812,-999999.0,0.0,0.08238716440008931,0.0,0.0,0.0,0.0,0.0,0.0,0.0,0.0,-999998.2422511082,0.0,999999.0,0.0,0.0,-999999.0,0.08238716440008931,0.0,0.0,0.0,0.0,0.0,0.0,0.0,0.0,0.0,0.0,0.0,0.0,10.0,0.0,0.0,0.0,-0.0,0.0,999996.8348900761,0.0,0.0,0.08238716440008931,-0.0,-0.04758132216524027,0.0,0.014217687105941339,0.0,0.019085496155576243,0.0,0.019085496155576243,0.0,0.0,-0.0,0.0,-0.0,0.0,0.0,0.0,0.0,0.0,0.0,0.0,0.0,0.0,-0.0,-0.0,-0.0,-0.0,-0.003799827288893009,0.0,-0.003799827288893009,0.0,-0.0,-0.003799827288893009,0.0,0.0,0.0,-0.0,-0.0,-0.0,-0.0,-0.0,0.0,0.0,0.0,-0.0,0.0,0.0,0.12516400797050606,0.0012666090962976696,0.0,0.0,0.08532339457787028,-0.08532339457787028,-0.08532339457787028,0.0,0.0,0.016494704822240105,0.10866930314826595,0.019085496155576243,0.0,0.0,0.0,0.0,0.0,0.0,0.0,0.0,0.0,0.0,0.08532339457787028,0.0,0.16149265977795282,0.05547172110376384,0.0,0.0,0.0,0.0,0.0,0.251053920590218,0.26322439941577613,0.0,0.015000681820012761,0.0,0.0,0.0,0.0,0.0,0.0,-0.08532339457787028,0.0,0.0,0.0,0.0,0.0,0.019085496155576243,0.019085496155576243,0.008175385985194048,999996.779418355,-999996.8348900761,0.0,0.0,0.0,0.0,-0.0,0.0,0.0,0.0,0.0,0.0,0.0006333045481488348,-0.0014882656881497617,0.0006333045481488348,0.0,-0.0,0.0018999136444465042,0.0,-0.0,0.0,0.0,0.0,0.0,0.0,0.0,0.0,0.0,0.0,0.0,0.0,999999.0,2.230481346603483,0.23256670202247431,0.0,0.0,0.0,-0.23256670202247431,0.0,-0.23256670202247431,-0.0,0.0,0.08238716440008931,0.0,0.0,0.0,0.0,0.0,0.0,0.0,0.0,-2.3441715106600896,0.0,2.6882924132514745,0.0,0.0,0.0,0.0,0.0,0.0,0.0,0.0,-0.0,0.0,0.0,0.0,