{"objective_value":0.09732337590376745,"time_limit":1800,"thermo_feasible":false,"dual_bound":0.09732337590376745,"solution":[-0.0,-0.0,0.0,-0.5442809797418195,-0.0,-2.4337766170569712,-0.0,-0.0,-0.0,-0.0,-0.0,-0.0,-0.0,-0.01924083141644528,-0.0,-0.0,-0.0,-0.0,-0.0,0.0,-0.0,-0.0,-0.0,-0.007523096957361225,-0.0,-0.0,-0.0,-0.0,0.0,0.0,-0.0,-0.0,-0.0,0.0,-0.0,-0.0,-0.0,-0.0,-0.0,-0.0,-0.0,-0.0,-0.0,-0.0,-0.0,-0.0,-0.0,-0.0,0.0,0.0,0.0,0.0,0.0,0.0,0.0,0.0,0.0,0.0,0.0,0.0,0.0,0.0,0.0,0.0,0.0,0.0,0.0,0.0,0.0,0.0,0.0,0.0,0.0,0.0,0.0,0.0,0.0004282228539765768,0.0,0.025450062798835327,0.0,0.01875421453665599,0.054598413882013544,0.20943017260731733,0.0,0.0,0.0,0.0,0.0,0.0,0.0,0.0,999999.0,-999998.9008469447,0.025450062798835327,-0.0,0.0,0.0,0.0,0.0,0.0,0.0,-0.0,0.0,0.0,0.0,0.0,0.0,0.0,-0.0,0.0,0.0024038873848230566,0.1018197158705215,0.0,-999999.0,0.0,999999.0,0.0,0.0,0.0,0.0018199471294004514,0.0,-0.0,0.0,0.005576629439285876,0.011279779267246638,0.009537690838569196,0.011279779267246638,0.006452539822419782,0.0,0.0027639838756669958,0.0027639838756669958,0.0,0.0,0.0,0.0,0.0,0.0,-0.0,0.0,0.0,0.015639866507735432,0.015639866507735432,0.0,0.0,0.0,-0.0,0.0,-0.004934295158321012,0.0,0.0,0.00989778732941315,0.0,0.0,0.0,0.0,0.0,0.010763965374956677,0.0,0.004934295158321012,0.0,999998.8122437432,-999998.903250832,0.0,0.0,0.0,-999998.903250832,0.010763965374956677,0.0,0.0,0.0,0.0,0.0,0.0,0.0,-0.0,0.1104425669755953,-0.025722568251365735,0.0,0.0,0.0,0.0,0.0,0.027853950183658247,0.0,-999999.0,0.0,0.0,0.0,0.0,0.0,-0.054598413882013544,-0.01875421453665599,0.0,0.0,0.0,0.0,0.0,0.0,0.0,0.0,0.0,0.0,-0.0,0.0,0.0,-0.0002822377901209256,0.0,0.0,0.0,0.027853950183658247,0.027853950183658247,0.0,0.0,0.0,0.0,0.0,-0.0,-0.0,0.0,0.0,0.0,0.0,0.0,0.0,0.028846648617876672,-0.028846648617876672,-0.028846648617876672,0.028846648617876672,0.0,0.0,0.054598413882013544,0.01875421453665599,0.0,0.0,0.0,-0.0,0.0,-0.028846648617876672,-0.0,0.0,0.0,-0.0,0.0,0.0002141114269882884,0.0002141114269882884,0.0,0.0,0.0,0.0,-0.0,0.0,-0.0,0.0,0.0,0.0,0.0,-0.0,-0.0,-999999.0,0.028126455636188652,0.07862755539265372,-0.07862755539265372,-0.07862755539265372,-0.0,0.027853950183658247,0.0,0.0,0.0,0.0,0.03405344922872834,0.002403887384822917,0.0,0.0,0.0,0.0,0.0,0.0,0.0,0.0,0.0,0.0,0.0,0.0,0.0,0.0,0.0,0.0,0.0,0.0,0.0,0.0,0.0,0.0,0.0,0.0,0.0,0.0,0.0,0.0,2.4337766170569712,0.0002141114269882884,2.4283518120840952,999999.0,0.015639866507735432,0.0,0.0,0.0,0.0,0.0,0.0,0.0,0.028846648617876672,0.0,0.0,0.010763965374956677,-0.0,0.0,0.0,0.0,0.009810196291099894,0.025450062798835327,0.0,0.025450062798835327,-0.010763965374956677,0.027853950183658247,0.0,0.0,0.0160291600113505,0.0,0.0,0.0,0.0,0.005576629439285876,0.0,0.0,0.0,0.15370280756482002,0.0,0.0,0.0,0.0,0.0,0.0,999999.0,0.0,-0.0,0.0,0.0,-0.028064817498116373,-0.028347055288237298,0.027853950183658247,0.027853950183658247,0.0,0.0,0.0,0.0,0.32364313058546074,0.0,0.32364313058546074,0.0,0.0,0.0006423342809648647,0.0,0.0,-999998.2112932247,0.0,0.0,0.025722568251365735,0.025722568251365735,-0.0,0.0,0.0,0.0,0.005576629439285876,0.007523096957361225,0.0,0.0,0.0,0.0,0.0,0.0,0.0002141114269882884,0.0002141114269882884,0.0002141114269882884,0.0002141114269882884,0.0,0.0,0.0,0.0,999999.0,-999999.0,999999.0,0.0,0.0,0.0,0.0,0.005576629439285876,-0.0011711246233753192,0.0,-0.0,-0.0,0.0,-0.0,-0.0,-0.0,-0.0,-0.0,0.0,-0.0,0.0,0.0,0.0,-0.0,-0.0,-0.0,2.5036382559819725,-0.0,-0.0,-0.0,-0.0,-0.0,-0.0,-0.0,-0.0,-0.0,-0.0,-0.0,-0.0,-0.0,0.0,4.903304325065694e-17,0.0,-0.0,-0.0,-0.0,-0.0,-1.0,-0.0,-0.0,-0.0,3.663658930803649,0.4907531229944767,-0.0,-0.0,-0.0,-0.0,-0.0,0.0,0.0,0.0,0.0,0.0,0.0,0.0,0.0,0.0,-0.0,0.0,-0.0,0.0012846685619297305,0.0,-0.0,-0.0,-0.0,-0.0,-0.0,0.0,-6.938893903907228e-18,0.038695774259337914,0.0,0.0,0.0024038873848230566,0.025450062798835327,0.0,0.0,0.0,0.0018199471294004514,0.0,0.0,0.004934295158321012,0.01599023066098898,0.009537690838569196,0.0,0.0,999999.0,0.0,999999.0,0.0,0.0,-0.04465196486464851,0.0,0.0,0.0,-0.0,0.0,0.0,0.0,0.0,0.0,0.0,0.0,0.20385354316803145,0.0,0.0,0.0,0.0,0.0,0.0,0.0,0.0,0.0,0.0,0.0,0.0,0.0,0.0,0.0,0.0,0.509993954410922,0.0,5.43874540640038,0.0,5.413295343601544,-0.0,0.005576629439285876,0.0,0.0,0.0002141114269882884,0.0,6.812636313263722e-5,0.0002141114269882884,0.0002141114269882884,0.0002141114269882884,0.0002141114269882884,0.0002141114269882884,0.0002141114269882884,0.0,0.0,0.0,0.0,0.0,0.02640383188269211,0.0,0.010763965374956677,0.0,0.0,0.0,0.0,-0.0,-0.0,0.0,0.0,0.0,0.0,0.0,0.0,0.0,6.812636313263722e-5,0.0,0.0,0.02295858437569874,0.025722568251365735,0.0,0.0,0.0,0.0,0.025722568251365735,0.0,-0.025722568251365735,-999999.0,-0.0,0.0,0.0,0.0,-2.5036382559819725,0.0,-0.9149059968110652,-0.0,0.0,0.0,0.0,0.12700700555441669,0.0,0.0,0.0,0.0,0.12700700555441669,999999.0,999998.8729929945,0.0,0.0,0.0,0.09915305537075843,0.0,0.004350354902898405,0.0,2.4283518120840952,4.8567036241681905,0.0006423342809648647,-0.0,0.0,0.0,0.0,0.0,0.0,0.0,0.0,0.0,0.0,-0.002647195824582474,0.0,0.0,-0.0003503641532535628,0.0,0.0,0.0,0.0006423342809648651,0.0,0.0017031590783159304,0.0,0.0,0.0,0.0,-0.00023357610216904188,0.0,0.0,0.0,0.0,0.025722568251365735,0.0,0.0009265185386038665,0.0017985359867016227,0.0004905098145549881,0.0,0.0,-0.00023357610216904188,0.0,0.054598413882013544,0.01875421453665599,0.0,0.0,0.0,0.0003503641532535628,-0.0,0.0003503641532535628,0.0,0.0,0.0,0.010763965374956677,0.0,-0.010763965374956677,-0.010763965374956677,0.0,0.0,0.0,0.025722568251365735,0.025722568251365735,0.0,0.0,0.0,0.0,0.0,0.0004282228539765768,0.0,0.0,0.0,0.0,0.07862755539265372,0.07862755539265372,-0.07862755539265372,0.0,0.0,0.0,0.0012846685619297305,0.0,0.0,0.0,0.0,0.0,0.0,0.0,0.0,0.0,0.0,0.0,0.0,0.0,-0.0,0.0,0.025722568251365735,0.0,0.0,0.0,0.0,0.0,0.0,0.0,0.0,0.0,0.6162224192098846,0.0,0.0,6.812636313263722e-5,6.812636313263722e-5,0.0,0.0,0.0,0.0,0.0,0.0,0.0,0.0,0.0,0.0,6.938893903907228e-18,0.0,0.0,0.0,0.0,0.0,0.0,0.0,0.0,-0.0,0.0,-0.0020710414392321715,0.0,-0.0,0.0,0.0020710414392321715,0.0,0.0,0.0,0.0,0.0,0.0,0.0,0.0,0.0,0.0,0.0,0.0,0.0,0.0,0.0,0.0,0.0,-0.0,0.0,0.0,0.005450109050610979,0.0,0.0,-0.0,0.005341106869598758,0.0,0.0,0.0050141003265621,0.0,-0.0,0.0,0.004469089421501002,0.0,0.0020710414392321715,0.0,-0.0,0.0,0.0,0.0,0.0,0.0,0.005450109050610979,0.0,0.7270501040528239,-0.0,0.0,0.0,0.0,0.0,1.4698128261540941,0.0,0.0,0.0,0.0,0.0,0.0,-4.903304325065694e-17,0.0,0.0,0.0,0.0,0.0,0.0,0.0,-1.469598714727106,0.0,0.03645733661355126,0.0,0.0,0.0,0.0,0.0,0.0,0.0,0.0,0.0,0.0,0.0,0.0160291600113505,-0.0,0.0,0.006218963720250603,0.0,0.0,0.0002822377901209256,-0.3381784347072696,0.0,0.0002822377901209256,0.0,0.0,0.0,999999.0,-999998.8368178956,0.0,0.0,1.4275666117217507,0.009537690838569196,0.0,0.0024038873848230566,0.05046217040610342,0.0,0.0,0.0,-0.0,-999999.0,0.0,-0.0,0.0,-0.0,0.0,0.0,0.0,0.0,999999.0,-999998.2112932247,-999998.999766424,999999.0,0.0,-0.0,1.0,0.0,0.07956185980132986,0.0,0.0,0.0,0.0,0.006218963720250603,0.0,0.0,0.0,-1.1924138708630676,0.3381784347072696,0.0,0.009537690838569196,0.0,0.0,0.0,-999993.6301498114,0.0,0.0,999993.584300769,0.0,0.0,0.7135244673909894,0.0,0.05046217040610342,0.0,0.0,0.0,0.0,999998.9248176921,0.0,0.004710451393742341,0.0002822377901209256,0.0004282228539765768,0.0,0.0,0.0,0.0,0.0,0.0,0.0,0.0,0.0,0.0,0.0,0.0,0.0,-3.663658930803649,-0.0002141114269882884,999987.9952211395,0.010763965374956677,0.0,0.0,0.0,0.0,0.0,0.0,0.0,0.0,0.0,0.027853950183658247,-0.0,0.0,0.027853950183658247,0.0,0.21880241370685005,0.0,0.0,0.0,0.0,0.0,0.0,0.0,0.3381784347072696,0.0,0.32364313058546074,0.0,0.027853950183658247,0.006452539822419782,0.006452539822419782,0.0,0.0,0.0,0.0,0.0,0.0,-0.0012846685619297305,-0.0012846685619297305,0.0,0.0,0.0,0.0,-0.0,0.0,0.0,0.0,0.004934295158321012,0.0,0.004934295158321012,0.0,0.006452539822419782,0.0,0.0,0.0,0.0,0.0,0.09915305537075843,0.0,0.0,0.0,0.006452539822419782,0.006452539822419782,0.0027639838756669958,-0.01875421453665599,-0.0,0.0,0.0,0.0,-0.01599023066098898,0.004710451393742341,0.0018199471294004517,0.0,