{"objective_value":1.5124295994663348,"time_limit":1800,"thermo_feasible":true,"dual_bound":1.5124295994663348,"solution":[-0.0,0.0,-0.0,-0.0,0.1685149059725186,-0.0,-0.6783806352558316,1.2288293879816041,0.0,0.0,0.0,0.0,0.0,0.0,0.5400659235254361,0.0,-0.0,0.02394781027794997,1.5124295994663348,0.0,0.0,0.0,0.5972493742516588,0.0,0.0,0.0,0.4638213225571393,0.0,0.0,0.0,-0.0,-0.0,0.0,0.0,-0.0,0.0,0.0,0.0,0.0,0.0,0.0,0.0,0.0,0.0,0.0,0.0,0.0,0.0,0.0,0.0,0.0,0.0,0.0,0.0,0.0,0.0,0.0,0.0,0.0,0.0,0.0,0.0,0.0,0.0,0.0,-0.0,0.0,0.0,0.0033273451188258947,0.0,0.0,-0.0,0.0,0.0,0.0,-293.61543105905014,0.0,0.0,0.009679549436584545,0.0,0.0,0.3116346065404389,0.0,7.624986422330256,0.0,0.0,0.0,0.1924627162504686,0.0,0.0,0.0,-0.0,0.0,0.0,0.0,0.0,-0.0,0.0,0.11191979036050878,0.0,0.09210696260749987,-0.0,0.0,0.0,-0.0,0.0,0.0,0.2986246871258294,-0.3310995754855188,0.0,0.0,0.0,0.0,0.0,0.0,0.0,-0.0,0.0,0.0,0.0,0.2668561033890391,0.0,0.0,0.0,0.0,0.02394781027794997,0.0,0.0,0.0,0.0,0.0,0.0,0.0,-0.0,0.0,0.02394781027794997,0.0,0.0,0.2986246871258294,292.0509413641259,0.0,0.2986246871258294,0.0,0.0,0.1799791223364939,0.0,0.0,-1.5124295994663351e-5,0.0,0.0,0.0,0.0,0.49607690862495796,0.0,0.0,-0.0,-0.0,0.0,0.0,0.0,0.0,0.0,0.0,0.5527733570201523,0.0,0.0,0.0,0.0,95.19052146783201,0.0,-0.1685149059725186,0.0,-0.0,0.18421392521499974,0.6783806352558316,0.0,0.0,0.0,0.0,0.0,0.0,0.0,0.023947810277949965,0.0,0.4421988727883689,0.0,0.0,0.0,-1.2288293879816041,-0.7090549761774079,0.0,0.0,0.0,0.0,0.0,0.0,0.0,0.19061150242074223,0.0,-0.5972493742516588,0.0,0.0,0.0,0.24144123639960685,0.0,0.020871528472635417,0.0,0.0,0.0,0.05082973397886459,-0.0,0.0,0.0,0.0,0.0,0.0,0.0,0.0,0.11966342990977656,0.0,0.05082973397886459,0.0,0.0,0.02394781027794997,0.0,0.0,-0.0,0.0,0.0,0.0,0.3113321206205456,0.4421988727883689,-0.0,0.18421392521499974,0.18421392521499974,0.0,0.0,0.0,0.0,0.16898905265197176,0.0,0.0,0.4159181398532421,0.3238111772457422,0.0,0.0,293.61543105905014,0.0,0.0,0.0,0.0,0.4159181398532421,0.0,0.0,-0.0,0.03720576814687184,0.0,0.24144123639960682,0.02268644399199502,0.0,-0.3116346065404389,0.4638213225571393,0.02394781027794997,0.0,-0.0,-1.8892408471661257,0.0,0.0,0.0,1.5124295994663351e-5,0.0,0.0,0.0,1.5124295994663351e-5,0.0,0.0,-0.0,0.3310995754855188,1.557283724097715,0.02268644399199502,1.5124295994663351e-5,0.09210696260749987,0.0,0.0,0.0,0.0,0.0,0.0,0.0,1.5124295994663351e-5,-1.5124295994663351e-5,0.0,0.0,0.0,0.0,0.24144123639960682,0.24144123639960682,0.0,0.0003024859198932631,0.00030248591989326704,0.0,0.0,0.0,0.0,1.8892408471661257,0.0,0.003327345118825894,0.0,0.0,0.0,0.0,0.0,0.0,0.0,0.035814332915362804,-0.0,0.0,0.0,0.0,0.0,0.0,-0.0,0.0,0.0,0.0,0.0,0.0,0.0,4.660034559832443,1.5124295994663351e-5,0.0,0.0,0.0,-3.9971729646967358,0.0,0.0,0.0,0.35995824467298776,0.009679549436584545,-13.833252815107638,0.02394781027794997,0.0,0.0,0.0,2.0887378734838347,0.0,1.6015842994957281,1.3788412302342732,-0.0,0.11436690145244532,0.0,0.0,-293.6082250882236,0.0,0.0,-0.0,0.0,0.0,0.0,0.0,0.3894506218625559,0.0,0.0,0.0,0.0,0.0,0.18421392521499974,0.0,0.16118718456312478,0.0,-0.0,-0.0,0.0,0.0,0.3277434942043548,0.0,0.0,-0.1793892747926969,0.0003024859198932631,0.0,0.0,0.0,0.0,1.438943543826235,3.2210910160062083,0.3599582446729878,0.0,0.0,13.833252815107638,0.0,0.0,0.0,0.1793892747926969,0.4638213225571393,0.0,0.02394781027794997,-0.0,0.0,-0.0,0.0,1.5124295994663351e-5,-289.8258730865462,0.7094126657776819,0.0,-0.11436690145244532,0.0,0.0,1.5124295994663351e-5,0.349454421104694,-0.0,0.0,0.1793892747926969,0.0,0.0,-0.3445677610688183,0.0,0.0,-0.0,0.0,0.0,293.6082250882236,0.0,292.0509413641259,0.0,0.1799791223364939,0.0,-0.0,0.1793892747926969,0.0,0.0,0.0,0.0,0.0,0.18421392521499974,0.18421392521499974,0.0,0.18421392521499974,0.349454421104694,0.0,0.349454421104694,0.0,0.0,0.16671360231957477,0.16671360231957477,1.207186520413241,0.18421392521499974,0.18421392521499974,0.10684407662469986,0.18421392521499974,0.0,0.0,0.0,0.18421392521499974,-0.0,0.0,0.0,0.0,0.02087152847263542,0.0,-0.5591270737675105,0.3748692880941263,0.0,0.0,0.0,-0.5377534186678522,0.0,-0.0,-0.0,0.0,0.0,0.0,0.0,-0.0,0.0033273451188258947,0.0,0.0,0.11436690145244532,0.0033273451188258947,0.0,0.0,0.0,0.0,-0.0,0.0,-0.0,0.001966158479306235,0.02268644399199502,0.0,0.0,0.0,0.0,0.0,-1.207186520413241,0.0,0.0,0.0,-0.15102214522511145,-0.0,-0.0,0.15102214522511145,0.0,0.0030248591989326702,0.0,0.0,0.05082973397886459,-0.0,0.0,-0.0030248591989326702,0.0,0.0,0.0,-0.0,0.0,0.0,0.3685155713467682,0.9168348231964925,0.04549388235194735,0.020145562264891576,-0.0,0.0,0.0,0.21520360770805969,0.7154086929247659,0.0,0.0,0.3445677610688183,0.0,0.0,0.0003024859198932631,0.0,0.0,0.0,1.207186520413241,0.0,0.0,0.0,0.0,0.0,0.0,0.0,0.0,0.0,0.16898905265197176,0.0,0.0,0.5591270737675105,0.5591270737675104,-0.0,0.3577742963313583,0.0,0.0,0.0,0.0,-0.0,0.0,0.0,0.5377534186678522,0.0,1.3788412302342732,-1.5124295994663351e-5,0.0,0.0,0.0,-0.25414866989432294,0.0,0.0,0.0,0.0,0.0,0.0,0.0,0.41591813985324194,0.0,0.0,0.0,0.25414866989432294,0.0,0.0,0.0,0.0,0.0,0.0,0.00030248591989326704,-1.042699214464007,-0.0,0.0,0.18421392521499974,0.18421392521499974,0.02394781027794997,0.0,6.353716747358073,-0.00030248591989326704,0.0018421392521499975,0.02394781027794997,0.0,0.0,0.0,0.0,0.0,0.0,-0.0,0.12707433494716147,0.003327345118825894,0.0,0.0,0.0,3.27029929919324,0.0,0.0,0.0,0.0,0.0,0.0,0.0,0.0,0.0,0.0,0.0,-0.0,0.0,0.0,0.0,-0.0,-0.0,-0.0,0.0030248591989326702,0.0030248591989326702,-0.0,12.90249154015932,0.0,0.4421988727883689,0.0,0.0,0.0,0.0,0.27320982013639716,0.0,0.0,0.0,0.41622062577313534,0.0,0.0,0.0,0.0,0.0,0.0,0.0,0.0,0.0,0.0,0.0030248591989326702,0.0,-0.0,0.0,0.0,0.1799791223364939,0.0,0.0,2.6688998181206456,-0.0,0.0,0.3599582446729878,0.0,-0.4256990220729908,0.0,1.889225722870131,0.33742304364093934,0.0,4.660034559832443,0.0,0.0,0.0,0.0,0.0,0.0,0.0,-0.0,0.02394781027794997,0.0,0.0,0.49758933822442414,0.3894506218625559,-0.0,-0.0,0.17997912233649385,0.3894506218625559,4.660034559832443,0.0,0.0,0.0,0.0,0.0,0.4256990220729908,0.0,0.0,0.0,0.0,0.0,0.4159181398532421,0.0,0.0,0.2541486698943229,-1.5124295994663351e-5,0.003327345118825894,0.0,0.0,0.0,0.00030248591989326704,-0.7942145934197593,0.0,1.042699214464007,-0.03581433291536281,-0.0,0.0,0.0,0.02394781027794997,9.1856322774276,0.0,0.0,0.0,0.0,-0.0,0.22913308431914992,0.0,0.00030248591989326704,0.0,-0.0,0.0,0.0,2.6805361974480893e-17,0.24144123639960682,0.00030248591989326704,0.0,0.0,0.22913308431914992,0.0,0.19061150242074223,0.0,0.0,0.0,0.0,0.42570658422096275,0.0,0.0,0.0,0.0,0.0508297339788646,-0.22913308431914992,0.0,0.0,0.0,0.0,0.0,0.0,0.0,-0.0,0.0003024859198932671,0.0,-0.0,0.0,0.0,0.0,0.0,0.0,-0.0,0.0,0.0,-5.551115123125783e-17,0.2732098201363971,0.0,0.0,-0.0,-0.0,0.0,-0.0,0.0,0.0,0.0,0.0,0.0,0.0,0.0,0.0,0.0,0.03581433291536281,1.5124295994663351e-5,-0.0,0.7942145934197593,0.0,0.0,0.0,0.0009210696260749988,0.24144123639960682,0.0,0.0,0.0,0.6308918582621628,0.0,0.0,0.0,0.0,0.0,0.0,0.0055264177564499925,0.0,0.0,0.10500193737254986,0.0,0.03581433291536279,0.020145562264891576,0.0,0.0,0.0,2.6688998181206456,0.0,0.0,0.0,0.0,0.1799791223364939,0.0,1.5124295994663351e-5,0.0,0.0,0.020145562264891576,0.0,0.0,0.37486928809412623,0.0,0.0,0.0,0.0,0.22913308431914992,0.0,0.0,0.24144123639960682,0.24144123639960682,0.0,0.0,0.0,0.02394781027794997,-0.0,0.0,0.18329285558892475,0.0,0.0,0.0,0.0,0.0,-4.5004097728915124e-7,-4.5004097728915124e-7,0.0,0.0,0.0,0.0,0.0,0.0,0.03581433291536281,0.0,0.35995824467298776,0.0,0.0,0.0,0.37486928809412634,0.0,0.0,0.0,0.0,0.0,0.4638213225571393,0.0,0.0,0.043769712608607514,0.0,5.551115123125783e-17,0.0,0.0,0.0,0.0,0.0,0.0,0.0,0.0,0.0,0.0,0.0,0.0,0.0,0.0,0.0,0.0,-0.0,0.009679549436584547,0.009679549436584547,-0.0,0.009679549436584545,0.0,0.0,0.0,0.0,0.0,0.0,0.0,0.0,0.0,0.0,0.0,0.41934530532563286,0.0,0.0,-0.0,0.0,0.0,-0.0,0.24144123639960682,0.0,0.0,1.5124295994663351e-5,0.0,0.0,0.0,0.0,0.0,0.0,0.0,2.181746244132539,0.0,0.0,0.0,0.0,0.0,0.07610545744514594,0.0,0.0,0.0,0.05082973397886459,