{"objective_value":0.6431175998802993,"time_limit":1800,"thermo_feasible":true,"dual_bound":0.6431175998802993,"solution":[-0.0,0.0,-0.0,-40.205763145149206,-0.12042180561236214,-0.0,-0.0,0.6035768004868587,0.0,0.0,0.0,0.0,0.0,0.0,0.22964764815325656,0.0,-0.0,0.0,0.6431175998802993,0.0,0.0,0.0,0.44604125007817086,0.0,0.0,0.0,0.0,0.0,0.0,0.0,0.0,-0.0,0.0,0.0,-0.0,0.0,0.0,0.0,0.0,0.0,0.0,0.0,0.0,0.0,0.0,0.0,0.0,0.0,0.0,0.0,0.0,0.0,0.0,0.0,0.0,40.205763145149206,0.0,0.0,0.0,0.0,-0.0,0.0,0.0,0.0,0.0,-0.0,0.0,0.0,0.0014148587197366587,0.0,0.0,-0.0,0.0,0.1027553651436503,0.0,-1.8040062675888227,0.0,0.0,0.004115952639233917,0.0,0.0,0.1325137383377358,0.0,3.5390657910348686,0.0,0.0,0.0,0.0,-0.0,0.0,0.19207796859103987,-0.0,0.0,0.0,0.0,0.19207796859103987,-0.0,0.0,0.04759070239114215,0.0,0.0391658618327102,-0.0,0.0,0.0,-0.0,0.0,0.0,0.12698164074356547,-0.0,0.0,0.0,0.0,0.0,0.0,0.0,0.0,0.0,0.0,0.0,0.0,0.11347295555807978,0.0,0.0,0.0,0.0,0.12042180561236214,0.0,0.0,0.0,0.0,0.0,0.0,0.0,-0.0,0.0,0.0810521111129141,0.0,0.0,0.12698164074356547,0.0,0.1269816407435655,0.0,0.0,0.0,0.07653099438575561,0.0,0.0,-6.431175998802992e-6,40.205763145149206,0.0,0.0,0.0,0.2109425727607381,0.0,0.0810521111129141,-0.0,-0.0,0.0,0.0,0.0,0.0,0.0,0.0,0.23505112222745095,0.0,0.0,0.0,0.0,0.0,0.0,0.12042180561236214,0.0,0.0,0.0783317236654204,0.0,0.0,0.0,0.0,0.0,0.0,0.0,0.0,0.010183124076504652,1.6997967779394187,0.0,0.0,0.0,0.0,-0.6035768004868587,-1.8132697334974985,0.0,0.0,0.0,0.0,0.0,0.0,0.0,0.0810521111129141,0.0,-0.44604125007817086,0.0,0.0,0.0,0.1026660074096912,0.0,0.008875022878348128,0.0,0.0,0.0,0.0216138962967771,-0.0,0.0,0.0,0.0,0.0,0.0,0.0,0.0,0.15363882964617961,0.0,0.0216138962967771,0.0,0.0,0.0,0.0,0.0,0.0,0.0,0.0,0.0,0.13238511481775975,1.6997967779394187,-0.0,0.0783317236654204,0.0783317236654204,0.1027553651436503,0.0,0.0,0.0,1.583622085344242,0.0,0.0,0.1768573399670823,0.1376914781343721,0.1027553651436503,0.0,1.8040062675888227,0.0,0.0,0.0,0.0,0.1768573399670823,0.0,0.0,-0.0,0.015820692957055377,0.1026660074096912,-0.0,0.009646763998204489,0.0,-0.1325137383377358,0.0,0.0,0.0,-0.0,-40.876728487059175,0.0,0.0,0.0,6.431175998802992e-6,0.0,0.0,0.0,6.431175998802992e-6,0.0,0.0,-0.0,0.0,0.37372849964243937,0.009646763998204489,6.431175998802992e-6,0.0391658618327102,0.0,0.0,0.0,0.0,0.0,0.0,0.0,6.431175998802992e-6,-6.431175998802992e-6,0.0,0.1009823967580381,0.0,0.0,0.1026660074096912,0.1026660074096912,0.0,0.0001286235199760599,0.00012862351997605968,0.0,0.0,0.0,0.0,40.876728487059175,0.0,0.001414858719736659,0.0,0.1027553651436503,0.0,0.0,0.0,0.0,0.0,0.015229024765165487,-0.0,0.0,0.0,0.1027553651436503,0.0,0.0,0.0,0.0,0.0,0.0,0.0,0.0,0.0,1.5475860087299784,6.431175998802992e-6,0.0,0.0,1.3169883690444404,-1.2657229995248405,0.0,0.0,0.0,0.15306198877151123,0.004115952639233917,37.342060799227774,0.0,0.0,0.0,0.0,0.0,0.0,0.9177622215319561,0.5863129516356718,-0.0,0.048631266667748446,1.1249104004534005,0.0,-0.37372849964243937,0.0,0.0,0.2683581471128415,-0.1009823967580381,0.0,0.0,0.0,0.0,0.0,0.0,0.0,0.0,0.0,0.0783317236654204,0.0,0.06854025820724285,0.0,0.0,-0.0,0.0,0.0,0.13936358389406087,0.0,0.0,-0.0,0.0001286235199760599,0.0,0.0,0.0,0.0,0.0,1.5475860087299784,0.15306198877151123,0.0,0.01018312407650465,-37.342060799227774,0.0,0.0,0.0,0.07628017852180165,0.0,0.0,0.0,-0.0,0.0,0.0,-0.0,6.431175998802992e-6,38.17018857650128,0.3779377043336555,0.0,-0.048631266667748446,0.0,0.0,6.431175998802992e-6,0.14859553704034256,-0.0,0.0,0.0,0.0,0.0,-0.156700748151634,0.0,0.2683581471128415,-0.0,0.0,0.0,0.37372849964243937,-0.2683581471128415,0.0,0.0,0.07653099438575561,-0.0,-0.0,0.0,0.0,0.0,0.0,0.0,0.0,0.0783317236654204,0.0783317236654204,0.0783317236654204,-0.0,0.14859553704034256,0.0,0.14859553704034256,0.0,0.07089020991720546,-0.0,0.07089020991720546,-0.0,0.0783317236654204,0.0783317236654204,0.04543239972594384,0.0783317236654204,0.0,0.0,0.0,0.0783317236654204,-0.0,0.11023868153585749,0.0,0.0,0.008875022878348128,-0.0,-0.237752859264548,0.15940248518873107,0.07628017852180165,0.0,0.0,-0.22866432134303966,0.0,-0.0,-0.0,0.0,0.0,0.0,0.0,-0.0,0.001414858719736659,0.0,-0.0,0.04863126666774845,0.001414858719736659,-0.0,0.0,0.0,0.0,0.0,0.0,-0.0,0.0008360528798443891,0.009646763998204489,0.0,0.0,0.0,0.0,0.0,0.0,0.0,0.01018312407650465,0.0,-0.054034740741942755,0.0,0.0,0.054034740741942755,0.0,0.0012862351997605988,0.0,0.0,0.0216138962967771,-0.0,0.0,-0.0012862351997605988,42.445398356346374,0.0,0.0,-0.0,0.0,0.0,0.156700748151634,0.4926132541910878,0.019344977404399406,0.0,-0.0,0.0,0.008566326430405589,0.07628017852180165,1.8159714705345955,0.0,0.0,0.156700748151634,0.07628017852180165,0.0,0.0001286235199760599,0.0,0.0,0.0,0.0,0.0,0.0,0.0,0.0,0.0,0.0,0.0,0.0,0.0,1.583622085344242,0.0,0.0,0.237752859264548,0.23775285926454806,-0.0,0.15213332695728413,0.0,0.0,0.0,0.0,0.0,0.0,0.0,0.22866432134303966,0.0,0.5863129516356718,-6.431175998802992e-6,0.0,0.0,0.0,-0.10806948148388551,0.0,0.0,0.0,0.0,0.0,0.0,0.0,0.1768573399670823,0.0,0.0,0.0,0.10806948148388551,0.0,0.0,0.0,0.0,0.0,0.0,0.00012862351997605968,-0.44337813570950635,-0.0,0.0,0.0783317236654204,0.0783317236654204,0.0,0.0,2.7017370370971374,-0.00012862351997605968,0.000783317236654204,0.12042180561236214,0.0,0.01018312407650465,0.0,0.0,0.0,0.0,-0.0,0.054034740741942755,0.001414858719736659,0.0,0.0,0.0,1.1222434629915456,0.0,0.0,0.0,0.0,0.0,0.0,0.0,0.0,0.0,0.0,0.0,-0.0,0.0,0.0,0.0,0.0,-0.0,-0.0,0.001286235199760599,0.001286235199760599,0.0,5.671832221307115,1.6997967779394187,0.0,0.0,0.0,0.0,0.0,0.11617469259517685,0.0,0.0,0.0,0.06566427191300248,42.445398356346374,0.0,0.0,0.0,0.0,0.0,0.0,0.0,0.0,0.0,0.0,0.001286235199760599,-0.0,0.0,0.0,0.07653099438575561,0.0,0.0,0.8665154668103432,0.0,0.0,0.15306198877151123,0.0,-39.699532554510654,0.0,40.87672205588318,0.1434795365332948,0.0,1.5475860087299784,0.0,0.0,0.0,0.0,0.0,0.0,0.0,0.19207796859103987,0.12042180561236214,0.0,0.0,0.21158569036061847,0.0,0.0,-0.0,0.07653099438575561,0.0,0.0,0.0,1.5475860087299784,0.0,0.0,0.0,39.699532554510654,0.0,0.0,0.0,0.0,0.0,0.1768573399670823,0.0,-0.19207796859103987,0.10806948148388551,-6.431175998802992e-6,0.001414858719736659,0.0,0.0,0.0,0.00012862351997605968,-0.2265516088025993,0.0,0.44337813570950635,-0.015229024765165487,-0.0,0.0,0.0,0.12042180561236214,4.202685979999338,0.0,0.0,0.0,0.0,-0.0,0.20018768152551564,0.0,0.00012862351997605968,0.0,-0.0,0.0,0.0,0.0,0.1026660074096912,0.00012862351997605968,0.0,0.1027553651436503,0.0,0.06817046558732588,0.0810521111129141,0.0,0.0,0.0,0.0,0.0,0.2912582786093792,0.0,0.0,0.0,0.0216138962967771,-0.09743231638186534,0.0,0.0,0.0,0.0,0.0,0.0,40.205763145149206,-0.0,0.00012862351997605968,0.0,0.0,0.0,0.0,0.0,0.0,0.0,0.0,-0.0,0.0,-0.19722680370809104,0.1161746925951769,0.0,0.0,0.0,-0.0,0.0,0.0,0.0,0.0,0.0,0.0,0.0,0.0,0.0,0.0,0.0,0.015229024765165487,6.431175998802992e-6,-0.0,0.2265516088025993,0.0,0.0,0.0,0.000391658618327102,0.0,0.1026660074096912,0.0,0.0,0.0,0.1026660074096912,0.0,0.0,0.0,-0.0,0.0,0.002349951709962612,0.0,0.0,0.04464908248928963,0.0,0.0,0.0,0.11132169157405589,0.0,0.0,0.8665154668103432,0.015229024765165487,0.0,0.008566326430405589,0.0,0.07653099438575561,0.0,6.431175998802992e-6,0.0,0.0,0.0,0.0,0.0,0.15940248518873107,39.50833304894864,0.0,0.0,0.0,0.20018768152551564,0.0,0.0,0.1026660074096912,0.1026660074096912,0.0,0.0,0.0,0.0,-0.0,0.0,0.07794006504709329,0.0,0.0,0.0,0.0,0.0,0.0,0.0,0.0,0.0,0.0,0.0,0.0,0.0,0.0,0.015229024765165487,0.15306198877151123,0.0,0.0,0.0,0.048236964354188255,0.0,0.0,0.0,1.1249104004534005,0.0,0.0,0.0,0.0,0.15099232949783856,0.0,0.19722680370809104,0.0,0.0,0.0,0.0,0.0,0.0,0.0,0.0,0.0,0.0,0.0,0.0,0.0,0.0,0.0,0.0,-0.0,0.004115952639233917,0.004115952639233917,0.0,0.004115952639233917,0.0,0.0,0.0,0.0,0.0,0.0,0.0,0.0,0.0,0.2683581471128415,0.0,0.1783146444484111,0.0,0.0,0.0,0.0,0.0,0.0,0.1026660074096912,0.0,0.0,6.431175998802992e-6,0.0,0.0,0.0,0.0,0.0,0.0,0.0,0.659367287888899,0.0,0.0,0.0,0.0,0.0,0.13511704276962697,0.0,0.0,0.0,0.021613896296777103,0.0216138962967771,