{"objective_value":0.5560746407879601,"time_limit":1800,"thermo_feasible":true,"dual_bound":0.5560746407879601,"solution":[-0.0,0.0,-0.0,-0.0,-0.008804885862236567,-0.0,-0.0,0.45180341666988744,0.0,0.0,0.0,0.0,0.0,0.0,33.55961515241488,0.0,-0.0,0.0,0.5560746407879603,0.0,0.0,0.0,0.2815483756759121,0.0,0.0,0.0,0.0,0.0,0.0,0.0,0.0,-0.0,0.0,0.0,0.0,0.0,0.07008208697850661,0.0,0.0,0.0,0.0,0.0,0.0,0.0,0.07008208697850661,0.0,0.0,0.0,0.0,-0.0,-0.0,0.0,0.0,-0.0,0.0,0.0,0.0,0.0,0.0,0.0,0.0,0.0,0.0,0.0,0.0,-0.0,0.0,0.0,0.0012233642097335131,0.0,0.0,-0.0,0.0,0.0,0.0,-34.987165521648606,0.0,0.0,0.003558877701042946,0.0,0.0,0.10577373779748184,0.0,2.8034769931152526,0.0,0.0,0.0,0.0,0.0,0.0,0.07076272233882791,-0.0,0.0,0.0,0.0,0.07076272233882791,-0.0,0.0,0.04114952341830906,0.0,0.0338649456239868,-0.0,0.0,0.0,-0.0,0.0,0.0,0.10979526959966039,-0.0,0.0,0.0,0.0,0.0,0.0,0.0,0.0,0.0,0.0,0.0,0.07008208697850661,0.09811492176990928,0.0,0.0,0.0,0.0,0.008804885862236567,0.0,0.0,0.008804885862236567,0.0,0.0,0.0,0.0,-0.0025078469793697877,0.0025078469793697873,0.0,0.0,0.0,0.10979526959966038,0.0,0.0,0.10979526959966038,0.0,0.0,0.06617288225376729,0.008804885862236567,0.0,-5.560746407879601e-6,0.0,0.0,0.0,0.0,0.18239248217845097,0.0,0.0,-0.0,-0.0,0.0,0.0,0.0,0.0,0.0,0.0,0.2032380522376692,0.0,0.0,0.0,0.0,0.0,0.0,0.008804885862236567,0.0,0.0,0.0677298912479736,0.0,0.0,0.0,0.0,0.0,0.0,0.0,0.0,0.008804885862236567,0.0,34.75455171436203,0.0,0.0,0.0,-0.45180341666988744,-34.85266663613194,0.0,0.0,0.0,0.0,0.0,0.0,0.0,0.07008208697850662,0.0,-0.2815483756759121,0.0,0.0,0.0,0.08877064350610839,0.0,0.007673830042873849,0.0,0.0,0.0,0.018688556527601766,-0.0,0.0,0.0,0.0,0.0,0.0,0.0,0.0,0.04399662557914341,0.0,0.018688556527601766,0.0,0.0,0.0,0.0,0.008804885862236567,0.0,0.0,0.0,0.0,0.11446740873156085,34.75455171436203,-0.0,0.0677298912479736,0.0677298912479736,0.0,0.0,0.0,0.0,0.0,1.2930514837170648,0.0,0.15292052621668903,0.11905558059270224,0.0,0.0,34.987165521648606,0.0,0.0,0.0,0.0,0.15292052621668906,0.0,0.0,0.0,0.0,0.08877064350610839,0.0,0.008341119611819402,0.0,-0.10577373779748184,0.0,0.0,0.0,-0.0,-0.7107095451221991,0.0,0.0,0.0,5.560746407879601e-6,0.0,0.0,0.0,5.5607464078796e-6,0.0,0.0,-0.0,0.0,0.32314609525469956,0.008341119611819402,5.5607464078796e-6,0.0338649456239868,0.0,0.0,0.0,0.0,0.0,0.0,0.0,5.5607464078796e-6,-5.560746407879167e-6,0.0,0.13782810439106302,0.0,0.0,0.08877064350610839,0.08877064350610839,0.0,0.0001112149281575921,0.00011121492815759208,0.0,0.0,0.0,0.0,0.7107095451221991,0.0,0.0012233642097335131,0.0,0.0,0.0,0.0,0.0,0.0,-0.0,0.013167847493858896,-0.0,0.0,0.0,0.0,0.0,0.0,0.0,0.0,0.0,0.0,0.0,0.0,0.0,2.111257381532612,5.560746407879167e-6,0.0,0.0,0.07076272233882791,-1.5978287131919655,0.0,0.0,0.0,0.13234576450753457,0.003558877701042946,64.20644349527625,0.0,0.0,0.0,0.0,0.7125434792875185,0.0,0.5334318374897165,0.5069582359910825,-0.0,0.04204925218710398,0.0,0.0,-0.32314609525469956,0.0,0.0,0.07076272233882791,-0.13782810439106302,0.0,0.0,-0.0,0.0724264976640683,0.0,0.0,0.0,0.0,-0.0,0.0677298912479736,0.0,0.05926365484197691,0.0,-0.0,-0.0,0.0,0.0,0.12050137465875099,0.0,0.0,-0.06595601314385964,0.0001112149281575921,-0.0,0.0,0.0,0.0,0.0,2.111257381532612,0.13234576450753457,0.0,0.0,-64.20644349527625,0.0,0.06595601314385965,0.0,0.0,0.0,0.0,0.0,-0.0,0.0,-0.0,0.0,5.5607464078796e-6,-67.77911973679697,0.2608295906347967,0.0,-0.04204925218710398,0.0,0.0,5.5607464078796e-6,0.12848382612726217,-0.0,0.0,0.06595601314385964,0.0,0.0,-0.20557412180361945,0.0,0.07076272233882791,0.0,0.0,0.0,0.32314609525469956,-0.07076272233882791,0.0,0.0,0.06617288225376729,0.0,0.0,0.06595601314385965,0.0,0.0,0.0,0.0,0.0,0.0677298912479736,0.0677298912479736,0.0,0.0677298912479736,0.12848382612726217,0.0,0.12848382612726217,0.0,0.0,0.061295551579416116,0.061295551579416116,0.9320516150987137,0.0677298912479736,0.0677298912479736,0.0392833369238247,0.0677298912479736,0.0,0.0,0.0,0.0677298912479736,0.0,0.0,0.0,0.0,0.0,0.007673830042873849,-0.20557412180361942,0.13782810439106305,0.0,0.0,0.0,-0.19771567498000395,0.0,0.0,-0.0,0.0,0.0,0.0,0.0,-0.0,0.0012233642097335131,-0.0,0.0,0.04204925218710398,0.0012233642097335131,-0.0,0.008804885862236567,0.0,0.0,0.0,0.0,-0.0,0.0007228970330243484,0.008341119611819402,0.0,0.0,0.0,0.008804885862236567,0.0,-0.9320516150987137,0.0,0.0,0.0,-0.05552627718124098,-0.0,-0.0,0.05552627718124098,0.0,0.0011121492815759203,0.0,0.0,0.018688556527601766,-0.0,0.0,-0.0011121492815759203,102.53618146774625,0.0,0.0,-0.0,0.0,0.0,0.13549203482511285,0.33709244724566145,0.016726725194901843,0.0,-0.0,0.0,0.0,0.0,68.216051945007,0.0,0.0,0.20557412180361945,0.0,-0.0,0.00011121492815759208,-0.0,0.0,0.9320516150987137,0.0,0.0,0.0,0.0,0.0,0.0,0.0,0.0,0.0,0.0,1.2930514837170648,0.0,0.0,0.20557412180361942,0.20557412180361945,1.4210854715202004e-14,0.13154279272623673,0.0,0.0,-1.4210854715202004e-14,0.0,-0.0,0.0,0.0,0.19771567498000395,0.0,0.5069582359910825,-5.560746407879601e-6,0.0,0.0,0.0,-0.09344278263800883,0.0,0.0,0.0,0.0,0.0,0.0,0.0,0.15292052621668903,0.0,0.0,0.0,0.09344278263800883,0.0,0.0,-0.0,0.0,0.0,0.0,0.00011121492815759208,-0.38336897885201543,-0.0,0.0,0.0677298912479736,0.0677298912479736,0.008804885862236567,0.0,2.336069565950221,-0.00011121492815759208,0.000677298912479736,0.008804885862236567,0.0,0.0,0.0,0.0,0.0,0.0,-0.0,0.046721391319004414,0.0012233642097335131,0.0,33.361049239309104,0.0,1.4013419631681032,0.0,0.0,0.0,0.0,0.0,0.0,0.0,0.0,0.0,0.0,0.0,0.2434761693197247,0.0,0.0,0.0,0.0,0.0,0.0,0.0011121492815759201,0.0011121492815759203,0.0,4.906271022956364,34.75455171436203,0.0,0.0,0.0,0.0,0.0,33.461500230644965,0.0,0.0,0.0,0.15303174114484663,102.53618146774625,0.0,0.0,0.0,0.0,0.0,0.0,0.0,0.0,0.0,0.0011121492815759203,0.0,-0.0,0.0,0.0,0.06617288225376729,0.0,0.0,1.1802255551544603,0.0,0.0,0.13234576450753457,0.0,-0.16532154678090133,0.0,0.7107039843757912,0.12406025235979393,0.0,2.111257381532612,0.0,0.0,33.361049239309104,0.0,0.0,0.0,-0.2434761693197247,0.07076272233882791,0.008804885862236567,0.0,0.0,0.1829485568192389,0.0724264976640683,0.0,0.06617288225376729,0.0,0.0724264976640683,0.0,2.111257381532612,0.0,0.0,0.0,0.0,0.16532154678090133,0.0,0.0,0.0,0.0,0.0,0.15292052621668903,0.0,-0.07076272233882791,0.09344278263800883,-5.560746407879601e-6,0.0012233642097335131,0.0,0.0,0.0,0.00011121492815759208,-0.15418059135271459,0.0,0.38336897885201543,-0.013167847493858896,-0.0,0.0,0.0,0.008804885862236567,3.377279293451537,0.0,0.0,0.0,0.0,-0.0,0.08424530807937591,0.0,0.00011121492815759208,0.0,-0.0,0.0,0.2697144990746624,0.0,0.08877064350610839,0.00011121492815759208,0.0,0.0,0.013482585740548003,0.0,0.0700820869785066,0.0,0.0,0.0,0.0,0.0,0.15651944129186524,0.0,0.0,0.0,0.018688556527601766,-0.08424530807937591,0.0,0.0,0.0,0.0,0.0,0.0,0.0,-0.0,0.00011121492815759208,0.0,0.0,0.0,0.0,0.0,0.0,0.0,0.0,0.0,0.0,-0.1705330783143661,0.10045099133585948,0.0,0.0,0.0,-0.0,0.0,0.0,0.0,0.0,0.0,0.0,0.0,0.0,0.0,0.0,0.0,0.013167847493858896,5.560746407879601e-6,-0.0,0.15418059135271459,0.0,0.0,0.0,0.000338649456239868,0.0,0.08877064350610839,0.0,0.0,0.1611971411701767,0.0,0.0,0.0,0.0,0.0,0.008804885862236567,0.002031896737439208,0.0,0.0,0.03860603801134495,0.0,0.0,0.0,0.0,0.0,0.0,1.1802255551544603,0.0,0.013167847493858896,0.0,0.007406914215295633,0.06617288225376729,0.0,5.5607464078796e-6,0.0,0.0,0.007406914215295633,0.0,0.0,0.13782810439106302,0.0,0.0,0.0,0.0,0.0,0.08424530807937591,-0.0,0.08877064350610839,0.08877064350610837,0.0,0.0,0.0,0.0,-0.0,0.0,0.06739124179173374,0.0,0.0,0.0,0.0,0.0,0.0,0.0,0.0,0.0,0.0,0.0,0.0,0.0,0.013167847493858896,0.0,0.13234576450753457,0.0,0.0,0.0,0.0,0.0,0.0,0.0,0.0,0.0,0.0,0.0,0.0,0.0,0.0,0.1705330783143661,0.0,0.0,0.0,0.0,0.0,0.0,0.0,0.0,0.0,0.0,0.0,0.0,0.0,0.0,0.0,0.0,0.0,0.0035588777010429466,0.0035588777010429466,0.0,0.003558877701042946,0.0,0.0,0.0,0.0,0.0,0.0,0.0,0.0,0.0,0.07076272233882791,0.0,0.15418059135271456,0.0,0.0,0.0,0.0,0.0,0.0,0.08877064350610839,0.0,0.0,5.560746407879602e-6,0.0,0.0,0.0,0.0,0.0,0.0,0.0,