{"objective_value":1.1093414445476801,"time_limit":1800,"thermo_feasible":true,"dual_bound":1.1093414445476801,"solution":[-0.0,0.0,-0.0,-0.0,-0.01756531243296798,-0.0,-0.0,0.9013255022562111,0.0,0.0,0.0,0.0,0.0,0.0,66.94891752942796,0.0,-0.0,0.0,1.1093414445476806,0.0,0.0,0.0,0.5616751041546972,0.0,0.0,0.0,-0.0,0.0,0.0,0.0,0.0,-0.0,0.0,0.0,0.0,0.0,0.1398103022563441,0.0,0.0,0.0,0.0,0.0,0.0,0.0,0.1398103022563441,0.0,0.0,0.0,0.0,-0.0,-0.0,0.0,0.0,-0.0,0.0,0.0,0.0,0.0,0.0,0.0,0.0,0.0,0.0,0.0,0.0,-0.0,0.0,0.0,0.0024405511780048977,0.0,0.0,-0.0,0.0,0.0,0.0,-69.79681001113929,0.0,0.0,0.0070997852451051575,0.0,0.0,0.21101338287463703,0.0,5.592798141076264,0.0,0.0,0.0,0.0,0.0,-5.684341886080802e-14,0.1411681361844535,0.0,0.0,0.0,0.0,0.1411681361844535,-0.0,0.0,0.08209126689652836,0.0,0.06755889397295377,0.0,0.0,0.0,0.0,0.0,0.0,0.21903614020160592,-0.0,0.0,0.0,0.0,0.0,0.0,0.0,0.0,0.0,0.0,0.0,0.1398103022563441,0.19573442315888187,0.0,0.0,0.0,0.0,0.01756531243296798,0.0,0.0,0.01756531243296798,0.0,0.0,0.0,0.0,0.0,0.0,0.0,0.0,0.0,0.21903614020160592,0.0,0.0,0.21903614020160583,0.0,0.0,0.13201163190117393,0.01756531243296798,0.0,-1.1093414445476803e-5,0.0,0.0,0.0,0.0,0.3638639938116391,0.0,0.0,-0.0,-0.0,0.0,0.0,0.0,0.0,0.0,0.0,0.4054498765433981,0.0,0.0,0.0,0.0,0.0,0.0,0.01756531243296798,0.0,0.0,0.13511778794590754,0.0,0.0,0.0,0.0,0.0,0.0,0.0,0.0,0.01756531243296798,0.0,69.33275695410477,0.0,0.0,0.0,-0.9013255022562111,-69.52849137726365,0.0,0.0,0.0,0.0,0.0,0.0,0.0,0.1398103022563441,0.0,-0.5616751041546972,0.0,0.0,0.0,0.1770930495247026,0.0,0.015308911934757986,0.0,0.0,0.0,0.037282747268358445,-0.0,0.0,0.0,0.0,0.0,0.0,0.0,0.0,0.08777109509261248,0.0,0.037282747268358445,0.0,0.0,0.0,0.0,0.01756531243296798,0.0,0.0,0.0,0.0,0.22835682701869553,69.33275695410477,0.0,0.13511778794590754,0.13511778794590754,0.0,0.0,0.0,0.0,0.0,2.5795738478356895,0.0,0.30506889725061204,0.23751000327765828,0.0,0.0,69.79681001113929,0.0,0.0,0.0,0.0,0.30506889725061204,0.0,0.0,0.0,0.0,0.1770930495247026,0.0,0.016640121668215206,0.0,-0.21101338287463703,0.0,0.0,0.0,-0.0,-1.4178304414718335,0.0,0.0,0.0,1.1093414445476803e-5,0.0,0.0,0.0,1.1093414445476802e-5,0.0,0.0,-0.0,0.0,0.6446605002555478,0.016640121668215206,1.1093414445476802e-5,0.06755889397295377,0.0,0.0,0.0,0.0,0.0,0.0,-0.0,1.1093414445476802e-5,-1.1093414445476803e-5,0.0,0.2749602611041435,0.0,0.0,0.1770930495247026,0.17709304952470262,0.0,0.00022186828890953614,0.00022186828890953658,0.0,0.0,0.0,0.0,1.4178304414718335,0.0,0.0024405511780048977,0.0,0.0,0.0,0.0,0.0,0.0,0.0,0.026269205406889075,-0.0,0.0,0.0,0.0,0.0,0.0,0.0,0.0,0.0,0.0,0.0,0.0,0.0,4.212711436447434,1.1093414445476803e-5,0.0,0.0,0.1411681361844535,-3.188017984388489,0.0,0.0,0.0,0.26402326380234786,0.007099785245105157,128.0869692326592,0.0,0.0,0.0,0.0,1.4214890495559505,0.0,1.0641701702671424,1.011356642775118,-0.0,0.08388618135380647,0.0,0.0,-0.6446605002555478,0.0,0.0,0.1411681361844535,-0.2749602611041435,0.0,0.0,-0.0,0.14448728578655803,0.0,0.0,0.0,0.0,-0.0,0.13511778794590754,0.0,0.11822806445266909,0.0,-0.0,-0.0,0.0,0.0,0.24039429103348237,0.0,0.0,-0.1315789887378012,0.00022186828890953614,-0.0,0.0,0.0,0.0,0.0,4.212711436447434,0.26402326380234786,0.0,0.0,-128.0869692326592,0.0,0.1315789887378012,0.0,0.0,0.0,0.0,0.0,-0.0,0.0,0.0,-0.0,1.1093414445476802e-5,-135.21342465189895,0.5203421512723121,0.0,-0.08388618135380647,0.0,0.0,1.1093414445476802e-5,0.25631888746996434,-0.0,0.0,0.1315789887378012,0.0,0.0,-0.4101102199519429,0.0,0.1411681361844535,0.0,0.0,0.0,0.6446605002555478,-0.1411681361844535,0.0,0.0,0.13201163190117393,0.0,0.0,0.1315789887378012,0.0,0.0,0.0,0.0,0.0,0.13511778794590754,0.13511778794590754,0.0,0.13511778794590754,0.2563188874699643,0.0,0.25631888746996434,0.0,0.0,0.12228159809104631,0.12228159809104633,1.860254171895531,0.13511778794590754,0.13511778794590754,0.07836831700862636,0.13511778794590754,0.0,0.0,0.0,0.13511778794590754,-0.0,0.0,0.0,0.0,0.0,0.015308911934757986,-0.41011021995194286,0.2749602611041434,0.0,0.0,0.0,-0.39443300665759506,0.0,-0.0,-0.0,0.0,0.0,0.0,0.0,-0.0,0.0024405511780048977,-0.0,0.0,0.08388618135380647,0.0024405511780048977,0.0,0.01756531243296798,0.0,0.0,0.0,0.0,-0.0,0.0014421438779119848,0.016640121668215206,0.0,0.0,0.0,0.01756531243296798,0.0,-1.860254171895531,0.0,0.0,0.0,-0.11077218060386408,-0.0,-0.0,0.11077218060386408,0.0,0.0022186828890953607,0.0,0.0,0.03728274726835845,-0.0,-5.684341886080802e-14,-0.0022186828890953607,204.55204619775463,0.0,0.0,-0.0,0.0,0.0,0.2702999176955987,0.672482783684804,0.033368990651994224,0.0,-0.0,0.0,0.0,0.0,136.08594006037384,0.0,0.0,0.4101102199519429,0.0,0.0,0.00022186828890953612,0.0,0.0,1.860254171895531,0.0,0.0,0.0,0.0,0.0,0.0,0.0,0.0,0.0,0.0,2.5795738478356895,0.0,0.0,0.41011021995194286,0.41011021995194286,-0.0,0.26242137475642113,0.0,0.0,0.0,0.0,-0.0,0.0,0.0,0.39443300665759506,0.0,1.011356642775118,-1.1093414445476803e-5,0.0,0.0,0.0,-0.18641373634179223,0.0,0.0,-0.0,-0.0,0.0,0.0,0.0,0.3050688972506121,0.0,0.0,0.0,0.18641373634179223,0.0,0.0,-0.0,0.0,0.0,0.0,0.00022186828890953655,-0.7648021787000352,-0.0,0.0,0.13511778794590754,0.13511778794590754,0.01756531243296798,0.0,4.660343408544806,-0.00022186828890953655,0.0013511778794590753,0.01756531243296798,0.0,0.0,0.0,0.0,0.0,0.0,-0.0,0.09320686817089609,0.0024405511780048977,0.0,66.55278833970166,0.0,2.796036622323344,0.0,0.0,0.0,0.0,0.0,0.0,0.0,0.0,0.0,0.0,0.0,0.485722932812295,0.0,0.0,0.0,0.0,0.0,0.0,0.0022186828890385173,0.0022186828890385173,0.0,9.787768376267728,69.33275695410477,0.0,0.0,0.0,0.0,0.0,66.75318310626908,0.0,0.0,0.0,0.3052907655395216,204.55204619775463,0.0,0.0,0.0,-5.684341886080802e-14,0.0,0.0,0.0,0.0,0.0,0.0022186828890385173,0.0,-0.0,0.0,0.0,0.13201163190117396,0.0,0.0,2.3549203089962933,0.0,0.0,0.26402326380234786,0.0,-0.3298083208054699,0.0,1.417819348057388,0.2474940762785875,0.0,4.212711436447434,0.0,0.0,66.55278833970166,0.0,0.0,0.0,-0.485722932812295,0.1411681361844535,0.01756531243296798,0.0,0.0,0.3649733352561869,0.14448728578655803,0.0,0.13201163190117393,0.0,0.14448728578655803,0.0,4.212711436447434,0.0,0.0,0.0,0.0,0.3298083208054699,0.0,0.0,0.0,0.0,0.0,0.30506889725061204,0.0,-0.1411681361844535,0.18641373634179217,-1.1093414445495497e-5,0.0024405511780048977,0.0,0.0,0.0,0.00022186828890953655,-0.30758266496395714,0.0,0.7648021787000352,-0.026269205406893814,-0.0,0.0,0.0,0.01756531243296798,6.737505390876141,0.0,0.0,0.0,0.0,-0.0,0.16806522884897362,0.0,0.00022186828890953655,0.0,-0.0,0.0,0.5384957211083659,0.0,0.1770930495247026,0.00022186828890953655,0.0,0.0,0.026897092664520117,0.0,0.1398103022563441,0.0,0.0,0.0,0.0,0.0,0.31224855507965166,0.0,0.0,0.0,0.037282747268358445,-0.16806522884897362,0.0,0.0,0.0,0.0,0.0,0.0,0.0,-0.0,0.00022186828890953655,0.0,0.0,0.0,0.0,0.0,0.0,0.0,0.0,0.0,0.0,-0.3402050688237708,0.20039476656742658,0.0,0.0,0.0,-0.0,0.0,0.0,0.0,0.0,0.0,0.0,0.0,0.0,0.0,0.0,0.0,0.026269205406893814,1.1093414445495497e-5,-0.0,0.30758266496395714,0.0,0.0,0.0,0.0006755889397295376,0.0,0.1770930495247026,0.0,0.0,0.3215803353112606,0.0,0.0,0.0,0.0,0.0,0.01756531243296798,0.004053533638377226,0.0,0.0,0.07701713912916729,0.0,0.0,0.0,0.0,0.0,0.0,2.3549203089962933,0.0,0.02626920540688908,0.0,0.014776428041375106,0.13201163190117396,0.0,1.1093414445476802e-5,0.0,0.0,0.014776428041375106,0.0,0.0,0.2749602611041434,0.0,0.0,0.0,0.0,0.0,0.16806522884897362,-0.0,0.1770930495247026,0.1770930495247026,0.0,0.0,0.0,0.0,-0.0,0.0,0.134442199006178,0.0,0.0,0.0,0.0,0.0,0.0,0.0,0.0,0.0,0.0,0.0,0.0,0.0,0.026269205406889075,0.0,0.26402326380234786,0.0,0.0,0.0,0.0,0.0,0.0,0.0,0.0,0.0,0.0,0.0,0.0,0.0,0.0,0.3402050688237708,0.0,0.0,0.0,0.0,0.0,0.0,0.0,0.0,0.0,0.0,0.0,0.0,0.0,0.0,0.0,0.0,0.0,0.007099785245105156,0.007099785245105156,0.0,0.007099785245105157,0.0,0.0,0.0,0.0,0.0,0.0,0.0,0.0,0.0,0.1411681361844535,0.0,0.3075826649639571,0.0,0.0,0.0,0.0,0.0,0.0,0.1770930495247026,0.0,0.0,1.1093414445476803e-5,0.0,0.0,0.0,0.0,0.0,0.0,0.0,1.9976014297074856,0.0,0.0,0.0,0.0,0.0,0.0,0.055822061489639294,0.0,0.0,