{"objective_value":1.3326910047221248,"time_limit":1800,"thermo_feasible":true,"dual_bound":1.3326910047221248,"solution":[-0.0,0.0,-0.0,-0.0,0.14848843174614645,-0.0,-0.901380220644861,1.0827941163536647,0.0,0.0,0.0,0.0,0.0,0.0,82.09763040203701,0.0,-0.0,0.3247208248285834,1.332691004722125,0.0,0.0,0.0,0.6432019903730654,0.0,0.0,0.0,0.4087003484911482,0.0,0.0,-0.0,0.0,-0.0,0.0,0.0,-0.0,0.0,0.0,0.0,0.0,0.0,0.0,0.0,0.0,0.0,0.0,0.0,0.0,0.0,0.0,0.0,0.0,0.0,0.0,0.0,0.0,0.0,0.0,0.0,0.0,0.0,-0.0,0.0,0.0,0.0,0.0,-0.0,0.0,0.0,0.0029319202103886754,0.0,0.0,-0.0,0.0,0.2304921601682688,0.0,-86.35754446687567,0.0,0.0,0.0085292224302216,0.0,0.0,0.274599648831989,0.0,6.613505764753657,0.0,0.0,0.0,0.0,0.0,0.0,0.11693030875432651,-0.0,0.0,0.0,0.11693030875432651,0.11693030875432651,-0.0,0.0,0.09861913434943723,0.0,0.08116088218757748,-0.0,0.0,0.0,-0.0,0.0,0.031558122991819926,0.2631358408093694,-0.0,0.0,0.0,0.0,0.0,0.0,0.0,0.0,0.0,0.0,0.0,0.0,0.23514266625518115,0.0,-0.0,0.0,0.0,0.0,0.0,0.0,0.0,0.0,0.0,0.0,0.0,-0.0,-0.0,0.0,0.0,0.0,0.2631358408093694,0.0,0.2631358408093694,0.0,0.0,0.0,0.15859022956193283,0.0,0.0,-1.3326910047221253e-5,0.0,0.0,0.0,0.0,0.43712264954885693,0.0,0.0,-0.0,-0.0,0.0,0.0,0.0,0.0,0.0,0.0,0.48708123724287516,0.0,0.0,0.0,0.0,0.0,0.0,-0.14848843174614645,0.0,0.0,0.16232176437515494,0.901380220644861,0.0,0.0,0.0,0.0,0.0,0.0,0.0,0.02110182936877015,84.86607473764039,0.0,0.0,0.0,0.0,-1.0827941163536647,-85.10121740389557,0.0,0.0,0.0,0.0,0.0,0.0,0.0,0.16795904732512942,0.0,-0.6432019903730654,0.0,0.0,0.0,0.2127481266118306,0.0,0.01839113586516532,0.0,0.0,0.0,0.04478907928670118,-0.0,0.0,0.0,0.0,0.0,0.0,0.0,0.0,0.33593467246188313,0.0,0.04478907928670118,0.0,0.0,0.021101829368770152,0.0,0.0,-0.0,0.0,0.0,0.0,0.2743331106310447,84.86607473764039,-0.0,0.16232176437515494,0.16232176437515494,0.2304921601682688,-0.0,0.0,0.0,3.0035870018585626,0.0,-0.0,0.3664900262985843,0.2853291441110068,0.2304921601682688,0.0,86.35754446687567,0.0,0.0,0.0,0.0,0.3664900262985843,0.0,-0.0,0.031558122991819926,0.03278419871616427,0.2127481266118306,0.0,0.019990365070831868,0.0,-0.274599648831989,0.4087003484911482,0.3247208248285834,0.0,-0.0,-0.0,0.0,0.0,0.0,1.3326910047221253e-5,0.0,0.0,0.0,1.3326910047221253e-5,0.0,0.0,-0.0,0.0,1.675833617308982,0.019990365070831868,1.3326910047221253e-5,0.08116088218757748,0.0,0.0,0.0,0.0,0.0,0.0,0.0,1.3326910047221253e-5,-1.3326910047221253e-5,0.0,0.0,0.0,0.0,0.2127481266118306,0.2127481266118306,0.0,0.0002665382009444251,0.0002665382009443811,0.0,0.0,0.0,0.0,0.0,0.0,0.002931920210388676,0.0,0.19893403717644886,0.0,0.0,0.0,0.0,0.0,0.03155812299181993,-0.0,0.0,0.0,0.2304921601682688,0.0,0.0,0.0,0.0,0.0,0.0,0.0,0.0,0.0,4.305165587904078,1.3326910047221253e-5,0.0,0.0,0.11693030875432651,-3.721079105118484,0.0,0.0,0.5870181102361992,0.31718045912386567,0.008529222430221603,155.8729216201121,0.021101829368770152,0.0,0.0,0.0,2.532213315209031,0.0,2.1029535425880344,1.2149784063480347,-0.0,0.10077542839507765,0.0,0.0,-1.675833617308982,0.0,0.0,-0.0,0.0,0.0,0.0,0.0,0.5421019708924042,0.0,0.0,0.0,0.0,0.0,0.16232176437515494,0.0,0.14203154382826058,0.0,0.0,-0.0,0.0,0.0,0.2887941407232844,0.0,0.0,-0.15807048007009233,0.0002665382009444251,0.0,0.0,0.0,0.0,4.305165587904078,0.0,0.3171804591238657,0.5870181102361992,0.0,-155.8729216201121,0.0,0.0,0.0,0.15807048007009233,0.4087003484911482,0.0,0.021101829368770152,-0.0,0.0,0.0,0.0,1.3326910047221253e-5,-167.68391846686103,0.6251053792199364,0.0,-0.10077542839507765,0.0,0.0,1.3326910047221253e-5,0.3079249200960706,-0.0,0.0,0.15807048007009233,0.0,0.0,0.0,0.0,0.11693030875432651,0.0,0.0,0.0,1.675833617308982,0.0,0.0,0.0,0.15859022956193283,0.0,0.15807048007009233,0.0,0.0,0.0,0.0,0.0,0.0,0.16232176437515494,0.16232176437515494,0.16232176437515494,0.0,0.3079249200960706,0.0,0.3079249200960706,0.0,0.14690119675951524,0.0,0.14690119675951524,1.823478879516853,0.16232176437515494,0.16232176437515494,0.09414662333758986,0.16232176437515494,0.0,0.0,0.0,0.16232176437515494,-0.0,-0.02110182936877015,0.0,0.0,-0.0,0.01839113586516532,-0.4926798721537127,0.3303194597394211,0.0,0.0,0.0,-0.47384628287497976,0.0,-0.0,-0.0,0.0,0.0,0.0,0.0,-0.0,0.0029319202103886754,-0.0,0.0,0.10077542839507765,0.002931920210388676,-0.0,0.0,0.0,-0.0,0.0,0.0,-0.0,0.0017324983061387622,0.019990365070831868,0.0,0.0,0.0,0.0,0.0,-1.823478879516853,0.0,0.0,0.0,-0.1330745275855231,0.0,0.0,0.1330745275855231,0.0,0.0026653820094442488,0.0,0.0,0.04478907928670118,-0.0,0.0,-0.0026653820094442488,251.20705972223658,0.0,0.0,-0.0,0.0,0.0,0.32472082482858355,1.0383694472308207,0.04008734542204154,0.017751444182898698,-0.0,0.0,0.0177514441828987,0.18962860306191226,166.72856247342222,0.0,0.0,0.0,0.0,-0.0,0.0002665382009444251,0.0,0.0,1.823478879516853,0.0,0.0,0.0,0.0,0.0,0.0,0.0,0.0,0.0,0.0,3.0035870018585626,0.0,0.0,0.4926798721537127,0.4926798721537128,-0.0,0.315256053313047,0.0,0.0,0.0,0.0,-0.0,0.0,0.0,0.0,0.47384628287497976,1.2149784063480347,-1.3326910047221253e-5,0.0,0.0,0.0,-0.22394539643350592,0.0,0.0,0.0,0.0,0.0,0.0,0.0,0.3664900262985843,0.0,0.0,0.0,0.22394539643350592,0.0,0.0,0.0,0.0,0.0,0.0,0.0002665382009443811,-0.9187838324756111,-0.0,0.0,0.16232176437515494,0.16232176437515494,0.021101829368770152,0.0,5.598634910837647,-0.0002665382009443811,0.0016232176437515498,0.0,0.0,0.0,-0.0,-0.0,0.0,0.0,-0.0,0.11197269821675293,0.002931920210388676,0.0,81.6217464346158,0.0,2.881653771072574,0.0,0.0,0.5870181102361992,0.0,0.5870181102361992,0.0,0.0,0.0,0.0,0.0,0.0,0.4251725709613776,0.0,0.0,-0.0,0.0,0.0,0.0,0.0026653820094442488,0.0026653820094442488,0.0,11.454519166316812,0.0,84.86607473764039,0.0,0.0,0.0,0.0,81.86248773578183,0.0,0.0,0.0,0.11851296014836127,251.20705972223658,0.0,0.0,0.0,0.0,0.0,0.0,0.0,0.0,0.0,-0.0,0.0026653820094442488,-0.0,0.0,0.0,0.15859022956193286,0.0,0.0,2.3517251853368775,0.0,0.0,0.31718045912386567,0.0,-0.0,0.0,0.5870047833261518,0.29732336315350605,0.0,4.305165587904078,0.0,0.0,81.6217464346158,0.0,0.0,0.0,-0.4251725709613776,0.11693030875432651,0.0,0.0,0.0,0.43845534055357904,0.0,0.5421019708924042,0.15859022956193286,-0.0,0.5421019708924042,4.305165587904078,0.0,0.0,0.0,0.0,0.0,0.0,0.0,0.0,0.0,0.0,0.0,0.3664900262985843,0.0,-0.11693030875432651,0.22394539643350586,-1.3326910047221253e-5,0.002931920210388676,0.0,0.0,0.0,0.0002665382009443811,-1.5904664695507185,0.0,0.9187838324756111,-0.031558122991819926,-0.0,0.0,0.0,0.0,8.020241081698131,0.0,0.0,0.0,0.0,-0.0,0.43239484738367046,0.0,0.0002665382009443811,0.0,-0.0,0.0,0.0,-0.0,0.2127481266118306,0.0002665382009443811,0.0,0.19893403717644886,0.43239484738367046,0.0,0.16795904732512942,0.0,0.0,0.0,0.0,0.3224552501205643,0.0,0.0,0.0,0.0,0.04478907928670118,-0.20190268721540167,0.0,0.0,0.0,0.0,0.0,0.0,0.0,0.0,0.0002665382009443811,0.0,0.0,0.0,0.0,0.0,0.0,0.14848843174614645,0.0,0.0,0.0,-5.551115123125783e-17,0.24074130116601877,0.0,0.0,0.0,-0.0,0.0,0.0,0.0,0.0,0.0,0.0,0.0,0.0,0.0,0.0,0.0,0.031558122991819926,1.3326910047221253e-5,-0.0,1.5904664695507185,0.0,0.0,0.0,0.0008116088218757749,0.2127481266118306,0.0,0.0,0.0,0.0,0.7548500975042347,0.0,0.0,0.0,0.0,0.0,0.004869652931254649,0.0,0.0,0.09252340569383834,0.0,0.0,0.017751444182898698,0.2482436043511675,0.0,0.0,2.3517251853368775,0.0,-0.0,0.0,0.0,0.15859022956193286,0.0,1.3326910047221253e-5,0.0,0.0,0.0,0.0,-0.0,0.3303194597394211,0.21190957121007697,0.0,0.0,0.30361899545981325,0.43239484738367046,0.0,-0.0,0.2127481266118306,0.2127481266118306,0.0,0.0,0.0,0.021101829368770152,-0.0,0.0,0.1615101555532792,0.0,0.0,0.0,0.0,0.0,0.0,0.0,0.0,0.0,0.0,0.0,0.0,0.0,0.0,0.031558122991819926,0.31718045912386567,0.0,0.0,0.0,0.9173375699756203,0.0,0.0,0.0,0.0,0.0,0.4087003484911482,0.0,0.0,1.1162716071520693,0.0,5.551115123125783e-17,0.0,0.0,0.0,0.0,0.0,0.0,0.0,0.0,0.0,0.0,0.0,0.0,0.0,0.0,0.0,0.0,0.0,0.008529222430221603,0.008529222430221603,-0.0,0.008529222430221603,0.0,0.0,0.0,0.0,0.0,0.0,0.0,0.0,0.0,0.0,0.0,0.36950990411528467,0.0,0.0,0.0,0.11693030875432651,0.0,0.0,0.2127481266118306,0.0,0.0,1.3326910047221253e-5,0.0,0.0,0.0,0.0,