{"objective_value":0.32336384460996176,"time_limit":1800,"thermo_feasible":true,"dual_bound":0.32336384460996176,"solution":[-0.0,0.0,-0.0,-0.0,0.03602919956642964,-0.0,-0.0,0.017525673650243878,0.0,0.0,0.0,0.0,0.0,0.0,0.1154683784525492,0.0,-0.0,0.0,0.32336384460996176,0.0,0.0,0.0,0.12769444205340622,0.0,0.0,0.0,0.1074842017653081,0.0,0.2859567917015635,-0.0,0.1074842017653081,-0.0,0.0,0.0,-0.0,0.1074842017653081,0.0,0.0,0.0,0.0,0.0,0.0,0.0,0.0,0.0,0.0,0.0,0.0,0.0,0.0,0.0,0.0,0.0,0.0,0.0,0.0,0.0051201431155541285,0.0,0.0,0.0,0.0,0.0,0.0,0.0,0.0,-0.0,0.0,0.0,0.0007114004581419161,0.0,0.0,-0.0,0.0,0.08468252362645677,0.0,-13.196569816482247,0.0,-0.0,0.002069528605503756,0.0,0.0,0.06662879681803803,0.0,1.7536829702809502,0.0,0.0,0.0,0.03602919956642964,0.0,0.0,0.0,-0.0,0.0,0.0,0.0,0.0,-0.0,0.0,0.023928924501137174,0.0,0.019692858136746646,-0.0,0.0,0.0,-0.0,0.0,0.0,0.06384722102670312,-0.08468252362645678,0.0,0.0,0.0,0.2859567917015635,0.0,0.0,0.0,0.0,0.0,0.0,0.0,0.05705496347067087,0.0,0.0,0.0,0.0,0.0,0.0,0.0,0.0,0.0,0.0,0.0,0.0,-0.0,-0.0,0.0,0.0,0.0,0.06384722102670312,0.0,0.0,0.06384722102670311,0.0,0.0,0.03848029750858544,0.0,0.0,-3.2336384460996185e-6,0.0,0.0,0.0,0.0,0.10606334103206745,0.24520324636537005,0.0,-0.0,-0.0,0.0,0.0,0.0,0.0,0.0,0.0,0.11818528147496109,0.0,0.0,0.0,0.0,8.058124048632095,0.0,-0.03602919956642964,0.1074842017653081,0.0,0.0393857162734933,0.0,0.0,0.0,0.0,0.0,0.0,0.0,0.0,0.005120143115554128,0.0,12.799609654294404,0.0,0.0,0.0,-0.017525673650243878,-12.856664617765075,0.0,0.0,0.0,0.0,0.0,0.0,0.0,0.04075354533619348,0.0,-0.12769444205340622,0.1074842017653081,0.0,0.0,0.05162115742584507,-0.0,0.004462421055617472,0.0,0.0,0.0,0.010867612089651596,-0.0,0.0,0.0,0.0,0.0,0.0,0.0,0.0,0.11026707101199694,0.0,0.010867612089651596,0.0,0.0,0.0,0.0,0.0,-0.0,0.0,0.0,0.0,0.06656412404911602,12.799609654294404,-0.0,0.0393857162734933,0.0393857162734933,0.08468252362645677,0.0,0.0,0.0,12.741196239312526,0.0,0.0,0.08892505726773946,0.06923219913099281,0.08468252362645677,0.0,13.196569816482247,0.0,0.0,0.0,-0.0,0.08892505726773947,0.0,-0.0,0.0,0.00795475057740506,0.05162115742584507,-0.0,0.004850457669149426,0.0,-0.06662879681803803,0.0,0.0,0.0,-0.0,-0.4132858326106334,0.0,0.0,0.0,3.2336384460996185e-6,0.0,0.0,0.0,3.2336384460996185e-6,0.0,0.0,-0.0,0.08468252362645678,0.0,0.004850457669149426,3.2336384460996185e-6,0.019692858136746646,0.0,0.0,0.0,0.0,0.0,0.0,0.0,3.2336384460996185e-6,-3.2336384460996185e-6,0.0,0.0801486391611805,0.0,0.0,0.05162115742584507,0.05162115742584507,0.0,6.467276892199237e-5,6.467276892199595e-5,0.0,0.0,0.0,0.0,0.4132858326106334,0.18791319737974094,0.0007114004581419161,0.0,0.08468252362645677,0.0,0.0,0.0,0.0,-0.0,0.007657255840363894,-0.0,0.0,0.0,0.08468252362645677,0.0,0.0,-0.0,0.0,0.0,0.0,0.0,0.0,-0.0,1.0043092491387975,3.2336384460996185e-6,0.0,0.0,0.3343197350292161,-0.8625866367785219,0.0,0.0,0.0,0.0769605950171709,0.002069528605503756,22.55681047945929,0.0051201431155541285,0.0,0.0,0.0,0.0,0.0,0.23016424068034735,0.2948020863070973,-0.0,0.02445212720171609,0.3343197350292161,0.0,-0.18791319737974094,0.0,0.0,0.038354185609186464,-0.0801486391611805,0.0,0.0,0.0,0.12959452800432208,0.0,0.0,0.0,0.0,0.0,0.03938571627349329,0.0,0.03446250173930663,0.0,0.0,-0.0,0.0,0.0,0.07007294512697869,0.0,0.0,-0.0,6.467276892199237e-5,0.0,0.0,0.0,0.0,1.0043092491387975,0.0,0.07696059501717088,0.0,0.0,-22.55681047945929,0.0,0.0,0.0,0.038354185609187436,0.0,0.0,0.0051201431155541285,-0.0,0.0,0.0,0.0,3.2336384460996185e-6,-24.998755284617292,0.19002961374271302,0.0,-0.02445212720171609,0.0,0.0,3.2336384460996185e-6,0.07471483311635471,-0.0,0.0,0.0,0.0,0.0,-0.3647469793515376,0.0,0.038354185609187436,0.0,0.0,0.0,0.0,-0.038354185609186464,0.0,0.0,0.03848029750858544,0.0,0.0,0.0,0.0,0.0,0.0,0.0,0.0,0.0393857162734933,0.0393857162734933,0.0,0.0393857162734933,0.07471483311635471,0.0,0.07471483311635471,0.0,0.0,0.03564407322751143,0.03564407322751143,-0.0,0.0393857162734933,0.0393857162734933,0.02284371543862611,0.03938571627349329,0.0,0.0,0.0,0.0393857162734933,-0.0,-0.005120143115554127,3.2336384460996185e-6,0.0,0.0,0.004462421055617472,-0.1195437329861675,0.08014863916118051,0.038354185609187436,0.0,0.0,-0.11497395513413955,0.0,-0.0,-0.0,0.0,0.0,0.0,0.0,-0.0,0.0007114004581419161,0.0,-0.0,0.02445212720171609,0.0007114004581419161,-0.0,0.0051201431155541285,0.0,3.2336384460996185e-6,-0.0,0.0,-0.0,0.00042037299799295024,0.004850457669149426,0.0,0.0,0.0,0.0,0.0051201431155541285,0.0,0.0,0.0,0.0,-0.03228917333968311,-0.0,-0.0,0.03228917333968311,0.0,0.0006467276892199236,0.0,0.0,0.010867612089651596,-0.0,0.0,-0.0006467276892199236,25.36665700163686,0.04075354533619348,0.0,-0.0,0.0,0.2859567917015635,0.07879018764997407,0.28070568622901554,0.00972678444586765,0.00430720641020469,-0.0,0.0,0.00430720641020469,0.038354185609187436,12.858023069276282,0.0,0.0,0.3647469793515376,0.038354185609187436,-6.184779624561204e-5,2.824972676380331e-6,0.0,0.0,0.0,0.0,0.0,0.0,0.0,0.0,0.0,0.0,0.0,0.0,0.0,12.741196239312526,0.0,0.0,0.1195437329861675,0.11954373298616752,-0.0,0.07649365762555412,0.0,0.0,0.0,0.0,-0.0,0.0,0.0,0.0,0.11497395513413955,0.2948020863070973,-3.2336384460996185e-6,0.0,0.0,0.0,-0.05433806044825797,0.0,0.0,0.0,0.0,0.0,0.0,0.0,0.08892505726773946,0.0,0.0,0.0,0.05433806044825797,0.0,0.0,0.0,0.0,0.0,0.0,6.467276892199595e-5,-0.22293350175096116,-0.0,0.0,0.0393857162734933,0.0393857162734933,0.0051201431155541285,0.0,1.3584515112064492,-6.467276892199595e-5,0.0003938571627349329,0.0,0.0,0.0,0.0,-0.0,0.0,0.0,-0.0,0.027169030224128986,0.0007114004581419161,0.0,0.0,0.0,0.6608496350417175,0.0,0.0,0.0,0.0,0.0,0.0,0.0,0.0,0.0,0.0,0.0,-0.0,0.0,0.0,-0.0,3.2336384460996185e-6,0.0,0.0,0.0006467276892199236,0.0006467276892199236,0.0,2.7509500016118813,0.0,12.799609654294404,0.0,0.0,0.0,0.0,0.05841341498187731,0.0,0.0,0.0,0.0,25.36665700163686,0.0,0.0,0.0,0.0,0.0,0.0,0.0,0.0,0.0,0.0,0.0006467276892199236,-0.0,0.0,0.0,0.03848029750858545,0.0,0.0,0.5322678825987015,-0.0,0.0,0.07696059501717088,-0.0,-0.09101625125083208,0.0,0.41328259897218733,0.07214247373248246,-1.7420702343726001e-19,1.0043092491387975,0.0,0.0,0.0,0.0,0.0,0.0,0.0,-0.0,0.0,0.0,0.0,0.10638670487667741,0.0,0.12959452800432208,0.03848029750858545,-0.0,0.12959452800432208,0.0,1.0043092491387975,0.0,0.0,0.0,0.0,0.09101625125083208,0.0,0.0,0.0,0.0,-0.0,0.08892505726773947,0.0,0.0,0.05433806044825797,-3.2336384460996185e-6,0.0007114004581419161,0.04075354533619348,0.0,0.0,6.467276892199595e-5,-0.08453765662407152,0.0,0.22293350175096116,-0.007657255840363894,-0.0,0.0,0.0,0.0,2.0873621215339826,0.0,0.0,0.0,0.0,-0.0,0.038354185609187436,0.0,6.467276892199595e-5,0.0,-0.0,0.0,0.0,0.0,0.05162115742584507,6.467276892199595e-5,0.0,0.08468252362645677,0.0,0.0,0.04075354533619348,0.0,0.0,0.0,0.0,0.18121568543016714,0.0,0.0,0.0,-0.0,0.010867612089651596,-0.04898962245840921,0.0,0.0,0.0,0.0,0.0,0.0,0.0051201431155541285,0.0,6.467276892199595e-5,0.0,0.0,0.0,0.0,0.0,0.0,0.0,0.0,-0.0,0.0,-0.0991669603180708,0.05841341498187732,0.0,0.0,0.0,-0.0,0.0,0.0,0.0,0.0,0.0,0.0,0.0,0.0,0.0,0.0,0.0,0.007657255840363894,3.2336384460996185e-6,-0.0,0.08453765662407152,0.0,0.0,0.0,0.00019692858136746645,0.0,0.05162115742584507,0.0,0.0,0.0,0.18121568543016714,0.0,0.0,0.0,-0.0,0.0,0.0011815714882047988,0.0,3.2336384460996185e-6,0.022449858275891174,0.0,0.0,0.00430720641020469,0.08898973003666145,0.0,0.0,0.5322678825987015,0.007657255840363894,0.0,0.0,0.0,0.03848029750858545,0.0,3.2336384460996185e-6,0.0,0.0,0.0,0.0,0.0,0.08014863916118051,0.0,0.0,0.0,0.0,0.038354185609187436,0.0,0.0,0.05162115742584507,0.05162115742584507,0.0,0.0,0.0,0.0,-0.0,0.0,0.039188787692125825,0.0,0.2859567917015635,0.0,0.0,0.0,0.0,0.0,0.0,0.0,0.0,0.0,0.0,0.0,0.0,0.007657255840363894,0.0769605950171709,0.0,0.0,0.0,0.0,0.0,0.0,0.0,0.3343197350292161,0.0,0.0,0.0,0.0,0.0,0.0,0.0991669603180708,0.0,0.0,0.0,0.0,0.0,0.0,0.0,0.0,0.0,0.0,0.0,0.0,0.0,0.0,0.0,0.0,0.0,0.002069528605503756,0.002069528605503756,-0.0,0.002069528605503756,0.0,0.0,0.0,0.0,0.0,0.0,