{"objective_value":0.7913402585948506,"time_limit":1800,"thermo_feasible":true,"dual_bound":0.7913402585948506,"solution":[-0.0,0.0,-0.0,-17.374673400137386,0.27753964683463883,-0.0,-0.0,0.6429536726849544,0.0,0.0,0.0,0.0,0.0,0.0,0.28257573624034227,0.0,-0.0,0.0,0.7913402585948506,0.0,0.0,0.0,0.312495520077555,0.0,0.0,-0.0,-0.0,0.0,0.09973261279070902,0.0,-0.0,-0.0,0.0,0.0,-0.0,0.0,0.0,0.0,0.0,0.0,0.0,0.0,0.0,0.0,0.0,0.0,0.0,0.0,0.0,0.0,0.0,0.0,0.0,0.0,0.0,17.38720348179198,0.0,0.0,0.0,0.0,0.0,0.0,0.0,0.0,0.0,-0.0,0.0,0.0,0.0017409485689086717,0.0,0.0,-0.0,0.0,0.0,0.0,-0.7842039521428367,0.0,0.18936851522200635,0.005064577655007045,0.0,0.0,0.16305486894321036,0.0,4.084407783906277,0.0,0.0,0.0,0.08817113161263251,0.0,-0.0,0.0,0.0,0.0,0.0,0.0,0.0,-0.0,0.0,0.05855917913601894,0.0,0.04819262174842642,0.0,0.0,0.0,0.0,0.0,0.0,0.15624776003877747,-17.58423454473795,0.0,0.0,0.0,0.09973261279070902,0.0,0.0,0.0,-0.0,0.0,0.0,0.0,0.13962565790699263,0.0,-0.0,0.0,0.0,0.0,0.0,0.0,0.0,0.0,0.0,0.0,0.0,-0.0,0.0,0.0,0.0,0.0,0.15624776003877747,0.0,0.1562477600387775,-0.0,0.0,-0.0,0.09416949077278725,0.0,0.0,-7.913402585948507e-6,17.374673400137386,0.0,0.0,0.0,0.25955960481911106,0.0,0.0,-0.0,-0.0,0.0,0.0,0.0,0.0,0.0,0.0,0.28922457709305616,0.0,0.0,0.0,1.0859169336368681,0.0,0.0,-0.27753964683463883,0.0,0.0,0.09638524349685286,0.0,0.0,0.0,0.0,0.0,0.0,0.0,0.0,0.012530081654590871,0.14295007833334958,0.0,0.0,0.0,0.0,-0.6429536726849544,-0.28257573624034227,0.0,0.0,0.0,0.0,0.0,0.0,0.0,0.09973261279070902,0.0,-0.312495520077555,0.0,0.0,0.0,0.12632797620156477,0.0,0.010920495568608937,0.0,0.0,0.0,0.026595363410855742,-0.0,0.0,0.0,0.0,0.0,0.0,0.0,0.0,0.06261084126002459,0.0,0.026595363410855742,0.0,0.0,0.0,0.0,0.0,-0.0,0.0,0.0,0.0,0.1628966008914914,0.14295007833334958,0.0,0.09638524349685286,0.09638524349685286,0.0,0.0,0.0,0.0,0.0,0.0,0.0,0.2176185711135839,0.16942594936515745,0.0,0.0,0.7842039521428367,0.0,0.0,0.0,0.0,0.2176185711135839,0.0,0.0,0.0,-0.0,0.12632797620156477,-0.0,0.011870103878922759,0.0,-0.16305486894321036,0.0,0.0,0.0,-0.0,-35.97030647660101,0.0,0.0,0.0,7.913402585948507e-6,0.0,0.0,0.0,7.913402585948507e-6,0.0,0.0,-0.0,17.58423454473795,0.45986365107463945,0.011870103878922759,7.913402585948507e-6,0.04819262174842642,0.0,0.0,0.0,0.0,0.0,0.0,0.0,7.913402585948507e-6,-7.913402585948507e-6,0.0,0.19614080515506105,0.0,0.0,0.12632797620156477,0.12632797620156477,0.0,0.00015826805171897015,0.00015826805171894115,0.0,0.0,0.0,0.0,35.97030647660101,0.0,0.0017409485689086717,0.0,0.0,0.0,0.0,0.0,0.0,0.0,0.01873893732352606,-0.0,0.0,0.0,0.0,0.0,0.0,0.0,-0.0,0.0,0.0,0.0,0.0,-0.0,36.290528642963494,7.913402585948507e-6,0.0,0.0,0.0,-19.206929577773625,0.0,0.0,0.0,0.18833898154557446,0.005064577655007045,10.40451912284438,0.012530081654590873,0.0,0.0,0.0,0.4589290782292505,0.0,0.20403838093584908,0.7214435475739436,-0.0,0.05983956767442541,0.0,0.0,-0.45986365107463945,0.0,0.0,-0.18936851522200635,-0.19614080515506105,0.0,0.0,0.0,0.39313863181017483,0.0,0.0,0.0,0.0,0.0,0.09638524349685286,0.0,0.08433708805974624,0.0,-0.0,-0.0,0.0,-0.0,0.17148343403750407,0.0,0.0,-0.09386086807193542,0.00015826805171897015,0.0,0.0,0.0,0.0,36.290528642963494,0.0,0.1883389815455745,0.0,0.0,-10.40451912284438,0.0,0.09386086807193542,0.0,0.0,0.0,0.0,0.012530081654590873,-0.0,0.0,0.0,0.0,7.913402585948507e-6,52.513962608917865,0.37118210499520765,0.0,-0.05983956767442541,0.0,0.0,7.913402585948507e-6,0.18284312344963322,-0.0,0.0,0.09386086807193542,0.0,0.0,-0.29254899751941316,0.0,0.0,0.0,0.0,0.0,0.45986365107463945,0.18936851522200635,0.0,0.0,0.09416949077278725,0.0,0.09386086807193542,0.0,0.0,0.0,0.0,0.0,0.0,0.09638524349685286,0.09638524349685286,0.09638524349685286,-0.0,0.18284312344963322,0.0,0.18284312344963322,0.0,0.08722864536465182,-0.0,0.08722864536465182,-0.0,0.09638524349685286,0.09638524349685286,0.055903441228174644,0.09638524349685286,0.0,0.0,0.0,0.09638524349685286,-0.0,-0.012530081654590873,0.0,0.0,0.010920495568608937,-0.0,-0.29254899751941316,0.19614080515506105,0.0,0.0,0.0,-0.28136577698495074,0.0,-0.0,-0.0,0.0,0.0,0.0,0.0,-0.0,0.0017409485689086717,0.0,0.05983956767442541,-0.0,0.0017409485689086717,-0.0,0.012530081654590873,0.0,0.0,0.0,0.0,-0.0,0.0010287423361733056,0.011870103878922759,0.0,0.0,0.0,0.0,0.012530081654590873,0.0,0.0,0.0,0.0,-0.07901849018173022,0.0,0.0,0.07901849018173022,0.0,0.0015826805171897348,0.0,0.0,0.026595363410855742,-0.0,0.0,-0.0015826805171897348,0.0,0.0,0.0,-0.0,0.0,0.09973261279070902,0.1928163847287041,0.4797104647601984,0.02380351497853311,0.010540652244483409,-0.0,0.0,0.010540652244483409,0.01873893732352606,0.28590015666669916,0.0,0.0,0.29254899751941316,0.0,0.0,0.00015826805171897015,0.0,0.0,0.0,0.0,0.0,0.0,0.0,0.0,0.0,0.0,0.0,0.0,0.0,0.0,0.0,0.0,0.29254899751941316,0.2925489975194131,-0.11988804917711983,0.1871962862121635,0.0,0.0,0.11988804917711983,0.0,-0.0,0.0,0.0,0.28136577698495074,0.0,0.7214435475739436,-7.913402585948507e-6,0.0,0.0,0.0,-0.1329768170542787,0.0,0.0,0.0,0.0,0.0,0.0,0.0,0.21761857111358385,0.0,0.0,0.0,0.1329768170542787,0.0,0.0,0.0,0.0,0.0,0.0,0.00015826805171894115,-0.545565801080463,-0.0,0.0,0.09638524349685286,0.09638524349685286,0.012530081654590873,0.0,3.3244204263569674,-0.00015826805171894115,0.0009638524349685285,-2.5030101171370208e-18,0.0,0.0,0.0,0.0,0.0,0.0,-0.0,0.06648840852713934,0.0017409485689086717,0.0,0.0,0.0,18.63724293427094,0.0,0.0,0.0,0.0,0.0,0.0,0.0,0.0,0.0,0.0,0.0,-0.0,0.0,0.0,0.0,0.0,0.0,0.0,0.0015826805171897348,0.0015826805171897348,0.0,6.732161068541387,0.0,0.14295007833334958,0.0,0.0,0.0,0.11988804917711983,0.14295007833334958,0.0,0.0,0.0,0.2072361869208194,0.0,0.0,0.0,0.0,0.0,0.0,0.0,0.11988804917711983,0.0,0.0,0.0015826805171897348,-0.0,-0.0,0.0,0.0,0.09416949077278723,0.0,0.0,18.3225759765238,0.0,-0.0,0.1883389815455745,0.0,-0.2227361685659168,0.0,35.970298563198426,0.17654801169251114,0.0,36.290528642963494,0.0,0.0,0.0,-0.0,0.0,0.0,0.0,-0.0,0.0,0.0,0.0,0.26035094507770584,0.39313863181017483,-0.0,0.09416949077278723,-0.0,0.39313863181017483,0.0,33.48138568460611,2.809142958357384,0.0,0.0,0.0,0.2227361685659168,0.0,0.0,0.0,0.0,0.0,0.21761857111358388,0.0,0.0,0.1329768170542787,-7.913402585948507e-6,0.0017409485689086717,0.0,0.0,0.0,0.00015826805171894115,-0.20688166648496903,0.0,0.545565801080463,-0.01873893732352606,-0.0,0.0,0.0,0.0,4.900975969945139,0.0,0.0,0.0,0.0,-0.0,0.0,0.0,0.00015826805171894115,0.0,-0.0,0.0,16.73677362201395,0.0,0.12632797620156477,0.00015826805171894115,0.0,0.0,0.18936851522200635,0.0,0.09973261279070902,0.0,0.0,0.0,0.0,0.0,0.33009809278973323,0.0,0.0,-0.0,0.026595363410855742,-0.0,0.0,0.0,0.0,0.0,0.0,0.0,17.38720348179198,-0.0,0.00015826805171894115,0.18936851522200635,0.0,0.0,0.0,0.0,0.0,0.0,0.0,0.0,0.0,-0.24268269112405863,0.14295007833334958,0.0,0.0,0.0,-0.0,0.0,0.0,0.0,0.0,0.0,0.0,0.0,0.0,0.0,0.0,0.0,0.01873893732352606,7.913402585948507e-6,-0.0,0.20688166648496903,0.0,0.0,0.0,0.00048192621748426425,0.0,0.12632797620156477,0.0,0.0,0.0,0.5194666080117396,0.0,0.0,0.0,0.0,0.0,0.0028915573049055855,0.0,0.0,0.05493958879320612,0.0,0.01873893732352606,0.010540652244483409,0.010540652244483409,0.0,0.0,18.3225759765238,-0.0,0.0,-0.0,0.0,0.09416949077278723,0.0,7.913402585948507e-6,0.0,-0.0,0.0,-0.0,0.0,0.19614080515506105,0.0,0.0,0.0,-0.0,0.0,0.0,0.0,0.12632797620156477,0.12632797620156477,0.0,0.0,0.0,0.0,-0.0,0.0,0.09590331727936859,0.0,0.09973261279070902,0.0,0.0,0.0,0.0,0.0,0.0,0.0,0.0,0.0,0.0,0.0,0.0,0.01873893732352606,0.18833898154557446,0.0,0.0,0.0,0.0,0.0,0.0,0.0,0.0,0.0,0.0,0.0,17.58423454473795,0.0,0.0,0.24268269112405863,0.0,0.0,0.0,0.0,0.0,0.0,0.0,0.0,0.0,0.0,0.0,0.0,0.0,0.0,0.0,0.0,0.0,0.005064577655007045,0.005064577655007045,-0.0,0.005064577655007045,0.0,0.0,0.0,0.0,0.0,0.0,0.0,0.0,0.0,0.0,0.012530081654590873,0.21941174813955988,0.0,0.0,0.0,0.0,0.0,0.0,0.12632797620156477,0.0,0.0,7.913402585948507e-6,0.0,0.0,0.0,0.0,0.0,0.0,0.0,18.0676852792304,0.0,0.0,0.0,0.0,0.0,0.03982024181249288,0.0,0.0,0.0,0.026595363410855742,0.026595363410855742,