{"objective_value":0.7986852534662867,"time_limit":1800,"thermo_feasible":true,"dual_bound":0.7986852534662867,"solution":[-0.0,0.0,-0.0,-61.4970036821486,-1.2256735715629121,-0.0,-0.0,0.0,0.0,0.0,0.0,0.0,0.0,0.0,0.14092162349209864,0.14427690024191048,-0.0,0.0,0.798685253466287,0.0,0.0,0.0,1.617412714683056,0.0,0.0,0.0,0.0,0.0,0.0,0.0,0.0,-0.0,0.8938565882693296,0.0,-0.0,0.0,0.0,0.8938565882693296,0.0,0.0,0.0,0.0,0.0,0.0,0.8938565882693296,0.0,0.0,0.0,0.0,0.0,0.0,0.0,0.0,0.0,0.0,61.50965006445199,0.0,0.0,0.0,0.14427690024191048,0.0,0.0,0.0,0.0,0.0,-0.0,0.0,-0.0,0.001757107557625886,0.0,0.0,-0.0,0.0,1.6126235316748538,0.0,-1.553164609295303,0.0,0.0,0.005111585622184238,0.0,0.0,60.58918021862349,0.0,6.668397294575284,0.0,0.0,0.0,0.0,0.0,0.0,1.3146630825041252,-0.0,0.0,0.0,0.0,1.3146630825041252,-0.0,0.0,0.059102708756505244,0.0,0.04863993193609683,-0.0,0.0,0.0,-0.0,0.0,0.0,0.15769800724115798,-0.0,0.0,0.0,0.0,0.0,0.0,0.8938565882693296,0.0,-0.0,0.0,0.0,0.0,0.14092162349209864,0.14427690024191048,0.0,0.0,0.0,1.2256735715629121,0.0,0.0,0.012646382303385176,0.0,0.0,0.0,0.0,-0.0,0.0,0.0,0.0,0.0,0.15769800724115798,0.0,0.15769800724115793,-0.0,0.0,0.0,0.0950435451624881,0.012646382303385176,0.0,-7.986852534662866e-6,61.4970036821486,0.0,0.0,0.0,0.2619687631369421,0.6489213855330629,0.0,-0.0,-0.0,0.0,0.0,0.0,0.0,0.0,0.0,0.29190907723363285,0.0,0.0,0.0,1.6818109728984665,0.0,0.0,1.2256735715629121,0.0,0.0,0.09727986387219364,0.0,0.0,0.0,0.0,0.0,0.0,0.0,0.0,0.012646382303385172,0.0,0.0,0.0,0.0,0.0,0.0,-0.14092162349209864,0.0,0.0,0.0,0.0,0.0,0.0,0.0,0.10065830249435612,0.0,-1.617412714683056,0.0,0.0,0.0,0.12750051649285105,0.0,0.01102185649783476,0.0,0.0,0.0,0.026842213998494967,-0.0,0.0,0.0,0.0,0.0,0.0,0.0,0.0,1.6758155089291065,0.0,0.026842213998494967,0.0,0.0,0.0,0.0,0.0,-0.0,0.0,0.0,0.0,0.16440856074078175,0.0,-0.0,0.09727986387219364,0.09727986387219364,1.6126235316748538,0.0,0.0,0.0,0.0,0.0,0.0,0.21963844470322882,0.170998512767132,1.6126235316748538,0.0,1.553164609295303,0.0,0.0,0.0,0.0,0.21963844470322882,0.0,0.0,-0.0,-0.0,0.0,0.12750051649285105,0.011980278801994306,0.0,-60.58918021862349,0.0,0.0,0.0,-0.0,-60.7072048670408,0.0,0.0,0.0,7.986852534662866e-6,0.0,0.0,0.0,7.986852534662866e-6,0.0,0.0,-0.0,0.0,0.6084088747362391,0.011980278801994306,7.986852534662866e-6,0.04863993193609683,0.0,0.0,0.0,0.0,0.0,0.0,0.0,7.986852534662866e-6,-7.986852534662866e-6,0.0,0.0,0.0,0.0,0.12750051649285105,0.12750051649285105,0.0,0.00015973705069326235,0.0001597370506932568,0.0,0.0,0.0,0.0,60.7072048670408,0.0,0.0017571075576258857,0.0,1.6126235316748538,0.0,0.0,0.0,0.0,0.0,0.01891286680208167,-0.0,0.0,0.0,1.6126235316748538,0.0,0.0,0.0,0.0,0.0,0.0,0.0,0.0,0.0,1.254708709039007,7.986852534662866e-6,0.0,0.0,1.3146630825041252,-0.9046641308908168,0.0,0.0,0.0,0.19008709032497625,0.0051115856221842365,113.85464934659838,60.4372583031354,0.0,0.0,0.0,2.1705919716852673,0.0,1.9133354515437764,0.7281397810833694,-0.0,0.060394981496613646,0.0,0.0,-0.6084088747362391,0.0,0.0,1.4093951404177631,0.0,0.0,0.0,0.0,0.4088898440246609,0.0,0.0,0.0,0.0,0.0,0.09727986387219364,0.0,0.08511988088816944,0.0,0.0,-0.0,0.0,-0.0,0.17307509442614435,0.0,0.0,-0.0,0.00015973705069326235,0.0,0.0,0.0,0.0,1.254708709039007,0.0,0.1900870903249762,0.0,0.0,-113.85464934659838,0.0,0.09473205791363794,0.0,0.0,0.0,0.0,60.4372583031354,-0.0,0.0,0.0,0.0,7.986852534662866e-6,63.347232083303425,0.4693593694782672,0.0,-0.060394981496613646,0.0,0.0,7.986852534662866e-6,0.18454022123965297,-0.0,0.0,0.0,0.0,0.0,-1.088462639758418,0.0,1.4093951404177631,0.0,0.0,0.0,0.6084088747362391,-1.4093951404177631,0.0,0.0,0.09504354516248813,-0.0,0.0,0.0,0.0,0.0,0.0,0.0,0.0,0.09727986387219364,0.09727986387219364,0.09727986387219364,0.0,0.18454022123965297,0.0,0.18454022123965297,0.0,0.08803827680433525,0.0,0.08803827680433525,-0.0,0.09727986387219364,0.09727986387219364,0.05642232104587231,0.09727986387219364,0.0,0.0,0.0,0.09727986387219364,0.0,1.213027189259527,0.0,0.0,0.011021856497834763,-0.0,-0.29526435398344475,0.19796132823890042,0.09473205791363794,0.0,0.0,-0.28397733398145913,0.0,-0.0,-0.0,0.0,0.0,0.0,0.0,-0.0,0.0017571075576258857,-0.0,0.06039498149661366,-0.0,0.001757107557625886,-0.0,0.012646382303385176,0.0,0.0,0.0,0.0,-0.0,0.001038290829506173,0.011980278801994306,0.0,0.0,0.0,0.012646382303385176,0.0,0.0,0.0,0.0,0.0,-0.07975191729962258,0.0,0.0,0.07975191729962258,0.0,0.0015973705069325735,0.0,0.0,0.026842213998494967,-0.0,-2.168404344971009e-19,-0.0015973705069325735,59.850199882594815,0.0,0.0,-0.0,0.0,0.0,0.19460605148908852,2.096786532326117,0.024024452424265905,0.010638487576170938,-0.0,0.0,-1.3928253499209318,0.0,0.14427690024191048,0.0,0.0,1.088462639758418,0.09473205791363794,0.0,0.00015973705069326235,-0.0,0.0,0.0,0.0,0.0,0.0,0.0,0.0,0.0,0.0,0.0,0.0,0.0,0.0,0.0,0.0,0.29526435398344475,0.2952643539834447,-0.12100081590014242,0.18893378881897102,0.0,0.0,0.12100081590014242,0.0,0.0,0.0,0.0,0.0,0.28397733398145913,0.7281397810833694,-7.986852534662866e-6,0.0,0.0,0.0,-0.13421106999247487,0.0,0.0,0.0,0.0,0.0,0.0,0.0,0.21963844470322885,0.0,0.0,0.0,0.13421106999247487,0.0,0.0,0.0,0.0,0.0,0.0,0.0001597370506932568,-0.5506295874447227,-0.0,0.0,0.09727986387219364,0.09727986387219364,0.012646382303385176,0.0,3.355276749811872,-0.0001597370506932568,0.0009727986387219365,1.2256735715629121,0.0,0.0,0.0,0.0,0.0,0.0,-0.0,0.06710553499623743,0.0017571075576258857,0.0,0.0,0.0,0.3175876068178273,0.0,0.0,0.0,0.0,0.0,0.0,0.0,0.0,0.0,0.0,0.8938565882693296,-0.0,0.0,0.0,0.0,0.0,0.0,0.0,0.0015973705069325733,0.0015973705069325733,0.0,8.109310152465335,0.0,0.0,0.0,0.0,0.0,0.12100081590014242,0.14427690024191048,0.0,0.14427690024191048,0.0,0.0,59.850199882594815,0.0,0.0,-0.0,-2.168404344971009e-19,0.0,0.0,0.12100081590014242,0.0,0.0,-0.0,0.0015973705069325733,-0.0,0.0,0.0,0.09504354516248813,0.0,0.0,0.0,0.0,0.0,0.19008709032497625,0.0,-0.22480354223739535,0.0,60.70719688018826,0.17818668004832858,-0.0,1.254708709039007,0.0,0.0,0.0,0.0,0.0,0.0,0.0,1.3146630825041252,1.2256735715629121,0.0,0.0,0.26276744839040844,-0.0,0.4088898440246609,-0.0,0.09504354516248813,0.4088898440246609,0.0,1.254708709039007,0.0,0.0,0.0,0.0,0.22480354223739535,0.0,0.0,0.0,0.0,0.0,0.21963844470322882,0.0,-1.3146630825041252,0.13421106999247487,-7.986852534662866e-6,0.0017571075576258857,0.8938565882693296,0.0,0.0,0.0001597370506932568,-0.4194095937264838,0.0,0.5506295874447227,-0.01891286680208167,-0.0,0.0,0.0,1.2256735715629121,7.492544633922078,0.0,0.0,0.0,0.0,-0.0,1.6126235316748538,0.0,0.0001597370506932568,0.0,-0.0,0.0,0.0,0.0,0.12750051649285105,0.0001597370506932568,0.0,1.6126235316748538,0.2032283912570907,0.0,0.10065830249435612,0.0,0.0,0.0,0.0,0.0,1.5588355408233332,0.0,0.0,0.0,0.026842213998494967,-0.0,0.0,0.0,0.0,0.0,0.0,0.0,61.50965006445199,0.0,0.00015973705069325677,0.0,0.0,0.0,0.0,0.0,0.0,0.0,0.0,0.0,0.0,-0.24493520273626654,0.14427690024191048,0.0,0.0,0.0,-0.0,0.0,0.0,0.0,0.0,0.0,0.0,0.0,0.0,0.0,0.0,0.0,0.01891286680208167,7.986852534662866e-6,-0.0,0.4194095937264838,0.0,0.0,0.0,0.00048639931936096827,0.12750051649285105,0.0,0.0,0.0,0.536390360517512,0.0,0.0,0.0,0.0,0.0,0.0,0.002918395916165809,0.0,0.0,0.05544952240715037,0.0,-0.0,0.010638487576170938,0.21979818175392205,0.0,0.0,0.0,0.0,0.01891286680208167,0.0,0.0,0.09504354516248813,0.0,7.986852534662866e-6,0.0,0.0,1.4034638374971027,0.0,0.0,0.1979613282389004,0.0,0.0,0.0,0.0,1.6126235316748538,0.0,0.0,0.12750051649285105,0.12750051649285105,0.0,0.0,0.0,0.0,-0.0,0.0,0.09679346455283268,0.0,0.0,60.424611920832014,0.0,0.0,0.0,0.0,0.0,0.0,0.0,0.0,0.0,0.0,0.0,0.01891286680208167,0.19008709032497625,0.0,0.0,0.0,0.19796132823890036,0.0,0.0,0.0,0.0,0.0,0.0,0.0,0.0,1.8105848599137542,0.0,0.24493520273626654,0.0,0.0,0.0,0.0,0.0,0.0,0.0,0.0,0.0,0.0,0.0,0.0,0.0,0.0,0.0,0.0,-0.0,0.0051115856221842365,0.0051115856221842365,0.0,0.0051115856221842365,0.0,0.0,0.0,0.0,0.0,0.0,0.0,0.0,0.0,1.4093951404177631,0.0,0.22144826548758353,0.0,0.0,0.0,0.0,0.0,0.0,0.12750051649285105,0.0,0.0,