{"objective_value":1.3023513035187981,"time_limit":1800,"thermo_feasible":true,"dual_bound":1.3023513035187981,"solution":[-0.0,0.0,-0.0,-3.5723155369200557,-0.0,-0.0,-0.0,1.058143503542078,0.0,0.0,0.0,0.0,0.0,0.0,0.4650501152170108,0.0,-0.0,0.0,1.3023513035187981,0.0,0.0,0.0,0.6387772673499303,0.0,0.0,0.0,0.0,0.0,0.16413533478247413,-0.0,0.0,-0.0,0.0,0.0,-0.0,0.0,0.0,0.0,0.0,0.0,0.0,0.0,0.0,0.0,0.0,0.0,0.0,0.0,0.0,-0.0,-0.0,0.0,0.0,0.0,0.0,0.0,3.5929369674599725,0.0,0.0,0.0,0.0,0.0,0.0,0.0,0.0,-0.0,0.0,0.0,0.0028651728677414083,0.0,0.0,-0.0,0.0,0.0,0.0,-49.42181233631544,0.0,0.0,0.00833504834252031,0.0,0.0,3.013688875842579,0.0,6.876401859066275,0.0,0.0,0.0,0.0,-0.0,0.0,0.14510798223809462,0.0,0.0,0.0,0.0,0.14510798223809462,-0.0,0.0,0.09637399646039106,0.0,0.0793131943842949,0.0,0.0,0.0,0.0,0.0,0.0,0.25714535782587616,-0.0,0.0,0.0,0.0,0.16413533478247413,0.0,0.0,0.0,0.0,0.0,0.0,0.0,0.2297894686954638,0.0,0.0,0.0,0.0,0.0,0.0,0.0,0.02062143053991667,0.0,0.0,0.0,0.0,-0.0,-0.0,0.0,0.0,0.0,0.25714535782587616,0.0,-0.0,0.2571453578258762,0.0,0.0,0.15497980511873707,0.02062143053991667,0.0,-1.3023513035187982e-5,3.5723155369200557,0.0,0.0,0.0,0.427171227554166,0.0,0.0,-0.0,-0.0,0.0,0.0,0.0,0.0,0.0,0.0,0.47599247086917496,0.0,0.0,0.0,0.0,30.562957958055406,0.0,0.0,0.0,0.0,0.1586263887685898,0.0,0.0,0.0,0.0,0.0,0.0,0.0,0.0,0.020621430539916673,0.0,49.17500634548821,0.0,0.0,0.0,-1.058143503542078,-49.40479581418367,0.0,0.0,0.0,0.0,0.0,0.0,0.0,0.16413533478247413,0.0,-0.6387772673499303,0.0,0.0,0.0,0.20790475739113393,0.0,0.017972447988559414,0.0,0.0,0.0,0.04376942260865979,-0.0,0.0,0.0,0.0,0.0,0.0,0.0,0.0,0.10304203513440727,0.0,0.04376942260865979,0.0,0.0,0.0,0.0,0.0,-0.0,0.0,0.0,0.0,0.2680877134780411,49.17500634548821,0.0,0.1586263887685898,0.1586263887685898,0.0,0.0,0.0,0.0,48.93974569896666,0.0,0.0,0.35814660846766944,0.2788334140833746,0.0,0.0,49.42181233631544,0.0,0.0,0.0,0.0,0.3581466084676695,0.0,0.0,-0.0,0.03203784206656245,0.0,0.20790475739113393,0.01953526955278197,0.0,-3.013688875842579,0.0,0.0,0.0,-0.0,-4.914029106236408,0.0,0.0,0.0,1.3023513035187982e-5,0.0,0.0,0.0,1.3023513035187982e-5,0.0,0.0,-0.0,0.0,0.7568223895008438,0.01953526955278197,1.3023513035187982e-5,0.0793131943842949,0.0,0.0,0.0,0.0,0.0,0.0,-0.0,1.3023513035187982e-5,-1.3023513035187982e-5,0.0,0.0,0.0,-0.0,0.20790475739113393,0.20790475739113393,0.0,0.0002604702607037644,0.00026047026070375964,0.0,0.0,0.0,0.0,4.914029106236408,0.0,0.0028651728677414083,0.0,0.0,0.0,0.0,0.0,0.0,-0.0,0.030839678867325145,-0.0,0.0,0.0,0.0,0.0,0.0,-0.0,0.0,0.0,0.0,0.0,0.0,0.0,3.4135903969505152,1.3023513035187982e-5,0.0,0.0,0.14510798223809462,-2.8428010770495105,0.0,0.0,0.0,0.30995961023747415,0.008335048342520308,92.28984863758382,2.7659621226437507,0.0,0.0,0.0,1.9365091307951194,0.0,1.5170217759317144,1.1873185199328948,-0.0,0.09848120086948448,0.0,0.0,-0.7568223895008438,0.0,0.0,0.29957987034845707,0.0,0.0,0.0,0.0,0.035775590307661156,0.0,0.0,0.0,0.0,0.0,0.1586263887685898,0.0,0.13879809017251604,0.0,0.0,-0.0,0.0,0.0,0.28221952747252355,0.0,0.0,-0.0,0.0002604702607037644,0.0,0.0,0.0,0.0,0.0,3.4135903969505152,0.30995961023747415,0.0,0.0,-92.28984863758382,0.0,0.15447188811036244,0.0,0.0,0.0,0.0,2.7659621226437507,-0.0,0.0,0.0,0.0,1.3023513035187982e-5,-91.9590807407132,0.7653462787823726,0.0,-0.09848120086948448,0.0,0.0,1.3023513035187982e-5,0.3009147804345359,-0.0,0.0,0.0,0.0,0.0,-0.4814636486952575,0.0,0.0,0.29957987034845707,0.0,0.0,0.7568223895008438,-0.29957987034845707,0.0,0.0,0.15497980511873707,-0.0,0.0,0.0,0.0,-0.0,0.0,-0.0,0.0,0.1586263887685898,0.1586263887685898,0.0,0.1586263887685898,0.3009147804345359,0.0,0.3009147804345359,0.0,0.0,0.14355688183557375,0.14355688183557375,0.7178951090386314,0.1586263887685898,0.1586263887685898,0.09200330548578206,0.1586263887685898,0.0,0.0,0.0,0.1586263887685898,-0.0,-0.020621430539916673,0.0,0.0,0.017972447988559414,-0.0,-0.48146364869525754,0.3227994917388658,0.15447188811036244,0.0,0.0,-0.4630588200739299,0.0,-0.0,-0.0,0.0,0.0,0.0,0.0,-0.0,0.0028651728677414083,-0.0,-0.0,0.09848120086948448,0.0028651728677414083,-0.0,0.02062143053991667,0.0,-0.0,0.0,0.0,-0.0,0.0016930566945744373,0.01953526955278197,0.0,0.0,0.0,0.02062143053991667,0.0,-0.7178951090386314,0.0,0.0,0.0,-0.1300449870615661,0.0,0.0,0.1300449870615661,0.0,0.002604702607037597,0.0,0.0,0.04376942260865979,-0.0,0.0,-0.002604702607037597,100.15870623264344,0.0,0.0,-0.0,0.0,0.0,0.3173283139127833,0.7894853601930953,0.03917472720984545,0.0,-0.0,0.0,0.0,0.0,49.41026699200975,0.0,0.0,0.4814636486952575,0.15447188811036244,0.0,0.0002604702607037644,0.0,0.0,0.7178951090386314,0.0,0.0,0.0,0.0,0.0,0.0,0.0,0.0,0.0,0.0,48.93974569896666,0.0,0.0,0.48146364869525754,0.4814636486952574,-0.0,0.30807901495519285,0.0,0.0,0.0,0.0,0.0,0.0,0.0,0.0,0.4630588200739299,1.1873185199328948,-1.3023513035187982e-5,0.0,0.0,0.0,-0.21884711304329882,0.0,0.0,0.0,0.0,0.0,0.0,0.0,0.35814660846766944,0.0,0.0,0.0,0.21884711304329882,0.0,0.0,0.0,0.0,0.0,0.0,0.00026047026070375964,-0.8978670356720028,-0.0,0.0,0.1586263887685898,0.1586263887685898,0.02062143053991667,0.0,5.471177826082471,-0.00026047026070375964,0.001586263887685898,0.0,0.0,0.0,0.0,0.0,0.0,0.0,-0.0,0.10942355652164942,0.0028651728677414083,0.0,0.0,0.0,2.516470910926805,0.0,0.0,0.0,0.0,0.0,0.0,0.0,0.0,0.0,0.0,0.0,-0.0,0.0,0.0,-0.0,0.0,0.0,0.0,0.002604702607037597,0.002604702607037597,0.0,11.241935522513403,0.0,49.17500634548821,0.0,0.0,0.0,0.0,0.23526064652154624,0.0,0.0,0.0,0.3584070787283732,100.15870623264344,0.0,0.0,0.0,0.0,0.0,0.0,0.0,0.0,0.0,0.002604702607037597,0.0,-0.0,0.0,0.0,0.15497980511873707,0.0,0.0,1.9986065432981972,0.0,-0.0,0.30995961023747415,0.0,-0.3665689143475256,0.0,4.914016082723373,0.29055457581504385,0.0,3.4135903969505152,0.0,0.0,0.0,0.0,0.0,0.0,0.0,0.14510798223809462,0.0,0.0,0.0,0.42847357885768456,0.0,0.035775590307661156,0.15497980511873707,-0.0,0.035775590307661156,0.0,3.4135903969505152,0.0,0.0,0.0,0.0,0.3665689143475256,0.0,0.0,0.0,0.0,0.0,0.35814660846766944,0.0,-0.14510798223809462,0.21884711304329885,-1.3023513035187982e-5,0.0028651728677414083,0.0,0.0,0.0,0.00026047026070375964,-0.6838972282603091,0.0,0.8978670356720028,-0.030839678867325145,-0.0,0.0,0.0,0.0,8.220272122141223,0.0,0.0,0.0,0.0,-0.0,0.0,0.0,0.00026047026070375964,0.0,-0.0,0.0,0.0,0.0,0.20790475739113393,0.00026047026070375964,0.0,0.0,0.0,0.29957987034845707,0.16413533478247413,0.0,0.0,0.0,0.0,0.5432602180472521,0.0,0.0,0.0,0.0,0.04376942260865979,-0.1973062224830977,0.0,0.0,0.0,0.0,0.0,0.0,3.5929369674599725,0.0,0.00026047026070375964,0.0,0.0,0.0,0.0,0.0,0.0,0.0,0.0,0.0,0.0,-0.3993959813040205,0.23526064652154624,0.0,0.0,0.0,-0.0,0.0,0.0,0.0,0.0,0.0,0.0,0.0,0.0,0.0,0.0,0.0,0.030839678867325145,1.3023513035187982e-5,-0.0,0.6838972282603091,0.0,0.0,0.0,0.000793131943842949,0.20790475739113393,0.0,0.0,0.0,0.0,0.2436803476987951,0.0,0.0,0.0,0.0,0.0,0.004758791663057694,0.0,0.0,0.09041704159809619,0.0,0.0,0.0,0.0,0.0,0.0,1.9986065432981972,0.0,0.030839678867325145,0.0,0.017347319362870383,0.15497980511873707,0.0,1.3023513035187982e-5,0.0,0.0,0.017347319362870383,0.0,0.0,0.32279949173886574,0.0,0.0,0.0,0.0,0.0,0.0,0.0,0.20790475739113393,0.20790475739113393,0.0,0.0,0.0,0.0,-0.0,0.0,0.15783325682474683,0.0,0.16413533478247413,2.745340692103834,0.0,0.0,0.0,0.0,0.0,0.0,0.0,0.0,0.0,0.0,0.0,0.030839678867325145,0.30995961023747415,0.0,0.0,0.0,0.32279949173886585,0.0,0.0,0.0,0.0,0.0,0.0,0.0,0.0,0.32279949173886585,0.0,0.3993959813040205,0.0,0.0,0.0,0.0,0.0,0.0,0.0,0.0,0.0,0.0,0.0,0.0,0.0,0.0,0.0,0.0,-0.0,0.008335048342520308,0.008335048342520308,0.0,0.008335048342520308,0.0,0.0,0.0,0.0,0.0,0.0,0.0,0.0,0.0,0.29957987034845707,0.0,0.3610977365214431,0.0,0.0,0.0,0.0,0.0,0.0,0.20790475739113393,0.0,0.0,1.3023513035187982e-5,0.0,0.0,0.0,0.0,0.0,0.0,0.0,1.5791191884347922,0.0,0.0,0.0,0.0,0.0,0.0,0.06553431759306591,0.0,0.0,0.04376942260865977,0.04376942260865979,-0.0,1.1873185199328948,0.16413533478247413,0.0,0.0,0.15497980511873707,0.0,0.15497980511873707,0.0,