{"objective_value":0.8364647784505927,"time_limit":1800,"thermo_feasible":true,"dual_bound":0.8364647784505927,"solution":[-0.0,0.0,-0.0,-0.0,0.09319890561495224,-0.0,-0.0,0.6796167584489868,0.0,0.0,0.0,0.0,0.0,0.0,0.2986890254130299,0.0,-0.0,0.0,0.8364647784505931,0.0,0.0,0.0,0.33031492222146847,0.0,0.0,0.0,0.2565211630017787,0.0,0.0,0.0,0.0,-0.0,0.0,0.0,-0.0,0.0,0.0,0.0,0.0,0.0,0.0,0.0,0.0,0.0,0.0,0.0,0.0,0.0,0.0,0.0,0.0,0.0,0.0,0.0,0.0,0.0,0.0,0.0,0.0,0.0,0.0,0.0,0.0,0.0,0.0,-0.0,0.0,-0.0,0.001840222512591305,0.0,0.0,-0.0,0.0,0.0,0.0,-2.7208911087238956,0.0,0.0,0.005353374582083797,0.0,0.0,0.3592750057809849,0.0,4.343801744803267,0.0,0.0,0.0,0.10644348891693893,0.0,0.0,0.0,-0.0,0.0,0.0,0.0,0.0,-0.0,0.0,0.06189839360534388,0.0,0.050940705007641134,-0.0,0.0,0.0,-0.0,0.0,0.0,0.16515746111073426,-0.0,0.0,0.0,0.0,0.0,0.0,0.0,0.0,-0.0,0.0,0.0,0.0,0.14758751843937956,0.0,0.0,0.0,0.0,0.013244583301986693,0.0,0.0,0.0,0.0,0.0,0.0,0.0,-0.0,0.0,0.0,0.0,0.0,0.16515746111073426,1.6003988594969687,0.0,0.16515746111073423,0.0,0.0,0.09953930863562056,0.0,0.0,-8.36464778450593e-6,0.0,0.0,0.0,0.0,0.2743604473317945,0.0,0.0,-0.0,-0.0,0.0,0.0,0.0,0.0,0.0,0.0,0.3057170024815719,0.0,0.0,0.0,0.0,0.0,0.0,-0.09319890561495224,0.0,0.0,0.10188141001528214,0.0,0.0,0.0,0.0,0.0,0.0,0.0,0.0,0.013244583301986695,0.15110150697365043,0.0,0.0,0.0,0.0,-0.6796167584489868,-0.2986890254130299,0.0,0.0,0.0,0.0,0.0,0.0,0.0,0.10541965602812822,0.0,-0.33031492222146847,0.0,0.0,0.0,0.13353156430229574,0.0,0.01154321394261818,0.0,0.0,0.0,0.02811190827416753,-0.0,0.0,0.0,0.0,0.0,0.0,0.0,0.0,0.0661810932710109,0.0,0.02811190827416753,0.0,0.0,0.0,0.0,0.013244583301986693,0.0,0.0,0.0,0.0,0.17218543817927615,0.15110150697365043,-0.0,0.10188141001528228,0.10188141001528228,0.0,0.0,0.0,0.0,0.0,0.0,0.0,0.23002781407391298,0.17908710906627184,0.0,0.0,2.7208911087238956,0.0,0.0,0.0,0.0,0.23002781407391298,0.0,-0.0,0.0,0.02057703354988458,-2.7755575615628914e-17,0.13353156430229576,0.012546971676758896,0.0,-0.3592750057809849,0.2565211630017787,0.0,0.0,-0.0,-1.069071413436469,0.0,0.0,0.0,8.36464778450593e-6,0.0,0.0,0.0,8.36464778450593e-6,0.0,0.0,-0.0,0.0,-1.6003988594969687,0.012546971676758896,8.36464778450593e-6,0.050940705007641134,0.0,0.0,0.0,0.0,0.0,0.0,0.0,8.36464778450593e-6,-8.36464778450593e-6,0.0,0.20732532352198543,0.0,0.0,0.13353156430229574,0.13353156430229574,0.0,0.0001672929556901186,0.00016729295569011646,0.0,0.0,0.0,0.0,1.069071413436469,2.086485271550177,0.0018402225125913046,0.0,0.0,0.0,0.0,0.0,0.0,0.0,0.019807485953710038,-0.0,0.0,0.0,0.0,0.0,0.0,0.0,0.0,0.0,0.0,0.0,0.0,0.0,57.62681892123013,8.36464778450593e-6,0.0,0.0,0.0,-29.735447095295477,0.0,0.0,0.0,0.19907861727124113,0.005353374582083795,-7.637378464093343,0.20016685794800537,0.0,0.0,0.0,1.1419534260476751,0.0,0.8725281209087392,0.7625823539643873,-0.0,0.06325179361687693,0.0,0.0,-2.086485271550177,0.0,0.0,-0.0,-0.20732532352198543,0.0,0.0,0.0,0.21538968045101387,0.0,0.0,0.0,0.0,0.0,0.10188141001528214,0.0,0.08914623376337198,0.0,-0.0,-0.0,0.0,0.0,0.18126191749024345,0.0,0.0,-0.09921308737202386,0.0001672929556901186,0.0,0.0,0.0,0.0,57.62681892123013,0.0,0.19907861727124113,0.0,0.0,7.637378464093343,0.0,0.09921308737202386,0.0,0.0,0.2565211630017787,0.0,0.20016685794800537,-0.0,0.0,-0.0,0.0,8.36464778450593e-6,54.5179629012892,0.3923479866561429,0.0,-0.06325179361687693,0.0,0.0,8.36464778450593e-6,0.19326936938490177,-0.0,0.0,0.09921308737202386,0.0,0.0,-0.20381133498771453,0.0,0.0,0.0,0.0,0.0,0.0,0.0,1.6003988594969687,0.0,0.09953930863562056,0.0,0.0,0.09921308737202386,0.0,0.0,0.0,0.0,0.0,0.10188141001528228,0.10188141001528214,0.10188141001528228,0.0,0.19326936938490177,0.0,0.19326936938490177,0.0,0.09220267606383047,0.0,0.09220267606383047,55.88934105030545,0.10188141001528214,0.10188141001528214,0.05909121780886372,0.10188141001528214,0.0,0.0,0.0,0.10188141001528228,-0.0,0.0,0.0,0.0,0.01154321394261818,-0.0,-0.3092309910158428,0.20732532352198552,0.0,0.0,0.0,-0.29741007076677906,0.0,-0.0,-0.0,0.0,0.0,0.0,0.0,-0.0,0.001840222512591305,0.0,-0.0,0.06325179361687693,0.001840222512591305,-0.0,0.013244583301986693,0.0,0.0,0.0,0.0,-0.0,0.0010874042119857709,0.012546971676758896,0.0,0.0,0.0,0.0,0.013244583301986693,-55.88934105030545,0.0,0.0,0.0,-0.0835243539874055,0.0,0.0,0.0,0.0,0.0016729295569011856,0.0,0.0,0.02811190827416753,-0.0,0.0,-0.0016729295569011856,0.0,0.0,0.0,-0.0,0.0,0.0,0.2038113349877146,0.5070649486967493,0.025160860535793837,0.011141710848961895,-0.0,0.0,0.0,0.019807485953710038,0.30220301394730087,0.0,0.0,0.20381133498771453,0.0,-0.0,0.00016729295569011863,0.0,0.0,0.0,55.88934105030545,0.0,0.0,0.0,0.0,0.0,0.0,0.0,0.0,0.0,0.0,0.0,0.0,0.3092309910158428,0.30923099101584284,-0.0,0.1978707621311585,0.0,0.3619408190299069,0.0,0.0,0.0,0.0,0.0,0.0,0.29741007076677906,0.7625823539643873,-8.36464778450593e-6,0.0,0.3619408190299069,0.0,-0.5025003604007445,0.0,0.0,0.0,0.0,0.0,0.0,0.0,0.23002781407391298,0.0,0.0,0.0,0.5025003604007445,0.0,0.0,0.0,0.0,0.0,0.0,0.00016729295569011646,-0.5766755475593709,-0.0,0.0,0.10188141001528214,0.10188141001528214,0.013244583301986693,0.0,3.5139885342709416,-0.00016729295569011646,0.0010188141001528227,0.013244583301986693,0.0,0.0,-0.0,0.0835243539874055,0.0,-0.0,-0.0,0.07027977068541882,0.0018402225125913046,0.0,0.0,0.0,29.333442122772137,0.0,0.0,0.0,0.0,0.0,0.0,0.0,0.0,0.0,0.0,0.0,0.017048825114404753,0.0,0.0,0.0,0.0,0.0,0.0,0.0016729295569011856,0.0016729295569011856,0.0,7.116048445064944,0.0,0.15110150697365043,0.0,0.0,0.0,0.0,0.15110150697365043,0.0,0.0,0.0,0.23019510702960308,0.0,0.0,0.0,0.0,0.0,0.0,0.0,0.0,0.0,0.0,0.0016729295569011856,0.0,-0.0,0.0,0.0,0.09953930863562056,0.0,0.0,29.000831941198598,0.0,0.0,0.19907861727124113,0.0,-0.24868181509813964,0.0,1.0690630487886845,0.18661529207232724,0.0,57.62681892123013,0.0,0.0,0.0,0.0,0.0,0.0,-0.017048825114404753,-0.0,0.013244583301986693,0.0,0.0,0.2751969121102451,0.21538968045101387,0.0,0.09953930863562056,-0.0,0.21538968045101387,3.7056368821679158,0.0,53.92118203906222,0.0,0.0,0.0,0.24868181509813964,0.0,0.0,0.0,0.0,0.0,0.23002781407391298,0.3619408190299069,0.0,0.14055954137083765,-8.36464778450593e-6,0.0018402225125913046,0.0,0.0,0.0,0.00016729295569011646,-0.21867865995989544,0.0,0.5766755475593709,-0.019807485953710038,-0.0,0.0,0.0,0.013244583301986693,5.206933020390878,0.0,0.0,0.0,0.0,-0.0,0.0,0.0,0.00016729295569011646,0.0,-0.0,0.0,27.524769388694445,-0.0,0.13353156430229574,0.00016729295569011646,0.0,0.0,0.0,0.0,0.10541965602812822,0.0,0.0,0.0,0.0,0.3621658280552963,0.0,0.0,0.0,-0.0,0.02811190827416753,-0.1267244139352648,0.0,0.0,0.0,0.0,0.0,0.0,0.0,-0.0,0.00016729295569011646,0.0,0.0,0.0,0.0,0.0,0.0,0.0,0.0,0.0,0.0,0.0,0.15110150697365046,0.0,0.0,0.0,-0.0,0.0,0.0,0.0,0.0,0.0,0.0,0.0,0.0,0.0,0.0,0.0,0.019807485953710038,8.36464778450593e-6,-0.0,0.21867865995989544,0.0,0.0,0.0,0.0005094070500764114,0.0,0.13353156430229574,0.0,0.0,0.0,0.3489212447533096,0.0,0.0,0.0,0.0,0.013244583301986693,0.003056442300458468,0.0,0.0,0.0580724037087109,0.0,0.019807485953710038,0.011141710848961895,0.0,0.0,0.0,29.000831941198598,0.0,0.0,0.0,0.0,0.09953930863562056,0.0,8.36464778450593e-6,0.0,0.0,0.011141710848961895,0.0,0.0,0.2073253235219855,0.0,0.0,0.0,0.0,0.0,0.0,0.0,0.13353156430229574,0.13353156430229574,0.0,0.0,0.0,0.0,-0.0,0.0,0.10137200296520588,0.0,0.0,0.20016685794800537,0.0,0.0,0.0,0.0,0.0,0.0,0.0,0.0,0.0,0.0,0.0,0.019807485953710038,0.19907861727124113,0.0,0.0,0.0,0.0,0.0,0.0,0.0,0.0,0.0,0.2565211630017787,0.0,0.0,0.0,0.0,0.0,0.0,0.0,0.0,0.0,0.0,0.0,0.0,0.0,0.0,0.0,0.0,0.0,0.0,0.0,0.0,0.0,0.0,0.005353374582083795,0.005353374582083795,-0.0,0.005353374582083795,0.0,0.0,0.0,0.0,0.0,0.0,0.0,0.0,0.0,0.0,0.013244583301986693,0.23192324326188213,0.0,0.0,0.0,0.0,0.0,0.0,0.13353156430229574,0.0,0.0,8.36464778450593e-6,0.0,0.0,0.0,0.0,0.0,0.0,0.0,28.731406636059663,0.0,0.0,0.0,0.0,0.0,0.0,0.04209090765163383,0.0,0.0,0.02811190827416753,0.02811190827416753,0.7625823539643873,0.0,0.10541965602812824,0.0,0.0,0.09953930863562056,-0.0,