{"objective_value":0.15636794542017443,"time_limit":1800,"thermo_feasible":true,"dual_bound":0.15636794542017443,"solution":[-0.48205683563264684,0.0,-0.0,-0.0,-0.23996443819303556,-0.0,-0.0,0.0,0.0,0.0,0.0,0.0,0.0,0.0,0.05583664779036299,0.0,-0.0,0.0,0.15636794542017446,0.0,0.0,0.0,0.3166597880627261,0.0,0.0,0.0,0.0,0.0,0.0,0.0,0.0,-0.0,0.16856396756851905,0.0,-0.0,0.0,0.0,0.16856396756851905,0.0,0.0,0.0,0.0,0.0,0.0,0.16856396756851905,0.0,0.0,0.0,0.0,0.0,0.0,0.0,0.0,0.0,0.0,0.002475930047783041,0.0,0.0,0.0,0.0,0.0,0.0,-0.0,0.0,0.0,-0.0,0.0,-0.0,0.00034400947992438386,0.0,0.0,-0.0,0.0,0.48205683563264684,0.0,-37.714754149101694,0.0,-0.0,0.0010007548506891166,0.0,0.0,0.03221945878588152,0.0,1.2818587571145341,0.0,0.0,0.0,0.0,-0.0,0.0,0.25738695467175476,-0.0,0.0,0.0,0.0,0.25738695467175476,-0.0,0.0,0.011571227961092908,0.0,0.00952280787608862,-0.0,0.0,0.0,-0.0,0.0,0.0,0.030874381719377186,-0.0,0.0,0.0,0.0,0.0,0.0,0.16856396756851905,0.0,0.0,0.0,0.0,0.0,0.02758987302582642,0.0,0.0,0.0,0.0,0.23996443819303556,0.0,0.0,0.002475930047783041,0.0,0.0,0.0,0.0,-0.0,-0.0,0.0,0.0,0.0,0.030874381719377186,37.218235128871704,0.030874381719377186,0.0,0.0,0.0,0.018607785505000755,0.002475930047783041,0.0,-1.5636794542017448e-6,0.0,0.48205683563264684,0.0,0.0,0.07309867863443041,0.14885691540721446,0.0,-0.0,-0.0,0.0,0.0,0.0,0.0,0.0,0.0,0.057150451267783293,0.0,0.0,0.0,0.0,12.096984868248182,0.0,0.23996443819303556,0.0,0.0,0.019045615752177253,0.0,0.0,0.0,0.0,0.021809992536613206,0.0,0.0,0.0,0.002475930047783041,0.0,0.056229678621176615,0.0,0.0,0.021809992536613206,0.0,-0.08381955164700303,0.0,0.0,0.0,0.0,0.0,0.0,0.0,0.019707052161304583,0.0,-0.3166597880627261,0.0,0.0,0.0,0.024962266070985808,-0.0,0.002157877646798407,0.0,0.0,0.0,0.005255213909681223,-0.0,0.0,0.0,0.0,0.0,0.0,0.0,0.0,0.0,0.0,0.005255213909681223,0.0,0.49442866747429104,0.0,0.0,0.0,0.0,0.0,0.0,0.0,0.03218818519679749,0.056229678621176615,-0.0,0.019045615752177236,0.019045615752177236,0.48205683563264684,0.0,0.0,0.0,0.02798290385664004,0.0,0.0,0.04300118499054796,0.03347837711445935,0.48205683563264684,0.0,37.714754149101694,0.0,0.0,0.0,-0.0,0.04300118499054797,0.0,-0.0,0.0,0.0038466514573362903,-0.0,0.024962266070985808,0.0023455191813026165,0.0,-0.03221945878588152,0.0,0.0,0.0,-0.0,-0.19985121278645274,0.0,0.0,0.0,1.5636794542017448e-6,0.0,0.0,0.0,1.5636794542017448e-6,0.0,0.0,-0.0,0.0,0.09086854044257109,0.0023455191813026165,1.5636794542017448e-6,0.00952280787608862,0.0,0.0,0.0,0.0,0.0,0.0,0.0,1.5636794542017448e-6,-1.5636794542017448e-6,0.0,0.0,0.0,0.0,0.024962266070985808,0.024962266070985808,0.0,3.127358908403489e-5,3.127358908403499e-5,0.0,0.0,0.03875720258389901,0.0,0.19985121278645274,0.0,0.00034400947992438386,0.0,0.48205683563264684,0.0,0.0,0.0,0.0,0.0,0.0037027929475497313,-0.0,0.0,-0.0,0.48205683563264684,0.0,0.0,0.0,0.0,0.0,0.0,0.0,0.0,0.0,0.4119836682515041,1.5636794542017448e-6,0.0,0.0,0.0,-0.3434513506045318,0.0,0.0,0.0,0.03721557101000151,0.0010007548506891166,-1.4450949039240524,0.002475930047783041,0.0,0.0,0.0,0.4877676536126352,0.0,0.1800145837210423,0.14255643390504663,-0.0,0.011824231296782749,0.0,0.25738695467175476,-37.309103669314275,0.0,0.0,0.2759337566780417,-0.03875720258389901,0.0,0.0,0.0,0.24638782490030353,0.0,0.0,0.0,0.0,0.0,0.019045615752177253,0.0,0.016664913783155086,0.0,0.0,-0.0,0.0,0.0,0.033884933772551806,0.0,0.0,-0.0,3.127358908403489e-5,0.0,0.0,0.0,0.0,0.4119836682515041,0.0,0.03721557101000151,0.0,0.0,1.4450949039240524,0.0,0.01854680200628692,0.0,0.0,0.0,0.0,0.002475930047783041,-0.0,0.0,0.0,0.0,1.5636794542017448e-6,-36.750182450062944,0.5863206361196379,0.0,-0.011824231296782749,0.0,0.0,1.5636794542017448e-6,0.03612959562905841,-0.0,0.0,0.0,0.0,0.0,-0.2066642684137079,0.0,0.2759337566780417,0.0,0.0,0.0,37.309103669314275,-0.2759337566780417,37.218235128871704,0.0,0.018607785505000755,0.0,0.0,0.0,0.0,0.0,0.0,0.0,0.0,0.019045615752177236,0.019045615752177236,0.019045615752177236,0.0,0.03612959562905841,0.0,0.03612959562905841,0.0,0.017236282255720402,0.0,0.017236282255720402,-0.0,0.019045615752177253,0.019045615752177236,0.011046457136262799,0.019045615752177253,0.0,0.0,0.0,0.019045615752177236,-0.0,0.23748850814525252,1.5636794542017448e-6,0.0,-0.0,0.002157877646798407,-0.05780735300649344,0.03875720258389901,0.01854680200628692,0.0,0.0,-0.05559756120181554,0.0,-0.0,-0.0,0.0,0.0,0.0,0.0,-0.0,0.00034400947992438386,0.0,0.011824231296782749,-0.0,0.00034400947992438386,-0.0,0.002475930047783041,0.0,1.5636794542017448e-6,-0.0,0.0,-0.0,0.00020327832904622675,0.0023455191813026165,0.0,0.0,0.0,0.002475930047783041,0.0,0.0,0.0,0.0,0.0,-0.0156139648219861,0.0,0.0,0.0156139648219861,0.0,0.0003127358908403489,0.0,0.0,0.0052552139096812235,-0.0,0.0,-0.0003127358908403489,0.0,0.0,0.0,-0.0,0.0,0.0,0.03810030084518887,0.5768470841463567,0.004703547798238847,0.002082821032996723,-0.0,0.0,-0.43902437705301484,0.0,0.08447645338571319,0.0,0.0,0.2066642684137079,0.01854680200628692,-0.0,3.127358908403489e-5,0.0,0.0,0.0,0.0,0.0,0.0,0.0,0.0,0.0,0.0,0.0,0.0,0.0,0.02798290385664004,0.0,0.0,0.05780735300649344,0.057807353006493443,-0.0,0.03698977569681479,0.0,0.0,0.0,0.0,0.0,0.0,0.0,0.0,0.05559756120181554,0.14255643390504663,-1.5636794542017448e-6,0.0,0.0,0.0,-0.026276069548406115,0.0,0.0,0.0,0.0,0.0,0.0,0.0,0.04300118499054797,0.0,0.0,0.0,0.026276069548406115,0.0,0.0,0.0,0.0,0.0,0.0,3.127358908403499e-5,-0.10780318893158347,-0.0,0.0,0.019045615752177253,0.019045615752177236,0.002475930047783041,0.0,0.6569017387101529,-3.127358908403499e-5,0.00019045615752177238,0.23996443819303556,0.0,0.0,-0.0,-0.0,0.0,0.0,-0.0,0.013138034774203057,0.00034400947992438386,0.0,0.0,0.0,0.062177837080987314,0.0,0.0,0.0,0.0,0.0,0.0,0.0,0.0,0.0,0.0,0.0,-0.0,0.0,0.0,1.5636794542017448e-6,-0.0,0.0,0.0,0.0003127358908403489,0.0003127358908403489,0.0,1.5876544130653505,0.056229678621176615,0.0,0.0,0.0,0.0,0.0,0.028246774764536575,0.0,0.0,0.0,0.0,0.0,0.0,0.0,0.0,0.0,0.0,0.0,0.0,0.0,0.0,0.0003127358908403489,-0.0,-0.0,0.0,0.0,0.018607785505000755,0.0,0.0,0.0,0.0,0.0,0.03721557101000151,0.0,-0.04401241649358023,0.0,0.19984964910699854,0.03488568862324092,0.0,0.4119836682515041,0.0,0.0,0.0,0.0,0.0,0.0,0.0,0.25738695467175476,0.23996443819303556,0.0,0.0,0.05144505404323739,0.24638782490030353,-0.0,0.018607785505000755,-0.0,0.24638782490030353,0.4119836682515041,0.0,0.0,0.0,0.0,0.0,0.04401241649358023,0.0,0.0,0.0,0.0,0.0,0.04300118499054797,0.0,-0.25738695467175476,0.026276069548406115,-1.5636794542017448e-6,0.00034400947992438386,0.0,0.0,0.0,3.127358908403499e-5,-0.043355514754870095,0.0,0.10780318893158347,-0.003702792947549731,-0.0,0.0,0.0,0.23996443819303556,1.4432148399936087,0.0,0.0,0.0,0.0,-0.0,0.5057465793638033,0.0,3.127358908403499e-5,0.0,-0.0,0.0,0.0,0.0,0.024962266070985808,3.127358908403499e-5,0.0,0.48205683563264684,0.2298128226857616,0.0,0.019707052161304583,0.0,0.0,0.0,0.0,0.28150170647856326,0.0,0.0,0.0,-0.0,0.0052552139096812235,-0.023689743731156454,0.0,0.0,0.0,0.0,0.0,0.0,0.002475930047783041,0.0,3.127358908403499e-5,0.0,0.0,0.0,0.0,0.0,0.0,0.0,0.0,0.0,0.0,-0.04795382692584115,0.028246774764536572,0.0,0.0,0.0,-0.0,0.0,0.0,0.0,0.0,0.0,0.0,0.0,0.0,0.0,0.0,0.0,0.003702792947549731,1.5636794542017448e-6,-0.0,0.043355514754870095,0.0,0.0,0.0,9.522807876088619e-5,0.0,0.024962266070985808,0.0,0.0,0.2713500909712893,0.0,0.0,0.0,0.0,0.0,0.0,0.0005713684725653171,0.0,1.5636794542017448e-6,0.010856000978741025,0.0,0.0,0.002082821032996723,0.043032458579632,0.0,0.0,0.0,0.003702792947549731,0.0,0.0,0.0,0.018607785505000755,0.0,1.5636794542017448e-6,0.0,0.44110719808601156,0.0,0.0,0.0,0.03875720258389901,0.0,0.0,0.0,0.0,0.5057465793638033,0.0,0.0,0.024962266070985808,0.024962266070985808,0.0,0.0,0.0,0.0,-0.0,0.0,0.018950387673416353,0.0,0.0,0.0,0.0,0.0,0.0,0.0,0.0,0.0,0.0,0.0,0.0,0.0,0.0,0.003702792947549731,0.03721557101000151,0.0,0.0,0.0,0.0,0.0,0.0,0.25738695467175476,0.0,0.0,0.0,0.0,0.0,0.0,0.0,0.04795382692584115,0.0,0.0,0.0,0.0,0.0,0.0,0.0,0.0,0.0,0.0,0.0,0.0,0.0,0.0,0.0,0.0,0.0,