{"objective_value":0.35086465073135165,"time_limit":1800,"thermo_feasible":true,"dual_bound":0.35086465073135165,"solution":[-0.0,0.0,-0.0,-0.0,-0.005555590879680224,-0.0,-0.0,0.2850729674787636,0.0,0.0,0.0,0.0,0.0,0.0,21.175033314420503,-3.7303493627405266e-14,-0.0,0.0,0.35086465073135154,0.0,0.0,0.0,0.17764768477039733,0.0,0.0,0.0,0.0,0.0,0.04421947193163491,0.0,0.0,-0.0,0.0,0.0,0.0,0.0,0.0,0.0,0.0,0.0,0.0,0.0,0.0,0.0,0.0,0.0,0.0,0.0,0.0,-0.0,-0.0,0.0,0.0,-0.0,0.0,0.0,0.0,0.0,0.0,-3.730349362740526e-14,0.0,0.0,0.0,0.0,0.0,-0.0,0.0,0.0,0.0007719022316089737,0.0,0.0,-0.0,0.0,0.0,0.0,-22.031550766929126,0.0,0.0,0.00224553376468065,0.0,0.0,0.06673971953886403,0.0,1.7689009781653513,0.0,0.0,0.0,0.0,0.0,0.0,0.044648930264171216,-0.0,0.0,0.0,0.0,0.044648930264171216,-0.0,0.0,0.025963984154120014,0.0,0.021367657229539334,-0.0,0.0,0.0,-0.0,0.0,0.0,0.06927717269295317,-0.0,0.0,0.0,0.0,0.04421947193163491,0.0,0.0,0.0,0.0,0.0,0.0,0.0,0.061907260704341126,-3.730349362740526e-14,0.0,0.0,0.0,0.005555590879680226,0.0,0.0,0.005555590879680226,0.0,0.0,0.0,0.0,0.0,0.0,0.0,0.0,0.0,0.06927717269295317,0.0,0.0,0.06927717269295317,0.0,0.0,0.04175289343703083,0.005555590879680226,0.0,-3.5086465073135165e-6,0.0,0.0,0.0,0.0,0.11508360543988329,0.0,0.0,-0.0,-0.0,0.0,0.0,0.0,0.0,0.0,0.0,0.12823646860184948,0.0,0.0,0.0,0.0,0.0,0.0,0.005555590879680224,0.0,0.0,0.04273531445907867,0.0,0.0,0.0,0.0,0.0,0.0,0.0,0.0,0.005555590879680226,0.0,21.928998643354763,0.0,0.0,0.0,-0.2850729674787636,-21.990905904059105,0.0,0.0,0.0,0.0,0.0,0.0,0.0,0.04421947193167222,0.0,-0.17764768477039733,0.0,0.0,0.0,0.056011331113451475,0.0,0.004841932180092651,0.0,0.0,0.0,0.011791859181779264,-0.0,0.0,0.0,0.0,0.0,0.0,0.0,0.0,0.02776041116586454,0.0,0.011791859181779264,0.0,0.0,0.0,0.0,0.005555590879680226,0.0,0.0,0.0,0.0,0.07222513748839798,21.928998643354767,-0.0,0.04273531445907867,0.04273531445907867,0.0,0.0,0.0,0.0,0.0,0.8158725896386017,0.0,0.09648777895112168,0.07512012172158236,0.0,0.0,22.031550766929126,0.0,0.0,0.0,0.0,0.09648777895112168,0.0,0.0,0.0,0.0,0.05601133111345148,0.0,0.005262969760970272,0.0,-0.06673971953886403,0.0,0.0,0.0,-0.0,-0.4484341454006784,0.0,0.0,0.0,3.508646507313516e-6,0.0,0.0,0.0,3.508646507313516e-6,0.0,0.0,-0.0,0.0,0.20389446583296567,0.005262969760970272,3.508646507313516e-6,0.021367657229539334,0.0,0.0,0.0,0.0,0.0,0.0,0.0,3.508646507313516e-6,-3.5086465073135165e-6,0.0,0.08696496146562206,0.0,0.0,0.05601133111345148,0.05601133111345148,0.0,7.017293014627034e-5,7.017293014627033e-5,0.0,0.0,0.0,0.0,0.4484341454006784,0.0,0.0007719022316089737,0.0,0.0,0.0,0.0,0.0,0.0,-0.0,0.008308474929318405,-0.0,0.0,0.0,0.0,0.0,0.0,0.0,0.0,0.0,0.0,0.0,0.0,0.0,1.3321038842320831,3.5086465073135165e-6,0.0,0.0,0.044648930264171216,-1.0081621689469946,0.0,0.0,0.0,0.08350578687406167,0.00224553376468065,40.512194782822775,0.0,0.0,0.0,0.0,0.4495912970187538,0.0,0.33657779301818547,0.31987382872620385,-0.0,0.026531683159003346,0.0,0.0,-0.20389446583296567,0.0,0.0,0.044648930264171216,-0.08696496146562206,0.0,0.0,-0.0,0.04569871729915519,0.0,0.0,0.0,0.0,-0.0,0.04273531445907867,0.0,0.03739340015169383,0.0,-0.0,-0.0,0.0,0.0,0.0760323698134839,0.0,0.0,-0.04161605622324516,7.017293014627034e-5,-0.0,0.0,0.0,0.0,0.0,1.3321038842320831,0.08350578687406165,0.0,0.0,-40.512194782822775,0.0,0.04161605622324516,0.0,0.0,0.0,0.0,0.0,-0.0,0.0,0.0,-0.0,3.508646507313516e-6,-42.722244980049,0.1645748187487941,0.0,-0.026531683159003346,0.0,0.0,3.508646507313516e-6,0.08106903187473243,-0.0,0.0,0.04161605622324516,0.0,0.0,-0.12971045099953463,0.0,0.044648930264171216,0.0,0.0,0.0,0.20389446583296567,-0.044648930264171216,0.0,0.0,0.04175289343703083,0.0,0.0,0.04161605622324516,0.0,0.0,0.0,0.0,0.0,0.04273531445907867,0.04273531445907867,0.0,0.04273531445907867,0.08106903187473243,0.0,0.08106903187473243,0.0,0.0,0.03867545958546619,0.03867545958546619,0.5438446934707342,0.04273531445907867,0.04273531445907867,0.024786482386265622,0.04273531445907867,0.0,0.0,0.0,0.04273531445907867,0.0,0.0,0.0,0.0,0.0,0.004841932180092651,-0.12971045099957187,0.08696496146562206,0.0,0.0,0.0,-0.12475203175543641,0.0,0.0,-0.0,0.0,0.0,0.0,0.0,-0.0,0.0007719022316089737,-0.0,0.0,0.026531683159003346,0.0007719022316089737,0.0,0.005555590879680226,0.0,0.0,0.0,0.0,-0.0,0.000456124045950757,0.005262969760970272,0.0,0.0,0.0,0.005555590879680226,0.0,-0.5438446934707342,0.0,0.0,0.0,-0.03503523883412839,-0.0,-0.0,0.03503523883412839,0.0,0.0007017293014769135,0.0,0.0,0.011791859181779265,-0.0,0.0,-0.0007017293014769135,64.69701734933477,0.0,0.0,-0.0,0.0,0.0,0.08549097906789968,0.21269415127334532,0.010554008693999056,0.0,-0.0,0.0,0.0,0.0,43.04212469707089,0.0,0.0,0.12971045099953463,0.0,-0.0,7.017293014627033e-5,-0.0,0.0,0.5438446934707342,0.0,0.0,0.0,0.0,0.0,0.0,0.0,0.0,0.0,0.0,0.8158725896386017,0.0,0.0,0.12971045099957187,0.12971045099957187,-0.0,0.0829991383184056,0.0,0.0,0.0,0.0,-0.0,0.0,0.0,0.12475203175543641,0.0,0.31987382872620385,-3.5086465073135165e-6,0.0,0.0,0.0,-0.05895929590889632,0.0,0.0,0.0,0.0,0.0,0.0,0.0,0.09648777895112168,0.0,0.0,0.0,0.05895929590889632,0.0,0.0,-0.0,0.0,0.0,0.0,7.017293014627033e-5,-0.2418931075072167,-0.0,0.0,0.04273531445907867,0.04273531445907867,0.005555590879680226,0.0,1.4739823977224078,-7.017293014627033e-5,0.00042735314459078666,0.005555590879680226,0.0,0.0,0.0,0.0,0.0,0.0,-0.0,0.029479647954448154,0.0007719022316089737,0.0,21.049744810614058,0.0,0.884185548069675,0.0,0.0,0.0,0.0,0.0,0.0,0.0,0.0,0.0,0.0,0.0,0.19784485752502334,0.0,0.0,0.0,0.0,0.0,0.0,0.0007017293014627029,0.0007017293014627028,0.0,3.09569425144735,21.928998643354763,0.0,0.0,0.0,0.0,0.0,21.113126053716122,0.0,-3.730349362740526e-14,0.0,0.09655795188126794,64.69701734933477,0.0,0.0,0.0,-1.4210854715202004e-14,0.0,0.0,0.0,0.0,0.0,0.0007017293014627029,0.0,-0.0,0.0,0.0,0.04175289343703083,0.0,0.0,0.7446684300821618,0.0,0.0,0.08350578687406167,0.0,-0.10431241152708154,0.0,0.44843063675417105,0.07827790357816454,0.0,1.3321038842320831,0.0,0.0,21.049744810614058,0.0,0.0,0.0,-0.19784485752502334,0.044648930264171216,0.005555590879680226,0.0,0.0,0.11543447009061465,0.04569871729915519,0.0,0.04175289343703082,0.0,0.04569871729915519,0.0,1.3321038842320831,0.0,0.0,0.0,0.0,0.10431241152708154,0.0,0.0,0.0,0.0,0.0,0.09648777895112168,0.0,-0.044648930264171216,0.05895929590889631,-3.5086465073330686e-6,0.0007719022316089737,0.0,0.0,0.0,7.017293014627033e-5,-0.09728283824967897,0.0,0.2418931075072167,-0.008308474929318405,-0.0,0.0,0.0,0.005555590879680226,2.130951193962014,0.0,0.0,0.0,0.0,-0.0,0.05315599458579976,0.0,7.017293014627033e-5,0.0,-0.0,0.0,0.1701661596211546,0.0,0.05601133111345148,7.017293014627033e-5,0.0,0.0,0.008507064321628545,0.0,0.04421947193167222,0.0,0.0,0.0,0.0,0.0,0.09875857497065835,0.0,0.0,0.0,0.011791859181779265,-0.053155994585799754,0.0,0.0,0.0,0.0,0.0,0.0,0.0,-0.0,7.017293014627033e-5,0.0,0.0,0.0,0.0,0.0,0.0,0.0,0.0,0.0,0.0,-0.10760071503373579,0.06338124310206354,0.0,0.0,0.0,-0.0,0.0,0.0,0.0,0.0,0.0,0.0,0.0,0.0,0.0,0.0,0.0,0.008308474929318405,3.5086465073330686e-6,-0.0,0.09728283824967897,0.0,0.0,0.0,0.00021367657229539333,0.0,0.05601133111345148,0.0,0.0,0.10171004841260667,0.0,0.0,0.0,0.0,0.0,0.005555590879680226,0.00128205943377236,0.0,0.0,0.024359129241674837,0.0,0.0,0.0,0.0,0.0,0.0,0.7446684300821618,0.0,0.008308474929318405,0.0,0.004673517147741603,0.04175289343703083,0.0,3.508646507313516e-6,0.0,0.0,0.004673517147741603,0.0,0.0,0.08696496146562208,0.0,0.0,0.0,0.0,0.0,0.05315599458579976,-0.0,0.05601133111345148,0.05601133111345148,0.0,0.0,0.0,0.0,-0.0,0.0,0.04252163788678327,0.0,0.04421947193163491,0.0,0.0,0.0,0.0,0.0,0.0,0.0,0.0,0.0,0.0,0.0,0.008308474929318405,0.0,0.08350578687406167,0.0,0.0,0.0,0.0,0.0,0.0,0.0,0.0,0.0,0.0,0.0,0.0,0.0,0.0,0.10760071503373579,0.0,0.0,0.0,0.0,0.0,0.0,0.0,0.0,0.0,0.0,0.0,0.0,0.0,0.0,0.0,0.0,-0.0,0.0022455337646806505,0.00224553376468065,-2.7158103397458187e-19,0.00224553376468065,0.0,0.0,0.0,0.0,0.0,0.0,0.0,0.0,0.0,0.044648930264171216,0.0,0.09728283824967894,0.0,0.0,0.0,0.0,0.0,0.0,