{"objective_value":0.9824784386660131,"time_limit":1800,"thermo_feasible":false,"dual_bound":0.9824784386660131,"solution":[0.0,0.0,0.0,-0.0,0.0,0.0,0.0,0.0,0.0,0.0,0.0,-0.0,-0.0,-0.0,-0.0,-0.0,0.00021909269182252098,-0.0,0.00022105764869985298,0.0,1.964956877332026e-6,-0.0,0.00044015034052236057,0.0,0.0,0.0,-0.0,0.9824784386660131,-0.0,-0.0,0.0,-0.0,-0.0,-0.0,-0.0,-0.0,0.0,-0.0,-0.0,-0.0,1.734723475976807e-18,-0.0,0.0,-0.0,-0.0,-0.0,-0.0,-0.0,-0.0,-0.0,-0.0,-0.0,-0.0,-0.0,-0.0,-0.0,-0.0,-0.0,-0.0,-0.0,-0.0,-0.0,-0.0,-0.0,-0.0,-0.0,-0.0,-0.0,-0.0,-0.0,-0.0,0.0,0.0,-0.0,-0.0,-0.0,-0.0,-0.0,-0.0,-0.0,-0.0,-0.0,-0.0,-0.0,-0.0,-0.0,-0.0,-0.0,-0.0,-0.0,-0.0,-0.0,-0.005113800273306879,-0.0,-0.0,-0.0,-0.0,-0.0,-0.0,-0.0,-0.0,-0.0,-0.0,-0.0,-0.0,-0.0,-0.0,-0.0,-0.0,-0.005113800273256599,0.0,-0.0,-0.0,-0.0,19.67084581296059,-0.0,-0.0,0.0,0.0,-2.4561960966650334e-5,0.0,0.0,-0.0,-0.0,-0.0,-0.0,-0.0,-0.0,-0.0,-0.0,-0.0,0.0,0.0,-0.0,-0.0,-0.0,-0.0,-0.0006965772130142034,-0.0,-0.0,-0.0,-0.0,-0.0,-0.0,-0.0,-0.0,-0.0,-0.0,-0.0,-0.0,-0.0,-0.0,-0.0,1.964956877332026e-6,-0.0,-0.0,-0.0,-0.0,-0.0,-0.0,-0.0,-0.0,-0.008523000455427664,-0.0,-0.0,-0.0,0.0,-0.0,-0.0,-0.0,-0.0,-0.0,-0.0,-0.000678892601118215,-0.0,-0.0001267397185879157,-0.0,-0.0,-0.0,-0.0,-0.0,0.0,-0.0,-0.0,-0.0,0.0,-0.0,-0.0,-10.611576699826179,-0.0003173405356891223,0.0,-0.0,-0.0,0.0,0.0,-0.0,-0.0,-0.0,-0.0,0.0,-0.0,-0.0,-0.0,-0.0,0.0,-17.57432917782045,-0.0,-0.01577958620341484,-0.0,-10.0,-0.0,-0.0,-0.0,-0.0,-0.0,-0.0,-0.0,-0.0,-0.24779088701595506,-0.0,-0.0,-0.0,0.0,-0.0,-0.0,-0.9477291587687491,-0.0,-0.0,-0.0,-0.0,-0.0,-0.0,-0.0,-0.0,-0.0,-0.0,-0.0,-0.0,-0.0,-0.0,-0.0,-0.0,-0.0,-0.0,-0.0,-0.0,-0.0,-0.0,-0.0,-0.0,-0.0,-0.0,-0.0,-0.0,-0.0,-0.0,-0.0,-0.0,-0.0,0.0,-0.0,-0.0,-0.0,-0.0,-0.0,-0.0,-0.0,-0.0,-0.0,0.0,-0.0,-0.0,-0.0,-0.0,-0.0,-0.0,-0.0,-0.0,-0.0,-0.0,-0.0,-0.0,-0.0,-0.0,-0.0,-0.0,-0.0,0.0,0.0,0.0,0.0,-0.0,-0.0,0.0,-0.0,0.0,0.0,0.0,0.0,-0.0,-0.0,-0.0,-0.0,-0.0,0.0,0.0,-0.0,-0.0,-0.0,-0.0,0.0,0.0,0.0,-0.0,-0.0,0.0,-0.00033502514758511055,0.0,0.0,-0.0,0.0,0.0,0.0,0.0,0.0,0.0,-0.0,0.0,0.0,0.0,0.0,0.0,0.0,0.0,0.0,0.0,0.0,0.0,-0.0,1000.0,500.0,0.0,0.0,0.0,0.0,0.0,0.0,-0.0,0.0,0.0,0.0,0.0,0.0,-0.0,-0.0,0.0,0.0,0.0,0.0,0.0,0.0,0.0,0.0,0.0,0.0,0.0,0.0,0.0,9.027239829460882,0.0,0.0,0.0,-0.0,0.0,0.0,0.0,0.0,45.617869513218025,0.0,0.0,-0.0,0.0,0.0,-0.0,0.0,0.0,0.0,0.0,0.0,0.0,0.0,0.0,0.0,0.0,0.0,0.0,0.0,0.0,0.0,0.0,0.0,0.0,0.0,0.0,0.07646040201074382,0.0,0.0,0.0,0.0,0.0,0.0,0.0,0.0,0.0,0.0,0.0,0.0,0.0,0.0,0.0,-0.0,0.0,0.0,0.0,0.0,0.0,0.07646040201074382,0.0,-0.0,0.0,0.0,0.0,0.0,0.0,0.34964442675246077,-0.0,0.34964442675246077,0.34964442675246077,0.0,0.0,0.34964442675246077,-0.0,0.34964442675246077,0.0,0.0,0.27318402474171694,-0.0,0.27318402474171694,-0.0,0.0,0.0,0.0,0.0,0.0,0.0,0.0,0.0,0.0,0.0,-0.0,0.0,0.0,0.0,0.0,-0.0,0.0,0.0,0.0,0.0,0.07646629688137585,0.0,0.0,-0.0,0.00022105764869985298,0.0,0.0,0.03823020100537191,0.0,0.0,0.0,0.0,0.0,0.0,0.0,0.0,0.0,-0.0,0.12539175817006593,0.147792266571651,0.0,0.0,0.0,0.2906092623298973,0.2906092623298973,0.0,0.28543847830719815,0.07646040201074382,-0.0,0.0,0.5723683588842912,0.0,0.8589504420940967,0.0,0.0,0.0,0.0,0.0,0.0,0.0,-0.34964442675246077,0.0,-0.0,0.0,0.0,0.0,-0.34964442675246077,-0.34964442675246077,-0.34964442675246077,-0.34964442675246077,0.44016507769891133,-0.0,0.29379740486332606,-0.27318402474171694,-0.12539175817006593,0.0,0.0,0.0,-0.19177291387853512,0.2906092623298973,-0.0,0.0,0.0,0.0,-0.0,0.0,0.0,-0.0,0.0,-0.0,4.855698960895098,0.0,4.855698960895098,-0.2906092623298973,0.0,0.0,0.0,0.0,0.0,0.0,0.0,0.0,0.06269587908503296,0.0,-0.0,0.0,0.0,0.0738961332858255,0.0,0.0,0.0,0.0,0.0,0.0,0.0,0.0,0.0,0.0,0.0,0.06269587908503296,0.0738961332858255,0.0,0.0,0.0,0.0,-0.2906092623298973,0.0,0.0,0.00044015034052236057,0.0,0.0006572780754674764,0.0006572780754674764,0.0,0.5332431200212521,0.0,0.44016507769891133,-0.44016507769891133,0.0,0.0,-996.6435972266446,3.7993460034689117,0.0,0.0,999.2232279844297,0.0,0.0,0.027301110853651174,0.0,0.0,0.0,0.0,0.0,0.0,0.0,0.0,0.040951666280476764,0.0,1000.0,-1000.0,-1000.0,0.0,0.0,0.0,0.0,0.0,0.0,0.0,0.0,-0.0,0.0,0.0,0.0,0.0,0.0,0.000661207989222227,0.2435288955490219,0.29379740486332606,0.0,0.0,0.0,0.0,0.0,0.0,0.0,0.0,0.0,0.0,0.0,0.0,0.0,0.0,-0.0,0.0,0.0,0.0,0.0,0.0,0.0,-0.0,0.0,0.0,3.15,0.0,0.0,0.0,0.09307804232234075,55.80046600349225,0.0,0.0,0.0,1000.0,0.0,0.0,0.0,0.0,0.00011986236951725359,0.00011986236951725359,0.0,0.0,-1000.0,0.00011986236951725359,-0.0,0.2435288955490219,0.0,0.2906092623298973,0.2906092623298973,0.0,-0.0,1.964956877332026e-6,0.0,0.0,0.0,0.0,-0.0,0.0,-1.0503441192953065,0.0,0.0,0.0,0.0,0.0,0.0,0.0,0.0,0.0,0.0,0.0,0.0,-0.0,0.0,0.23683134003263576,0.0,999.9948861997267,0.005113800273306879,0.0,0.0,0.0,0.0,0.0,0.0,0.0,-1000.0,0.0,0.0,0.0,0.0,0.0005659075806715153,0.32499895511852384,1.0503441192953065,0.0,0.0,0.0,0.0,0.0,0.0,0.002238085883281188,0.0,0.0,0.6156082174484212,0.0,-2.8763814928351894,0.0,0.0,0.0,1.964956877332026e-6,0.0,0.0,0.0,0.0,0.0,0.0,0.0,-0.0,0.0,0.0,0.0,0.0,0.0,0.0,0.0,0.0,0.0,0.00021909269182252098,0.0,2.4561960966650334e-5,2.4561960966650334e-5,0.0,0.0,0.0,0.0,0.0,0.0,0.0,0.0,0.002347140989973106,0.0,0.0,0.0,0.0,0.0,0.0,0.0,0.0,0.0,0.0,0.0,0.0,0.0,0.0,0.0,0.0,0.0,0.31771780740957,0.37444120006595216,0.0,0.0,0.0,0.0,0.00021909269182252098,0.0,0.0002397247390345072,0.0,0.00021909269182252098,0.0,0.0,0.0,0.0,0.0,0.0,0.0,0.05584702188909217,0.0,0.0,0.0,0.0,0.0,0.0,0.0,0.0,0.0,0.0,0.0,0.0,0.0,0.05584702188909217,0.0,0.0,0.0,1000.0,0.0,0.0,-1000.0,0.0,0.0,0.0,0.0,1000.0,0.0,0.0,0.0,0.0,0.0,0.0025569001366282994,0.005113800273256599,4.855698960895098,0.0,0.0,0.0,0.0,0.0,0.0,1.964956877332026e-6,0.0,0.0,-0.0,0.0,-19.67084581296059,0.0,-19.67084581296059,0.0,-0.147792266571651,0.0,0.0,0.0,0.0,0.15771235136686176,0.0,0.0,-0.0,0.0,0.0,0.0,0.0,0.0,0.0,0.0,0.0,0.0006965772130142034,0.0006965772130142034,0.0,0.2435288955490219,0.0,0.0,0.0,0.0,0.0,0.15121423897352473,0.0,0.0,0.0,0.0,0.0,0.0,0.0,0.0,0.0,0.0,35.14032988591633,0.0008763707672900838,1.964956877332026e-6,0.0,0.0,0.0,0.0,0.0,0.0,0.0,0.0,-0.0,0.06269587908503296,0.0,0.0,0.0,0.0,0.0738961332858255,0.0,0.0,0.177735261946875,0.0,0.0,0.0,0.0,0.0,0.0,0.0,0.0,0.0,0.37444120006595216,0.0,0.0,-1000.0,0.0,0.0,0.0,0.0,0.0,0.0,0.0,0.0,0.8589504420940967,0.0,0.0,0.0,0.28543847830719815,0.8639495696701127,0.0,0.0,0.0,0.0,0.0,0.0,0.0,0.0,0.013650555426825587,0.0,-1.734723475976807e-18,0.0,0.36444939434471885,0.36444939434471885,0.0,0.02636480890160238,0.0006572780754674764,0.0,0.0,0.3371482834910677,0.36444939434471885,0.0,0.0,0.0,-0.0,-0.0,0.0,0.0006572780754674764,0.0,0.0,0.0,0.0,0.06269587908503296,0.32499895511852384,0.0,0.0738961332858255,0.0,0.0,0.0,0.0,-0.32499895511852384,0.0004381853836450419,0.0,0.0006572780754674764,0.00044015034052236057,-0.0,0.0,0.0,0.0,0.0,0.0002731290059491517,0.001173570494986553,0.0,0.0,0.0,0.0,0.37444120006595216,0.37444120006595216,0.0,0.0,0.0,0.0,0.0,0.0,0.0,0.0,0.0,0.0004381853836450419,0.0006572780754674764,0.0,0.0006572780754674764,0.0,0.0,0.0,0.0,0.0,0.0,0.0,0.0,0.0,0.0,0.0,0.0005659075806715153,0.0005659075806715153,0.0,0.0,0.0,0.0,0.0,0.0,0.0,0.0,0.0,-0.0,0.0,0.0,0.0,0.0,0.0,0.0,0.0,0.0,0.0,0.0,0.0,0.0,0.0,0.025707530826134903,0.0,0.0,0.0,0.0,0.0,0.0,0.0,0.0,0.0,0.34964442675246077,0.34964442675246077,0.34964442675246077,0.34964442675246077,0.34964442675246077,0.0,0.002347140989973106,0.002785326373618148,0.27318402474171694,0.27318402474171694,-0.0,0.0,0.00021909269182252098,0.0,0.0,0.0,0.0,0.0,0.0,0.0,0.0,0.0,0.0,0.0,0.0,0.0,0.0,0.0,0.0,0.0,1.964956877332026e-6,0.0,0.0,0.0,14.585868708954813,0.0,0.07646040201074382,0.0,0.0,0.0,0.0,1.964956877332026e-6,0.0,0.0,0.0,0.0,0.0,0.0,0.0,0.12539175817006593,0.0,0.0,0.0,0.0,0.0,0.0,0.0,0.0,0.0,0.0,0.0,0.8639495696701127,0.0,0.0,0.0,0.0,0.0,0.147792266571651,0.0,0.0,0.0,0.0,0.0,0.0,0.0,0.0,0.0,0.0,0.0,0.0,0.0,0.0,0.0,0.0,31.015327649253422,0.0,0.0,0.0,0.0,0.0,0.0,0.0,0.0,0.0,0.0,0.0,0.0,0.0,0.0,0.0,0.0,0.001205009805023822,0.0,0.0,0.0,0.0,0.0,0.0,0.0,0.0,0.0,0.0,