{"objective_value":0.28355838121483345,"time_limit":1800,"thermo_feasible":false,"dual_bound":0.28355838121483345,"solution":[-0.0,-0.0,-0.0,0.0,-0.0,-0.0,-0.0,0.0,-0.0,3.384138134047616,0.0,0.0,0.0,0.1355151024079882,0.0,-0.0,-0.0,-0.0,0.0,0.029206513265127854,-0.0,0.0,-0.0,0.0,0.0,-0.0,-0.0,-0.0,0.3374344736456519,0.11058776867378506,-0.0,0.0,0.0,0.0,-1.0,0.0034027005745780013,-0.0,-0.6309338977563163,-0.0,0.07894548891402178,-0.0,0.0,1000.0,0.0,-0.0,0.0,-0.0,-0.0,-0.0,-0.0,0.0,-0.0,0.0,0.0,-0.0,0.0,0.0,0.0,-0.0,2.0,0.0,-0.0,0.04366799070708435,0.0,2.0,-0.0,0.0,-0.0,0.0,-0.0,1000.0,0.04366799070708435,0.0,-0.0,-0.0,-0.0,-0.0,-0.0,0.0,-0.0,0.0,0.0,-0.0,0.0,-0.0,0.0,-0.0,0.0,0.0,0.0,0.0,0.0,0.0,-0.0,0.0,0.0,0.0,0.0,0.0,0.0,0.0,0.0,0.0,0.0,0.0,0.0,0.0,-0.0,0.0,-0.0,0.0,0.0,-0.0,-0.0,-0.0,-0.0,0.0,0.0,0.0,0.0,-0.0,-0.0,0.0,-1000.0,0.0,-0.0,-0.0,-0.0,-0.0,0.23071444129163712,0.0,-0.0,0.0,0.0,0.03365270868257644,0.02319507558337338,0.010457633099203058,0.018658141483936044,0.010457633099203058,0.01389436067952684,0.0,-0.0,-0.0,-0.0,0.0,0.0,0.010457633099203058,0.0,0.004446195417448591,0.03365270868257644,0.11058776867378506,-9.852338869278997,0.03365270868257644,0.3374344736456519,-0.0,0.03365270868257644,0.0,0.0,-0.0,-0.0,0.0,-0.0,0.0,0.0,0.0,0.0,0.0,0.03365270868257644,0.0,0.0,0.0,0.02319507558337338,0.0,0.010457633099203058,0.02319507558337338,0.010457633099203058,0.0,0.0,0.0,0.01389436067952684,0.0,0.010457633099203058,0.0,0.0,0.0,0.0,0.0,0.004446195417448591,0.03365270868257644,0.0,0.03365270868257644,-0.0,0.03365270868257644,0.0,0.03365270868257644,0.03365270868257644,0.02319507558337338,0.010457633099203058,0.02319507558337338,0.010457633099203058,0.01389436067952684,0.010457633099203058,0.0,0.004446195417448591,0.03365270868257644,0.03365270868257644,0.0,-0.0,-0.0,0.0,0.0,0.0,0.0,7.4,7.4,0.0,0.0,0.0,0.0,0.0,0.0,-9.854607336328716,0.014177919060741676,0.014177919060741676,-0.0,-0.0,999.8304578918463,0.0,0.0019849086685038344,0.0,0.0,0.0,-0.0,0.0,0.0,-0.0,-0.0,-0.0,0.0,0.0,0.0,0.0,0.0,0.0,0.0,0.001984908668503834,-0.0,-0.0,0.0,0.0,0.0,0.0,0.0,-0.0,-0.0,0.09059661923974646,0.13551510240798822,0.09059661923974646,0.0,0.0,0.0,0.0,0.0,0.0,0.0,0.0,0.0,0.0,-0.0,0.0,0.015028594204386176,0.015028594204386176,0.0,0.0,0.0,0.0034027005745780013,0.0,-0.0,0.0,0.0,2.8355838121483347e-6,0.0,0.0,0.0,0.002381890402204601,0.0,-0.0,0.0,0.0,0.00694718033976342,0.0030057188408772347,0.0,0.0,0.0,0.0022230977087242944,0.0,0.0,0.0,0.16954210815376825,0.13551510240798822,-0.13551510240798822,0.0,0.07088959530370836,0.07088959530370836,0.0,-0.0,0.0,0.0,7.046686257006318,-0.0,-0.0,0.0,0.0,-0.0,0.0,0.0,-0.0,0.0,-0.0,0.0,0.0,0.0737251791158567,0.0,-0.0,-0.0,0.0,0.0,0.0,0.0,0.0,0.0,0.0,0.08934924592079405,0.0,-0.0,0.0,-0.0,-0.0,0.0,0.0,0.0,0.0,0.0,0.0007741143807164976,0.0,0.0,-0.0,0.0,-0.0,-0.0,0.0,132.2072038361186,0.0,0.0,0.0,0.0,0.0,0.0,-132.75879237447614,0.0,0.0,0.0,-0.0,0.0,0.0,0.0,0.0,0.03402700574578001,0.0,5.267223274047066,-0.0,0.0,0.0,0.0,-0.0,-0.0,0.0,0.0,0.0,-0.0,0.0,0.0,0.0,0.0,0.0,0.0,0.0,0.0,0.0,0.0,0.0,0.0,-0.0,-0.0,0.0,-0.0,-0.0,1.6729944491675315e-5,-0.0,0.0,-0.0,-1.6729944491675315e-5,-0.0,0.0,0.0,0.0429307389159258,0.0,-0.0,0.0,-0.0,0.0,0.0,0.0,-0.0,0.0,-0.0,0.0,-0.0,0.1602388412245024,-0.0,0.0,0.0,0.0,0.0,0.0,0.0,-0.0,0.0,0.0,0.0,0.0,0.0,0.0,1.0,0.0,0.0,0.9792835082268255,0.0,0.0,0.0,0.0,0.0,0.0,1.0,0.0,0.0,0.0,0.0,0.0,0.0,0.0,0.0,39.993761715613275,-0.0,-0.0,0.0,0.0,0.0,0.0,0.0,-0.0,0.0,0.0,-999.9735162143113,0.0,0.0,0.029206513265127854,0.0,7.4,7.4,0.0,0.00024386020784475677,0.0,-1000.0,0.0,0.0,0.0007088959530370837,0.0,0.0,0.0,0.0,0.00031191421933631685,0.0,0.00022968228878401508,0.0,0.0,0.0,0.0,0.0,0.0,-0.0,0.0,0.0,0.0,0.0,0.0,0.0,-0.0,0.0,5.671167624296669e-6,-31.94454275059082,-31.94454275059082,0.0,0.0,-0.0,0.0,0.0,0.0,0.0,0.0,0.0,0.0,0.0,0.021181811076748065,0.0,0.0,0.0,0.0,0.014177919060741676,0.0,0.014177919060741676,0.0,0.0,0.08934924592079405,-0.08934924592079405,2.8355838121483347e-6,0.014177919060741676,0.029206513265127854,0.0,0.0,0.0,0.0,3.384138134047616,0.0,-0.0,0.0,-0.0,-0.0,-0.0,0.0,0.0,0.0,0.0,0.0,0.0,0.0,0.0,0.0,0.0,0.0,0.0,0.0,0.0,-0.0,0.0,0.0,0.0,0.0,0.0,0.0,0.0,0.00720238288285677,0.0,0.0,0.0,0.0,0.0,0.0,0.0,0.0,0.014177919060741676,0.0,1.6729944491675315e-5,0.0,0.0,0.0,0.0,0.0,0.0,0.0,0.0,0.0,0.0,0.0,0.0,0.0,0.0,0.0,0.0070038920160063875,-0.0,-0.0,0.0,0.0,0.0,0.0,-0.0,-0.0,0.0,0.0,-0.0,-0.0,0.0,0.0,0.0,0.0,0.0,0.0,0.0,0.0,0.0,1.7491909104652004,0.0,0.0,0.0,0.0,0.0,0.0,0.0,0.0,-0.0,0.0,-0.0,-0.0,0.0,-0.0,-0.0,-0.0,-0.0,0.0,-0.0,0.0,-0.0,-0.0,-0.0,-0.0,0.0,0.0,0.0,0.0,2.8355838121483347e-6,-0.0,0.0,0.0,0.6963422563839173,0.0,-0.0,0.0,0.0,0.0,-0.0,0.17353772930347808,-0.0,0.0,-0.0,0.0,0.0,0.0,-133.85899889358967,0.0,-0.0,0.0,0.13551510240798822,-0.0,0.0,0.0,0.0,0.0,-0.0,-0.0,0.0,0.0,-0.0,0.0,-1.3093813340959817,0.0,0.0,0.0,0.0,-0.0,-0.0,-0.0,1.3093813340959817,-999.7816600464646,0.0,-0.0,0.0,-18.61105122712557,0.0,0.10352716498153572,-0.0,-18.61105122712557,0.9792835082268255,-0.0,32.84164079639499,0.0,-0.0,-0.0,-0.0,-0.9792835082268255,-0.0,0.0,0.0,0.0,0.0,0.0,0.9571729193948209,0.0,0.0,0.0,0.0,0.0,0.0,0.0,-0.0,-0.0,2.168404344971009e-19,-0.0014943526690021725,0.0014943526690021725,0.0,2.2,0.0,2.2,0.0,0.004536934099437335,0.0,0.0,-0.0,0.5264683849241277,-0.0,-0.0,0.004536934099437335,0.004536934099437335,0.0,0.07894548891402178,-0.0,0.0,0.0,0.0,0.0,0.0,0.0,0.0,0.0,0.0,0.0,-0.0,0.0,0.0,-0.0,0.0,0.0,0.0,-0.0,-0.0,0.03402700574578001,0.0,0.0,0.0,-0.0,0.0,0.03402700574578001,0.0,0.0,0.0,0.0,-0.0,0.0,-0.0,0.0,-0.0,0.0,0.014177919060741676,2.8355838121483347e-6,0.0,-0.0,0.014177919060741676,0.0,0.0,-0.0,0.0,0.0,0.0,-0.0,0.0,0.0,-0.16954210815376825,0.07894548891402178,0.0,0.0,0.0,0.03402700574578001,0.0,0.0,11.17677651541139,0.0,-0.0,0.0,-0.0,-0.0,7.4,0.0,-0.0,0.0,0.0,0.0,0.1956552830382351,-0.1956552830382351,-0.1956552830382351,0.1956552830382351,0.0,-0.0,-0.0,0.03402700574578001,0.03402700574578001,-0.0,-0.0,139.5520247929261,0.0,-0.3374344736456519,0.015028594204386176,0.0,0.0,0.11058776867378506,-0.11058776867378506,0.0,0.03365270868257644,0.0,-0.0,-0.0,0.0,0.0,0.0,0.0,0.0,0.0034027005745780013,0.0,0.0,0.0,0.0,0.0,0.0,0.0,0.0,0.0,0.0,0.0,0.0,0.0,0.0022684670497186677,-0.0,0.0022684670497186677,0.0022684670497186677,0.0,0.0,0.0,0.0,0.0,0.0,0.0,0.0,-0.0,0.0,0.0,0.0,-0.0,0.0,0.0,0.0,0.0,0.0,0.0,0.0,0.0,0.0,0.0,0.0,0.0,0.0,0.0,0.1956552830382351,0.0,0.0,-0.0,0.0,0.0,0.0,0.0,0.0,0.0,0.0,0.002381890402204601,0.0,0.0,0.0011342335248593338,0.0,0.0,0.0,0.0,0.0,0.0,0.0,0.0,0.0,0.0,0.0,0.0,0.0,0.0,0.0,0.0,0.0,0.0,0.0,0.0,0.0,0.0,0.0,0.0,0.0,0.0,0.0,0.00694718033976342,-0.0,0.0,0.0,0.07088959530370836,0.0,0.07088959530370836,-0.0,-0.0,-0.0,0.0,-0.0,0.0030057188408772347,-0.0,-0.0,-0.0,0.0,-0.0,-0.0,0.0,-0.0,-0.0,0.0,-0.0,-0.0,0.0,-0.0,-0.0,0.014177919060741676,0.0,-0.0,0.0,0.0022230977087242944,-0.0,-0.0,0.0,-0.0,0.23071444129163712,0.0,0.0,0.0,0.0,-0.0,0.0,-0.0,0.0,-0.0,0.0,-0.0,0.0,0.0,0.0,0.0,0.0,0.0,-0.0,-0.01755509938101034,0.0,0.0,132.75879237447614,0.0,0.0,6.807410337510662,0.0,-0.0,-0.0,0.0,-0.0,0.0,0.0,0.0,0.0,0.0,-0.0,0.0,0.0,0.039698173370076695,0.0,0.0019849086685038344,-0.0,-0.0,0.0011342335248593338,0.0011342335248593338,-0.0,0.0,0.0,0.0,0.0,0.0,0.0,-0.0,0.0,-0.0,0.0,0.0,0.0,-0.0,-0.0,0.0019849086685038344,0.30505721056175644,-0.0,-0.0,0.039698173370076695,0.0,-0.0,0.0,0.0,0.0,0.30505721056175644,0.014177919060741673,0.0,0.0,-0.0,0.0,-0.0,0.0,0.0,0.0,0.0,-0.0,0.0,0.0,0.0,0.0,0.0,0.0,0.0,0.0,0.0,32.84164079639499,0.0,0.0,0.00015028594204386173,0.0,0.0,0.0,0.0,-0.0,0.0,-0.0,0.0,0.0,0.0,0.0,0.0,0.0,-0.0,0.0,-0.0,0.0,-0.0,0.0,-0.0,1000.0,0.0,0.0007741143807164976,0.0007741143807164976,0.0,-0.0,0.0,0.0,-0.0,0.086882288004225,1000.0,0.0070038920160063875,0.0,0.0,0.00720238288285677,-0.0,0.0070038920160063875,-1.472433286409114e-14,-1.472433286409114e-14,0.0,-0.0,0.0,0.0,-0.0,0.0,-0.0,0.0,-0.0,0.0,0.17353772930347808,0.0,0.0,0.0,0.0,0.08934924592079405,0.0,0.0,0.0,0.0,0.0,0.0,0.0,0.0,0.0,0.0,0.0,0.0,0.0,0.011909452011023006,-0.0,-0.0,