{"cuts":1501,"times_sub_problem":[0.04475808143615723,0.023092031478881836,0.027653932571411133,0.026674985885620117,0.03277897834777832,0.021808147430419922,0.025589942932128906,0.033228158950805664,0.02988886833190918,0.0255129337310791,0.026558876037597656,0.03821897506713867,0.02321481704711914,0.026749849319458008,0.03192901611328125,0.05453300476074219,0.027360200881958008,0.05544900894165039,0.03991103172302246],"objective_values":[0.0,0.0,0.0,0.0,0.0,0.0,0.0,0.0,0.0,0.0,0.0,0.0,0.0,0.0,0.0,0.0,0.0,0.0,0.0],"time":0.9425020217895508,"objective_value":null,"μ":null,"time_limit":1800,"x":null,"times_mis_problem":[8.41071891784668,8.40972900390625,9.25780701637268,9.69317102432251,9.306167125701904,9.400928020477295,9.020636796951294,8.126132011413574,8.835093975067139,9.068083047866821,8.207201957702637,8.495758056640625,9.320173978805542,8.56321406364441,9.355042934417725,8.927320957183838,8.647213220596313,8.821025848388672,8.127240896224976],"dual_bounds":[0.0,0.0,0.0,0.0,0.0,0.0,0.0,0.0,0.0,0.0,0.0,0.0,0.0,0.0,0.0,0.0,0.0,0.0,0.0],"times_master_problem":[0.6042349338531494,1.000046968460083,0.4647209644317627,0.7134370803833008,0.5241239070892334,0.4945409297943115,0.7300209999084473,0.809398889541626,0.7667701244354248,0.7039279937744141,0.8502140045166016,0.7915208339691162,0.9501950740814209,0.7846689224243164,0.9730558395385742,0.8784289360046387,1.0101680755615234,1.1216011047363281,1.2272660732269287,0.9420680999755859],"solution":null,"a":null,"iter":19,"G":null,"thermo_feasible":false,"scip_tol":1.0e-7,"termination":"INFEASIBLE"}