{"cuts":2313,"times_sub_problem":[0.04496312141418457,0.027380943298339844,0.0249631404876709,0.026190996170043945,0.0242459774017334,0.02871108055114746,0.02839517593383789,0.029664993286132812,0.030833005905151367,0.02140188217163086,0.021493911743164062,0.027837038040161133,0.03857088088989258,0.02565908432006836,0.02974104881286621,0.021849870681762695,0.03342413902282715,0.034379005432128906,0.023791074752807617,0.025761842727661133,0.024075984954833984,0.03027200698852539,0.044328927993774414,0.025983095169067383,0.020175933837890625,0.09889006614685059,0.02532792091369629,0.06530499458312988,0.021397113800048828,0.02482318878173828,0.026849031448364258,0.022170066833496094,0.021039962768554688],"objective_values":[0.0,0.0,0.0,0.0,0.0,0.0,0.0,0.0,0.0,0.0,0.0,0.0,0.0,0.0,0.0,0.0,0.0,0.0,0.0,0.0,0.0,0.0,0.0,0.0,0.0,0.0,0.0,0.0,0.0,0.0,0.0,0.0,0.0],"time":1.310708999633789,"objective_value":null,"μ":null,"time_limit":1800,"x":null,"times_mis_problem":[8.307131052017212,8.09011197090149,9.44921612739563,9.517643928527832,8.943464994430542,9.846222877502441,9.646640062332153,12.275902032852173,8.860918998718262,8.446666955947876,8.197197198867798,8.289434909820557,8.609705209732056,8.783643007278442,7.95524787902832,8.338332176208496,9.008310079574585,7.911591053009033,8.839179992675781,8.095534086227417,7.606442928314209,8.573133945465088,7.7441699504852295,7.841747999191284,7.08215594291687,8.296736001968384,7.933732032775879,7.978257894515991,7.9151458740234375,8.36150312423706,7.682991027832031,6.408967971801758,5.988455057144165],"dual_bounds":[0.0,0.0,0.0,0.0,0.0,0.0,0.0,0.0,0.0,0.0,0.0,0.0,0.0,0.0,0.0,0.0,0.0,0.0,0.0,0.0,0.0,0.0,0.0,0.0,0.0,0.0,0.0,0.0,0.0,0.0,0.0,0.0,0.0],"times_master_problem":[0.5989439487457275,0.5008089542388916,0.49454498291015625,1.0492579936981201,0.6515591144561768,0.8133339881896973,0.6535511016845703,2.533568859100342,0.9143130779266357,1.0779550075531006,0.8609588146209717,1.0416898727416992,0.8096170425415039,0.9950649738311768,1.2148220539093018,1.0115928649902344,1.3012330532073975,1.326066017150879,1.1794190406799316,1.2416398525238037,1.3614699840545654,1.0167920589447021,1.1829991340637207,1.1696770191192627,1.2434051036834717,1.3895518779754639,1.282423973083496,1.5788178443908691,1.7836909294128418,1.6037158966064453,1.457360029220581,1.4609169960021973,1.599200963973999,1.310481071472168],"solution":null,"a":null,"iter":33,"G":null,"thermo_feasible":false,"scip_tol":1.0e-6,"termination":"INFEASIBLE"}