{"cuts":1430,"times_sub_problem":[0.014364957809448242,0.015927791595458984,0.013098955154418945,0.01279306411743164,0.01576709747314453,0.016996145248413086,0.018752098083496094,0.013939142227172852,0.012212038040161133,0.013997077941894531,0.013370037078857422,0.012498140335083008,0.013991117477416992,0.01738882064819336,0.014840841293334961,0.021435976028442383,0.018146038055419922,0.019407033920288086,0.013386964797973633,0.01309514045715332,0.021063804626464844,0.0175931453704834,0.013710975646972656,0.016715049743652344],"objective_values":[0.0,0.0,0.0,0.0,0.0,0.0,0.0,0.0,0.0,0.0,0.0,0.0,0.0,0.0,0.0,0.0,0.0,0.0,0.0,0.0,0.0,0.0,0.0,0.0],"time":0.7318270206451416,"objective_value":null,"μ":null,"time_limit":1800,"x":null,"times_mis_problem":[3.5470941066741943,3.296314001083374,3.817674160003662,4.207720041275024,4.505505084991455,4.47455096244812,3.8582851886749268,4.275850057601929,3.9639599323272705,4.106757879257202,4.130295038223267,4.076406955718994,4.468916893005371,4.2014570236206055,3.7058229446411133,4.5110321044921875,4.555978059768677,3.577165126800537,4.181373119354248,3.830674171447754,4.414085865020752,4.340476036071777,3.5549418926239014,3.989474058151245],"dual_bounds":[0.0,0.0,0.0,0.0,0.0,0.0,0.0,0.0,0.0,0.0,0.0,0.0,0.0,0.0,0.0,0.0,0.0,0.0,0.0,0.0,0.0,0.0,0.0,0.0],"times_master_problem":[0.45692896842956543,0.2529489994049072,0.30632996559143066,0.5096092224121094,0.836277961730957,0.5574159622192383,0.4813230037689209,0.512692928314209,0.5166130065917969,0.5129718780517578,0.5243191719055176,0.5649831295013428,0.7497239112854004,0.6939151287078857,0.6138989925384521,0.6188569068908691,2.8385331630706787,0.9166779518127441,0.6316890716552734,0.6919870376586914,0.676685094833374,0.754878044128418,1.0044610500335693,1.0042171478271484,0.7316510677337646],"solution":null,"a":null,"iter":24,"G":null,"thermo_feasible":false,"scip_tol":1.0e-6,"termination":"INFEASIBLE"}