{"objective_value":0.8570768327350929,"time_limit":1800,"thermo_feasible":false,"dual_bound":0.8570768327350929,"solution":[-0.0,-0.0,-0.0,-0.0,-0.0,-0.0,-0.0,-0.0,0.00019112813369992577,-0.0,0.0005750985547652474,-0.0,0.0,1.7141536654701856e-6,-0.0,0.00038397042106907975,-0.0,0.0,-0.0,0.0,0.857076832735093,-0.0,-0.0,-0.0,-0.0,-0.0,-0.0,-0.0,-0.0,0.0,-0.0,-0.0,-0.0,-0.0,-0.0,-0.0,-0.0,-0.0,0.0,-0.0,-0.0,-0.0,0.0,0.0,0.0,-0.0,-0.0,-0.0,-0.0,-0.0,-0.0,47.4541907446537,-0.0,-0.0,0.0,0.0,0.0,-0.0,-0.0,-0.0,-0.0,-0.0,-0.0,-0.0,-0.0,-0.0,-0.013765511010558326,0.0,0.0,-0.0,-0.0,-0.0,-0.0,0.0,0.0,0.0,0.0,-0.0,0.0,0.0,-0.0,0.0,-0.0,-0.0,-0.0,-0.0,-0.0,-0.0,-0.0,-0.0,-0.0,-0.0,-0.0,0.0,-0.0,-0.0,0.0,-0.0,-0.0,-0.0,-0.0,-0.0,-0.0,-0.16729539821206102,0.0,-0.0,-0.0,-0.0,-0.0,-0.0,-0.0,-0.0,-0.0,-0.0,-0.0,0.0,0.0,-0.0,-0.0,-0.0,-0.0,-0.0,-0.0,-0.0,-0.0,-0.0,-0.0,-0.0,-0.0,-0.0,-0.0,-0.0,0.0,-0.0,-0.0,-0.0,-0.0,-0.0,-10.0,-0.0,-0.0,-0.0,0.0,-0.0,-0.0,-0.0,-0.0,-0.0,-0.0,-0.0,-0.0,-0.0,-0.0,-0.0,1.7141536654701856e-6,-0.0,-0.0,-0.0,-0.0,-0.0,-0.0,-0.0,-0.0,-0.0,-0.0074351415239769314,-0.0,0.0,-0.0,-0.0,-0.0,-0.0,-0.0,-0.0,-0.0,-0.0005922400914199493,-0.0,-0.0,-0.0,-0.0,-0.000110562911422827,-0.0,-0.0,7.865955479255831,-0.0,-0.0,0.0,-0.0019524210249705508,-9.251169912975962,-0.0,-0.0,-0.0,-0.0,-0.0,-0.000276835816973435,0.0,-0.0,0.0,-0.0,-0.0,-0.0,-0.0,-0.0,0.0,-0.0,0.0,-0.0,-0.0,-0.0,-0.0,-0.0,-23.007554691244145,-0.0,-0.0,-0.0,-0.0,-0.0,-0.0,0.0,-0.0,-5.6066262743570405e-15,-0.0,-0.0,-0.0,-0.0,-0.0,-0.0,-0.0,-0.0,-0.0,0.0,-0.0,-0.0,-0.0,-0.0,-0.8267628822213808,-0.0,-0.0,-0.21616334798373682,-0.0,-0.0,-0.0,-0.0,-0.0,-0.0,-0.0,-0.0,-0.0,-0.0,-0.0,0.0,-0.0,-0.0,-0.0,-0.0,0.0,-0.0,0.0,0.0,0.0,0.0,0.0,-0.0,-0.0,-0.0,-0.0,-0.0,-0.0,0.0,0.0,-0.0,0.0,-0.0,0.0,0.0,-0.0,-0.0,-0.0,0.0,-0.0,0.0,-0.0,0.0,0.0,-0.0,0.0,-0.0,-0.0,0.0,0.0,-0.0,0.0,0.0,0.0,-0.0,-0.0,-0.0,-0.0,-0.0,-0.0,0.0,0.0,0.0,0.0,-0.0,-0.0,0.0,-0.0,-0.0,-0.0,0.0,0.0,0.0,0.0,0.0,-0.0,-0.0,0.0,-0.0,-0.0,-0.0,0.0,0.0,-0.0,0.0,0.0,0.0,0.0,-0.0,-0.00029226319996266667,0.0,0.0,0.0,0.0,0.0,0.0,0.0,-0.0,0.0,0.0,0.0,0.0,0.0,0.0,0.0,-0.0,0.0,0.0,0.0,0.0,0.0,0.0,0.0,-0.0,-1000.0,0.0,0.0,0.0,0.0,0.0,0.0,-0.0,0.0,0.0,0.0,0.0,-0.0,0.0,-0.0,0.0,0.0,-0.0,0.0,0.0,0.0,-0.0044610849143964515,0.0,0.0,0.0,-0.0,0.0,0.0,0.0,0.0,0.0,0.0,-0.0,0.0,0.0,0.0,0.0,0.0,0.0,0.0,0.06670114743077586,0.0,-0.0,0.0,0.0,0.0,0.30501650323378726,0.30501650323378726,0.238315355802996,0.0,0.0,-0.0,0.0,0.0,0.0,0.238315355802996,-0.0,0.0,0.0,0.0,0.0,-0.0,0.06670628989174798,0.0,0.06670114743077586,0.0,0.0,0.0,0.0,0.0,0.0,0.0,0.0,0.0,0.0,0.0,-0.0,0.0,0.0,0.0,0.0,0.0,0.0,0.0,0.253516470508373,-0.0,0.253516470508373,0.24900567513769384,0.0,0.0,0.0,0.4993123929070862,0.0,0.7493157054778408,-0.004461084914386159,0.0,0.0,0.0,0.0,0.0,0.0,0.0,0.0,0.0,0.0,0.0005750985547652474,0.0,0.0,-0.0,0.0,0.03335057371538793,0.0,0.0,0.0,0.0,0.0,-0.30501650323378726,0.10938700200831443,24.839076886747538,0.12892835379466305,0.0,-0.30501650323378726,-0.30501650323378726,-0.30501650323378726,0.0,-0.30501650323378726,-2.1426920818377326e-5,-0.238315355802996,-0.10938700200833296,0.06670114743077586,0.0,0.0,0.0,0.0,0.0,0.0,0.0,0.253516470508373,0.0,0.0,0.0,0.0,0.0,-0.0,7.354938813918125,7.354938813918125,-0.253516470508373,0.0,0.0,0.0,0.0,0.30501650323378726,0.30501650323378726,0.0,0.0,0.0,0.054693501004157215,0.0,0.30501650323378726,-0.0,0.0,0.0,0.0,0.0,0.0,0.0,0.0,0.0,0.0,0.0,0.0,0.0,0.0,0.0,0.0,0.0,-0.0,1000.0,0.0,-0.0,-0.0,0.0,0.0,-997.7505838538907,0.0,0.0,0.0,0.0,0.0,0.0,-0.0,0.0,0.0,-0.0,0.0,0.0,0.0,-0.0,0.0,0.0,0.0,0.0,0.0,-0.0,0.0,0.0,0.0,0.0009590689758549598,0.21244534868333176,0.0,0.2562976848222718,-0.0,-0.000607667474409181,0.0,-0.0,0.38340989280838034,0.2562976848222718,0.0,-0.0,-0.0,-0.0,-0.0,-0.0,0.0,-0.0,-0.0,-0.0,0.0,0.0,0.0,0.0,0.0,1.7141536654701856e-6,-0.0,0.0,0.00019112813369992577,0.0,0.0,0.0,0.0,0.0,0.0,0.0,0.0,0.0,0.0,0.0,0.0,0.0,0.048718818403160884,0.0,-0.0,0.0,0.0,0.0,0.048718818403160884,1.7141536654701856e-6,0.0,0.0,0.0,0.0,0.0,0.0,-0.0,0.0,0.054693501004157215,0.06446417689733727,0.0,0.0,-0.253516470508373,0.0,0.0,0.054693501004157215,0.0,0.0,0.0,0.00038397042106907975,0.4646076377880206,0.0,0.0,-0.0,0.0,0.0,0.0,0.38340989280838034,-0.38340989280838034,6.433990044378788,0.0,0.0,0.0,0.0,0.0,0.0,-0.0,0.0,0.02381645102804277,0.0003822562673998515,0.0,0.0,0.0,0.0,0.0,0.03572467654206415,0.0,0.0,0.0,0.0,-1000.0,0.0,-0.0,0.0,-0.0,0.0,0.0,0.0,-0.0,0.0,0.0,0.0,0.0,1000.0,0.0,0.0,-1000.0,0.2535164705083786,0.2535164705083786,0.0,0.0,0.0,0.0,999.9955389150856,0.0044610849143964515,0.0,0.0,0.0,0.0,-0.9162802720329637,0.0,0.0,-1000.0,0.0,0.0,0.0,0.0,0.0,0.0,0.0,0.0,0.0,0.0,0.0,0.0,0.5370332013930579,0.0,0.0,0.0,0.20660265591495783,0.0,0.0,0.0,0.0,0.0,0.0,0.0,0.0,0.0022305424571930797,0.0,0.0,0.0004936762553029439,0.2835167308846849,0.9162802720329637,0.0,0.0,0.0,0.0,0.0,0.0,0.0,0.0,0.004461084914386159,-2.5067200391419533,0.0,0.0,0.0,0.0020475565534034956,0.0,0.0,0.0,0.0,0.0,0.0,-0.0,0.0,0.0,0.0,0.0,0.0,0.0,0.0,0.0,-0.0,3.15,0.0,0.0,0.0,0.2771649344772053,0.32607488101405124,0.08119774497965726,50.20509177261556,0.00019112813369992577,0.0,0.0,0.0,0.00010456337359368134,0.0,0.0,0.00010456337359368134,0.0,0.0,0.0,0.0,0.00010456337359368134,0.21244534868333176,0.0,-24.839076886747538,0.0,0.0,0.0,0.0,0.0,1.7141536654701856e-6,0.0,0.0,0.0,0.0,0.0,0.0,0.0,0.0,0.0,0.0,0.0,0.0,0.0,2.1426920818377326e-5,0.0,0.0,0.0,2.1426920818377326e-5,0.0,0.0,0.0,0.0,0.32607488101405124,0.0,0.0,0.21244534868333176,0.0,0.0,0.0,0.13191355240303437,0.0,0.0,0.0,0.0,0.7493157054778408,0.24900567513769384,2.5963081909799257,0.0,0.0,0.0,0.0,0.0,0.0,39.573662769664885,6.434563428779711,0.0,0.0,0.0,0.0,0.0,0.0,0.0,-0.0,0.0,0.31793179402625005,0.31793179402625005,0.022426272405346438,0.0,0.0,0.0,0.1550494844255894,0.0,0.0,0.0,0.0,0.0,0.0,0.0,0.0,0.0,0.0,-1000.0,0.0,0.0,0.2835167308846849,0.0,-0.2835167308846849,0.0,0.0,0.0,0.0,0.0,0.0,0.0003822562673998515,0.0,0.0,0.0,0.0,0.0,0.0,0.0,0.0,0.0,0.32607488101405124,0.0,0.011908225514021384,0.0,0.0,0.29411534299820724,0.31793179402625005,0.0,0.32607488101405124,0.0,0.0,0.0,0.0,0.0,-0.0,0.0,0.0,0.0,0.0,0.0,0.00023826735950027565,0.0010237782767017478,0.0,0.054693501004157215,0.0,0.06446417689733727,0.0,0.0,0.0,0.0,0.0,0.0,0.0,0.000764512534799703,1.7141536654701856e-6,0.0,0.0,0.0,0.0,0.0,0.0,0.0,0.0,0.00020912674718736264,0.0,0.0,0.0,0.0,0.0,0.0004936762553029439,0.0,0.00019112813369992577,0.0,0.0,0.0,0.0004936762553029439,0.0,0.0,0.0,0.0,0.0,0.0,0.0,0.0,-0.0,0.0,0.0,0.0,0.0,0.0,0.0,0.0,0.0,0.0,0.0,1.7141536654701856e-6,0.0,0.0,0.022426272405346438,0.0,0.0,0.0,0.0,0.0,0.0,0.0,0.0,0.0,0.0,0.0,2.5963081909799257,0.0,0.0,0.0,0.0,0.0,0.0,0.0020475565534034956,0.0,0.0,0.0,0.0,0.0,0.0,0.0,0.0024298128208033454,0.0,0.00019112813369992577,0.0,0.0,0.0,0.0,0.0,0.0,0.06670114743077586,0.0,0.0,0.0,0.0,0.10938700200831443,0.0,0.0,0.0,0.0,0.12892835379466305,0.0,0.0,0.0,0.0,0.0,0.0,0.0,0.0,0.0,-0.0,0.0,0.0,0.0,0.0,0.0,0.0,0.0,0.0,0.0,0.0,0.0,0.0,0.0,0.0,0.0,0.0,0.0,0.0,0.0,7.354938813918125,0.0,0.0,0.0,0.936737838953718,0.0,0.0,0.0,0.0,0.0,0.0,5.98317280408628,0.0,0.0,0.0,0.0,0.30501650323378726,0.30501650323378726,0.0,0.0,0.30501650323378726,0.00019112813369992577,0.0,0.0,0.0,0.30501650323378726,0.30501650323378726,0.238315355802996,0.238315355802996,0.0,0.0,0.0,0.0,0.0,-0.0,0.0,0.0,0.0,0.0,0.0,0.0,0.0,0.0,1.7141536654701856e-6,0.0,0.0,0.0,0.013765511010558326,0.013765511010558326,0.0,15.840069738294126,0.0,0.0,0.0,0.0,-0.12892835379466305,0.0,0.0,0.0,0.0,0.0,0.1375822585748665,0.0,0.0,0.0,0.0,0.0,0.0,0.0,0.0,0.0,0.0475647644435071,0.0,0.0,0.0,-0.0,0.0,0.0,0.0,7.32721409251807,0.0,0.0,0.0,0.0,0.0,0.0,0.0,0.0,0.0,0.0,0.0,0.08098347577147347,0.0,0.0,0.0,0.0,0.000607667474409181,0.0,0.0030580501391988123,0.0,0.0,0.0,0.0,0.0,0.000607667474409181,0.0,0.0,0.0,0.06446417689733727,0.0,0.0,0.0,0.0,0.0,0.0,0.0,0.0,-0.11915767790151222,0.0,0.0,0.0,0.0,0.0,0.0,0.0,0.0,0.0,0.0,0.0,0.0,0.0,0.0,0.0,0.0,0.0,0.0066920559099956055,0.0,0.0,0.0,0.0,0.0,0.0,0.18946111926025597,