{"objective_value":0.0004158275849647983,"time_limit":1800,"thermo_feasible":true,"dual_bound":0.0004158275849647983,"solution":[4.158275849647983e-6,-6.422222677774941,0.003172764473281457,-0.0,0.00538496722529414,4.158275849647983e-6,0.0,-0.0,0.0,0.0,-0.0,0.0,0.0,0.0,-0.0,0.0,0.0,0.0,0.0,0.0,1.247482754894395e-5,0.0,0.0,0.0,0.0,0.0,0.0,0.0028816851638060513,0.005231111018857176,0.0023411093033518142,0.0,0.0,-0.0,0.0,0.0,0.0,0.0028816851638060513,2.032542694874698,0.0,0.0,0.0,0.0,-0.0,4.158275849647983e-6,0.001621727581362714,-0.0,-0.0,-0.0,0.24576130285199496,0.0,0.0,0.0,0.052186361913082194,-0.0,0.07124467200163681,0.0,0.0,0.0,0.0,0.0,0.0,0.0,0.0,0.0,0.0,0.0,0.812294586011596,0.0,0.0011435258586531955,-0.0,0.0,4.158275849647983e-6,0.0011435258586531955,0.0,0.003563642403148346,0.001621727581362714,0.0,0.0,0.002232994131260991,0.0,0.0,0.0,0.0,0.0,0.0,0.0,0.0,0.0011435258586531955,0.812294586011596,1.2474827548943766e-5,1.2474827548943766e-5,0.2833366545021232,0.0,0.0,0.0,0.12201628825622084,0.0009148206869225862,0.00031602896457324673,0.0,0.001621727581362714,0.0,0.0,0.0,0.004166592401347304,0.0008150220665310049,0.003563642403148346,0.003563642403148346,0.0,1.6318326494329363,1.6318326494329363,0.0,0.0,0.0011435258586531955,0.0,0.0,0.0,0.0,0.11314668586892164,0.0,0.0,0.003172764473281457,0.0,-0.0,0.002952375853250069,0.0,0.0,0.0,0.0,0.0,0.0,0.0,0.0,0.0,0.0,0.0,0.0,0.0,0.0,0.5043156950453075,0.0,0.0,0.0,0.0,0.0,0.0,0.0,0.0,0.0,0.0,-0.0,0.0,0.0,0.0,0.0,0.0,0.0,0.1746475856852153,0.0,0.0,0.0,0.0,0.0,0.0,0.0,0.0,0.0,0.0,0.0005281010329052938,0.0,6.422222677774941,0.0,-0.0,0.00538496722529414,0.0,-0.003172764473281457,0.0,0.0,0.0,0.0,8.316551699295966e-6,4.158275849647983e-6,0.2849500655317866,0.0,0.0,0.0,0.0,0.0,0.0,-8.316551699295966e-6,0.0,0.0,0.0,0.0,0.00022038862003134313,0.0,0.0,0.0,0.25877670626139315,0.0,0.0,-0.0,0.0,0.0,-2.041023903634473,0.001862907580642297,0.00024949655097887904,0.0,0.0,0.0,0.0,0.0,-0.0,0.0,0.07124467200163681,0.2682991579570871,0.0,0.25877670626139315,0.0,0.0,0.0006029499981989576,0.0,-0.0,0.0,0.0,0.0,0.052186361913082194,-0.0,6.351063407656093,-0.3250251199277834,-0.0,-0.0,-0.0,0.0,0.0,0.24576130285199496,0.0,0.2849500655317866,-0.0,0.0,0.0,0.0,0.0,0.0,0.0,0.0,-0.0,0.0,0.0,0.0,0.0,0.0,0.005913068258199434,0.0,0.005913068258199434,0.0,-0.0,0.0,0.0003160289645732465,-0.0,-0.0,0.0,0.0,-0.0,0.0,0.0,1.2474827548943766e-5,0.0,-8.31655169929478e-6,0.002203886200313431,-0.0,0.0,-0.0,0.0,1.2474827548943766e-5,0.0,-0.0,0.0,-4.283895360916265,0.0,0.0,0.0,-0.0,4.158275849647983e-6,-0.0,-0.5489797359463804,1.2474827548943766e-5,-0.829771580287324,0.0,0.003563642403148346,0.0028816851638060513,1.2474827548943766e-5,-0.0,0.0,0.0,0.000266129654377471,-0.0,4.158275849647984e-6,-0.0011435258586531955,-0.0,1.2474827548943766e-5,-0.0,-4.158275849647984e-6,-0.0,0.0,-0.0,0.0,0.0,0.0,0.0,0.0,1.8248045927446988,0.0,4.158275849647983e-6,-0.0,1.2474827548943766e-5,-0.0,0.0,-0.0,2.993464201122186,0.2833366545021232,0.0,0.0,-0.0,8.316551699295966e-6,0.0,0.0,0.0,1.2474827548943949e-5,0.0,-0.0,4.76640636772722,0.0,0.0,4.158275849647983e-6,4.76640636772722,0.0,0.0,0.0,0.0,0.0,0.0,0.0,0.0,0.0,0.0,0.0,0.0,0.008857127559750252,0.0,1.6376292859673456,-6.351063407656093,0.0,0.0,0.06353013843092191,0.0,0.0,0.6666146152708571,0.0,0.0,0.0,0.0,0.0006029499981989577,0.0,0.0,0.0,0.0,0.0,0.0,0.0,0.0,0.0,0.0,0.0,0.0,0.0,0.0,-0.0,0.0,0.0,2.9577150252365803,0.004166592401347304,0.0,0.0,0.0,0.1463741375351868,0.0,0.003563642403148346,0.0,0.0,2.978972131379981,0.0,0.06362577877546381,0.0,4.158275849647983e-6,4.158275849647984e-6,0.0,0.0,0.0,0.0,0.0,1.6376292859673456,0.0,0.0,0.0,0.0,0.0,0.0,0.0,0.0,0.0,0.0,0.0,0.0,0.0,0.0,0.0,0.07931911183203534,0.4005762548798075,0.0,0.0,0.0,0.0,0.0,0.0,0.0,0.0,0.0,0.0,0.11314668586892164,0.0,0.0,0.0,0.0,0.0,0.0,4.158275849647983e-6,0.0,1.2474827548943766e-5,0.0,0.0,0.0,0.0,0.0,0.0,0.0,6.653241359436773e-5,6.653241359436773e-5,0.0,0.0,0.0,0.0,0.0,2.0361063372778463,0.0,0.0,4.158275849647984e-6,0.0008150220665310049,0.0,0.0,0.0,0.0,0.052186361913082194,0.0,0.0,0.0,0.0,0.0,0.0,0.0,0.0,0.0,0.0,0.0,0.0,0.0,0.0,0.0,0.0,0.0006029499981989577,8.316551699295966e-6,4.158275849647983e-6,1.247482754894395e-5,1.247482754894395e-5,0.0,0.0,-0.0,0.0,0.0,1.2474827548943766e-5,4.158275849647983e-6,0.2528636380031937,0.0,0.0,0.0,0.0,0.0019335982700863128,0.0,0.0,0.2528636380031937,-0.0,8.31655169929478e-6,0.0,0.0,0.0006029499981989576,0.0,0.812294586011596,4.158275849647983e-6,0.0,0.0,0.0006029499981989576,0.0,0.0006029499981989576,0.0011227344794049554,0.0,0.0005281010329052938,0.0016882599949570815,0.0,0.0,0.0,0.0023743755101489983,0.0,0.0,0.0,0.0019335982700863128,0.0,0.0,0.0,0.0,0.0,0.0,0.0,4.158275849647983e-6,0.06106489818971327,4.283895360916265,0.0,0.0,0.00020791379248239917,0.008983289649028526,0.0,0.0,0.06106489818971327,0.06106489818971327,0.0,0.06106489818971327,0.0,0.0011435258586531955,0.0,0.0,0.0,0.0,0.18363087533424377,0.07124467200163681,0.24576130285199496,0.0,0.001621727581362714,0.0,0.0,8.316551699295966e-6,0.0,0.0,0.0,0.0,0.00020791379248239917,0.0,0.06106489818971327,0.0,0.0,0.0,0.0,0.0,0.0,0.0,0.0,0.0,0.0,0.0,1.6318326494329363,0.00020791379248239915,0.003118706887235988,0.018504327530933527,0.0,0.0,4.158275849647137e-6,0.0,0.0,0.0,0.0,0.0,0.0,0.0,0.0,0.0,0.0,0.0,0.0,0.0,0.0,0.0,0.0,0.0,0.0,0.0,0.0,0.0,0.0,0.0,0.0,0.0,0.0,0.0,0.0,0.0,0.0,0.0,0.0,0.0,0.0,0.0,0.0,0.0,0.0,0.0,0.0,0.0,0.0,0.0,0.0,0.0,2.476710788126465,0.0,0.0,0.0,0.0,0.0,0.0,0.0,0.0,0.0,0.0,0.0,0.0,0.0,0.0,0.0,0.0,0.0,0.0,0.0,0.0,0.0,0.0,0.0,0.02125710614340049,0.02125710614340049,8.31655169929478e-6,0.0,-0.0,8.31655169929478e-6,0.0,0.0,0.018504327530933527,0.0,4.158275849647983e-6,0.0,0.0,0.0,0.0,0.0,0.0,0.0,0.0,0.0,0.0,0.0,0.0,0.0,0.0,0.0,0.0,0.0,0.0,0.0,0.0,0.0,0.0,0.0,0.0,0.0,0.0,0.0,0.0,0.0,0.0,0.0,0.0,0.0,0.0,0.0,4.158275849647983e-6,0.00031602896457324673,0.0,0.0,0.0,0.0,0.0,0.0,0.0,0.0,0.0,0.0,0.0,8.31655169929478e-6,0.0,0.0,0.0,0.0,0.0,0.0013847058579327782,0.0,0.0,0.0,0.1463741375351868,0.0,0.02125710614340049,0.0,1.8946497660992863,2.978972131379981,0.0,0.0,2.9577150252365803,0.0,0.0,0.0,0.0,0.1524008098895986,0.0,0.0,0.0,0.0,0.0,0.0,0.1524008098895986,0.0,0.5489797359463804,0.0,0.0,0.0,0.0,0.0,0.0,0.0,0.0,0.0,0.0,0.2849500655317866,0.0,0.0,0.0,0.0,0.0,-0.0,-0.0,1.2474827548943949e-5,0.0,0.0,-0.0,0.0,0.0,0.0,0.0,0.0,0.8363568492672767,0.0,0.0,0.0,0.0,0.0,0.8288900258071986,3.3266206797183866e-5,0.0,0.5570355419986626,0.003172764473281457,0.0,0.0,0.0,0.0009564034454190362,0.0,0.0,0.0,0.0,0.0013847058579327782,4.158275849647983e-6,0.003563642403148346,0.0,0.0,1.8248045927446988,0.0,0.0005281010329052938,0.003563642403148346,0.0006029499981989576,0.0,0.0006029499981989576,0.0,3.002292220750989,0.0,0.0,0.0,0.0,0.003563642403148346,0.003563642403148346,0.06362577877546381,0.0,-0.0,0.0,0.0006029499981989576,0.8288900258071986,0.829771580287324,1.2474827548943949e-5,0.0,0.0,0.00470716826180154,0.0,0.0028816851638060513,0.0,0.0,0.0,0.0,0.0,-0.0,0.0,4.158275849647984e-6,4.158275849647983e-6,0.0011435258586531955,1.4672231201719206,0.003172764473281457,0.0008150220665310049,0.0,0.01338133168416721,0.0,0.0,1.247482754894395e-5,0.0,0.0,0.0,0.0,0.0,0.0,0.0,0.0,0.0,0.0011227344794049554,0.0,0.0,0.0,0.0,0.0,0.00031602896457324673,4.158275849647984e-6,0.0,0.0,0.0,0.0,6.107038938661447,0.0,0.0,0.0,0.0,0.0,0.0,0.0,0.0,0.035678006789979705,5.018207295355187e-6,5.018207295355187e-6,0.0,0.0,0.0,0.0,0.0,4.158275849647983e-6,0.0,0.0,0.0,0.0,0.0062193945791235465,0.0,0.0062110780274242505,0.0,0.0,0.0,0.0,0.0,0.0,0.0,-0.0,0.0,0.0,0.0,0.0,0.0,0.0,0.0,0.0,0.0,0.0,0.0,0.0,-0.0,0.0,0.0,0.0,0.0,0.0,0.0,0.0011435258586531955,0.0,0.0,0.0,0.0,0.0,0.0,0.005913068258199434,0.0,0.0,0.0,0.0,0.0,0.0,-0.0,0.0,0.0,0.005913068258199434,0.0,0.0,0.0011435258586531955,0.0,0.0028816851638060513,0.0,0.0,0.0,0.0004158275849647984,0.0,0.0,0.0,0.0,0.0,0.0,0.0,4.158275849647983e-6,4.158275849647983e-6,0.0,8.316551699295966e-6,0.0028816851638060513,0.0008150220665310049,1.2474827548943766e-5,0.0,0.0,0.0,