{"objective_value":0.0014122641101687085,"time_limit":1800,"thermo_feasible":true,"dual_bound":0.0014122641101687085,"solution":[1.4122641101687084e-5,-10.64843391483163,0.010775575160587232,-0.0,0.01828882022668478,1.4122641101687086e-5,0.0,-37.25026537732222,0.0,0.0,-0.0,0.0,0.0,0.0,0.0,0.0,0.0,0.0,0.0,0.0,4.236792330506126e-5,0.0,0.0,0.0,0.0,0.0,0.0,0.009786990283469124,0.04774864956479966,0.00795104694024983,0.0,0.0,-0.0,0.0,0.0,0.0,0.009786990283469124,0.0,0.0,6.90307041703384,0.0,0.0,-0.0,1.4122641101687086e-5,0.005507830029657965,-0.0,-0.0,0.0,0.8346725427452273,0.0,0.0,0.17723914582617295,0.0,-0.0,0.2419663748790758,0.0,0.0,0.0,0.0,0.0,0.0,0.0,0.0,0.0,0.0,0.0,0.0,0.0,0.00388372630296395,-0.0,0.0,1.4122641101687086e-5,0.00388372630296395,0.0,0.012103103424144338,0.005507830029657965,0.0,0.0,0.007583858271604498,0.0,0.0,0.0,0.0,0.0,0.0,0.0,0.0,0.0,0.0,4.2367923305033025e-5,4.2367923305033025e-5,0.0,0.0,0.0,0.0,0.41051693154383717,0.003106981042371149,0.0010733207237282186,0.0,0.005507830029657965,0.0,0.0,0.0,0.014150886383888967,0.00276803765593067,0.012103103424144338,0.012103103424144338,0.0,0.8587978053935841,0.8587978053935841,0.0,0.0,0.00388372630296395,-0.0,0.0,0.0,0.0,0.3842770643769055,0.0,0.0,0.010775575160587232,0.0,0.0,0.0,0.010027075182197831,0.0,0.0,0.0,0.0,0.0,0.0,0.0,0.0,0.0,1.1735689191502683,0.0,0.0,0.0,1.7127939128126097,0.0,0.0,0.0,0.0,0.0,0.0,0.0,0.0,0.0,0.0,-0.0,0.0,0.0,0.0,0.0,0.0,0.0,0.5931509262708577,0.0,0.0,0.0,0.0,0.0,0.0,0.0,0.0,0.0,0.0,0.0017935754199142602,0.0,10.64843391483163,0.0,0.01828882022668478,0.0,0.0,-0.010775575160587232,0.0,0.0,0.0,0.0,2.8245282203374172e-5,1.4122641101687086e-5,0.005479584747454592,0.0,0.0,0.0,0.0,0.0,0.0,-2.8245282203374172e-5,0.0,-0.0,0.0,0.0,0.0007484999783894156,0.0,0.0,0.0,0.9088587764523851,0.0,0.0,-0.0,0.0,0.0,-25.139909119914684,0.006326943213555815,0.0008473584661012253,0.0,0.0,0.0,0.0,0.0,-0.0,0.0,0.2419663748790758,0.9411996245752454,0.0,0.9088587764523851,-0.0,0.0,0.002047782959744628,0.0,-0.0,0.0,0.0,0.0,0.17723914582617295,-0.0,12.331334998129934,36.14639125166483,-0.0,-0.0,-0.0,0.0,0.0,0.8346725427452273,0.0,0.005479584747454592,-0.0,0.0,0.0,0.0,-0.0,0.0,37.25026537732222,0.0,-0.0,0.0,0.0,0.0,0.0,0.0,0.020082395646599038,0.0,0.020082395646599038,0.0,-0.0,0.0,0.0010733207237281904,-0.0,-0.0,0.0,0.0,-0.0,0.0,0.0,4.2367923305033025e-5,0.0,-2.8245282203373257e-5,0.007484999783894155,-0.0,0.0,-0.0,0.0,4.2367923305033025e-5,0.0,-0.0,0.0,-1.4615126041314213,0.0,0.0,0.0,-0.0,1.4122641101687086e-5,-0.0,-1.8644852008858053,4.2367923305033025e-5,-0.8935536251448359,0.0,0.012103103424144338,0.009786990283469124,4.2367923305033025e-5,-0.0,0.0,0.0,0.0009038490305079454,-0.0,1.4122641101687086e-5,-0.00388372630296395,-0.0,4.2367923305033025e-5,-0.0,-1.4122641101687086e-5,-0.0,0.0,-0.0,0.0,0.0,0.0,-0.0,0.0,24.405569254701348,-0.0,1.4122641101687086e-5,-0.0,4.2367923305033025e-5,-0.0,0.0,-0.0,0.0,0.0,0.0,0.0,-0.0,2.8245282203374172e-5,0.0,0.0,0.0,4.236792330506126e-5,0.0,0.0,18.976775276423552,0.0,0.0,1.4122641101687086e-5,18.976775276423552,0.0,-0.0,0.0,0.0,0.0,0.0,0.0,0.0,0.0,0.0,-0.0,0.0,9.885848771178137e-5,0.0,0.8784847670893329,-12.331334998129934,0.0,0.0,0.2157657107515753,0.0,0.0,2.264005396709431,0.0,0.0,0.0,0.0,0.0020477829597446277,0.0,0.0,0.0,0.0,0.0,0.0,0.0,0.0,0.0,0.0,0.0,0.0,0.0,0.0,-0.0,0.0,0.0,46.461276869889076,0.014150886383888967,0.0,0.0,0.0,0.4971265701753345,0.0,0.012103103424144338,0.0,0.0,46.5334718112009,0.0,0.21609053149691412,0.0299823670588788,1.4122641101687086e-5,1.4122641101687086e-5,0.0,0.0,0.0,0.0,0.0299823670588788,0.8784847670893329,0.0,0.0299823670588788,0.0,0.0,0.0,0.0,0.0,0.0,0.0,0.0,0.0,0.0,0.0,0.0,0.0,0.8634827305926659,0.0,0.0,0.0,0.0,0.0,0.0,0.0,0.0,0.0,0.0,0.0,0.3842770643769055,0.0,0.0,0.0,0.0,0.0,0.0,1.4122641101687084e-5,0.0,4.2367923305033025e-5,0.0,0.0,0.0,0.0,0.0,0.0,0.5940933515779877,0.00022596225762699338,0.00022596225762699338,0.0,0.0,0.0,0.0,0.0,6.977888377943897,0.0,0.0,1.4122641101687086e-5,0.00276803765593067,0.0,0.0,0.0,0.0,0.17723914582617295,0.0,0.0,0.0,0.0,0.0,0.0,0.0,0.0,0.0,0.0,0.0,0.0,0.0,0.0,0.0,0.0,0.0020477829597446277,2.8245282203374172e-5,1.4122641101687084e-5,4.236792330506126e-5,4.236792330506126e-5,0.0,0.0,-0.0,0.0,0.0,4.2367923305033025e-5,1.4122641101687084e-5,0.888776380805786,0.0,0.0,0.0,0.0,0.006567028112284467,0.0,0.0,0.888776380805786,-0.0,2.8245282203373257e-5,0.0,0.002047782959744628,0.0,0.0,0.0,1.4122641101687084e-5,0.0,0.0,0.002047782959744628,0.0,0.002047782959744628,0.0,0.026169253961423333,0.0017935754199142602,0.005733792287284957,0.0,0.0,0.0,0.008064028069063327,0.0,0.0,0.0,0.006567028112284467,0.0,0.0,0.0,0.0,0.0,0.0,0.0,1.4122641101687086e-5,0.20739308122557287,1.4615126041314213,0.0,0.0,0.0007061320550843542,0.03050970647761869,0.0,0.20739308122557287,0.0,0.20739308122557287,0.0,0.20739308122557287,0.0,0.00388372630296395,0.0,0.0,0.0,0.0,0.6236606327484763,0.2419663748790758,0.8346725427452273,0.0,0.005507830029657965,0.0,0.0,2.8245282203374172e-5,0.0,0.0,0.0,6.234279133719896,0.0007061320550843542,0.0,0.20739308122557287,0.0,0.0,0.0,0.0,0.0,0.0,0.0,0.0,0.0,0.0,0.0,0.8587978053935841,0.0007061320550843542,0.010591980826265316,0.06284575290250755,0.0,0.0,1.4122641101687706e-5,0.0,0.0,0.0,0.0,0.0,0.0,0.0,0.0,0.0,0.0,0.0,0.0,0.0,0.0,0.0,0.0,0.0,0.0,0.0,0.0,0.0,0.0,0.0,0.0,0.0,0.0,0.0,0.0,0.0,0.0,0.0,0.0,0.0,0.0,0.0,0.0,0.0,0.0,0.0,0.0,0.0,0.0,0.0,0.0,0.0,0.0,0.0,0.0,0.0,5.593455602657416,0.0,0.0,0.0,0.0,0.0,0.0,0.0,0.0,0.0,0.0,0.0,0.0,0.0,0.0,0.0,0.0,0.0,0.0,0.0,0.07219494131182437,0.07219494131182437,2.8245282203373257e-5,0.0,0.0,2.8245282203373257e-5,0.0,0.0,0.06284575290250755,0.0,1.4122641101687086e-5,0.0,0.0,0.0,0.0,0.0,0.0,0.0,0.0,0.0,0.0,0.0,0.0,0.0,0.0,0.8935536251448359,0.0,37.25026537732222,0.0,0.0,0.0,0.0,0.0,0.0,0.0,0.0,0.0,0.0,0.0,0.0,0.0,0.0,0.0,0.0,0.0,0.0,1.4122641101687086e-5,0.0010733207237282186,0.0,0.0,0.0,0.0,0.0,0.0,0.0,0.0,0.0,0.0,0.0,2.8245282203373257e-5,0.0,0.0,0.0,0.0,0.0,0.0047028394868617995,0.0,0.0,0.0,0.4971265701753345,0.0,0.07219494131182437,0.0,24.642782549739348,46.5334718112009,0.0,44.367262796756556,2.0940140731325196,0.0,0.0,0.0,0.0,0.5175947963768318,0.0,0.0,0.0,0.0,0.0,0.0,0.5175947963768318,0.0,1.8644852008858053,0.0,0.0,0.0,0.0,0.0,0.0,0.0,0.0,0.0,0.0,0.005479584747454592,0.0,0.0,0.0,0.0,0.0,-0.0,-0.0,4.236792330506126e-5,0.0,0.0,-0.0,0.0,0.0,1.1735689191502683,0.0,0.0,2.8366126818753075,0.0,0.0,0.0,0.0,0.0,0.8905596252312783,0.00011298112881349669,0.0,0.0,0.010775575160587232,0.0,0.0,0.0,0.0032482074533880306,0.0,0.0,0.0,0.0,0.0047028394868617995,1.4122641101687086e-5,0.012103103424144338,0.06271485748591256,0.0,24.405569254701348,0.0,0.0017935754199142602,0.012103103424144338,0.002047782959744628,0.0,0.002047782959744628,0.0,0.0,0.0,0.0,0.0,0.0,0.012103103424144338,0.012103103424144338,0.2160905314969141,0.0,-0.0,0.0,0.002047782959744628,0.8905596252312783,0.0,4.236792330506126e-5,0.0,0.0,0.015986829727108288,0.0,0.009786990283469124,1.1774526454532321,0.0,0.0,0.0,3.3881317890172014e-21,3.693822674525919e-21,0.0,1.4122641101687086e-5,1.4122641101687084e-5,0.00388372630296395,21.29927993929135,0.010775575160587232,0.00276803765593067,0.0,0.04544665906522905,0.0,4.236792330506126e-5,0.0,0.0,0.0,0.0,0.0,0.0,0.0,0.0,0.0,0.0,0.0,0.026169253961423333,0.0,0.0,0.0,0.0,0.0010733207237282186,1.4122641101687086e-5,0.0,0.0,0.0,0.0,0.0,0.0,0.0,0.0,0.0,0.0,0.0,0.0,0.0,0.12117226065247522,1.7043203281515975e-5,1.7043203281515975e-5,0.0,0.0,0.0,0.0,0.0,1.4122641101687086e-5,0.0,0.0,0.0,0.0,0.021122763541088968,0.0,0.021094518258885593,0.0,0.0,0.0,0.0,0.0,0.0,0.0,-0.0,0.0,0.0,0.0,0.0,0.0,0.0,0.0,0.0,0.0,0.0,0.0,0.0,-0.0,0.0,0.0,0.0,0.0,0.0,0.0,0.00388372630296395,0.0,0.0,0.0,0.0,0.0,0.020082395646599038,0.0,0.0,0.0,0.0,0.0,0.0,0.0,-0.0,0.0,0.0,0.020082395646599038,0.0,0.0,0.00388372630296395,0.0,0.009786990283469124,0.0,0.0,0.0,0.0014122641101687087,0.0,0.0,0.0,0.00388372630296395,0.0,0.0,0.0,1.4122641101687084e-5,1.4122641101687084e-5,0.0,2.8245282203374172e-5,