{"objective_value":8.637834772086785e-5,"time_limit":1800,"thermo_feasible":true,"dual_bound":8.637834772086785e-5,"solution":[8.637834772086787e-7,-0.654550368522496,0.0006590667931102175,-0.0,0.0011185996029852388,8.637834772086786e-7,0.0,-2.198332643034236,0.0,0.0,-0.0,0.0,0.0,0.0,0.0,0.0,0.0,0.0,2.5913504317172986e-6,0.0,0.0,-9.126271786896734e-17,0.0,0.0,0.0,0.0,0.0,0.0005986019497056142,0.0,0.000486310097668486,0.0,0.0,-0.0,0.0,0.0,0.0,0.0005986019497056142,0.42221268141760965,0.0,0.0,0.0,0.0,-0.0,8.637834772086787e-7,0.0003368755561113847,-0.0,-0.0,0.05105109916139935,0.0,0.0,0.0,0.0,0.010840482638968914,0.01479939588889353,0.0,0.0,9.126271786896734e-17,0.0,9.126271786896734e-17,9.126271786896734e-17,0.0,0.0,-9.126271786896734e-17,0.0,0.0,0.0,0.0,0.0,0.00023754045623238662,-0.0,0.0,8.637834772086786e-7,0.00023754045623238662,0.0,0.0007402624399679333,0.0003368755561113847,0.0,0.0,0.00046385172726115596,0.0,0.0,0.0,0.0,0.0,0.0,0.0,0.0,0.0,0.0,2.591350431626152e-6,2.591350431626152e-6,0.0,0.0,0.0,789.9215418232405,789.946650281356,0.0,6.564754426785959e-5,0.0,0.0003368755561113847,0.0,0.0,0.0,0.0008655110441631917,0.000169301561532901,0.0007402624399679333,0.0007402624399679333,0.0,0.05252667324906023,0.05252667324906023,0.0,0.0,0.00023754045623238662,-0.0,0.0,0.0,0.0,0.023503548414848145,0.0,0.0,0.0003601977099960117,0.0,-0.0,0.0,0.0006132862688181617,0.0,0.0,0.00029886908311420573,0.0,0.0,0.0,0.0,0.00010883671812829351,0.0,0.0,0.0,0.0,0.0,0.10505852919898273,0.0,0.0,0.0,0.0,0.0,0.0,0.0,0.0,0.0,0.0,-0.0,0.0,0.0,0.0,0.0,0.0,0.0,0.036278906042764486,0.0,0.0,0.0,0.0,0.0,0.0,0.0,0.0,0.0,0.0,0.00010970050160550215,0.0,0.654550368522496,0.0,0.0011185996029852388,0.0,0.0,-0.0006590667931102175,0.0,0.0,0.0,0.0,1.7275669544173572e-6,8.637834772086786e-7,0.0003351479891569673,0.0,0.0,0.0,0.0,0.0,0.0,-1.7275669544173572e-6,0.0,0.0,0.0,0.0,0.0,6.305619383623354e-5,0.0,0.0,0.05266810183073399,0.0,0.0,-0.0,0.0,0.0,-1.4927528459358217,0.00038697499778948797,5.182700863252073e-5,0.0,0.0,0.0,0.0,0.0,-0.0,0.0,0.01479939588889353,0.05464616599354205,0.0,0.0,0.05266810183073399,0.0,0.00012524860419525844,0.0,-0.0,0.0,0.0,0.0,0.0,-0.0,0.7683221753424644,2.1308163602231422,-0.0,-0.0,-0.0,0.0,0.0,0.05105109916139935,0.0,0.0,0.0003351479891569673,0.0,0.0,0.0,-0.0,0.0,2.198332643034236,0.0,-0.0,0.0,0.0,0.0,0.0,0.0,0.001228300104590741,0.0,0.001228300104590741,0.0,-0.0,0.0,6.56475442678597e-5,-0.0,-0.0,0.0,0.0,-0.0,0.0,0.0,2.591350431626152e-6,-1.3877787807814457e-17,-1.7275669544266092e-6,0.0004578052429205998,-0.0,0.0,-0.0,0.0,2.591350431626152e-6,0.0,-0.0,0.0,-0.09807069484299569,0.0,0.0,0.0,-0.0,8.637834772086786e-7,-0.0,-0.114037558444567,2.591350431626152e-6,-0.05465244438647078,0.0,0.0007402624399679333,0.0005986019497056142,2.591350431626152e-6,-0.0,0.0,0.0,5.528214254135554e-5,-0.0,8.637834772086788e-7,-0.00023754045623238662,-0.0,0.0,-0.0,-8.637834772086788e-7,-0.0,0.0,-0.0,0.0,0.0,0.0,0.0,0.0,1.4478383970264632,0.0,8.637834772086787e-7,-0.0,0.0,-0.0,0.0,-0.0,0.0,0.0,0.0,0.0,-0.0,1.7275669544173572e-6,0.0,0.0,0.0,2.591350431626036e-6,0.0,-0.0,1.1447428023751964,0.0,0.0,8.637834772086786e-7,1.1447428023751964,-0.0,0.0,0.0,0.0,0.0,0.0,0.0,0.0,0.0,-0.0,0.0,0.0,0.0007532191921260634,0.0,0.05373078741628932,-0.7683221753424644,0.0,0.0,0.01319688396479419,0.0,0.0,0.1276329402787366,0.0,0.0,0.0,0.0,0.00012524860419525844,0.0,0.0,0.0,9.126271786896734e-17,0.0,0.0,0.0,0.0,0.0,0.0,0.0,0.0,0.0,0.0,-0.0,0.0,0.0,2.7617059864740843,0.0008655110441631917,0.0,0.0,0.0,0.030405765770509983,0.0,0.0007402624399679333,0.0,0.0,2.7672082872239034,0.0,0.01321675098476999,0.0,8.637834772086786e-7,8.637834772086788e-7,0.0,9.126271786896734e-17,-9.126271786896734e-17,0.0,0.0,-0.035408560246998864,0.0,0.0,0.0010866396143286129,0.0,9.126271786896734e-17,0.0,9.126271786896734e-17,0.0,0.0,0.0,0.0,0.0,0.0,0.0,0.0,0.050979405132791006,0.0,0.0,0.0,0.0,0.0,0.0,0.0,0.0,0.0,0.0,0.0,0.023503548414848145,0.0,0.0,0.0,0.0,0.0,0.0,8.637834772086787e-7,0.0,2.591350431626152e-6,0.0,0.0,0.0,0.0,0.0,0.034502735305035274,0.0,1.3820535635338858e-5,1.3820535635338858e-5,0.0,0.0,0.0,0.0,0.0,0.42386832243482936,0.0,0.0,8.637834772086788e-7,0.000169301561532901,0.0,0.0,0.0,0.0,0.0,0.0,0.0,0.0,0.0,0.0,0.0,0.0,0.0,0.0,0.0,0.0,0.0,0.0,0.0,0.0,0.0,0.00012524860419525844,1.7275669544173575e-6,8.637834772086787e-7,2.591350431626036e-6,2.591350431626036e-6,0.0,0.0,-0.0,0.0,0.010840482638968914,2.591350431626152e-6,8.637834772086787e-7,0.05143980172614325,0.0,0.0,0.0,0.0,0.0004016593169020357,0.0,0.0,0.05143980172614325,-0.0,1.7275669544266092e-6,0.0,0.0001252486041952584,0.0,0.0,0.0,8.637834772086787e-7,0.0,0.0,0.00012524860419525844,0.0,0.00012524860419525844,0.0,0.0008534180754822696,0.00010970050160550215,0.0003506960917467235,0.0,0.0,0.0,0.0004932203654861555,0.0,0.0,0.0,0.0004016593169020357,0.0,0.0,0.0,0.0,0.0,0.0,0.0,8.637834772086786e-7,0.012684788600104469,0.09807069484299569,0.0,0.0,4.318917386043394e-5,0.0018660659971529965,0.0,0.0,0.012684788600104469,0.012684788600104469,0.0,0.012684788600104469,0.0,0.00023754045623238662,0.0,0.0,0.0,0.0,0.038144972039917485,0.01479939588889353,0.05105109916139935,0.0,0.0003368755561113847,0.0,0.0,1.7275669544173572e-6,0.0,0.0,0.0,0.4552596887514007,4.318917386043394e-5,0.0,0.012684788600104469,0.0,0.0,0.0,0.0,0.0,0.0,0.0,0.0,0.0,0.0,0.05252667324906023,0.0,4.318917386043394e-5,0.0006478376079065092,0.0038438364735786192,0.0,0.0,8.637834772180912e-7,0.0,0.0,0.0,0.0,0.0,0.0,0.0,0.0,0.0,0.0,0.0,0.0,0.0,0.0,0.0,0.0,0.0,0.0,0.0,0.0,0.0,0.2720395543179458,0.0,0.0,0.0,0.0,0.0,0.0,0.0,0.0,0.0,0.0,0.0,0.0,0.0,0.0,0.0,0.0,0.0,0.0,0.0,0.0,0.0,0.0,0.0,0.0,0.0,0.0,0.0,0.0,0.0,0.0,0.0,0.0,0.0,0.0,0.0,0.0,0.0,0.0,0.0,0.0,0.0,0.0,0.0,0.0,0.0,0.0,0.0,0.0055023007498193775,0.0055023007498193775,1.7275669544266092e-6,0.0,-0.0,1.7275669544266092e-6,0.0,0.0,0.0038438364735786192,0.0,8.637834772086786e-7,0.0,0.0,0.06236278270111302,0.0,0.0,0.0,0.0,0.0,0.0,0.0,0.0,0.0,0.0,0.0,0.0,0.0,2.198332643034236,0.0,0.0,0.0,0.0,0.0,0.0,0.0,0.0,0.0,0.0,0.0,0.0,0.0,0.0,0.0,0.0,0.0,0.0,8.637834772086786e-7,0.00013129508853571917,0.0,0.0,0.0,0.0,0.0,0.0,0.0,0.0,0.0,0.0,0.0,1.7275669544266092e-6,0.0,0.0,0.0,0.0,0.0,0.0002876398979104899,0.0,0.0,0.0,0.030405765770509983,0.0,0.0055023007498193775,0.0,1.4623470801653118,2.7672082872239034,0.0,0.0,0.0,2.7617059864740843,0.0,0.0,0.0,0.031657664439698065,0.0,0.0,0.0,0.0,0.0,-0.0,0.03165766443969806,0.0,0.114037558444567,0.0,0.0,0.0,0.0,0.0,0.0,0.0,0.0,0.0,0.0,0.0003351479891569673,0.0,0.0,0.0,0.0,0.0,-0.0,-0.0,2.591350431626036e-6,0.0,0.0,-0.0,0.0,0.0,0.0,0.0,0.0,0.17349322633708217,0.0,0.0,0.0,0.0,0.0,0.05446932228930254,6.91026781766943e-6,0.0,0.0,0.0006590667931102175,0.0,0.0,0.0,0.00019867019975799608,0.0,0.08913934766328818,0.0,0.0,0.0002876398979104899,8.637834772086787e-7,0.0007402624399679333,0.0009153785772517686,0.0,1.4478383970264632,0.0,0.00010970050160550215,0.0007402624399679333,0.00012524860419525844,0.0,0.00012524860419525844,0.0,0.0007471727077856025,0.0,0.0,0.0,-0.0,0.0007402624399679333,0.0007402624399679333,0.01321675098476999,0.0,-0.0,0.0,0.00012524860419525844,0.05446932228930254,0.05465244438647078,2.5913504316260354e-6,0.0,0.0,0.000977802896200329,0.0,0.0005986019497056142,0.00023754045623238662,0.0,0.0,0.0,0.0,-0.0,0.0,8.637834772086788e-7,8.637834772086787e-7,0.00023754045623238662,1.2676021831799078,0.0006590667931102175,0.000169301561532901,0.0,0.0027796552296575276,0.0,0.0,0.0,2.591350431626036e-6,0.0,0.0,0.0,0.0,0.0,0.0,0.0,0.0,0.0,0.0008534180754822696,0.0,0.0,6.564754426785959e-5,0.0,0.0,8.637834772086788e-7,0.0,0.0,0.0,0.0,0.0,0.0,0.0,0.0,0.0,0.0,9.126271786896734e-17,0.0,0.0,0.0074112622344504634,1.0424139002954336e-6,1.0424139002954336e-6,0.0,0.0,0.0,0.0,0.0,8.637834772086786e-7,0.0,0.0,9.126271786896734e-17,0.0,0.0012919321540784355,0.0,0.0012902045871240181,0.0,0.0,0.0,0.0,0.0,0.0,0.0,-0.0,0.0,0.0,0.0,0.0,0.0,0.0,0.0,0.0,0.0,0.0,0.0,0.0,-0.0,-8.624017996597329e-9,0.0,-8.624017996597329e-9,0.0,0.0,0.0,0.00023754045623238662,