{"objective_value":0.06867611723536922,"time_limit":1800,"ncalls":19,"thermo_feasible":true,"dual_bound":0.06867611723536922,"solution":[[1.0,0.0,1.0,0.0,1.0,1.0,0.0,0.0,0.0,0.0,0.0,0.0,0.0,1.0,0.0,1.0,0.0,1.0,0.0,0.0,0.0,0.0,1.0,1.0,0.0,0.0,1.0,1.0,0.0,0.0,1.0,1.0,1.0,0.0,0.0,0.0,0.0,0.0,1.0,0.0,1.0,0.0,0.0,1.0,1.0,1.0,0.0,0.0,1.0,0.0,0.0,0.0,0.0,0.0,0.0,1.0,1.0,1.0,1.0,1.0,0.0,1.0,0.0,0.0,0.0,0.0,1.0,1.0,1.0,0.0,1.0,1.0,0.0,1.0,0.0,0.0,0.0,0.0,1.0,0.0,0.0,1.0,0.0,0.0,0.0,1.0,1.0,0.0,0.0,0.0,0.0,0.0,0.0,0.0,1.0,0.0,0.0,0.0,1.0,1.0,0.0,0.0,1.0,1.0,0.0,0.0,0.0,0.0,0.0,0.0,0.0,0.0,0.0,1.0,0.0,0.0,0.0,0.0,1.0,0.0,1.0,0.0,1.0,0.0,0.0,0.0,0.0,1.0,0.0,1.0,0.0,0.0,0.0,0.0,0.0,1.0,1.0,1.0,1.0,1.0,0.0,1.0,0.0,0.0,1.0,1.0,1.0,1.0,1.0,1.0,1.0,0.0,0.0,0.0,1.0,1.0,1.0,0.0,0.0,0.0,1.0,0.0,0.0,1.0,0.0,0.0,0.0,1.0,1.0,0.0,0.0,1.0,0.0,0.0,0.0,0.0,0.0,1.0,1.0,0.0,0.0,0.0,1.0,0.0,0.0,0.0,0.0,0.0,0.0,1.0,0.0,0.0,0.0,0.0,0.0,0.0,0.0,0.0,0.0,0.0,1.0,0.0,0.0,0.0,1.0,1.0,1.0,1.0,0.0,1.0,1.0,0.0,0.0,0.0,1.0,0.0,1.0,0.0,0.0,0.0,0.0,0.0,0.0,0.0,1.0,0.0,0.0,0.0,0.0,0.0,1.0,1.0,0.0,0.0,0.0,1.0,1.0,0.0,0.0,0.0,1.0,0.0,0.0,1.0,1.0,0.0,0.0,0.0,1.0,0.0,0.0,0.0,0.0,0.0,0.0,0.0,1.0,1.0,1.0,0.0,0.0,0.0,0.0,0.0,1.0,1.0,0.0,0.0,0.0,0.0,1.0,0.0,1.0,0.0,1.0,0.0,1.0,1.0,1.0,0.0,1.0,0.0,1.0,1.0,1.0,0.0,0.0,0.0,0.0,0.0,0.0,1.0,0.0,0.0,1.0,1.0,1.0,0.0,1.0,1.0,0.0,1.0,0.0,0.0,1.0,0.0,1.0,0.0,1.0,1.0,0.0,0.0,1.0,0.0,0.0,1.0,1.0,0.0,1.0,0.0,1.0,1.0,1.0,1.0,0.0,1.0,0.0,0.0,1.0,1.0,1.0,1.0,0.0,1.0,0.0,1.0,0.0,1.0,0.0,1.0,0.0,0.0,0.0,0.0,0.0,0.0,0.0,0.0,0.0,0.0,0.0,0.0,0.0,0.0,1.0,0.0,0.0,0.0,0.0,0.0,0.0,0.0,1.0,0.0,0.0,0.0,0.0,0.0,0.0,1.0,1.0,0.0,0.0,1.0,0.0,0.0,0.0,0.0,1.0,1.0,0.0,0.0,0.0,0.0,1.0,0.0,0.0,0.0,1.0,0.0,0.0,0.0,0.0,1.0,0.0,1.0,0.0,0.0,0.0,0.0,1.0,1.0,0.0,0.0,0.0,0.0,1.0,0.0,0.0,0.0,0.0,1.0,1.0,1.0,0.0,1.0,1.0,1.0,1.0,1.0,0.0,1.0,1.0,0.0,1.0,1.0,0.0,0.0,1.0,1.0,1.0,1.0,0.0,1.0,1.0,0.0,0.0,0.0,0.0,0.0,1.0,1.0,1.0,1.0,1.0,1.0,0.0,1.0,0.0,1.0,0.0,0.0,1.0,0.0,0.0,0.0,0.0,0.0,1.0,0.0,0.0,0.0,0.0,1.0,1.0,0.0,0.0,1.0,0.0,0.0,0.0,0.0,1.0,1.0,1.0,0.0,0.0,0.0,1.0,0.0,1.0,0.0,0.0,0.0,0.0,0.0,0.0,0.0,0.0,0.0,0.0,0.0,0.0,0.0,0.0,1.0,0.0,0.0,1.0,0.0,0.0,0.0,0.0,0.0,0.0,0.0,1.0,1.0,0.0,0.0,0.0,1.0,0.0,0.0,1.0,0.0,0.0,1.0,1.0,0.0,1.0,1.0,0.0,0.0,0.0,0.0,0.0,0.0,0.0,0.0,0.0,0.0,0.0,0.0,0.0,1.0,1.0,1.0,0.0,1.0,1.0,0.0,1.0,0.0,0.0,0.0,0.0,1.0,0.0,0.0,1.0,0.0,0.0,1.0,0.0,1.0,0.0,1.0,0.0,0.0,1.0,1.0,0.0,0.0,0.0,0.0,0.0,1.0,0.0,0.0,1.0,1.0,0.0,0.0,1.0,1.0,0.0,0.0,1.0,0.0,0.0,0.0,0.0,1.0,1.0,0.0,1.0,1.0,1.0,0.0,1.0,1.0,0.0,0.0,0.0,0.0,1.0,1.0,0.0,1.0,0.0,0.0,0.0,0.0,0.0,0.0,1.0,1.0,0.0,0.0,0.0,0.0,0.0,0.0,1.0,0.0,1.0,0.0,1.0,1.0,1.0,1.0,1.0,1.0,0.0,1.0,1.0,0.0,0.0,0.0,1.0,0.0,0.0,1.0,0.0,0.0,0.0,0.0,1.0,1.0,1.0,0.0,1.0,0.0,0.0,1.0,1.0,1.0,0.0,0.0,0.0,0.0,1.0,1.0,1.0,1.0,1.0,0.0006867611723536922,-974.7111787840283,0.5239987745058664,0.0,0.8893557181980314,0.0006867611723536922,0.0,0.0,0.0,0.0,0.0,0.0,0.0,0.0,0.0,0.0020602835170610767,0.0,0.4759254924411093,0.0,0.3866465400351287,0.0,0.0,0.0,0.0,0.4759254924411093,335.6851383751387,0.0,0.0,0.0006867611723536922,0.2678368572179399,0.0,0.0,40.58877442680837,8.618852713038837,11.766433069114534,0.0,0.0,0.0,0.0,0.0,129.10974697401957,0.0,0.18885932239726536,0.0,0.0,0.0006867611723536922,0.18885932239726536,0.5885543247069629,-0.2678368572179399,0.0,0.3687907495537809,0.0,0.0,0.0,0.0,0.0,0.0,129.10974697401957,0.002060283517061622,0.002060283517061622,13.715901943428392,0.0,0.0,19.962773757976528,0.0,-0.05219384909888061,-0.2678368572179399,0.0,0.6881346946982483,0.13460518978132366,0.5885543247069629,-0.5885543247069629,227.4196277288571,227.4196277288571,0.0,0.18885932239726536,0.0,0.0,-47.8029014768976,0.0,0.3729113165880566,0.0,-0.48760043237112144,0.15108745791780984,0.0,0.0,0.0,172.31303454043197,0.0,0.0,83.4414824409736,0.0,0.0,0.0,0.0,0.0,0.0,0.0,0.0,0.0,29.116129977153637,0.0,28.843969238855077,0.0,0.0,0.0,0.0,0.0,0.0,0.08721866888891891,0.0,974.7111787840283,0.0,0.8893557181980314,0.0,-0.5239987745058664,0.0,0.0,0.0,0.001373522344707369,0.0006867611723536845,-13.982365278301625,0.0,0.0,0.0,0.0,-0.0013735223447073844,0.0,0.0,-0.036398342134745694,0.0,0.0,-41.87439134145448,32.40596615232079,0.0,0.0,0.0,-591.0893807625189,0.30766900521445417,-0.04120567034122153,0.0,0.0,0.0,0.0,0.0,0.0,11.766433069114534,-43.44707442614413,41.87439134145448,0.0,0.09958036999128538,0.0,0.0,0.0,0.0,0.0,8.618852713038837,0.0,1000.0,424.7571664845305,0.0,0.0,0.0,0.0,40.58877442680837,0.0,13.982365278301625,0.0,0.0,0.0,0.0,0.0,0.0,446.0308119012407,0.0,0.0,0.0,0.0,0.9765743870869502,0.0,0.9765743870869502,0.0,0.0,0.052193849098881154,0.0,0.0,0.0,0.0,0.0,0.0,0.0,0.002060283517061622,0.0,-0.0013735223445592401,0.36398342134745687,0.0,0.0,0.0,0.0,0.002060283517061622,0.0,0.0,0.0,-586.1589209343192,0.0,0.0,0.0,0.0006867611723536845,0.0,-90.66689673530784,0.002060283517061622,-100.0,0.0,0.5885543247069629,0.4759254924411093,0.002060283517061622,0.0,0.0,0.0439527150306368,0.0,0.0006867611723536922,-0.18885932239726536,0.0,0.0,0.0,-0.0006867611723536922,0.0,0.0,0.0,0.0,0.0,555.3796220064378,0.0006867611723536922,0.0,0.0,0.0,0.0,0.0,0.0,13.715901943428392,0.0,0.0,0.0013735223447073844,0.0,0.0,0.0,0.0020602835170610767,0.0,-789.6502808667701,0.0,0.0,0.0006867611723536845,789.6502808667701,0.0,0.0,32.40596615232079,0.0,0.0,0.0,0.0,0.0,0.5988557422922682,228.37697280311784,-1000.0,0.0,0.0,10.49233719121971,0.0,0.0,-110.09491703881902,0.0,0.0,0.0,0.09958036999128538,0.0,0.0,0.0,0.0,0.0,0.0,0.0,0.0,0.0,0.0,995.6253313321072,-0.6881346946982483,0.0,0.0,24.17446026444717,0.5885543247069629,1000.0,10.508132698183845,0.0,0.0006867611723536845,0.0006867611723536922,0.0,0.0,0.0,172.5568214001637,0.0,0.8639455548207934,0.0,0.0,0.0,0.0,0.0,0.0,0.0,13.099969362646378,0.0,0.0,0.0,-47.8029014768976,0.0,0.0006867611723536922,0.002060283517061622,0.0,0.0,0.0,0.010988178757659076,0.010988178757659076,0.0,0.0,0.0,336.2736926998457,0.0,0.0,0.0006867611723536922,0.13460518978132366,0.0,0.0,0.0,8.618852713038837,0.0,0.0,0.0,0.0,0.0,0.0,0.0,0.09958036999128538,0.0013735223447073844,0.0006867611723536922,-0.0020602835170610767,-0.0020602835170610767,0.0,0.0,0.0,0.002060283517061622,0.0006867611723536922,-40.89781695436753,0.0,0.0,0.0,0.3193439451444674,0.0,40.89781695436753,0.0,0.0013735223445592401,0.0,0.09958036999128538,129.10974697401957,0.0006867611723536922,0.0,0.09958036999128538,0.0,0.09958036999128538,0.6785200382852965,0.08721866888891891,-0.27882503597559904,0.0,0.0,-0.3921406294139582,0.0,0.0,0.3193439451444674,0.0,0.0,0.0006867611723536922,10.08518977257762,586.1589209343192,0.0,0.03433805861768461,1.4836376310825756,0.0,10.08518977257762,-10.08518977257762,-10.08518977257762,0.18885932239726536,0.0,30.32760686993765,-11.766433069114534,40.58877442680837,0.2678368572179399,0.0,0.0,0.0013735223447073844,0.0,0.0,286.3502949665861,0.03433805861768461,0.0,10.08518977257762,0.0,227.4196277288571,0.03433805861768461,0.5150708792652692,3.05608721697393,0.0,0.00068676117220082,-446.0308119012407,0.0,372.00069020592355,4.374668667892868,4.374668667892868,0.0013735223445592401,0.0,0.0013735223445592401,0.0,3.05608721697393,0.0,0.0006867611723536845,0.0,0.0,0.0,0.0,0.0,0.0,0.0,0.0,0.0,0.0,0.0,0.0,-0.08653190771656522,0.0,0.0,0.0,0.0006867611723536845,-0.05219384909888061,0.0,0.0,0.0,0.0,0.0,0.0,0.0013735223445592401,0.0,0.0,0.0,0.0,-0.22869147039377952,-24.17446026444717,4.374668667892868,566.9149204980718,-1000.0,-995.6253313321072,25.16979696676282,0.0,0.0,0.0,0.0,25.16979696676282,90.66689673530784,0.0,-446.0308119012407,0.0,0.0,13.982365278301625,0.0,0.0,0.0,0.0020602835170610767,0.0,0.0,0.0,0.0,172.31303454043197,0.0,137.93782198718037,0.0,0.0,0.0,0.0,99.85440663146102,0.005494089378829538,0.0,0.0,-0.5239987745058664,0.0,0.1579550696413492,0.0,0.0,0.0,0.0,0.22869147039377952,0.0006867611723536922,0.5885543247069629,0.0,55.82015140295414,555.3796220064378,0.08721866888891891,0.5885543247069629,0.09958036999128538,0.0,0.09958036999128538,33.00001456640658,0.0,0.5885543247069629,0.5885543247069629,