{"objective_value":0.00038075848018034495,"time_limit":1800,"thermo_feasible":true,"dual_bound":0.00038075848018034495,"solution":[3.8075848018034484e-6,-2.8852786617947848,0.0029051872037760803,-0.0,0.004930822318335468,3.8075848018034484e-6,0.0,-0.0,0.0,0.0,-0.0,0.0,0.0,0.0,0.0,0.0,0.0,0.0,0.0,1.1422754405410347e-5,0.0,0.0,0.0,0.0,0.0,0.0,0.0,0.00263865626764979,0.0,0.002143670243415342,0.0,0.0,-0.0,0.0,0.0,0.0,0.0026386562676497904,0.0,1.861126811651197,0.0,0.0,0.0,-0.0,3.8075848018034484e-6,0.0014849580727033448,-0.0,-0.0,0.0,0.22503485469581977,0.0,0.0,0.0,0.04778518926263329,0.06523620368905257,0.0,0.0,0.0,0.0,0.0,0.0,0.0,0.0,0.0,0.0,0.0,0.0,0.0,0.0,0.0010470858204959486,-0.0,0.0,3.807584801803449e-6,0.0010470858204959486,0.0,0.0032631001751467254,0.0014849580727033448,0.0,0.0,0.0020446730385695858,0.0,0.0,0.0,0.0,0.0,0.0,0.0,0.0,0.0,0.0,1.1422754405410292e-5,1.1422754405410292e-5,0.0,0.0,0.0,0.0,0.11067887501882501,0.0,0.00028937644493706217,0.0,0.0014849580727033448,0.0,0.0,0.0,0.0038151999714082256,0.0007462866211534763,0.0032631001751467254,0.0032631001751467254,0.0,0.23153923179767352,0.23153923179767352,0.0,-0.0,0.0,0.0010470858204959486,0.0,-0.0,-0.0,0.10360438245707183,0.0,0.0,0.0018657165528837467,0.0,0.0,0.0,0.002703385209280449,0.0,0.0,0.0010394706508923335,0.0,0.0,0.0,0.0,0.00020180199449558282,0.0,0.30002705541987523,0.0,0.0,0.0,0.4628233554136145,0.0,0.0,0.0,0.0,0.0,0.0,0.0,0.0,0.0,0.0,0.0,0.0,0.0,0.0,0.0,0.0,0.0,0.1599185616757448,0.0,0.0,0.0,0.0,0.0,0.0,0.0,0.0,0.0,0.0,0.00048356326982903797,0.0,2.8852786617947848,0.0,0.0,0.004930822318335467,0.0,-0.0029051872037760803,0.0,0.0,0.0,0.0,7.615169603606895e-6,3.8075848018034476e-6,0.001477342903099738,0.0,0.0,0.0,0.0,0.0,0.0,-7.615169603606899e-6,0.0,-0.0,0.0,0.0,0.0,0.0,0.0,0.0,0.2321626534447958,0.0,0.0,-0.0,0.0,0.0,-6.580101609955844,0.0017057979912079451,0.00022845508810820695,0.0,0.0,0.0,0.0,0.0,-0.0,0.0,0.06523620368905257,0.240882022640928,0.0,0.0,0.2321626534447958,0.0,0.0005520997962615001,0.0,0.0,0.0,0.0,0.0,0.0,-0.0,3.3867883733735593,9.392705698467227,-0.0,-0.0,0.0,0.0,0.0,0.22503485469581977,0.0,0.0,0.001477342903099738,0.0,0.0,0.0,0.0,0.0,0.0,9.690319601822397,-0.0,0.0,0.0,0.0,0.0,0.0,0.005414385588164506,0.0,0.005414385588164506,0.0,-0.0,0.0,0.00028937644493706206,-0.0,-0.0,0.0,0.0,-0.0,0.0,0.0,1.1422754405410292e-5,0.0,-7.61516960360674e-6,0.002018019944955828,-0.0,0.0,-0.0,0.0,1.1422754405410292e-5,0.0,-0.0,0.0,-0.43229871494322697,0.0,-0.0,0.0,-0.0,3.8075848018034476e-6,-0.0,-0.5026811531188948,1.1422754405410292e-5,-0.24090969799491174,0.0,0.0032631001751467254,0.00263865626764979,1.1422754405410292e-5,-0.0,0.0,0.0,0.0002436854273154568,-0.0,3.807584801803449e-6,-0.0010470858204959486,-0.0,0.0,-0.0,-3.807584801803449e-6,-0.0,0.0,-0.0,0.0,0.0,0.0,0.0,0.0,6.382117303053738,0.0,3.8075848018034484e-6,-0.0,0.0,-0.0,0.0,-0.0,0.0,0.0,0.0,0.0,0.0,7.615169603606899e-6,0.0,0.0,0.0,1.142275440541035e-5,0.0,0.0,5.046062365516494,0.0,0.0,3.807584801803448e-6,5.0460623655164945,0.0,0.0,0.0,0.0,0.0,0.0,-0.0,-0.0,0.0,0.0,0.0,0.0,0.0033202139471737776,0.0,0.23684700501138983,-3.3867883733735593,0.0,0.0,0.0581722806019531,0.0,0.0,0.56261002489331,0.0,0.0,0.0,0.0,0.0005520997962615001,0.0,0.0,0.0,0.0,0.0,0.0,0.0,0.0,0.0,0.0,0.0,0.0,0.0,0.0,-0.0,0.0,0.0,12.173687062328398,0.0038151999714082256,0.0,0.0,0.0,0.1340295741811466,0.0,0.0032631001751467254,0.0,0.0,11.08207541701116,1.1158659605047276,0.05825985505239458,0.0,3.8075848018034476e-6,3.807584801803449e-6,0.0,0.0,0.0,0.0,0.0,0.23684700501138983,0.0,0.0,0.004789941680669908,0.0,0.0,0.0,0.0,0.0,0.0,0.0,0.0,0.0,0.0,-0.0,0.0,0.22471882515727015,0.0,0.0,0.0,0.0,0.0,0.0,0.0,0.0,0.0,0.0,0.0,0.10360438245707183,0.0,0.0,0.0,0.0,0.0,0.0,3.8075848018034484e-6,0.0,1.1422754405410293e-5,0.0,0.0,0.0,0.0,0.0,0.15208914506286697,0.0,6.0921356828855175e-5,6.0921356828855175e-5,0.0,0.0,0.0,0.0,0.0,1.8684249294558823,0.0,0.0,3.807584801803449e-6,0.0007462866211534763,0.0,0.0,0.0,0.0,0.0,0.0,0.0,0.0,0.0,0.0,0.0,0.0,0.0,0.0,0.0,0.0,0.0,0.0,0.0,0.0,0.0,0.0005520997962615001,7.615169603606897e-6,3.8075848018034484e-6,1.142275440541035e-5,1.142275440541035e-5,0.0,0.0,-0.0,0.0,0.04778518926263329,1.1422754405410292e-5,3.8075848018034484e-6,0.2267482678566313,0.0,0.0,0.0,0.0,0.0017705269328386398,0.0,0.0,0.2267482678566313,-0.0,7.61516960360674e-6,0.0,0.0,0.0005520997962615002,0.0,0.0,3.8075848018034484e-6,-0.0,-0.0,0.0005520997962615001,0.0,0.0005520997962615001,0.0,0.003761893784182977,0.0004835632698290379,0.0015458794295322004,0.0,0.0,0.0,0.0021741309218297694,0.0,0.0,0.0,0.00177052693283864,0.0,0.0,0.0,0.0,0.0,0.0,0.0,3.8075848018034484e-6,0.055914948088523334,0.43229871494322697,0.0,-0.0,0.00019037924009017245,0.008225677750728064,0.0,0.05591494808852332,0.0,0.055914948088523334,0.0,0.05591494808852333,0.0,0.0010470858204959486,0.0,0.0,0.0,0.0,0.16814423942647286,0.06523620368905257,0.22503485469581977,0.0,0.0014849580727033448,0.0,0.0,7.615169603606897e-6,0.0,0.0,0.0,1.7067720064992318,0.00019037924009017245,0.0,0.055914948088523334,0.0,0.0,0.0,0.0,0.0,0.0,0.0,0.0,0.0,0.0,0.23153923179767352,0.0,0.00019037924009017245,0.0028556886013525874,0.01694375236802535,0.0,0.0,3.8075848018034116e-6,0.0,9.690319601822397,0.0,0.0,0.0,0.0,0.0,0.0,0.0,0.0,0.0,0.0,0.0,0.0,0.0,0.0,0.0,0.0,0.0,0.0,0.0,0.0,0.0,0.0,0.0,0.0,0.0,0.0,0.0,0.0,0.0,0.0,0.0,0.0,0.0,0.0,0.0,0.0,0.0,0.0,0.0,0.0,0.0,0.0,0.0,0.0,0.0,0.0,0.0,0.0,0.0,0.0,0.0,0.0,0.0,0.0,0.0,0.0,0.0,0.0,0.0,0.0,0.0,0.0,0.0,0.0,0.0,0.0,1.7489531573515964,0.02425431518748944,0.02425431518748944,7.615169603606739e-6,0.0,0.0,7.61516960360674e-6,0.0,0.0,0.01694375236802535,0.0,3.8075848018034476e-6,0.0,0.0,0.0,0.0,0.0,0.0,0.0,0.0,0.0,0.0,0.0,0.0,0.0,0.0,0.0,0.0,0.0,0.0,0.0,0.0,0.0,0.0,0.0,0.0,-5.4569682106375694e-11,0.0,0.0,0.0,0.0,-5.002220859751105e-11,0.0,0.0,0.0,0.0,0.0,3.8075848018034476e-6,0.00028937644493706217,0.0,0.0,0.0,0.0,0.0,0.0,0.0,0.0,0.0,0.0,0.0,7.615169603606739e-6,0.0,0.0,0.0,0.0,0.0,0.0012679257390005485,0.0,0.0,0.0,0.13402957418114664,0.0,0.02425431518748944,0.0,6.446072035774697,12.197941377515887,0.0,0.0,0.0,12.173687062328398,0.0,0.0,0.0,0.13954798298609639,0.0,0.0,0.0,-0.0,-0.0,0.0,0.13954798298609639,0.0,0.5026811531188948,0.0,0.0,9.690319601822397,0.0,0.0,0.0,0.0,0.0,0.0,0.0,0.0,0.001477342903099738,0.0,0.0,0.0,0.0,0.0,0.0,1.142275440541035e-5,0.0,0.0,-0.0,0.0,0.0,0.30002705541987523,0.0,0.0,0.7647636117694927,0.0,0.0,-0.0,-0.0,0.0,0.2401024900169294,3.0460678414427588e-5,0.0,0.0,0.0029051872037760803,0.0,0.0,0.0,0.0008757445044147933,0.0,0.0,0.0,0.0,0.0012679257390005485,3.8075848018034484e-6,0.0032631001751467254,0.0040350176295381734,0.0,6.382117303053738,0.0,0.0004835632698290379,0.0032631001751467254,0.0005520997962615001,0.0,0.0005520997962615001,0.0,0.0032935608535611532,0.0,0.0,0.0,0.0,0.0032631001751467254,0.0032631001751467254,0.05825985505239458,0.0,-0.0,0.0,0.0005520997962615001,0.2401024900169294,0.24090969799491174,1.1422754405410347e-5,0.0,0.0,0.004310185995642674,0.0,0.0026386562676497904,0.3010741412403712,0.0,0.0,0.0,0.0,-0.0,0.0,3.807584801803449e-6,3.8075848018034484e-6,0.0010470858204959486,5.587630389742534,0.0029051872037760803,0.0007462866211534763,0.0,0.012252807892203498,0.0,1.1422754405410347e-5,0.0,0.0,0.0,0.0,0.0,0.0,0.0,0.0,0.0,0.0,0.0,0.003761893784182977,0.0,0.0,0.0,0.0,0.00028937644493706217,3.807584801803449e-6,0.0,0.0,0.0,0.0,0.09290199955836308,0.0,0.0,0.0,0.0,0.0,0.0,0.0,0.0,0.032669077599473594,4.594993338816402e-6,4.594993338816402e-6,0.0,0.0,-5.002220859751105e-11,0.0,-5.4569682106375694e-11,3.8075848018034484e-6,0.0,0.0,0.0,0.0,0.005694877668564837,0.0,0.00568726249896123,0.0,0.0,0.0,0.0,0.0,0.0,0.0,-0.0,0.0,0.0,0.0,0.0,0.0,0.0,0.0,0.0,0.0,0.0,0.0,0.0,-0.0,0.0,0.0,0.0,0.0,0.0,0.0,0.0010470858204959486,0.0,0.0,0.0,0.0,0.0,0.005414385588164506,0.0,0.0,0.0,0.0,0.0,0.0,0.0,0.0,0.0,0.0,0.005414385588164506,0.0,0.0,0.0010470858204959486,0.0,0.00263865626764979,0.0,0.0,0.0,0.0003807584801803449,0.0,0.0,0.0,0.0010470858204959486,0.0,0.0,0.0,