{"objective_value":0.0006346923064090681,"time_limit":1800,"thermo_feasible":true,"dual_bound":0.0006346923064090681,"solution":[6.346923064090681e-6,-9.825283434904346,0.004842702297901146,-0.0,0.008219265367997433,6.346923064090681e-6,0.0,-0.0,0.0,0.0,-0.0,0.0,0.0,0.0,0.0,0.0,0.0,0.0,0.0,0.0,1.9040769192272045e-5,0.0,0.0,0.0,0.0,0.0,0.0,0.004398417683414779,0.0,0.003573317685083053,0.0,0.0,-0.0,0.0,0.0,0.0,0.004398417683414779,0.0,0.0,0.0,3.1023415894694235,0.0,-0.0,6.34692306409068e-6,0.002475299994995366,-0.0,-0.0,0.0,0.37511414291198303,0.0,0.0,0.07965388445433803,0.0,0.0,0.10874325520252429,0.0,0.0,0.0,0.0,0.0,0.0,0.0,0.0,0.0,0.0,0.0,0.0,0.0,0.001745403842624937,-0.0,0.0,6.346923064090681e-6,0.001745403842624937,0.0,0.005439313065927944,0.002475299994995366,0.0,0.0,0.0034082976854189883,0.0,0.0,0.0,0.0,0.0,0.0,0.0,0.0,0.0,0.0,1.904076919220961e-5,1.904076919220961e-5,0.0,0.0,0.0,0.0,0.1844923596269924,0.0,0.00048236615287089175,0.0,0.002475299994995366,0.0,0.0,0.0,0.006359616910221093,0.0012439969205617735,0.005439313065927944,0.005439313065927944,0.0,0.3859563915273655,0.3859563915273655,0.0,0.0,0.001745403842624937,-0.0,0.0,0.0,0.0,0.17269977657390742,0.0,0.0,0.003109992301404404,0.0,0.0,0.004506315375504383,0.0,0.0,0.0,0.0017327099964967424,0.0,0.0,0.0,0.0,0.0003363869223968061,0.0,0.0,0.0,0.0,0.0,0.7714875392094146,0.0,0.0,0.0,0.0,0.0,0.0,0.0,0.0,0.0,0.0,-0.0,0.0,0.0,0.0,0.0,0.0,-0.0,0.2665707686918085,0.0,0.0,0.0,0.0,0.0,0.0,0.0,0.0,0.0,0.0,0.0008060592291395165,0.0,9.825283434904346,0.0,0.008219265367997433,0.0,0.0,-0.004842702297901146,0.0,0.0,0.0,0.0,1.2693846128181362e-5,6.346923064090681e-6,0.0024626061488671846,0.0,0.0,0.0,0.0,0.0,0.0,-1.2693846128181362e-5,0.0,0.0,0.0,0.0,0.0,0.0,0.0,0.0,0.38699558288796077,0.0,0.0,-0.0,0.0,0.0,-3.72796298811361,0.0028434215327126254,0.00038081538384544084,0.0,0.0,0.0,0.0,0.0,-0.0,0.0,0.10874325520252429,0.401530036704733,0.0,0.38699558288796077,0.0,0.0,0.0009203038442931488,0.0,-0.0,0.0,0.0,0.0,0.0,-0.0,10.661257870398765,-0.49609730202313074,-0.0,-0.0,-0.0,0.0,0.0,0.37511414291198303,0.0,0.0024626061488671846,-0.0,0.0,0.0,0.0,0.0,0.0,0.0,0.0,-0.0,0.0,0.0,0.0,0.0,0.0,0.009025324597136949,0.0,0.009025324597136949,0.0,-0.0,0.0,0.00048236615287082935,-0.0,-0.0,0.0,0.0,-0.0,0.0,0.0,1.904076919220961e-5,-5.551115123125783e-17,-1.2693846128235321e-5,0.0033638692239680605,-0.0,0.0,-0.0,0.0,1.904076919220961e-5,0.0,-0.0,0.0,-5.736372534469524,0.0,0.0,0.0,-0.0,6.346923064090681e-6,-0.0,-0.8379271298443186,1.904076919220961e-5,-0.40157616918809286,0.0,0.005439313065927944,0.004398417683414779,1.904076919220961e-5,-0.0,0.0,0.0,0.00040620307610174145,-0.0,6.346923064090681e-6,-0.001745403842624937,-0.0,0.0,-0.0,-6.346923064090681e-6,-0.0,0.0,-0.0,0.0,0.0,0.0,0.0,0.0,3.397939829283423,0.0,6.34692306409068e-6,-0.0,0.0,-0.0,0.0,-0.0,0.0,0.0,0.0,0.0,1.2693846128181362e-5,-0.0,0.0,0.0,0.0,1.904076919227204e-5,0.0,5.067516151238876,0.0,0.0,0.0,6.346923064090681e-6,5.067516151238876,0.0,-0.0,0.0,0.0,0.0,0.0,0.0,0.0,0.0,0.0,-0.0,3.3383101491755247,0.0,0.0,0.39480400227871243,-10.661257870398765,0.0,0.0,0.09696829057317742,0.0,0.0,0.9378235099038809,0.0,0.0,0.0,0.0,0.0009203038442931488,0.0,0.0,0.0,0.0,0.0,0.0,0.0,0.0,0.0,0.0,0.0,0.0,0.0,0.0,-0.0,0.0,0.0,4.139564325457,0.006359616910221093,0.0,0.0,0.0,0.22341600776367554,0.0,0.005439313065927944,0.0,0.0,0.0,5.851916558418967,0.09711426980365151,1.671922333043707,6.346923064090681e-6,6.346923064090681e-6,0.0,0.0,0.0,0.0,1.671922333043707,0.39480400227871243,1.671922333043707,0.0,1.6799067622583355,0.0,0.0,0.0,0.0,0.0,0.0,0.0,0.0,0.0,0.0,0.0,0.0,2.0465096813413703,0.0,0.0,0.0,0.0,0.0,0.0,0.0,0.0,0.0,0.0,0.0,0.17269977657390742,0.0,0.0,0.0,0.0,0.0,0.0,6.346923064090681e-6,0.0,1.904076919220961e-5,0.0,0.0,0.0,0.0,0.0,1.9254421238938362,-0.0,0.00010155076902545089,0.00010155076902545089,0.0,0.0,0.0,0.0,0.0,3.114506936961372,0.0,0.0,6.346923064090681e-6,0.0012439969205617735,0.0,0.0,0.0,0.0,0.0,0.0,0.0,0.0,0.0,0.0,0.0,0.0,0.0,0.0,0.0,0.0,0.0,0.0,0.0,0.0,0.0,0.0009203038442931488,1.2693846128181362e-5,6.346923064090681e-6,1.9040769192272045e-5,1.9040769192272045e-5,0.0,0.0,-0.0,0.0,0.07965388445433803,1.904076919220961e-5,6.346923064090681e-6,0.3779702582908238,0.0,0.0,0.0,0.0,0.0029513192248021044,0.0,0.0,0.3779702582908238,-0.0,1.2693846128235321e-5,0.0,0.0009203038442931488,0.0,0.0,0.0,6.346923064090681e-6,0.0,0.0,0.0009203038442931488,0.0,0.0009203038442931488,0.0,3.350115426074738,0.0008060592291395165,0.002576850764020816,0.0,0.0,0.0,0.0036240930695957793,0.0,0.0,0.0,0.0029513192248021044,0.0,0.0,0.0,0.0,0.0,0.0,-0.0,6.346923064090681e-6,0.09320550746036972,5.736372534469524,0.0,-0.0,0.00031734615320453405,0.013711511772277663,0.0,-0.0,0.09320550746036972,0.09320550746036972,0.0,0.09320550746036972,0.0,0.001745403842624937,0.0,0.0,0.0,0.0,0.2802822804640862,0.10874325520252429,0.37511414291198303,0.0,0.002475299994995366,0.0,0.0,1.2693846128181362e-5,0.0,0.0,0.0,6.689009623426534,0.00031734615320453405,0.0,0.09320550746036972,0.0,0.0,0.0,0.0,0.0,0.0,0.0,0.0,0.0,0.0,0.0,0.3859563915273655,0.00031734615320453405,0.00476019229806801,0.02824380763520353,0.0,0.0,6.346923064137383e-6,0.0,0.0,0.0,0.0,0.0,0.0,0.0,0.0,0.0,0.0,0.0,0.0,0.0,0.0,0.0,0.0,0.0,0.0,0.0,0.0,0.0,0.0,0.0,0.0,0.0,0.0,0.0,0.0,0.0,0.0,0.0,0.0,0.0,0.0,0.0,0.0,0.0,0.0,0.0,0.0,0.0,0.0,0.0,0.0,0.0,0.0,0.0,0.0,0.0,0.0,0.0,0.0,0.0,0.0,0.0,0.0,0.0,0.0,0.0,0.0,0.0,0.0,0.0,0.0,0.0,0.0,0.0,0.0,0.0,1.712352232961967,1.712352232961967,1.2693846128235321e-5,0.0,0.0,1.2693846128235321e-5,0.0,0.0,0.02824380763520353,0.0,6.346923064090681e-6,0.0,0.0,0.0,0.0,0.0,2.9153575587210487,0.0,0.0,0.0,0.0,0.0,0.0,0.0,0.0,0.0,0.0,0.0,0.0,0.0,0.0,0.0,0.0,0.0,0.0,0.00038081538384544084,0.0,0.00046332538367861975,0.0,0.0,0.0003363869223968061,0.0,0.0,0.0,0.0,0.0,6.346923064090681e-6,0.0009647323057417835,0.0,0.0,0.0,0.0,0.0,0.0,0.0,0.0,0.0,0.0,0.0,1.2693846128235321e-5,0.0,0.0,0.0,0.0,0.0,0.0021135253803421968,0.0,0.0,0.0,0.22341600776367554,0.0,1.712352232961967,0.0,3.504546980349934,5.851916558418967,0.0,0.0,0.0,4.139564325457,0.0,0.0,0.0,0.23261473029892346,0.0,0.0,0.0,0.0,0.0,0.0,0.2326147302989234,0.0,0.8379271298443186,0.0,0.0,0.0,0.0,0.0,0.0,0.0,0.0,0.0,0.0,0.0024626061488671846,0.0,0.0,0.0,0.0,0.0,-0.0,-0.0,1.904076919227204e-5,0.0,0.0,-0.0,0.0,0.0,0.0,0.0,0.0,1.2747965071764273,0.0,0.0,-0.0,-0.0,0.0,0.40023062149850563,5.0775384512725446e-5,0.0,0.0,0.004842702297901146,0.0,0.0,0.0,0.0014597923047408566,0.0,0.0,0.0,0.0,0.0021135253803421968,6.34692306409068e-6,0.005439313065927944,0.006726034426020518,0.0,3.397939829283423,0.0,0.0008060592291395165,0.005439313065927944,0.0009203038442931488,0.0,0.0009203038442931488,3.338354577636973,0.0,0.0,0.0,0.0,0.0,0.005439313065927944,0.005439313065927944,0.09711426980365151,0.0,-0.0,0.0,0.0009203038442931488,0.40023062149850563,0.40157616918809286,1.904076919227204e-5,0.0,0.0,0.007184716908552935,0.0,0.004398417683414779,0.0017454038426249372,0.0,0.0,0.0,0.0,0.0,0.0,6.346923064090681e-6,6.346923064090681e-6,0.001745403842624937,0.401674749671153,0.004842702297901146,0.0012439969205617735,0.0,0.020424398420243812,0.0,0.0,1.9040769192272045e-5,0.0,0.0,0.0,0.0,0.0,0.0,0.0,0.0,0.0,0.0,3.350115426074738,0.0,0.0,0.0004823661528708918,0.0,0.0,6.346923064090681e-6,0.0,0.0,0.0,0.0,10.686513627451728,0.0,0.0,0.0,0.0,0.0,0.0,0.0,0.0,0.05445659988989805,7.659466753744634e-6,7.659466753744634e-6,0.0,0.0,0.0003363869223968061,0.00046332538367861975,0.00038081538384544084,6.346923064090681e-6,0.0,0.0,0.0,0.0,0.009492881262859769,0.0,0.009480187416731586,0.0,0.0,0.0,0.0,0.0,0.0,0.0,-0.0,0.0,0.0,0.0,0.0,0.0,0.0,0.0,0.0,0.0,0.0,0.0,0.0,-0.0,0.0,0.0,0.0,0.0,0.0,0.0,0.001745403842624937,0.0,0.0,0.0,0.0,0.0,0.009025324597136949,-0.0,0.0,0.0,0.0,0.0,0.0,0.0,0.0,0.0,0.0,0.00902532459713695,1.627384597642706e-18,0.0,0.001745403842624937,0.0,0.004398417683414779,0.0,0.0,0.0,0.0006346923064090681,0.0,0.0,15.36399136364469,15.365736767487315,0.0,0.0,0.0,6.346923064090682e-6,6.346923064090682e-6,0.0,