{"objective_value":0.00019083128898631966,"time_limit":1800,"thermo_feasible":true,"dual_bound":0.00019083128898631966,"solution":[1.9083128898631974e-6,-1.4460648278430779,0.0014560427349655804,-0.0,0.002471265192372839,1.908312889863197e-6,0.0,-0.0,0.0,0.0,-0.0,0.0,0.0,0.0,0.0,0.0,0.0,0.0,0.0,0.0,5.724938669589592e-6,0.0,0.0,0.0,0.0,0.0,0.0,0.001322460832675195,0.0,0.0010743801569929794,0.0,0.0,-0.0,0.0,0.0,0.0,0.001322460832675195,0.0,0.9327729963261131,0.0,0.0,0.0,-0.0,1.9083128898631974e-6,0.0007442420270466467,-0.0,-0.0,0.0,0.11278459607284994,0.0,0.0,0.0,0.02394932676778311,0.032695552394944774,0.0,0.0,0.0,0.0,0.0,0.0,0.0,0.0,0.0,0.0,0.0,0.0,0.0,0.0,0.0005247860447123789,-0.0,0.0,1.9083128898631974e-6,0.0005247860447123788,0.0,0.0016354241466123914,0.0007442420270466467,0.0,0.0,0.001024764021856168,0.0,0.0,0.0,0.0,0.0,0.0,0.0,0.0,0.0,0.0,5.7249386695896235e-6,5.7249386695896235e-6,0.0,0.0,0.0,0.0,0.05547083905202843,0.0,0.0001450317796296029,0.0,0.0007442420270466467,0.0,0.0,0.0,0.001912129515642555,0.0003740293264131864,0.0016354241466123912,0.0016354241466123914,0.0,0.11604450683257915,0.11604450683257915,0.0,-0.0,0.0,0.0005247860447123789,0.0,-0.0,-0.0,0.05192519373317759,0.0,0.0,0.0009350733160329614,0.0,0.0,0.0,0.0013549021518028698,0.0,0.0,0.000520969418932619,0.0,0.0,0.0,0.0,0.00010114058316274941,0.0,0.15036972950135036,0.0,0.0,0.0,0.23196115670154113,0.0,0.0,0.0,0.0,0.0,0.0,0.0,0.0,0.0,0.0,0.0,0.0,0.0,0.0,0.0,0.0,0.0,0.08014914137425423,0.0,0.0,0.0,0.0,0.0,0.0,0.0,0.0,0.0,0.0,0.000242355737012626,0.0,1.4460648278430779,0.0,0.0,0.002471265192372839,0.0,-0.0014560427349655804,0.0,0.0,0.0,0.0,3.816625779726395e-6,1.9083128898631974e-6,0.0007404254012669203,0.0,0.0,0.0,0.0,0.0,0.0,-3.816625779726395e-6,0.0,-0.0,0.0,0.0,0.0,0.0,0.0,0.0,0.11635695783318808,0.0,0.0,-0.0,0.0,0.0,-3.2978629164131106,0.0008549241746587119,0.0001144987733917918,0.0,0.0,0.0,0.0,0.0,-0.0,0.0,0.032695552394944774,0.12072699435097407,0.0,0.0,0.11635695783318808,0.0,0.0002767053690301635,0.0,0.0,0.0,0.0,0.0,0.0,-0.0,1.697415092332008,4.707504176090612,-0.0,-0.0,0.0,0.0,0.0,0.11278459607284994,0.0,0.0,0.0007404254012669203,0.0,0.0,0.0,0.0,0.0,0.0,4.856664464708778,-0.0,0.0,0.0,0.0,0.0,0.0,0.002713620929385465,0.0,0.002713620929385465,0.0,-0.0,0.0,0.000145031779629603,-0.0,-0.0,0.0,0.0,-0.0,0.0,0.0,5.7249386695896235e-6,0.0,-3.816625779726544e-6,0.0010114058316274945,-0.0,0.0,-0.0,0.0,5.7249386695896235e-6,0.0,-0.0,0.0,-0.2166625965557737,0.0,-0.0,0.0,-0.0,1.9083128898631974e-6,-0.0,-0.25193737603262684,5.7249386695896235e-6,-0.1207408648545325,0.0,0.0016354241466123914,0.001322460832675195,5.7249386695896235e-6,-0.0,0.0,0.0,0.00012213202495124452,-0.0,1.908312889863197e-6,-0.0005247860447123789,-0.0,0.0,-0.0,-1.908312889863197e-6,-0.0,0.0,-0.0,0.0,0.0,0.0,0.0,0.0,3.1986357095507683,0.0,1.9083128898631974e-6,-0.0,0.0,-0.0,0.0,-0.0,0.0,0.0,0.0,0.0,0.0,3.816625779726395e-6,0.0,0.0,0.0,5.724938669589594e-6,0.0,0.0,2.529022032769989,0.0,0.0,1.9083128898631974e-6,2.529022032769989,0.0,0.0,0.0,0.0,0.0,0.0,-0.0,-0.0,0.0,-3.05142577872175e-11,0.0,0.0,0.001664048870474597,0.0,0.11870469500104772,-1.697415092332008,0.0,0.0,0.029155204331329922,0.0,0.0,0.2819729614325685,0.0,3.05142577872175e-11,0.0,0.0,0.0002767053690301636,0.0,0.0,0.0,0.0,0.0,0.0,0.0,0.0,0.0,0.0,-3.05142577872175e-11,0.0,0.0,0.0,-0.0,0.0,0.0,6.101296529901917,0.001912129515642555,0.0,0.0,0.0,0.06717391137594966,0.0,0.0016354241466123914,0.0,0.0,5.554194567546853,0.559257915432978,0.02919909552779678,0.0,1.9083128898631974e-6,1.908312889863197e-6,0.0,0.0,0.0,0.0,0.0,0.11870469500104772,0.0,0.0,0.0024006575849332755,0.0,0.0,0.0,0.0,0.0,0.0,0.0,0.0,0.0,0.0,-0.0,0.0,0.11262620610299129,0.0,0.0,0.0,0.0,0.0,0.0,0.0,0.0,0.0,0.0,0.0,0.05192519373317759,0.0,0.0,0.0,0.0,0.0,0.0,1.9083128898631974e-6,0.0,5.724938669589623e-6,0.0,0.0,0.0,0.0,0.0,0.07622513772885155,0.0,3.053300623781116e-5,3.053300623781116e-5,0.0,0.0,0.0,0.0,0.0,0.9364307198226518,0.0,0.0,1.908312889863197e-6,0.0003740293264131864,0.0,0.0,0.0,0.0,0.0,0.0,0.0,0.0,0.0,0.0,0.0,0.0,0.0,0.0,0.0,0.0,0.0,0.0,0.0,0.0,0.0,0.0002767053690301636,3.816625779726395e-6,1.9083128898631974e-6,5.724938669589592e-6,5.724938669589592e-6,0.0,0.0,-0.0,0.0,0.02394932676778311,5.7249386695896235e-6,1.9083128898631974e-6,0.11364333690380263,0.0,0.0,0.0,0.0,0.0008873654937863871,0.0,0.0,0.11364333690380263,-0.0,3.816625779726544e-6,0.0,0.0,0.0002767053690301635,0.0,0.0,1.9083128898631974e-6,-0.0,-0.0,0.0002767053690301635,0.0,0.0002767053690301635,0.0,0.0018854131046702124,0.000242355737012626,0.0007747750332844582,0.0,0.0,0.0,0.0010896466601118856,0.0,0.0,0.0,0.0008873654937863871,0.0,0.0,0.0,0.0,0.0,0.0,0.0,1.908312889863197e-6,0.028023858095772684,0.2166625965557737,0.0,-0.0,9.541564449315986e-5,0.004122604668487058,0.0,0.028023858095772684,0.0,0.028023858095772684,0.0,0.028023858095772687,0.0,0.0005247860447123788,0.0,0.0,0.0,0.0,0.08427174604274129,0.032695552394944774,0.11278459607284994,0.0,0.0007442420270466467,0.0,0.0,3.816625779726394e-6,0.0,0.0,0.0,0.8554123387786636,9.541564449315986e-5,0.0,0.028023858095772684,0.0,0.0,0.0,0.0,0.0,0.0,0.0,0.0,0.0,0.0,0.11604450683257915,0.0,9.541564449315986e-5,0.0014312346673973975,0.008491992359891226,0.0,0.0,1.9083128898631914e-6,0.0,4.856664464708778,0.0,0.0,0.0,0.0,0.0,0.0,0.0,0.0,0.0,0.0,0.0,0.0,0.0,0.0,0.0,0.0,0.0,0.0,0.0,0.0,0.0,0.0,0.0,0.0,0.0,0.0,0.0,0.0,0.0,0.0,0.0,0.0,0.0,0.0,0.0,0.0,0.0,0.0,0.0,0.0,0.0,0.0,0.0,0.0,0.0,0.0,0.0,0.0,0.0,0.0,0.0,0.0,0.0,0.0,0.0,0.0,0.0,0.0,0.0,0.0,0.0,0.0,0.0,0.0,0.0,0.0,0.876552992952413,0.012155953077914285,0.012155953077914285,3.816625779726545e-6,0.0,0.0,3.816625779726544e-6,0.0,0.0,0.008491992359891226,0.0,1.9083128898631974e-6,0.0,0.0,0.0,0.0,0.0,0.0,0.0,0.0,0.0,0.0,0.0,0.0,0.0,0.0,0.0,0.0,0.0,0.0,0.0,0.0,0.0,0.0,0.0,0.0,0.0,0.0,0.0,0.0,0.0,-8.640199666842818e-12,0.0,0.0,0.0,0.0,0.0,1.9083128898631974e-6,0.0001450317796296029,0.0,0.0,0.0,0.0,0.0,0.0,0.0,0.0,0.0,0.0,0.0,3.816625779726545e-6,0.0,0.0,0.0,0.0,0.0,0.0006354681923244443,0.0,0.0,0.0,0.06717391137594965,0.0,0.012155953077914285,0.0,3.230689005037161,6.113452482979831,0.0,0.0,0.0,6.101296529901917,0.0,0.0,0.0,0.06993966741348615,0.0,0.0,0.0,-0.0,-0.0,0.0,0.06993966741348615,0.0,0.25193737603262684,0.0,0.0,4.856664464708778,0.0,0.0,0.0,0.0,0.0,0.0,0.0,0.0,0.0007404254012669203,0.0,0.0,0.0,0.0,0.0,0.0,5.724938669589594e-6,0.0,0.0,-0.0,0.0,0.0,0.15036972950135036,0.0,0.0,0.3832897581770534,0.0,0.0,-0.0,-0.0,0.0,0.1203363025218815,1.526650311890558e-5,0.0,0.0,0.0014560427349655804,0.0,0.0,-3.05142577872175e-11,0.0004389119646685351,0.0,0.0,0.0,0.0,0.0006354681923244443,1.9083128898631974e-6,0.0016354241466123914,0.002022299349926357,0.0,3.1986357095507683,0.0,0.000242355737012626,0.0016354241466123912,0.0002767053690301635,0.0,0.0002767053690301635,0.0,0.0016506906802455546,0.0,0.0,0.0,0.0,0.0016354241466123914,0.0016354241466123912,0.029199095527796776,0.0,-0.0,0.0,0.0002767053690301635,0.12033630252188149,0.1207408648545325,5.724938669589592e-6,0.0,0.0,0.002160210160810513,0.0,0.001322460832675195,0.15089451554606273,0.0,0.0,0.0,0.0,-0.0,0.0,1.908312889863197e-6,1.9083128898631974e-6,0.0005247860447123789,2.80044901212906,0.0014560427349655804,0.0003740293264131864,0.0,0.0061409508795797684,0.0,5.724938669589592e-6,0.0,0.0,0.0,0.0,0.0,0.0,0.0,0.0,0.0,0.0,0.0,0.0018854131046702124,0.0,0.0,0.0,0.0,0.0001450317796296029,1.908312889863197e-6,0.0,0.0,0.0,0.0,0.046561296065507296,0.0,0.0,0.0,0.0,0.0,0.0,0.0,0.0,0.016373324595026228,2.302951995486906e-6,2.302951995486906e-6,0.0,0.0,-8.640199666842818e-12,0.0,0.0,1.908312889863197e-6,0.0,0.0,0.0,0.0,0.0028541999585956117,0.0,0.0028503833328158853,0.0,0.0,0.0,0.0,0.0,0.0,0.0,-0.0,0.0,0.0,0.0,0.0,0.0,0.0,0.0,0.0,0.0,0.0,0.0,0.0,-0.0,0.0,0.0,0.0,0.0,0.0,0.0,0.0005247860447123788,0.0,0.0,0.0,0.0,0.0,0.002713620929385465,0.0,0.0,0.0,0.0,0.0,0.0,0.0,0.0,0.0,0.0,0.0027136209293854648,0.0,0.0,0.0005247860447123789,0.0,0.001322460832675195,0.0,0.0,0.0,0.00019083128898631969,0.0,0.0,0.0,