{"objective_value":0.000370690228316314,"time_limit":1800,"thermo_feasible":true,"dual_bound":0.000370690228316314,"solution":[3.70690228316314e-6,-5.023912784309459,0.0028283664420534946,-0.0,0.004800438456696269,3.70690228316314e-6,0.0,-0.0,0.0,0.0,-0.0,0.0,0.0,0.0,0.0,0.0,0.0,0.0,0.0,0.0,1.1120706849489422e-5,0.0,0.0,0.0,0.0,0.0,0.0,0.0025688832822320547,0.0,0.002086985985420848,0.0,0.0,-0.0,0.0,0.0,0.0,0.0025688832822320547,1.8119137423014888,0.0,0.0,0.0,0.0,-0.0,3.70690228316314e-6,0.001445691890433625,-0.0,-0.0,-0.0,0.2190843435103829,0.0,0.0,0.0,0.046521623653697414,0.06351118753423574,-0.0,0.0,0.0,0.0,0.0,0.0,0.0,0.0,0.0,0.0,0.0,0.0,0.7363453228123832,0.0,0.0010193981278696289,-0.0,0.0,3.7069022831631398e-6,0.0010193981278698607,0.0,0.0031768152566712944,0.001445691890433625,0.0,-2.317887767249529e-16,0.0019906065260590915,0.0,0.0,0.0,0.0,0.0,0.0,-2.317887767249529e-16,0.0,0.0,0.7363453228123832,1.1120706849487672e-5,1.1120706849487672e-5,0.001964160595512967,0.0,0.0,0.0,0.10775223556698693,0.0,0.00028172457352039867,0.0,0.001445691890433625,0.0,0.0,0.0,0.00371431608772995,0.0007265528474999783,0.0031768152566712944,0.0031768152566712944,0.0,0.9656903718425617,0.9656903718425617,0.0,0.0,0.0010193981278698607,0.0,0.0,0.0,0.0,0.10086481112486906,0.0,0.0,0.001816382118749965,-0.0,0.0,0.0,0.0026319006210458297,0.0,0.0,0.0010119843233035296,0.0,0.0,0.0,0.0,0.0001964658210076465,0.0,0.0,0.0,0.0,0.0,0.45058509322532925,0.0,0.0,0.0,0.0,0.0,0.0,0.0,0.0,0.0,0.0,-0.0,0.0,0.0,0.0,0.0,0.0,0.0,0.1556898958928519,0.0,0.0,0.0,0.0,0.0,0.0,0.0,0.0,0.0,0.0,0.0004707765899617188,0.0,5.023912784309459,0.0,0.0,0.004800438456696269,0.0,-0.0028283664420534946,0.0,0.0,0.0,0.0,7.41380456632628e-6,3.70690228316314e-6,0.003402438681380266,0.0,0.0,0.0,0.0,0.0,0.0,-7.4138045663262795e-6,0.0,-0.0,0.0,0.0,0.0,0.0,0.0,0.0,0.2260236645844643,0.0,0.0,-0.0,0.0,0.0,-3.162604868546343,0.0016606922228570872,0.00022241413698978845,0.0,0.0,0.0,0.0,0.0,-0.0,0.0,0.06351118753423574,0.23451247081290885,0.0,-0.0,0.2260236645844643,0.0,0.0005375008310586557,0.0,-0.0,0.0,0.0,0.0,0.046521623653697414,-0.0,5.461711320233786,1.8783960962856803,-0.0,-0.0,-0.0,0.0,0.0,0.2190843435103829,0.0,-0.0,0.003402438681380266,0.0,0.0,0.0,0.0,0.0,0.0,2.1681403082401802,-0.0,0.0,0.0,0.0,0.0,0.0,0.0052712150466579875,0.0,0.0052712150466579875,0.0,-0.0,0.0,0.00028172457352039693,-0.0,-0.0,0.0,0.0,-0.0,0.0,0.0,1.1120706849487672e-5,-2.7755575615628914e-17,-7.413804566333995e-6,0.0019646582100764647,-0.0,0.0,-0.0,0.0,1.1120706849487672e-5,0.0,-0.0,0.0,-2.61646356381627,0.0,0.0,-8.470329472543003e-22,-0.0,3.70690228316314e-6,-0.0,-0.48938894632548413,1.1120706849487672e-5,-0.23846773554904324,8.470329472543003e-22,0.0031768152566712944,0.0025688832822320547,1.1120706849487672e-5,-0.0,0.0,0.0,0.00023724174612243924,-0.0,3.7069022831631406e-6,-0.0010193981278698607,-0.0,0.0,-0.0,-3.7069022831631406e-6,-0.0,0.0,-0.0,0.0,0.0,0.0,0.0,0.0,0.0,2.9698557854692504,3.70690228316314e-6,-0.0,0.0,-0.0,0.0,-0.0,2.6900793594001247,0.001964160595512967,0.0,0.0,7.4138045663262795e-6,-0.0,0.0,0.0,0.0,1.1120706849489419e-5,0.0,4.222807555923806,0.0,0.0,0.0,3.70690228316314e-6,4.222807555923806,0.0,0.0,0.0,0.0,0.0,0.0,0.0,0.0,0.0,0.0,0.0,0.0,0.0032324187909187393,0.0,0.970857793625292,-5.461711320233786,0.0,0.0,0.056634053082166465,0.0,0.0,0.5942547653606594,0.0,0.0,0.0,0.0,0.0005375008310586555,0.0,0.0,0.0,0.0,0.0,0.0,0.0,0.0,0.0,0.0,0.0,0.0,0.0,0.0,-0.0,0.0,0.0,5.3182580278921785,0.00371431608772995,0.0,0.0,0.0,0.1304854810608951,0.0,0.0031768152566712944,0.0,0.0,5.3418709954359285,0.0,0.056719311834679216,0.0,3.70690228316314e-6,3.7069022831631406e-6,0.0,0.0,0.0,0.0,0.0,0.970857793625292,0.0,0.0,0.004663283072219717,0.0,0.0,0.0,0.0,0.0,0.0,0.0,0.0,0.0,0.0,0.0,0.0,0.21484834942985445,0.0,0.0,0.0,0.0,0.0,0.0,0.0,0.0,0.0,0.0,0.0,0.10086481112486906,0.0,0.0,0.0,0.0,0.0,0.0,3.70690228316314e-6,0.0,1.1120706849487672e-5,0.0,0.0,0.0,0.0,0.0,0.0,0.1441391883785166,5.9310436530610236e-5,5.9310436530610236e-5,0.0,0.0,0.0,0.0,0.0,1.8150905575581602,0.0,0.0,3.7069022831631406e-6,0.0007265528474999755,0.0,0.0,0.0,0.0,0.046521623653697414,0.0,0.0,0.0,0.0,0.0,0.0,0.0,0.0,0.0,0.0,0.0,0.0,0.0,0.0,0.0,0.0,0.0005375008310586555,7.41380456632628e-6,3.70690228316314e-6,1.1120706849489422e-5,1.1120706849489422e-5,0.0,0.0,-0.0,0.0,0.0,1.1120706849487672e-5,3.70690228316314e-6,0.22075244953780632,0.0,0.0,0.0,0.0,0.0017237095616708586,0.0,0.0,0.22075244953780632,-0.0,7.413804566333995e-6,0.0,0.0005375008310586557,0.0,0.0,0.7363453228123832,3.70690228316314e-6,0.0,0.0,0.0005375008310586557,0.0,0.0005375008310586557,0.0,0.0036624194557656684,0.00047077658996171875,0.0015050023269642353,0.0,0.0,0.0,0.0021166412036861537,0.0,0.0,0.0,0.0017237095616708586,0.0,0.0,0.0,0.0,0.0,0.0,0.0,3.7069022831631398e-6,0.054436410354963674,2.61646356381627,0.0,0.0,0.00018534511415815703,0.008008169278408658,0.0,-0.0,0.054436410354963674,0.054436410354963674,0.0,0.054436410354963674,0.0,0.0010193981278698607,0.0,0.0,0.0,0.0,0.16369806517126056,0.06351118753423574,0.2190843435103829,0.0,0.001445691890433625,0.0,0.0,7.41380456632628e-6,0.0,0.0,0.0,0.0,0.00018534511415815703,0.0,0.054436410354963674,-0.0,-0.0,-0.0,-0.0,0.0,-0.0,-0.0,-0.0,0.0,0.0,0.9656903718425617,0.0,0.000185345114158157,0.0027801767123723556,0.016495715160075974,0.0,0.0,3.7069022831669967e-6,0.0,2.1681403082401802,0.0,0.0,0.0,0.0,0.0,0.0,0.0,0.0,0.0,0.0,0.0,0.0,0.0,0.0,0.0,0.0,0.0,0.0,0.0,0.0,0.0,0.0,0.0,0.0,0.0,0.0,0.0,0.0,0.0,0.0,0.0,0.0,0.0,0.0,0.0,0.0,0.0,0.0,0.0,0.0,0.0,0.0,0.0,0.0,0.0,0.0,0.0,0.0,0.0,0.0,0.0,0.0,0.0,0.0,0.0,0.0,0.0,0.0,0.0,0.0,0.0,0.0,0.0,0.0,0.0,0.0,0.0,0.023612967543749693,0.023612967543749693,7.413804566333995e-6,0.0,-0.0,7.413804566333995e-6,0.0,0.0,0.016495715160075974,0.0,3.70690228316314e-6,0.0,0.0,0.0,0.0,0.0,0.0,1.7066345745254956,0.0,0.0,0.0,0.0,0.0,0.0,0.0,0.0,0.0,0.0,0.0,0.0,0.0,0.0,0.0,0.0,0.0,0.00022241413698978845,0.0,0.00027060386667090926,0.0,0.0,0.0001964658210076465,0.0,0.0,0.0,0.0,0.0,3.70690228316314e-6,0.00028172457352039867,0.0,0.0,0.0,0.0,0.0,0.0,0.0,0.0,0.0,0.0,0.0,7.413804566333995e-6,0.0,0.0,0.0,0.0,0.0,0.0012343984602933259,0.0,0.0,0.0,0.1304854810608951,0.0,0.023612967543749693,0.0,3.0321193874854475,5.3418709954359285,0.0,0.0,5.3182580278921785,0.0,0.0,0.0,0.0,0.13585796867792913,0.0,0.0,0.0,0.0,0.0,0.0,0.13585796867792913,0.0,0.48938894632548413,0.0,0.0,2.1681403082401802,0.0,0.0,0.0,0.0,0.0,0.0,0.0,0.003402438681380266,0.0,0.0,0.0,0.0,0.0,-0.0,-0.0,1.1120706849489419e-5,0.0,0.0,-0.0,0.0,0.0,0.0,0.0,0.0,0.7445412580714362,0.0,0.0,0.0,0.0,0.0,0.23768187226501267,2.965521826530512e-5,0.0,0.0,0.0028283664420534946,0.0,0.0,0.0,0.0008525875251275223,0.0,0.0,0.0,0.0,0.0012343984602933259,3.70690228316314e-6,0.0031768152566712944,0.0,0.0,2.9698557854692504,0.0,0.00047077658996171875,0.0031768152566712944,0.0005375008310586557,0.0,0.0005375008310586557,0.0,2.6932858298750615,0.0,0.0,0.0,0.0,0.0031768152566712944,0.0031768152566712944,0.056719311834679216,0.0,-0.0,0.0,0.0005375008310586557,0.23768187226501267,0.23846773554904324,1.112070684948942e-5,0.0,0.0,0.004196213384541166,0.0,0.0025688832822320547,0.0010193981278698607,0.0,0.0,0.0,8.470329472543003e-22,-0.0,0.0,3.7069022831631406e-6,3.70690228316314e-6,0.0010193981278698607,2.1498555641749686,0.0028283664420534946,0.0007265528474999755,0.0,0.011928811547218986,0.0,1.112070684948942e-5,0.0,0.0,0.0,0.0,0.0,0.0,0.0,0.0,0.0,0.0,0.0,0.0036624194557656684,0.0,0.0,0.0,0.0,0.0002817245735203987,3.7069022831631406e-6,0.0,0.0,0.0,0.0,4.029528935208985,-0.0,-0.0,0.0,0.0,0.0,0.0,0.0,0.0,0.03180522158953974,4.473489675321278e-6,4.473489675321278e-6,0.0,0.0,0.0001964658210076465,0.00027060386667090926,0.00022241413698978848,3.70690228316314e-6,0.0,0.0,0.0,0.0,0.005544290181518009,0.0,0.005536876376951683,0.0,0.0,0.0,0.0,0.0,0.0,0.0,-0.0,0.0,0.0,0.0,0.0,0.0,0.0,0.0,0.0,0.0,0.0,0.0,0.0,-0.0,0.0,0.0,0.0,0.0,0.0,0.0,0.0010193981278698607,0.0,0.0,0.0,0.0,0.0,0.0,0.0052712150466579875,0.0,0.0,0.0,0.0,0.0,0.0,-0.0,0.0,0.0,