{"objective_value":0.00012040509022714197,"time_limit":1800,"thermo_feasible":true,"dual_bound":0.00012040509022714197,"solution":[1.20405090227142e-6,-0.9123952733483567,0.0009186908384330665,-0.0,0.0015592459184414888,1.20405090227142e-6,0.0,-0.0,0.0,0.0,-0.0,0.0,0.0,0.0,0.0,0.0,0.0,0.0,0.0,3.6121527068142596e-6,0.0,0.0,0.0,0.0,0.0,0.0,0.0,0.0008344072752740941,0.0,0.0006778806579788094,0.0,0.0,-0.0,0.0,0.0,0.0,0.000834407275274094,0.0,0.5885335543278682,0.0,0.0,0.0,-0.0,1.2040509022714199e-6,0.00046957985188585404,-0.0,-0.0,0.0,0.07116149316245922,0.0,0.0,0.0,0.015110838823506322,0.020629273936423453,0.0,0.0,0.0,0.0,0.0,0.0,0.0,0.0,0.0,0.0,0.0,0.0,0.0,0.0,0.0003311139981246406,-0.0,0.0,1.2040509022714203e-6,0.0003311139981246406,-2.168404344971009e-19,0.0010318716232475787,0.000469579851885854,0.0,0.0,0.000646575334520713,0.0,0.0,0.0,0.0,0.0,0.0,0.0,0.0,0.0,0.0,3.6121527068142423e-6,3.6121527068142423e-6,0.0,0.0,0.0,0.0,0.0349993516254086,0.0,9.150786857262791e-5,0.0,0.000469579851885854,0.0,0.0,0.0,0.001206459004076935,0.00023599397684519836,0.001031871623247579,0.001031871623247579,0.0,0.0732183353671299,0.0732183353671299,0.0,-0.0,0.0,0.00033111399812464057,0.0,-0.0,-0.0,0.03276222505080533,0.0,0.0,0.00058998494211299,0.0,0.0,0.0,0.0008548761406127079,0.0,0.0,0.00032870589632007626,0.0,0.0,0.0,0.0,6.381469782038524e-5,0.0,0.09487585059512586,0.0,0.0,0.0,0.1463559993237979,0.0,0.0,0.0,0.0,0.0,0.0,0.0,0.0,0.0,0.0,0.0,0.0,0.0,0.0,0.0,0.0,0.0,0.05057013789539964,0.0,0.0,0.0,0.0,0.0,0.0,0.0,0.0,0.0,0.0,0.00015291446458847035,0.0,0.9123952733483567,0.0,0.0,0.0015592459184414888,0.0,-0.0009186908384330665,0.0,0.0,0.0,0.0,2.408101804542841e-6,1.2040509022714205e-6,0.00046717175190030054,0.0,0.0,0.0,0.0,0.0,0.0,-2.40810180454284e-6,0.0,-0.0,0.0,-1.8189894035458565e-12,0.0,0.0,-1.8189894035458565e-12,0.0,0.07341547645151131,0.0,0.0,-0.0,0.0,0.0,-2.0807881354978566,0.0005394148042175959,7.224305413628522e-5,0.0,0.0,0.0,0.0,0.0,-0.0,0.0,0.020629273936423453,0.07617275301589582,0.0,0.0,0.07341547645151131,0.0,0.00017458738082935598,0.0,0.0,0.0,0.0,0.0,0.0,-0.0,1.0709848392165437,2.9702019415646363,-0.0,-0.0,0.0,0.0,0.0,0.07116149316245922,0.0,0.0,0.0004671717500813112,0.0,0.0,0.0,0.0,0.0,0.0,3.064314694796971,-0.0,0.0,0.0,0.0,0.0,0.0,0.0017121603830299592,0.0,0.0017121603830299592,0.0,-0.0,0.0,9.15078685726279e-5,-0.0,-0.0,0.0,0.0,-0.0,0.0,0.0,3.6121527068142423e-6,0.0,-2.4081018045428677e-6,0.0006381469782038526,-0.0,0.0,-0.0,0.0,3.6121527068142423e-6,0.0,-0.0,0.0,-0.13670336574819295,0.0,-0.0,0.0,-0.0,1.2040509022714205e-6,-0.0,-0.15896000416877845,3.6121527068142423e-6,-0.07618150463761987,0.0,0.001031871623247579,0.0008344072752740941,3.6121527068142423e-6,-0.0,0.0,0.0,7.705925774538227e-5,-0.0,1.2040509022714199e-6,-0.00033111399812464057,-0.0,0.0,-0.0,-1.2040509022714199e-6,-0.0,0.0,-0.0,0.0,0.0,0.0,0.0,0.0,2.018180683328136,0.0,1.2040509022714199e-6,-0.0,0.0,-0.0,0.0,-0.0,0.0,0.0,0.0,0.0,0.0,2.40810180454284e-6,0.0,0.0,0.0,3.61215270681426e-6,0.0,0.0,1.5956876236191113,0.0,0.0,1.2040509022714203e-6,1.5956876236191115,0.0,0.0,0.0,0.0,0.0,0.0,-0.0,-0.0,0.0,0.0,0.0,0.0,0.0010499323867816503,0.0,0.07489678232307921,-1.0709848392165437,0.0,0.0,0.018395489684902754,0.0,0.0,0.17791097069693176,0.0,0.0,0.0,0.0,0.0001745873808293559,0.0,0.0,0.0,0.0,0.0,0.0,0.0,0.0,0.0,0.0,0.0,0.0,0.0,0.0,-0.0,0.0,0.0,3.849615873139072,0.001206459004076935,0.0,0.0,0.0,0.042383410514567524,0.0,0.001031871623247579,0.0,0.0,3.5048742740492984,0.35241140333724363,0.018423182855654998,0.0,1.2040509022714205e-6,1.2040509022714199e-6,0.0,0.0,0.0,0.0,0.0,0.07489678232307921,0.0,0.0,0.0015146960350584185,0.0,0.0,0.0,0.0,0.0,0.0,0.0,0.0,0.0,0.0,-0.0,0.0,0.07106155693575171,0.0,0.0,0.0,0.0,0.0,0.0,0.0,0.0,0.0,0.0,0.0,0.03276222505080533,0.0,0.0,0.0,0.0,0.0,0.0,1.20405090227142e-6,0.0,3.6121527068142427e-6,0.0,0.0,0.0,0.0,0.0,0.048094285974922414,0.0,1.9264814436342725e-5,1.9264814436342725e-5,0.0,0.0,0.0,0.0,0.0,0.5908413966439324,0.0,0.0,1.2040509022714199e-6,0.0002359939768451984,0.0,0.0,0.0,0.0,0.0,0.0,0.0,0.0,0.0,0.0,0.0,0.0,0.0,0.0,0.0,0.0,0.0,0.0,0.0,0.0,0.0,0.0001745873808293559,2.4081018045428406e-6,1.20405090227142e-6,3.61215270681426e-6,3.61215270681426e-6,0.0,0.0,-0.0,0.0,0.015110838823506322,3.6121527068142423e-6,1.20405090227142e-6,0.07170331606848136,0.0,0.0,0.0,0.0,0.0005598836695562218,0.0,0.0,0.07170331606848135,-0.0,2.4081018045428677e-6,0.0,0.0,0.00017458738082935595,0.0,0.0,1.20405090227142e-6,-0.0,-0.0,0.00017458738082935598,0.0,0.00017458738082935598,0.0,0.001189602291445135,0.00015291446458847032,0.0004888446663221966,0.0,0.0,0.0,0.0006875130651969809,0.0,0.0,0.0,0.0005598836695562218,0.0,0.0,0.0,0.0,0.0,0.0,0.0,1.20405090227142e-6,0.01768166625325277,0.13670336574819295,0.0,-0.0,6.020254511357099e-5,0.00260115932621304,0.0,0.017681666253252768,0.0,0.01768166625325277,0.0,0.017681666253252768,0.0,0.0003311139981246406,0.0,0.0,0.0,0.0,0.053171297221612665,0.020629273936423453,0.07116149316245922,0.0,0.000469579851885854,0.0,0.0,2.40810180454284e-6,0.0,0.0,0.0,0.5397228115375395,6.020254511357099e-5,0.0,0.01768166625325277,0.0,0.0,0.0,0.0,0.0,0.0,0.0,0.0,0.0,0.0,0.0,0.0732183353671299,6.020254511357099e-5,0.0009030381767035651,0.0053580265151078185,0.0,0.0,1.2040509022714286e-6,0.0,3.064314694796971,0.0,0.0,0.0,0.0,0.0,0.0,0.5530615171439552,0.0,0.0,0.0,0.0,0.0,0.0,0.0,0.0,0.0,0.0,0.0,0.0,0.0,0.0,0.0,0.0,0.0,0.0,0.0,0.0,0.0,0.0,0.0,0.0,0.0,0.0,0.0,0.0,0.0,0.0,0.0,0.0,0.0,0.0,0.0,0.0,0.0,0.0,0.0,0.0,0.0,0.0,0.0,0.0,0.0,0.0,0.0,0.0,0.0,0.0,0.0,0.0,0.0,0.0,0.0,0.0,0.0,0.0,0.0,0.0,0.00766980424746988,0.00766980424746988,2.408101804542868e-6,0.0,0.0,2.4081018045428677e-6,0.0,0.0,0.0053580265151078185,0.0,1.2040509022714205e-6,0.0,0.0,0.0,0.0,0.0,0.0,0.0,0.0,0.0,0.0,0.0,0.0,0.0,0.0,0.0,0.0,0.0,0.0,0.0,0.0,0.0,0.0,0.0,0.0,0.0,0.0,0.0,0.0,0.0,-3.8198777474462986e-11,0.0,0.0,0.0,0.0,0.0,1.2040509022714205e-6,9.150786857262791e-5,0.0,0.0,0.0,0.0,0.0,0.0,0.0,0.0,0.0,0.0,0.0,2.408101804542868e-6,0.0,0.0,0.0,0.0,0.0,0.00040094895045638285,0.0,0.0,0.0,0.042383410514567524,0.0,0.00766980424746988,0.0,2.038404724983289,3.857285677386542,0.0,0.0,0.0,3.849615873139072,0.0,0.0,0.0,0.044128465568247545,0.0,0.0,0.0,-0.0,-0.0,0.0,0.04412846556824754,0.0,0.15896000416877845,0.0,0.0,3.064314694796971,0.0,0.0,0.0,0.0,0.0,0.0,0.0,0.0,0.00046717175008131114,0.0,0.0,0.0,0.0,0.0,0.0,3.61215270681426e-6,0.0,0.0,-0.0,0.0,0.0,0.09487585059512586,0.0,0.0,0.24183685057581478,0.0,0.0,-0.0,-0.0,0.0,0.07592624584633834,9.632407218171362e-6,0.0,0.0,0.0009186908384330664,0.0,0.0,0.0,0.0002769317075224266,0.0,0.0,0.0,0.0,0.00040094895045638285,1.2040509022714199e-6,0.001031871623247579,0.001275970692816611,0.0,2.018180683328136,0.0,0.00015291446458847035,0.001031871623247579,0.00017458738082935598,0.0,0.00017458738082935598,0.0,0.0010415040304657503,0.0,0.0,0.0,0.0,0.001031871623247579,0.001031871623247579,0.018423182855654998,0.0,-0.0,0.0,0.00017458738082935598,0.07592624584633834,0.07618150463761987,3.6121527068142588e-6,0.0,0.0,0.0013629856213722195,0.0,0.000834407275274094,0.09520696459325051,0.0,0.0,0.0,0.0,-0.0,0.0,1.2040509022714199e-6,1.20405090227142e-6,0.00033111399812464057,1.7669446020300639,0.0009186908384330665,0.0002359939768451984,0.0,0.0038746358035094295,0.0,3.6121527068142596e-6,0.0,0.0,0.0,0.0,0.0,0.0,0.0,0.0,0.0,0.0,0.0,0.001189602291445135,0.0,0.0,0.0,0.0,9.150786857262791e-5,1.2040509022714199e-6,0.0,0.0,0.0,0.0,0.029377871331475888,0.0,0.0,0.0,0.0,0.0,0.0,0.0,0.0,0.010330756741488785,1.4530486288611495e-6,1.4530486288611495e-6,0.0,0.0,-3.8198777474462986e-11,0.0,0.0,1.20405090227142e-6,0.0,0.0,0.0,0.0,0.0018008587994979173,0.0,0.001798450697693374,0.0,0.0,0.0,0.0,0.0,0.0,0.0,-0.0,0.0,0.0,0.0,0.0,0.0,0.0,0.0,0.0,0.0,0.0,0.0,0.0,-0.0,0.0,0.0,0.0,0.0,0.0,0.0,0.0003311139981246406,0.0,0.0,0.0,0.0,0.0,0.0017121603830299592,0.0,0.0,0.0,0.0,0.0,0.0,0.0,0.0,0.0,0.0,0.0017121603830299592,0.0,0.0,0.00033111399812464057,0.0,0.000834407275274094,0.0,0.0,0.0,0.00012040509022714198,0.0,0.0,0.0,