{"objective_value":0.0003156482267435105,"time_limit":1800,"thermo_feasible":true,"dual_bound":0.0003156482267435105,"solution":[3.1564822674351046e-6,-2.3918918176820227,0.0024083959700529466,-0.0,0.004087644536328462,3.1564822674351042e-6,0.0,-7.7457371745787205,0.0,0.0,-0.0,0.0,0.0,0.0,-0.0,0.0,0.0,0.0,9.469446802305312e-6,0.0,0.0,0.0,0.0,0.0,0.0,0.0,0.0,0.002187442211332527,0.0,0.001777099516565964,0.0,0.0,-0.0,0.0,0.0,0.0,0.002187442211332527,1.5428714222313702,-0.0,-0.0,-0.0,0.0,-0.0,3.1564822674351046e-6,0.0012310280842996908,-0.0,-0.0,0.0,0.18655356751759036,0.0,0.0,0.039613852456310564,0.0,0.05408071805564178,0.0,0.0,0.0,0.0,0.0,0.0,0.0,0.0,0.0,0.0,0.0,0.0,0.0,0.0,0.000868032623544654,-0.0,0.0,3.1564822674351046e-6,0.000868032623544654,0.0,0.0027051053031917046,0.0012310280842996908,0.0,0.0,0.0016950309776124714,0.0,0.0,0.0,0.0,0.0,0.0,0.0,0.0,0.0,0.0,9.46944680230502e-6,9.46944680230502e-6,0.0,0.0,0.0,0.0,0.09175262654980328,0.0,0.00023989265232506792,0.0,0.0012310280842996908,0.0,0.0,0.0,0.003162795231969795,0.0006186705244172806,0.0027051053031917046,0.0027051053031917046,0.0,0.1919456866827278,0.1919456866827278,0.0,0.0,-0.0,0.000868032623544654,0.0,0.0,0.0,0.0858878824969092,0.0,0.0,0.0013162531055204145,0.0,0.0,0.0,0.0022411024098789242,0.0,0.0,0.0010921428645325323,0.0,0.0,0.0,0.0,0.0003977167656968231,0.0,0.0,0.0,0.0,0.0,0.38391031225906197,0.0,0.0,0.0,0.0,0.0,0.0,0.0,0.0,0.0,0.0,-0.0,0.0,0.0,0.0,0.0,0.0,0.0,0.1325722552322744,0.0,0.0,0.0,0.0,0.0,0.0,0.0,0.0,0.0,0.0,0.0004008732479642583,0.0,2.3918918176820227,0.0,0.004087644536328462,-0.0,0.0,-0.0024083959700529466,0.0,0.0,0.0,0.0,6.3129645348702085e-6,3.1564822674351042e-6,0.0012247151197648208,0.0,0.0,0.0,0.0,0.0,0.0,-6.3129645348702085e-6,0.0,0.0,0.0,0.0,0.0,0.00023042320552276263,0.0,0.0,0.19246250232222886,0.0,0.0,-0.0,0.0,0.0,-5.330939751962677,0.001414104055810927,0.0001893889360461063,0.0,0.0,0.0,0.0,0.0,-0.0,0.0,0.05408071805564178,0.1996908467146549,0.0,0.19246250232222886,-0.0,0.0,0.0004576899287780903,0.0,-0.0,0.0,0.0,0.0,0.039613852456310564,-0.0,2.76802878732036,7.499015681195882,-0.0,-0.0,-0.0,0.0,0.0,0.18655356751759036,0.0,0.0012247151197648208,-0.0,0.0,0.0,0.0,0.0,0.0,7.7457371745787205,0.0,-0.0,0.0,-0.0,0.0,0.0,-0.0,0.00448851778429272,0.0,0.00448851778429272,0.0,-0.0,0.0,0.00023989265232506767,-0.0,-0.0,0.0,0.0,-0.0,0.0,0.0,9.46944680230502e-6,5.551115123125783e-17,-6.312964534870349e-6,0.0016729356017406054,-0.0,0.0,-0.0,0.0,9.46944680230502e-6,0.0,-0.0,0.0,-0.3385680802344474,0.0,0.0,0.0,-0.0,3.1564822674351042e-6,-0.0,-0.4167219454290456,9.46944680230502e-6,-0.1997137895428857,0.0,0.0027051053031917046,0.002187442211332527,9.46944680230502e-6,-0.0,0.0,0.0,0.0002020148651158463,-0.0,3.1564822674351046e-6,-0.000868032623544654,-0.0,0.0,-0.0,-3.1564822674351046e-6,-0.0,0.0,-0.0,0.0,0.0,0.0,0.0,0.0,0.0,5.166811049255667,3.1564822674351046e-6,-0.0,0.0,-0.0,0.0,-0.0,0.0,0.0,0.0,0.0,6.3129645348702085e-6,-0.0,0.0,0.0,0.0,9.469446802305314e-6,0.0,0.0,4.222792220428656,0.0,0.0,3.1564822674351042e-6,4.222792220428656,0.0,0.0,0.0,0.0,0.0,0.0,-0.0,-0.0,0.0,0.0,-0.0,0.0,0.0027524525372032314,0.0,0.19634582296353198,-2.76802878732036,0.0,0.0,0.048224736081873526,0.0,0.0,0.5060167454964924,0.0,0.0,0.0,0.0,0.0004576899287780902,0.0,0.0,0.0,0.0,0.0,0.0,0.0,0.0,0.0,0.0,0.0,0.0,0.0,0.0,-0.0,0.0,0.0,9.804445190457916,0.003162795231969795,0.0,0.0,0.0,0.11111032222165752,0.0,0.0027051053031917046,0.0,0.0,0.0,9.824551982501477,0.04829733517402453,0.0,3.1564822674351042e-6,3.1564822674351046e-6,412.39948533124056,412.39948533124056,0.0,0.0,0.0,0.19634582296353198,0.0,0.0,0.003970854692433181,0.0,0.0,0.0,0.0,0.0,0.0,0.0,0.0,0.0,0.0,0.0,0.0,0.1862915794893932,0.0,0.0,0.0,0.0,0.0,0.0,0.0,0.0,0.0,0.0,0.0,0.0858878824969092,0.0,0.0,0.0,0.0,0.0,0.0,3.1564822674351046e-6,0.0,9.46944680230502e-6,0.0,0.0,0.0,0.0,0.0,0.0,0.12608168023806893,5.0503716278961674e-5,5.0503716278961674e-5,0.0,0.0,0.0,0.0,0.0,1.5489215512856849,0.0,0.0,3.1564822674351046e-6,0.0006186705244172806,0.0,0.0,0.0,0.0,0.039613852456310564,0.0,0.0,0.0,0.0,0.0,0.0,0.0,0.0,0.0,0.0,0.0,0.0,0.0,0.0,0.0,0.0,0.0004576899287780902,6.31296453487021e-6,3.1564822674351046e-6,9.469446802305312e-6,9.469446802305312e-6,0.0,0.0,-0.0,0.0,0.0,9.46944680230502e-6,3.1564822674351046e-6,0.18797398453793615,0.0,0.0,0.0,0.0,0.0014677642543573235,0.0,0.0,0.18797398453793615,-0.0,6.312964534870349e-6,0.0,0.00045768992877809025,0.0,0.0,0.0,3.1564822674351046e-6,-0.0,-0.0,0.0004576899287780903,0.0,0.0004576899287780903,0.0,0.0031186044802257035,0.0004008732479642583,0.0012815318005786524,0.0,0.0,0.0,0.0018023513747054448,0.0,0.0,0.0,0.0014677642543573235,0.0,0.0,0.0,0.0,0.0,0.0,-0.0,3.1564822674351042e-6,0.04635341070864194,0.3385680802344474,0.0,0.0,0.00015782411337175522,0.006819074901630754,0.0,0.04635341070864194,-0.0,0.046353410708641934,0.0,0.04635341070864194,0.0,0.000868032623544654,0.0,0.0,0.0,0.0,0.13939133013390512,0.05408071805564178,0.18655356751759036,0.0,0.0012310280842996908,0.0,0.0,6.3129645348702085e-6,0.0,0.0,0.0,1.6636335060095813,0.00015782411337175522,0.0,0.04635341070864194,0.0,0.0,0.0,0.0,0.0,-0.0,0.0,0.0,0.0,0.0,0.1919456866827278,0.0,0.00015782411337175522,0.002367361700576329,0.014046346090086217,0.0,0.0,3.1564822674354676e-6,0.0,0.0,0.0,0.0,0.0,0.0,0.0,0.0,0.0,0.0,0.0,0.0,0.0,0.0,0.0,0.0,0.0,0.0,0.0,0.0,0.0,0.0,0.0,0.0,0.0,0.0,0.0,0.0,0.0,0.0,0.0,0.0,0.0,0.0,0.0,0.0,0.0,0.0,0.0,0.0,0.0,0.0,0.0,0.0,0.0,0.0,0.0,0.0,0.0,0.0,0.0,0.0,0.0,0.0,0.0,0.0,0.0,0.0,0.0,0.0,0.0,0.0,0.0,0.0,0.0,0.0,0.0,0.0,0.0,0.020106792043561438,0.020106792043561438,6.312964534870349e-6,0.0,0.0,6.312964534870349e-6,0.0,0.0,0.014046346090086217,0.0,3.1564822674351042e-6,0.0,0.0,0.0,0.0,0.0,1.4498796258300226,0.0,0.0,0.0,0.0,0.0,0.0,0.0,0.0,0.0,-0.0,7.7457371745787205,0.0,0.0,0.0,0.0,0.0,0.0,0.0,0.0,0.0,0.0,0.0,0.0,0.00039779430467205433,0.0,0.0,0.0,0.0,0.0,3.1564822674351042e-6,0.00023989265232506792,0.0,0.0,0.0,0.0,0.0,0.0,0.0,0.0,0.0,0.0,0.0,6.312964534870349e-6,0.0,0.0,0.0,0.0,0.0,0.0010511085950558898,0.0,0.0,0.0,0.11111032222165752,0.0,0.020106792043561438,0.0,5.2198294297410195,9.824551982501477,0.0,0.0,9.804445190457916,0.0,0.0,0.0,0.0,0.11568507510149657,0.0,0.0,0.0,0.0,0.0,0.0,0.11568507510149657,0.0,0.4167219454290456,0.0,0.0,0.0,0.0,0.0,0.0,0.0,0.0,0.0,0.0,0.0012247151197648208,0.0,0.0,0.0,0.0,0.0,-0.0,-0.0,9.469446802305314e-6,0.0,0.0,-0.0,0.0,0.0,0.0,0.0,0.0,0.6339879227868174,0.0,0.0,0.0,0.0,0.0,0.19904461530218948,2.525185813948084e-5,0.0,0.0,0.002408395970052947,0.0,0.0,0.0,0.000725990921510074,0.0,0.0,0.0,0.0,0.0010511085950558898,3.1564822674351046e-6,0.0027051053031917046,0.003345023751122925,0.0,5.166811049255667,0.0,0.0004008732479642583,0.0027051053031917046,0.0004576899287780903,0.0,0.0004576899287780903,0.0,0.0027303571613312982,0.0,0.0,0.0,0.0,0.0027051053031917046,0.0027051053031917046,0.048297335174024535,0.0,-0.0,0.0,0.0004576899287780903,0.19904461530218948,0.1997137895428857,9.469446802305315e-6,0.0,0.0,0.0035731379267363583,0.0,0.002187442211332527,0.000868032623544654,0.0,0.0,0.0,0.0,0.0,0.0,3.1564822674351046e-6,3.1564822674351046e-6,0.000868032623544654,4.46856870022897,0.0024083959700529466,0.0006186705244172806,0.0,0.010157559936606166,0.0,9.469446802305312e-6,0.0,0.0,0.0,0.0,0.0,0.0,0.0,0.0,0.0,0.0,0.0,0.0031186044802257035,0.0,0.0,0.0,0.0,0.00023989265232506792,3.1564822674351046e-6,0.0,0.0,0.0,0.0,0.2861237631081055,0.0,0.0,0.0,0.0,0.0,0.0,0.0,0.0,0.027082617854593195,3.8092428003406844e-6,3.8092428003406844e-6,0.0,0.0,0.00039779430467205433,0.0,0.0,3.1564822674351042e-6,0.0,0.0,0.0,0.0,0.004721045311326959,0.0,0.004714732346792089,0.0,0.0,0.0,0.0,0.0,0.0,0.0,-0.0,0.0,0.0,0.0,0.0,0.0,0.0,0.0,0.0,0.0,0.0,0.0,0.0,-0.0,-4.063693271610488e-8,4.0636932716104874e-8,0.0,0.0,0.0,0.0,0.000868032623544654,0.0,0.0,0.0,0.0,0.0,-0.0,0.00448851778429272,0.0,0.0,0.0,0.0,0.0,0.0,-0.0,0.0,0.0,0.00448851778429272,0.0,0.0,0.000868032623544654,0.0,0.002187442211332527,0.0,0.0,0.0,0.00031564822674351044,0.0,0.0,0.0,