{"objective_value":0.0014312465066138964,"time_limit":1800,"thermo_feasible":true,"dual_bound":0.0014312465066138964,"solution":[1.4312465066138965e-5,-4.9320951868474925,0.010920410845464294,-0.0,0.01853464226064996,1.4312465066138965e-5,0.0,-0.0,0.0,0.0,-0.0,0.0,0.0,0.0,-0.0,0.0,0.0,0.0,-7.043324313153427e-17,4.293739519941912e-5,0.0,0.0,0.0,0.0,0.0,9.317912569066654e-16,0.0,0.027150746230463617,0.0,0.025290125771865662,0.0,0.0,-0.0,0.0,0.0,0.0,0.027150746230463617,-0.0,0.0,6.995855341894338,-0.0,0.0,-0.0,1.4312465066138963e-5,0.005581861375794195,-0.0,-0.0,0.845891467728324,0.0,0.0,0.0,0.179621436580044,0.0,0.24521867140158018,0.0,0.0,9.317912569066654e-16,-9.317912569066654e-16,0.0,0.0,0.0,0.0,0.0,0.0,0.0,0.0,0.0,0.0,0.003935927893188216,-0.0,0.0,1.4312465066138965e-5,0.003935927893188216,0.0,0.012265782561678831,0.005581861375794195,0.0,0.0,0.007685793740514472,0.0,0.0,0.0,0.0,0.0,0.0,0.0,0.0,0.0,0.0,4.293739519830794e-5,4.293739519830794e-5,0.0,0.0,0.0,0.0,0.41603473454252277,0.0,0.0010877473450265614,0.0,0.005581861375794195,0.0,0.0,0.0,0.014341089996268982,0.002805243152963238,0.012265782561678831,0.012265782561678831,0.0,0.8875732086115283,0.8875732086115283,0.0,0.0,-0.0,0.003935927893188216,0.0,0.0,0.0,0.3894421744496412,0.0,0.0,0.005968297932579973,0.0,0.0,0.0,0.010161850196958665,0.0,0.0,0.004952112912884322,0.0,0.0,0.0,0.0,0.0018033705983335096,0.0,0.0,0.0,0.0,0.0,1.740767876134218,0.0,0.0,0.0,0.0,0.0,0.0,0.0,0.0,0.0,0.0,-0.0,0.0,0.0,0.0,0.0,0.0,0.0,0.6011235327778364,0.0,0.0,0.0,0.0,0.0,0.0,0.0,0.0,0.0,0.0,0.0018176830633996487,0.0,4.9320951868474925,0.0,0.0,0.01853464226064996,0.0,-0.010920410845464294,0.0,0.0,0.0,0.0,2.8624930132277927e-5,1.4312465066138963e-5,0.005553236445661918,0.0,0.0,0.0,0.0,0.0,0.0,-2.862493013227793e-5,0.0,0.0,0.0,0.0,0.0,0.0010448099498281444,0.0,0.0,0.8726844023321362,0.0,10.384430978813995,-0.0,0.0,0.0,-28.53402965117856,0.006411984349630257,0.0008587479039683379,0.0,0.0,0.0,0.0,0.0,-0.0,0.0,0.24521867140158018,0.9054599473335898,0.0,0.0,0.8726844023321362,0.0,0.0020753074345901505,0.0,-0.0,0.0,0.0,0.0,0.0,-0.0,6.868934388160856,51.77741768515146,-0.0,-0.0,-0.0,0.0,0.0,0.845891467728324,0.0,0.005553236445661918,-0.0,0.0,0.0,0.0,-0.0,0.0,0.0,42.51169812491193,-0.0,0.0,0.0,0.0,0.0,0.0,0.02035232532404961,0.0,0.02035232532404961,0.0,-0.0,0.0,0.0010877473450264523,-0.0,-0.0,0.0,0.0,-0.0,0.0,0.0,4.293739519830794e-5,0.0,-2.8624930132276107e-5,0.007585606485053651,-0.0,0.0,-0.0,0.0,4.293739519830794e-5,0.0,-0.0,0.0,-0.9037176692061331,0.0,0.0,3.3881317890172014e-21,-0.0,1.4312465066138963e-5,-0.0,-1.8895459504967231,4.293739519830794e-5,-0.9227961851392976,-3.3881317890172014e-21,0.012265782561678831,0.027150746230463617,4.293739519830794e-5,-0.0,0.0,0.0,0.0009159977642327847,-0.0,1.4312465066138963e-5,-0.003935927893188216,-0.0,0.0,-0.0,-1.4312465066138965e-5,-0.0,0.0,-0.0,0.0,0.0,0.0,0.0,0.0,27.78407537416677,0.0,1.4312465066138963e-5,-0.0,0.0,0.017232207939629426,0.0,-0.0,0.0,0.0,0.0,0.0,-0.0,2.862493013227793e-5,0.0,0.0,0.0,4.293739519841689e-5,0.0,-0.0,16.038885275443636,0.0,0.0,1.4312465066138963e-5,16.038885275443636,0.0,0.0,0.0,10.384430978813995,0.0,0.0,0.0,0.0,0.0,0.0,0.0,2.9336886093766807,0.0,0.0,0.9075247849137215,-6.868934388160856,0.0,0.0,0.2186658412804711,0.0,0.0,2.114814704410816,0.0,0.0,0.0,0.0,0.00207530743459015,0.0,0.0,0.0,9.317912569066654e-16,0.0,0.0,0.0,0.0,0.0,0.0,0.0,0.0,0.0,0.0,-0.0,0.0,0.0,51.863748038827175,0.014341089996268982,0.0,0.0,0.0,0.5038085028043365,0.0,0.012265782561678831,0.0,0.0,53.42800298075566,0.0,0.21899502797699227,1.4730845394571757,1.4312465066138963e-5,1.4312465066138963e-5,-9.317912569066654e-16,0.0,0.0,9.317912569066654e-16,1.4730845394571757,0.9054599473335898,1.4730845394571757,0.0,1.4910896205103763,0.0,0.0,0.0,0.0,0.0,0.0,0.0,0.0,0.0,0.0,0.0,0.0,2.31778807258501,0.0,0.0,0.0,0.0,0.0,0.0,0.0,0.0,0.0,0.0,0.0,0.3894421744496412,0.0,0.0,0.0,0.0,0.0,0.0,1.4312465066138965e-5,0.0,4.293739519830794e-5,0.0,0.0,0.0,0.0,0.0,2.044777801448414,-0.0,0.00022899944105822344,0.00022899944105822344,0.0,0.0,0.0,0.0,0.0,7.008121124456017,0.0,0.0,1.4312465066138965e-5,0.002805243152963238,0.0,0.0,0.0,0.0,0.0,0.0,0.0,0.0,0.0,0.0,0.0,0.0,0.0,0.0,0.0,0.0,0.0,0.0,0.0,0.0,0.0,0.00207530743459015,2.862493013227793e-5,1.4312465066138965e-5,4.293739519841689e-5,4.293739519841689e-5,0.0,0.0,-0.0,0.0,0.179621436580044,4.293739519830794e-5,1.4312465066138965e-5,0.8523320770080866,0.0,0.0,0.0,0.0,0.00665529625575451,0.0,0.0,0.8523320770080866,0.0,2.8624930132276107e-5,0.0,0.0020753074345901505,0.0,0.0,0.0,1.4312465066138965e-5,0.0,0.0,0.0020753074345901505,0.0,0.0020753074345901505,0.0,2.9603097943996945,0.0018176830633996487,0.00581086081685242,0.0,0.0,0.0,0.008172417552765349,0.0,0.0,0.0,0.00665529625575451,0.0,0.0,0.0,0.0,0.0,0.0,0.0,1.4312465066138965e-5,0.2101806743248144,0.9037176692061331,0.0,0.0,0.0007156232533069482,0.03091979078098266,0.0,-0.0,0.2101806743248144,0.2101806743248144,0.0,0.2101806743248144,0.0,0.003935927893188216,0.0,0.0,0.0,0.0,0.632043323558819,0.24521867140158018,0.845891467728324,0.0,0.005581861375794195,0.0,0.0,2.8624930132277927e-5,0.0,0.0,0.0,0.10516601137721437,0.0007156232533069482,0.0,0.2101806743248144,0.0,0.0,0.0,0.0,0.0,0.0,0.0,0.0,0.0,0.0,0.8875732086115283,0.0,0.0007156232533069482,0.010734348799604224,0.0636904695443184,0.0,0.0,1.4312465066137644e-5,42.51169812491193,0.0,0.0,0.0,0.0,0.0,0.0,0.0,0.0,0.0,0.0,0.0,0.0,0.0,0.0,0.0,0.0,0.0,0.0,0.0,0.0,0.0,0.0,0.0,0.0,0.0,0.0,0.0,0.0,0.0,0.0,0.0,0.0,0.0,0.0,0.0,0.0,0.0,0.0,0.0,0.0,0.0,0.0,0.0,0.0,0.0,0.0,0.0,0.0,0.0,0.0,0.0,0.0,0.0,0.0,0.0,0.0,0.0,0.0,0.0,0.0,0.0,0.0,0.0,0.0,0.0,0.0,0.0,0.0,1.5642549419284786,1.5642549419284786,2.8624930132276107e-5,0.0,0.0,2.8624930132276107e-5,0.0,0.0,0.0636904695443184,0.0,1.4312465066138963e-5,0.0,0.0,0.0,0.0,16.02916843964576,0.0,0.0,0.0,0.0,0.0,0.0,0.0,0.0,0.0,0.0,0.0,0.0,0.0,0.0,0.0,0.0,0.0,0.0,0.0,0.0,0.0,0.0,0.0,0.0,0.0,0.0,0.0,0.0,0.0,0.0,1.4312465066138963e-5,0.0010877473450265614,0.0,0.0,0.0,0.0,0.0,0.0,0.0,0.0,0.0,0.0,0.0,2.8624930132276107e-5,0.0,0.0,0.0,0.0,0.0,0.0,0.004766050867024275,0.0,0.0,0.5038085028043365,0.0,1.5642549419284786,0.0,28.030221148374224,53.42800298075566,0.0,51.863748038827175,0.0,0.0,0.0,0.0,0.0,0.5245518446739931,0.0,0.0,0.0,0.0,0.0,0.0,0.5245518446739931,5.650654874928351,0.0,7.5402008254250745,0.0,42.51169812491193,0.0,0.0,0.0,0.0,0.0,0.0,0.0,0.005553236445661918,0.0,0.0,0.0,0.0,0.0,-0.0,-0.0,4.293739519841689e-5,0.0,0.0,-0.0,0.0,0.0,0.0,0.0,0.0,2.874696965940386,0.0,0.0,-0.0,-0.0,0.0,0.9197619425452749,0.00011449972052911172,0.0,0.0,0.010920410845464296,0.0,0.0,0.0,0.02052407490484139,0.0,0.0,0.0,0.0,0.004766050867024275,1.4312465066138963e-5,0.012265782561678831,0.0,0.002064837580131651,27.78407537416677,0.0,0.0018176830633996487,0.012265782561678831,0.0020753074345901505,0.0,0.0020753074345901505,0.0,7.450642182181851,0.0,0.0,0.0,0.0,0.012265782561678831,0.012265782561678831,0.21899502797699227,0.0,-0.0,0.0,0.0020753074345901505,0.9197619425452749,0.9227961851392976,4.293739519841689e-5,0.0,0.0,0.016201710454867044,0.0,0.027150746230463617,0.003935927893188216,0.0,0.0,0.0,-3.3881317890172014e-21,0.0,0.0,1.4312465066138965e-5,1.4312465066138965e-5,0.003935927893188216,23.272869276405917,0.010920410845464294,0.002805243152963238,0.0,0.046057512582835185,0.0,0.0,0.0,0.0,4.293739519841689e-5,0.0,0.0,0.0,0.0,0.0,0.0,0.0,0.0,2.9603097943996945,0.0,0.0,0.0,0.0,0.0010877473450265614,1.4312465066138965e-5,0.0,0.0,0.0,0.0,0.0,0.0,0.0,0.0,0.0,0.0,9.317912569066654e-16,0.0,-0.017232207939629426,0.12280095026747231,1.7272282841816503e-5,1.7272282841816503e-5,0.0,0.0,0.0,0.0,0.0,1.4312465066138965e-5,0.0,0.0,0.0,0.0,0.027150746230463617,0.0,0.027122121300331342,0.0,0.0,0.0,0.0,0.0,0.0,0.0,-0.0,0.0,0.0,0.0,0.0,0.0,0.0,0.0,0.0,0.0,0.0,0.0,0.0,-0.0,0.0,0.0,0.0,0.0,0.0,0.0,0.003935927893188216,0.0,0.0,0.0,0.0,0.0,0.0,0.02035232532404961,0.0,0.0,0.0,0.0,0.0,0.0,-0.0,0.0,0.0,0.02035232532404961,0.0,0.0,0.003935927893188216,0.0,0.027150746230463617,