{"objective_value":0.0003774982915961476,"time_limit":1800,"thermo_feasible":true,"dual_bound":0.0003774982915961476,"solution":[3.7749829159614767e-6,-6.462702267125777,0.0028803119648785555,-0.0,0.004888602876170112,0.0,3.7749829159614762e-6,-4.015603143101821,0.0,0.0,-0.0,0.0,0.0,0.0,-0.0,0.0,0.0,0.0,0.0,1.1324948747884429e-5,0.0,0.0,0.0,0.0,0.0,0.0,0.0,0.0026160631607613036,0.0,0.0021253153816863115,0.0,0.0,-0.0,0.0,0.0,0.0,0.0026160631607613036,0.0,0.0,0.0,1.8451911865740753,0.0,-0.0,3.7749829159614767e-6,0.001472243337224976,-0.0,-0.0,0.0,0.22310802679174185,0.0,0.0,0.047376035595316536,0.0,0.06467762827283963,0.0,0.0,0.0,0.0,0.0,0.0,0.0,0.0,0.0,0.0,0.0,0.0,2.056210479059045,0.0,0.001038120301889406,-0.0,0.0,3.7749829159614767e-6,0.001038120301889406,0.0,0.003235160358978724,0.001472243337224976,0.0,0.0,0.0020271658258710513,0.0,0.0,0.0,0.0,0.0,0.0,0.0,0.0,0.0,2.056210479059045,1.132494874788488e-5,1.132494874788488e-5,0.0020002341917529556,0.0,0.0,0.0,0.10973120340116752,0.0,0.0002868987016130722,0.0,0.001472243337224976,0.0,0.0,4.1994550967684874e-19,0.003782532881793138,0.0007398966515284494,0.003235160358978724,0.003235160358978724,0.0,2.2897676585621687,2.2897676585621687,0.0,0.0,0.001038120301889406,-0.0,0.0,0.0,0.0,0.10271728514331177,0.0,0.0,0.0015741678759559014,0.0,0.0,0.0,0.0026802378703326478,0.0,0.0,0.0013061440889226544,0.0,0.0,0.0,0.0,0.00047564784741114613,0.0,0.0,0.0,0.0,0.0,0.4591360721367305,0.0,0.0,0.0,0.0,0.0,0.0,0.0,0.0,0.0,0.0,-0.0,0.0,0.0,0.0,0.0,0.0,-0.0,0.158549282470382,0.0,0.0,0.0,0.0,0.0,0.0,0.0,0.0,0.0,0.0,0.0004794228303271075,0.0,6.462702267125777,0.0,0.0,0.004888602876170112,0.0,-0.0028803119648785555,0.0,0.0,0.0,0.0,7.549965831922953e-6,3.7749829159614767e-6,0.0034649275631460086,0.0,0.0,0.0,0.0,0.0,0.0,-7.549965831922953e-6,0.0,-0.0,0.0,0.0,0.0,0.0002755737528651879,0.0,0.0,0.23017479481042175,0.0,6.992472336952947,-0.0,0.0,0.0,-5.490654630991611,0.0016911923463507415,0.00022649897495768856,0.0,0.0,0.0,0.0,0.0,-0.0,0.0,0.06467762827283963,0.238819505687973,0.0,0.0,0.23017479481042175,0.0,0.0005473725228144142,0.0,-0.0,0.0,0.0,0.0,0.0,-0.0,6.95590985708065,10.71302495198357,-0.0,-0.0,-0.0,0.0,0.0,0.22310802679174185,0.0,0.0034649275631460086,0.0,0.0,0.0,0.0,0.0,0.0,4.015603143101821,0.0,-0.0,0.0,0.0,0.0,0.0,0.0,0.0053680257064972195,0.0,0.0053680257064972195,0.0,-0.0,0.0,0.00028689870161307276,-0.0,-0.0,0.0,0.0,-0.0,0.0,0.0,1.132494874788488e-5,-1.3877787807814457e-16,-7.549965831850984e-6,0.002000740945459583,-0.0,0.0,-0.0,0.0,1.132494874788488e-5,0.0,-0.0,0.0,-7.530958462803618,0.0,0.0,0.0,-0.0,3.7749829159614767e-6,-0.0,-0.4983770195481525,1.132494874788488e-5,-0.2428474124593031,0.0,0.003235160358978724,0.0026160631607613036,1.132494874788488e-5,-0.0,0.0,0.0,0.00024159890662153456,-0.0,3.774982915961477e-6,-0.001038120301889406,-0.0,0.0,-0.0,-3.774982915961477e-6,-0.0,0.0,-0.0,0.0,0.0,0.0,0.0,0.0,5.294365535649618,0.0,3.7749829159614767e-6,-0.0,0.0,-0.0,0.0,-0.0,0.0,0.0020002341917529556,0.0,0.0,0.0,7.549965831922953e-6,0.0,0.0,0.0,1.1324948747884429e-5,0.0,0.0,0.0,0.0,0.0,3.7749829159614767e-6,0.0,0.0,-0.0,0.0,6.992472336952947,0.0,0.0,0.0,0.0,0.0,0.0,0.0,2.9433539332047496,0.0,0.0,2.2950299847470177,-6.95590985708065,0.0,0.0,0.05767418899005943,0.0,0.0,0.5577927591566592,0.0,0.0,0.0,0.0,0.0005473725228144142,0.0,0.0,0.0,0.0,0.0,0.0,0.0,0.0,0.0,0.0,0.0,0.0,0.0,0.0,-0.0,0.0,0.0,8.529917145006795,0.003782532881793138,-0.0,0.0,0.0,0.1328819656302268,0.0,0.003235160358978724,0.0,0.0,0.0,10.027286645335204,0.05776101359712654,1.4733228591537337,3.7749829159614767e-6,3.774982915961477e-6,0.0,0.0,0.0,0.0,1.4733228591537337,-10.23505329130235,0.0,1.4733228591537337,1.4780717876620129,0.0,0.0,0.0,0.0,0.0,0.0,0.0,0.0,0.0,0.0,0.0,0.0,1.6921170939799448,0.0,0.0,0.0,0.0,0.0,0.0,0.0,0.0,0.0,0.0,0.0,0.10271728514331177,0.0,0.0,0.0,0.0,0.0,0.0,3.7749829159614767e-6,0.0,1.132494874788488e-5,0.0,0.0,0.0,0.0,0.0,0.0,1.62010929485798,6.0399726655383627e-5,6.0399726655383627e-5,0.0,0.0,0.0,0.0,0.0,1.848426346933054,0.0,0.0,3.774982915961477e-6,0.0007398966515284494,0.0,0.0,0.0,0.0,0.0,0.0,0.0,0.0,0.0,0.0,0.0,0.0,0.0,0.0,0.0,0.0,0.0,0.0,0.0,0.0,0.0,0.0005473725228144142,7.549965831922953e-6,3.7749829159614767e-6,1.1324948747884429e-5,1.1324948747884429e-5,0.0,0.0,-0.0,0.0,0.047376035595316536,1.132494874788488e-5,3.7749829159614767e-6,0.22480676910392453,0.0,0.0,0.0,0.0,0.001755367055922087,0.0,0.0,0.22480676910392453,-0.0,7.549965831850984e-6,0.0,0.0005473725228144142,0.0,0.0,2.056210479059045,3.7749829159614767e-6,-0.0,-0.0,0.0005473725228144142,0.0,0.0005473725228144142,0.0,2.9503754014284373,0.0004794228303271075,0.0015326430638803593,0.0,0.0,0.0,0.002155515245014003,0.0,0.0,0.0,0.001755367055922087,0.0,0.0,0.0,0.0,0.0,0.0,-0.0,3.7749829159614767e-6,0.05543618455485816,7.530958462803618,0.0,0.0,0.00018874914579807385,0.008155246592668216,0.0,0.05543618455485816,0.0,0.05543618455485816,0.0,0.05543618455485816,0.0,0.001038120301889406,0.0,0.0,0.0,0.0,0.1667045290630502,0.06467762827283963,0.22310802679174185,0.0,0.001472243337224976,0.0,0.0,7.549965831922953e-6,0.0,0.0,0.0,0.0,0.00018874914579807385,0.0,0.05543618455485816,0.0,0.0,0.0,0.0,0.0,0.0,0.0,0.0,0.0,0.0,2.2897676585621687,0.0,0.00018874914579807383,0.0028312371869711078,0.01679867397602857,0.0,0.0,3.7749829158981648e-6,0.0,0.0,0.0,0.0,0.0,0.0,0.0,0.0,0.0,0.0,0.0,0.0,0.0,0.0,0.0,0.0,0.0,0.0,0.0,0.0,0.0,0.0,0.0,0.0,0.0,0.0,0.0,0.0,0.0,0.0,0.0,0.0,0.0,0.0,0.0,0.0,0.0,0.0,0.0,0.0,0.0,0.0,0.0,0.0,0.0,0.0,0.0,0.0,0.0,0.0,0.0,0.0,0.0,0.0,0.0,0.0,0.0,0.0,0.0,0.0,0.0,0.0,0.0,0.0,0.0,0.0,0.0,0.0,0.0,1.497369500328408,1.497369500328408,7.549965831850984e-6,0.0,-0.0,7.549965831850984e-6,0.0,0.0,0.01679867397602857,0.0,3.7749829159614767e-6,0.0,0.0,0.0,12.955064701378214,0.0,0.0,0.0,0.0,14.693043172481975,0.0,0.0,0.0,0.0,0.0,0.0,0.0,4.015603143101821,0.0,0.0,0.0,0.0,0.0,0.0,0.0,0.0,0.0,0.0,0.0,0.0,0.00047564784741114613,0.0,0.0,0.0,0.0,0.0,3.7749829159614767e-6,0.0002868987016130722,0.0,0.0,0.0,0.0,0.0,0.0,0.0,0.0,0.0,0.0,0.0,7.549965831850984e-6,0.0,0.0,0.0,0.0,0.0,0.0012570693110151717,0.0,0.0,0.0,0.1328819656302268,0.0,1.497369500328408,0.0,5.357772665361384,10.027286645335204,0.0,0.0,8.529917145006795,0.0,0.0,0.0,0.0,0.13835312386998813,0.0,0.0,0.0,0.0,0.0,0.0,0.13835312386998813,0.0,0.4983770195481525,0.0,0.0,0.0,0.0,0.0,0.0,0.0,0.0,0.0,0.0,0.0034649275631460086,0.0,0.0,0.0,0.0,0.0,-0.0,-0.0,1.1324948747884429e-5,0.0,0.0,-0.0,0.0,0.0,0.0,0.0,0.0,0.758215435625077,0.0,0.0,0.0,0.0,0.0,0.24204711608111928,3.0199863327691813e-5,0.0,0.0,0.0028803119648785555,0.0,0.0,0.0,0.0008682460706711398,0.0,12.530083276049368,0.0,0.0,0.0012570693110151717,3.7749829159614767e-6,0.003235160358978724,0.0,0.0,5.294365535649618,0.0,0.00047942283032710744,0.003235160358978724,0.0005473725228144142,0.0,0.0005473725228144142,0.0,4.049091978867785,0.0,0.0,0.0,0.0,0.003235160358978724,0.003235160358978724,0.05776101359712654,0.0,-0.0,0.0,0.0005473725228144142,0.24204711608111928,0.2428474124593031,1.1324948747884429e-5,0.0,0.0,0.004273280660868058,0.0,0.0026160631607613036,0.001038120301889406,0.0,0.0,0.0,0.0,0.0,0.0,3.774982915961477e-6,3.7749829159614767e-6,0.001038120301889406,3.033358440734621,0.0028803119648785555,0.0007398966515284494,0.0,0.01214789502356403,0.0,0.0,0.0,1.1324948747884429e-5,0.0,0.0,0.0,0.0,0.0,0.0,0.0,0.0,0.0,2.9503754014284373,0.0,0.0,0.0,0.0,0.0002868987016130722,3.774982915961477e-6,0.0,0.0,0.0,0.0,0.0,0.0,0.0,0.0,0.0,0.0,0.0,0.0,0.0,0.03238935341894947,4.555649382982311e-6,4.555649382982311e-6,0.0,0.0,0.00047564784741114613,0.0,0.0,3.7749829159614762e-6,0.0,0.0,0.0,0.0,0.005646116114639459,0.0,0.005638566148807537,0.0,0.0,0.0,0.0,0.0,0.0,0.0,-0.0,0.0,0.0,0.0,0.0,0.0,0.0,0.0,0.0,0.0,0.0,0.0,0.0,-0.0,0.0,0.0,0.0,0.0,0.0,0.0,0.001038120301889406,0.0,0.0,0.0,0.0,0.0,-0.0,0.0053680257064972195,0.0,0.0,0.0,0.0,0.0,0.0,-0.0,0.0,0.0,0.0053680257064972195,0.0,0.0,0.001038120301889406,0.0,0.0026160631607613036,0.0,0.0,0.0,0.0003774982915961477,0.0,0.0,0.0,0.001038120301889406,0.0,