{"objective_value":0.0002528131352332658,"time_limit":1800,"thermo_feasible":true,"dual_bound":0.0002528131352332658,"solution":[2.528131352332657e-6,-3.7613098800183487,0.0019289642218298087,-0.0,0.003273930101270792,2.528131352332658e-6,0.0,-0.0,0.0,0.0,-0.0,0.0,0.0,0.0,0.0,0.0,0.0,0.0,0.0,7.584394057090492e-6,0.0,0.0,0.0,-9.25185853854297e-17,0.0,0.0,0.0,0.0017519950271665313,0.0,0.0014233379513632865,0.0,0.0,-0.0,0.0,0.0,0.0,0.0017519950271665313,1.2357369009808317,0.0,0.0,0.0,0.0,-0.0,2.528131352332657e-6,0.0009859712274097364,-0.0,-0.0,0.0,0.14941694043285922,0.0,0.0,0.0,0.03172804847177486,0.0,0.04331504101375147,0.0,9.25185853854297e-17,0.0,9.25185853854297e-17,9.25185853854297e-17,0.0,9.25185853854297e-17,0.0,9.25185853854297e-17,0.0,0.0,0.0,0.0,0.000695236121891481,-0.0,0.0,2.528131352332658e-6,0.000695236121891481,0.0,0.0021666085689492076,0.0009859712274097364,0.0,0.0,0.0013576065362027577,0.0,0.0,0.0,0.0,0.0,0.0,0.0,0.0,0.0,0.0,7.584394056997332e-6,7.584394056997332e-6,0.8307457970459134,5.056262704665316e-6,0.0,0.0,0.07348772214960585,0.0,0.00019213798277728197,0.0,0.0009859712274097364,0.0,0.0,0.0,0.002533187615037443,0.0004955137450572009,0.0021666085689492076,0.0021666085689492076,2.4054187185975713e-19,1.8152373741525856,1.8152373741525856,0.0,0.0,0.000695236121891481,0.0,0.0,-0.0,-0.0,0.06879045409697163,0.0,0.0,0.0010542307739226926,0.0,0.0,0.0017949732601561872,0.0,0.0,0.0,0.0008747334479071162,0.0,0.0,0.0,0.0,0.00031854455039391494,0.0,0.0,0.0,0.0,0.0,0.3074865038588119,0.0,0.0,0.0,0.0,0.0,0.0,0.0,0.0,0.0,0.0,-0.0,0.0,0.0,0.0,0.0,0.0,0.0,0.10618151679797158,0.0,0.0,0.0,0.0,0.0,0.0,0.0,0.0,0.0,0.0,0.00032107268174624755,0.0,3.7613098800183487,0.0,0.0,0.003273930101270792,0.0,-0.0019289642218298087,0.0,0.0,0.0,5.056262704665316e-6,5.056262704665316e-6,2.528131352332658e-6,0.8317317682733232,0.0,0.0,0.0,0.0,0.0,0.0,-5.056262704665316e-6,0.0,0.0,0.0,0.0,0.0,0.000184553588720284,0.0,0.0,0.15414960232442593,0.0,0.6466881786406767,-0.0,0.0,0.0,-0.3212026842307216,0.0011326028458450307,0.00015168788113995949,0.0,0.0,0.0,0.0,0.0,-0.0,0.0,0.04331504101375147,0.15993902312126798,0.0,0.15414960232442593,-0.0,0.0,0.0003665790460882355,0.0,-0.0,0.0,0.0,0.0,0.0,-0.0,2.432796797775562,0.4490807505392276,-0.0,-0.0,-0.0,0.0,0.0,0.14941694043285922,0.0,0.8317317682733232,-0.0,0.0,0.0,0.0,0.0,0.0,0.0,0.0,-0.0,0.0,0.0,0.0,0.0,0.0,0.0035950027830170396,0.0,0.0035950027830170396,0.0,-0.0,0.0,0.00019213798277728134,-0.0,-0.0,0.0,0.0,-0.0,0.0,0.0,7.584394056997332e-6,0.0,-5.056262704619636e-6,0.0013399096167363085,-0.0,0.0,-0.0,0.0,7.584394056997332e-6,0.0,-0.0,0.0,-4.117444607632129,0.0,0.0,0.0,-0.0,2.528131352332658e-6,-0.0,-0.3337664292663103,7.584394056997332e-6,-1.8214591054106766,0.0,0.0021666085689492076,0.0017519950271665313,7.584394056997332e-6,-0.0,0.0,0.0,0.0001618004065492896,-0.0,2.5281313523326576e-6,-0.000695236121891481,-0.0,7.584394056997332e-6,-0.0,-2.5281313523326576e-6,-0.0,0.0,-0.0,0.0,0.0,0.0,0.0,0.0,0.0,0.1897465618846116,2.528131352332657e-6,-0.0,7.584394056997332e-6,-0.0,0.0,-0.0,0.0,0.8307508533086181,0.0,0.0,5.056262704665316e-6,0.0,0.0,0.0,0.0,7.584394056997973e-6,0.0,3.350446316007404,0.0,0.0,0.0,2.528131352332658e-6,3.350446316007404,0.0,-0.0,0.0,0.6466881786406767,0.0,0.0,0.0,0.0,0.0,0.0,0.0,0.0,0.002204530539234198,0.0,1.8187615892577378,-2.432796797775562,0.0,0.0,0.03862479080093834,0.0,0.0,0.37355754818533327,0.0,0.0,0.0,0.0,0.00036657904608823535,0.0,0.0,0.0,9.25185853854297e-17,0.0,0.0,0.0,0.0,0.0,0.0,0.0,0.0,0.0,0.0,-0.0,0.0,0.012614166858625677,0.0,0.002533187615037443,0.0,0.0,0.0,0.08899194273142914,0.0,0.0021666085689492076,0.0,0.0,0.0,0.0034900298557334728,0.038682937822042,0.0,2.528131352332658e-6,2.5281313523326576e-6,0.0,9.25185853854297e-17,0.0,9.25185853854297e-17,0.0,0.49770987164566355,0.0,0.0,0.003180389241234604,0.0,9.25185853854297e-17,-9.25185853854297e-17,0.0,0.0,9.25185853854297e-17,0.0,9.25185853854297e-17,0.0,0.0,0.0,0.0,0.04822410554574569,1.5605187066323662,0.0,0.0,0.0,0.0,0.0,0.0,0.0,0.0,0.0,0.0,0.06879045409697163,0.0,0.0,0.0,0.0,0.0,0.0,2.528131352332657e-6,-9.281265807129802e-7,6.656267476284352e-6,0.0,0.0,0.0,0.0,0.0,0.0,-0.0,4.045010163732253e-5,4.045010163732253e-5,0.0,0.0,0.0,0.0,0.0,1.2379035095497808,0.0,0.0,2.5281313523326576e-6,0.0004955137450572009,0.0,0.0,0.0,0.0,0.0,0.0,0.0,0.0,0.0,0.0,0.0,0.0,0.0,0.0,0.0,0.0,0.0,0.0,0.0,0.0,0.0,0.00036657904608823535,5.056262704665314e-6,2.528131352332657e-6,7.584394056997973e-6,7.584394056997973e-6,0.0,0.0,-0.0,0.0,0.03172804847177486,7.584394056997332e-6,2.528131352332657e-6,0.1505545995414089,0.0,0.0,0.0,0.0,0.0011755810788346855,0.0,0.0,0.1505545995414089,-0.0,5.056262704619636e-6,0.0,0.0003665790460882355,0.0,0.0,0.0,2.528131352332657e-6,0.0,0.0,0.0003665790460882355,0.0,0.0003665790460882355,0.0,0.0024977937761047862,0.00032107268174624755,0.001026421329047059,0.0,0.0,0.0,0.0014435630021819477,0.0,0.0,-0.0,0.0011755810788346855,0.0,0.0,0.0,0.0,0.0,0.0,-0.0,2.528131352332658e-6,0.03712598423538564,4.117444607632129,0.0,-0.0,0.00012640656761663286,0.005461623285698334,0.0,-0.0,0.03712598423538564,0.03712598423538564,0.0,0.03712598423538564,0.0,0.000695236121891481,0.0,0.0,0.0,0.0,0.11164314008366993,0.04331504101375147,0.14941694043285922,0.0,0.0009859712274097364,0.0,0.0,0.0,0.0,0.0,0.0,0.6857710810628608,0.00012640656761663286,0.0,0.03712598423538564,0.0,0.0,0.0,0.0,0.0,0.0,0.0,0.0,0.0,0.0,0.0,1.8152373741525856,0.00012640656761663286,0.0018960985142494932,0.011250184517880327,0.0,0.0,2.5281313522871922e-6,0.0,0.0,0.0,0.0,0.0,0.0,0.0,0.0,0.0,0.0,0.0,0.0,0.0,0.0,0.0,0.0,0.0,0.0,0.0,0.0,0.0,0.0,0.0,0.0,0.0,0.0,0.0,0.0,0.0,0.0,0.0,0.0,0.0,0.0,0.0,0.0,0.0,0.0,0.0,0.0,0.0,0.0,0.0,0.0,0.0,0.0,0.0,0.0,0.0,0.0,0.0,0.0,0.0,0.0,0.0,0.0,0.0,0.0,0.0,0.0,0.0,0.0,0.0,0.0,0.0,0.0,0.0,0.0,0.0,0.01610419671435915,0.01610419671435915,5.056262704619636e-6,0.0,-0.0,5.056262704619636e-6,0.0,0.0,0.011250184517880327,0.0,2.528131352332658e-6,0.0,0.0,0.0,0.0,0.0,2.8227583932096074,0.0,0.0,0.0,0.0,0.0,0.0,0.0,0.0,0.0,0.0,0.0,0.0,0.0,0.0,0.0,0.0,0.0,0.0,0.0,0.0,0.0,0.0,0.0,0.0,0.0,0.0,0.0,0.0,0.0,2.528131352332658e-6,0.00019213798277728197,0.0,0.0,0.0,0.0,0.0,0.0,0.0,0.0,0.0,0.0,0.0,5.056262704619636e-6,0.0,0.0,0.0,0.0,0.0,0.0008418677403267751,0.0,0.0,0.0,0.08899194273142914,0.0,0.01610419671435915,0.0,0.2322107414992925,0.0034900298557334728,0.0,0.0,0.0,0.0,0.0,0.012614166858625677,0.0,0.09265601406299188,0.0,0.0,0.0,0.0,0.0,-9.474059396598854e-18,0.09265601406299187,0.0,0.3337664292663103,0.0,0.0,0.0,0.0,0.0,0.0,0.0,0.0,0.0,0.0,0.8317317682733232,0.0,0.0,0.0,0.0,0.0,-0.0,-0.0,7.584394056997973e-6,0.0,0.0,-0.0,0.0,0.0,0.0,0.0,0.0,0.5077895419020956,0.0,0.0,0.0,0.0,0.0,1.820923141563982,2.0225050818661257e-5,0.0,0.33777084852439554,0.0019289642218298087,0.0,0.0,0.0,0.0005814702110365113,0.0,0.0,0.0,0.0,0.0008418677403267751,2.528131352332657e-6,0.0021666085689492076,0.0,1.3210517176120742,0.1897465618846116,0.0,0.00032107268174624755,0.0021666085689492076,0.0003665790460882355,0.0,0.0003665790460882355,0.0,0.6488750122604446,0.0,0.0,0.0,0.0,0.0021666085689492076,0.0021666085689492076,0.038682937822042,0.0,-0.0,0.0,0.0003665790460882355,1.820923141563982,1.8214591054106766,7.584394056997974e-6,0.0,0.0,0.002861844690840643,0.0,0.0017519950271665313,0.000695236121891481,0.0,0.0,0.0,0.0,0.0,0.0,2.5281313523326576e-6,2.528131352332657e-6,0.000695236121891481,0.0,0.0019289642218298087,0.0004955137450572009,0.0,0.008135526691806493,0.0,0.0,7.584394056997973e-6,0.0,0.0,0.0,0.0,0.0,0.0,0.0,0.0,0.0,0.0,0.0024977937761047862,0.0,0.0,0.0,0.0,0.00019213798277728197,2.5281313523326576e-6,0.0,0.0,0.0,0.0,4.598711002628225,0.0,0.0,0.0,0.0,0.0,0.0,9.25185853854297e-17,0.0,0.021691367003014203,3.050948915995051e-6,3.050948915995051e-6,0.0,0.0,0.0,0.0,0.0,2.528131352332658e-6,0.0,0.0,0.0,9.25185853854297e-17,0.003781241792638919,0.0,0.003776185529934254,0.0,0.0,0.0,0.0,0.0,0.0,0.0,-0.0,0.0,0.0,0.0,9.25185853854297e-17,0.0,0.0,0.0,0.0,0.0,0.0,0.0,0.0,-0.0,0.0,0.0,0.0,