{"objective_value":0.9828118163906886,"time_limit":1800,"thermo_feasible":false,"dual_bound":0.9828118163906886,"solution":[-0.0,-0.0,-0.0,-0.0,0.0,0.0,0.0,-0.0,-0.0,-0.0,-0.0,-0.0,-0.015784940583050848,-0.0,0.0,0.0,-0.0,-0.0,-0.0,-0.0,0.0,1.965623632781377e-6,-0.0,0.0,0.0,-0.0,1.965623632781377e-6,0.0,0.0004402996937430126,0.0,-0.0,-0.0,0.0,-0.0,-0.0,-0.0,-0.0,0.0,-0.0,-0.0,-0.0,0.0,0.0,0.9828118163906886,-0.0,-0.0,0.0,-0.0,-0.0,-0.0,-0.0,-0.0,-0.0,-0.0,-0.0,-0.0,0.0,-0.0,-0.0,-0.0,-0.0,-0.0,-0.0,-0.0,0.0,-0.0,-0.0,-0.0,-0.0,-0.0,-0.0,-0.0,-0.0,-0.0,-0.0,-0.0,-0.0,-0.0,-0.0,-0.0,-0.0,-0.0,-0.0,0.0,0.0,-0.0,-0.0,-0.0,-0.0,-0.0,-0.0,-0.0,-0.0,-0.0,-0.0,-0.0,-0.005115535504273794,0.0,0.0,0.0,-0.0,-0.0,-0.0,-0.0,-0.0,-0.0,0.0,-0.0,-0.0,-0.0,-0.0051155355043135346,-0.0,-0.0,-0.0,-0.19183798687674772,3.469446951953614e-18,-0.0,-0.0,-0.0,19.675854276183177,-2.457029540976722e-5,-0.0,-0.0,0.0,0.0,0.0,0.0,0.0,0.0,0.0,-0.0,-0.0,-0.0,-0.0,0.0,-0.0,-0.0,-0.0,-0.0,0.0,-0.0,0.0,0.0,-0.0006968135778209984,-0.0,-0.0,-0.0,-0.0,-0.0,-0.0,0.0,0.0,0.0,-0.0,-0.0,-0.0,-0.0,1.965623632781377e-6,-0.0,-0.0,-0.0,-0.0,-0.0,-0.0,-0.0,-0.0,-0.0,-0.0,-0.0,-0.008525892507189225,-0.0,-0.0,-0.0,-0.0,-0.0,-0.0,-0.0,-0.0,-0.0,-0.0,-0.0006791229651259659,-0.0,-0.0,-0.0,-0.00012678272431439883,-0.0,-0.0,0.0,-0.0,-0.0,-0.0,-0.0,-0.0,-0.0022388453177379767,-10.612061940497416,-0.00031744821669419244,0.0,-0.0,-0.0,-0.0,-0.0,-0.0,-0.0,-0.0,-0.0,-0.0,-0.0,-0.0,-0.0,-0.0,-0.0,-0.0,-0.0,0.0,-17.578383489797154,-0.0,-0.0,-0.0,-0.0,-0.2476558011768404,-0.0,-0.0,-0.0,-0.0,-0.0,-0.0,-0.0,-0.0,-0.0,-0.0,-0.0,-0.0,-0.0,0.0,-0.9480507452564559,-0.0,-0.0,-0.0,-0.00021916703505512358,-0.0,-0.0,-0.0,-0.0,-0.0,-0.0,-0.0,-0.0,-0.0,-0.0,-0.0,-0.0,-0.0,-0.0,-0.0,-0.0,-0.0,-0.0,-0.0,-0.0,-0.0,-0.0,-0.0,-0.0,-0.0,-0.0,-0.0,-0.0,-0.0,-0.0,0.0,0.0,-0.0,-0.0,-0.0,-0.0,-0.0,0.0,0.0,0.0,-0.0,-0.0,-0.0,-0.0,0.0,0.0,0.0,-0.0,-0.0,-0.0,0.0,-0.0,0.0,0.0,0.0,0.0,0.0,-0.0,-0.0,-0.0,-0.0,-0.0,-0.0,-0.0,0.0,0.0,0.0,-0.0003351388293892248,0.0,-0.0,0.0,0.0,0.0,0.0,0.0,-0.0,0.0,0.0,0.0,0.0,0.0,0.0,0.0,-0.0,0.0,0.0,0.0,0.0,0.0,0.0,0.0,0.0,0.0,0.0,0.0,0.0,0.0,0.0,0.0,0.0,0.0,0.0,-0.0,0.0,0.0,0.0,0.0,-0.0,0.0,0.0,-0.0,0.0,0.0,0.0,0.0,0.0,0.0,0.0,0.0,0.0,0.0,0.0,0.0,0.0,0.0,0.0,0.0,0.0,0.07648634679878898,-0.0,0.0,0.0,0.0,0.0,0.0,0.0,0.0,0.0,-0.0,0.0,0.0,0.0,0.0,0.0,0.0,0.0,0.0,0.0,0.0,0.0,0.0,0.07648634679878898,0.0,0.0,-0.0,0.0,0.0,0.0,0.0,0.0,0.0,0.0,-0.0,0.0,0.0,0.0,0.0,-10.0,0.0,0.0,0.3497630692171183,0.3497630692171183,0.3497630692171183,0.3497630692171183,0.3497630692171183,0.0,0.0,0.0,0.0,0.0,0.0,0.27327672241832934,0.27327672241832934,0.0,0.0,-0.0,0.0,0.0,0.0,0.0,0.0,1.965623632781377e-6,-0.0,0.0,0.0,0.03824317339939449,0.0,0.0,0.07649224366968732,1000.0,0.0,0.0,0.0,0.0,0.0,0.0,0.1254343065023108,0.14784241591601852,0.0,0.0,0.0,0.0,0.07648634679878898,-0.0,0.0,0.0,0.2907078727938346,0.2907078727938346,-0.0,0.2855353342041704,-0.0,0.5723434097105666,-0.0,0.8592419039040711,0.0,0.0,0.0,-0.0,0.0,-0.1254343065023108,0.0,0.0,0.0,0.0,0.0,0.0,0.0,0.0,0.0,0.2907078727938346,0.0,-0.3497630692171183,-0.3497630692171183,-0.0,-998.5512076171041,-0.3497630692171183,-0.0,0.0,4.857697691118688,-1000.0,4.857697691118688,-0.27327672241832934,-0.0,-0.2907078727938346,0.0,-0.0,0.0,0.0,0.0627171532511554,0.0,0.0,0.0,0.0,0.0,0.0,0.0,0.0,0.0,0.0,0.0,0.0,0.0,0.0,0.0627171532511554,0.0,-0.0,0.0,0.0,0.0,0.07392120795800926,0.0,0.0,-0.2907078727938346,0.0004402996937430126,0.0,-0.0,0.0,0.0006575011051653198,0.0006575011051653198,0.0,0.0,0.0,0.5334240617813413,0.4403144359201202,-0.4403144359201202,3.800986288629953,0.0,0.0,0.0,0.0,1000.0,-997.4210320141522,0.0,0.0,0.02731037475386446,-0.0,0.0,0.0,0.04096556213079668,0.0,0.0,0.00044226531737580696,0.0,0.0,-1000.0,0.0,0.0,-0.0,0.0,0.0,-0.0,0.0,0.0,0.0,0.0,0.0,0.0,0.0,0.24339236351733762,0.29389709713786805,0.4403144359201202,0.0,0.0,-0.0,0.0,0.0,-0.0,0.0,0.29389709713786805,0.0,0.0,0.0,0.0,0.0,0.0,0.0,0.0,-0.0,0.0,0.0,0.0,0.0,-0.0,0.0,0.0,0.0,-0.0,0.0,0.0,0.0,-0.0,-0.0,-0.0,0.0,0.0,-0.0,-0.0,-0.0,1.965623632781377e-6,0.0,-0.0,0.0,0.0,0.0,0.0,0.0,0.0,-0.0,0.0,0.0,0.0,0.0,0.0,0.05586597207909591,0.05586597207909591,-1.050700525419692,0.0,0.0,0.0,0.0,0.0,0.0,0.23691170240005743,0.0,0.0,0.0,1.965623632781377e-6,0.0,0.0,0.0,0.0,9.025606123667671,0.0,0.0,0.0,0.0,0.0,0.0005660996062410089,0.0,0.0,-0.0,0.0627171532511554,0.0,0.0,0.0,0.0,0.0,0.32510923480295784,1.050700525419692,0.0,0.0,0.0,0.0,0.0,-2.8751186704808287,0.0,0.0,0.0,0.0,45.61741983839114,0.0,0.0,-0.0,0.0,0.0,0.0,0.00043833407011024717,0.0,0.0,0.0,0.0,0.0,0.0,-0.0,-0.0,0.0,3.15,0.09310962586122108,0.0,0.0,0.0,0.0,0.0,0.0,55.81368436344336,0.0,0.0,0.0,0.0,-0.0,0.0,0.0,0.000119903041599664,0.000119903041599664,0.000119903041599664,0.24339236351733762,0.0,0.0,0.0,0.0,0.0,0.0,0.0,0.0,0.0,0.2907078727938346,0.2907078727938346,0.0,0.0,1.965623632781377e-6,0.0,0.0,0.0,0.0,-0.0,0.0,0.0,0.0,0.0,999.9948844644957,-0.0,0.005115535504273794,0.0,0.0,0.0,0.0025577677521567673,-1000.0,-0.0,0.0,0.6158171075967924,0.0051155355043135346,0.0,0.0,0.0,-19.675854276183177,0.0,0.0,0.0,0.0,0.0,0.0,-19.675854276183177,0.0,0.0,0.0,-0.0,0.0,0.0023479374293573557,2.457029540976722e-5,2.457029540976722e-5,0.0,0.0,0.0,0.0,0.0,0.0,0.0,0.0,0.0,0.0,0.0,0.0,0.0,0.0,0.0,0.0,0.0,0.0,0.0,0.0,0.0,0.0,0.3176064493966313,0.3743490896159477,0.00021916703505512358,0.0,0.0,0.0,0.0,0.0,0.0,0.000239806083199328,0.00021916703505512358,0.0,0.0,0.0,0.0,0.0,4.857697691118688,0.0,0.0,0.0,0.0,0.0,0.0,0.0,0.0,0.0,0.0,0.0,-0.14784241591601852,0.0,0.0,0.0,0.15776586682611535,0.0,0.0,0.0,0.0,0.0,0.0,0.0,0.0006968135778209984,0.0,0.0,0.0008766681402204943,1.965623632781377e-6,0.0006968135778209984,0.07392120795800926,0.0,0.0,0.0,0.0,0.0,0.0,0.0,0.0,0.0,0.0,0.00027322168495661143,0.0011739687146786776,0.0,0.0,0.0,0.0,0.0,0.0,0.3743490896159477,0.0,0.0,0.0,0.0,0.0,0.0,0.0,0.0,0.8592419039040711,0.2855353342041704,0.0,0.0,0.0,0.0006575011051653198,0.0006575011051653198,0.0,0.0,0.0,0.0005660996062410089,0.0,0.0,0.0,0.0,0.0005660996062410089,0.0,0.0,0.0,0.0,0.0,-0.0,0.36457306047830956,0.36457306047830956,0.026373755092844082,0.0,0.0,0.0,0.0,0.0,0.0,0.0,0.025716253987678763,0.0006575011051653198,0.0,0.0,0.0,0.0,0.0006575011051653198,0.0,0.0,0.0,0.0,0.32510923480295784,0.0,0.0,0.0,0.0,0.0,0.0,0.0,0.0,-0.32510923480295784,0.00043833407011024717,0.0006575011051653198,0.0023479374293573557,0.0004402996937430126,0.002567104464412479,-0.0,0.24339236351733762,0.0,0.0,0.3743490896159477,0.3743490896159477,0.0,0.00021916703505512358,0.0,0.0,0.0,0.0,0.0,0.0,0.0,0.0,0.0,0.1512655494725073,0.0,0.0,0.0,0.0,0.0,0.0,0.0,0.0,0.0,0.0,0.0,0.0,0.0,0.0,0.0,0.0,0.0,0.0,0.0,0.0,0.0,0.0,0.0,0.0,0.0,0.0,0.0,0.0,0.0,0.0,0.0,0.3497630692171183,0.3497630692171183,0.0,0.3497630692171183,0.3497630692171183,0.3497630692171183,0.0,0.07648634679878898,0.0,0.0,0.1254343065023108,0.27327672241832934,0.27327672241832934,0.14784241591601852,0.0,0.0,-0.0,0.0,0.0,0.0,0.0,0.0,0.0,0.0,0.0,0.0,0.0,0.0,0.0,0.0,1.965623632781377e-6,0.0,14.588491932095673,0.0,0.0,35.14843568382676,0.0,0.0,0.0,0.0,0.0,1.965623632781377e-6,0.0,0.0,0.0,0.0,0.0,0.0,0.0,0.0,1000.0,0.0,0.0,0.0,0.0,0.0,0.0,0.0,0.0,0.0,0.0,0.0,0.0,7.783884894648648,0.0,0.0,0.0,0.0,0.0,0.0,0.0,0.0,0.0,0.0,0.00021916703505512358,0.0,0.0,0.0,0.0,0.0,0.0,0.015784940583050848,0.015784940583050848,0.0,0.0,0.0,1000.0,0.0,0.0,0.0,0.0,0.0,0.0,0.0,0.0,0.0,0.0,0.0,0.0,0.1777955716441575,0.0,0.0,0.0,0.0,0.0,0.0,0.0,0.0,0.0,0.0,0.0,0.0,0.0,0.0,0.0,0.0,0.0,0.0,0.0,0.0,0.0,0.0,0.0,0.0,0.0,0.0,0.0009862516577480306,0.0,0.0,0.0038368973311892485,0.0,0.007673794662378497,0.0,0.0,0.0,0.0,0.0,4.825905694481776,0.0,0.0,0.0,0.0,0.0928639229071234,0.0,0.0,0.0,0.0035066725608819773,0.0,0.00021916703505512358,0.0,0.0,-0.0,0.0,0.0,0.0,0.0,0.0,0.0,0.0,0.0,0.0,0.0,0.0,0.0,0.0,0.07392120795800926,0.0,0.0,0.0,0.0,0.0,0.0,0.0,0.0,-0.13663836120916467,0.0,0.0,0.0,0.0,0.0,0.0,0.0,0.0,0.0,0.0,996.5834444029986,0.0,0.0,0.0,0.0,0.0,0.0,0.0,0.0,0.0,0.0,0.0,0.0,0.0,0.0,0.0,0.0,0.2172554660722437,0.2172554660722437,0.0,