{"cuts":3974,"times_sub_problem":[0.011922121047973633,0.012015819549560547,0.019761085510253906,0.01317906379699707,0.01272892951965332,0.011868000030517578,0.012166976928710938,0.016485214233398438,0.017873048782348633,0.015390872955322266,0.014850139617919922,0.04345989227294922,0.013822793960571289,0.01449894905090332,0.018756866455078125,0.015307903289794922,0.020080089569091797,0.015117883682250977,0.015280008316040039,0.014606952667236328,0.015467166900634766,0.01542210578918457,0.014381885528564453,0.015039920806884766,0.012783050537109375,0.015672922134399414,0.01700282096862793,0.013764142990112305,0.014801979064941406,0.014458179473876953,0.019823074340820312,0.01907491683959961,0.01480412483215332,0.016723155975341797,0.015996932983398438,0.013410091400146484,0.01427602767944336,0.011902093887329102,0.013664007186889648,0.014273881912231445,0.021100997924804688,0.017428159713745117,0.015512943267822266,0.015312910079956055,0.01420903205871582,0.014649152755737305,0.017443180084228516,0.018146038055419922,0.01753997802734375,0.014883041381835938,0.014548063278198242,0.017335176467895508,0.0156400203704834,0.014060020446777344,0.020740032196044922,0.013813972473144531,0.014153003692626953,0.017901182174682617,0.0165250301361084,0.014285087585449219,0.01890397071838379],"objective_values":[0.982811816390686,0.982811816390659,0.9828118163906644,0.982811816390665,0.982811816390662,0.9828118163906919,0.9828118163906596,0.982811816390669,0.9828118163906691,0.9828118163906645,0.9828118163906677,0.9828118163906674,0.9828118163906634,0.9828118163906685,0.9828118163906093,0.9828118163906612,0.9827954417150773,0.9828118163906621,0.9828118163906578,0.982811816390664,0.982811816390661,0.982811816390661,0.9828118163906668,0.9828118163906608,0.9828118163906683,0.9828118163906623,0.9828118163906587,0.9827855071237488,0.9828118163906697,0.9828118163906625,0.982811816390673,0.9828118163906645,0.9828118163906608,0.9828118163912914,0.9828118163906603,0.9828118163906636,0.9828111119037621,0.9828118163906661,0.9828118163906668,0.982811816390676,0.9828118163906631,0.9828118176559321,0.9828118163912913,0.9828118163906648,0.9828118163906585,0.9828118347647392,0.9828118163906652,0.9828118163906615,0.9828118163906637,0.9828118163906661,0.9828118401790497,0.9828091142087243,0.9828118163912913,0.9828116661150579,0.9828118163906627,0.9828118163906638,0.9828054084570215,0.9828118915808056,0.9828118783474618,0.9828118163906643,0.9828118163906605],"time":4250.392508029938,"objective_value":null,"μ":null,"time_limit":1800,"x":null,"times_mis_problem":[2.6011459827423096,3.094425916671753,2.627372980117798,2.6335489749908447,2.9096970558166504,2.534566879272461,2.6260488033294678,2.2015461921691895,3.101486921310425,2.370811939239502,3.1780669689178467,2.964200019836426,3.1391799449920654,3.753772020339966,3.6422600746154785,2.5342371463775635,3.327687978744507,2.750777006149292,3.527735948562622,2.498455047607422,3.375731945037842,2.7817249298095703,2.7891440391540527,3.7654500007629395,3.242234945297241,3.2692911624908447,3.1650259494781494,3.10904598236084,2.9302871227264404,3.3152408599853516,3.6333680152893066,3.1106019020080566,3.4338700771331787,2.5720131397247314,3.1515109539031982,2.895131826400757,3.2684988975524902,2.636354923248291,2.707095146179199,3.0729310512542725,2.9039011001586914,3.3142499923706055,4.105648994445801,2.762265920639038,3.4629039764404297,2.7845680713653564,2.952749013900757,3.435512065887451,3.1318140029907227,2.8819730281829834,3.8918259143829346,3.962028980255127,3.2772469520568848,3.3071839809417725,3.1873109340667725,3.2030739784240723,3.6716578006744385,3.8485119342803955,3.4418439865112305,2.5499038696289062,3.798570156097412],"dual_bounds":[0.982811816390686,0.982811816390659,0.9828118163906644,0.982811816390665,0.982811816390662,0.9828118163906919,0.9828118163906596,0.982811816390669,0.9828118163906691,0.9828118163906645,0.9828118163906677,0.9828118163906674,0.9828118163906634,0.9828118163906685,0.9828118163906093,0.9828118163906612,0.9827954417150773,0.9828118163906621,0.9828118163906578,0.982811816390664,0.982811816390661,0.982811816390661,0.9828118163906668,0.9828118163906608,0.9828118163906683,0.9828118163906623,0.9828118163906587,0.9827855071237488,0.9828118163906697,0.9828118163906625,0.982811816390673,0.9828118163906645,0.9828118163906608,0.9828118163912914,0.9828118163906603,0.9828118163906636,0.9828111119037621,0.9828118163906661,0.9828118163906668,0.982811816390676,0.9828118163906631,0.9828118176559321,0.9828118163912913,0.9828118163906648,0.9828118163906585,0.9828118347647392,0.9828118163906652,0.9828118163906615,0.9828118163906637,0.9828118163906661,0.9828118401790497,0.9828091142087243,0.9828118163912913,0.9828116661150579,0.9828118163906627,0.9828118163906638,0.9828054084570215,0.9828118915808056,0.9828118783474618,0.9828118163906643,0.9828118163906605],"times_master_problem":[0.6571049690246582,3.435335159301758,0.5824809074401855,0.8069279193878174,1.4239840507507324,2.6662800312042236,1.417452096939087,2.124152183532715,0.4897899627685547,1.4878180027008057,12.77173900604248,42.77910399436951,1.7067139148712158,1.1448838710784912,7.333737850189209,4.484226942062378,1.918416976928711,11.478729963302612,4.6008641719818115,1.2966620922088623,77.40638303756714,60.07939314842224,2.6494369506835938,9.197499990463257,1.9631328582763672,2.128931999206543,9.883523941040039,2.5791661739349365,3.0275700092315674,20.211992979049683,2.120128870010376,1.4504499435424805,3.1119120121002197,0.8212478160858154,2.3430168628692627,65.20565509796143,1.306020975112915,4.42779016494751,25.315309047698975,3.0216169357299805,3.463265895843506,3.0631120204925537,12.215223789215088,13.067569017410278,10.417368173599243,5.909604072570801,3.1102561950683594,25.733948945999146,96.07925295829773,10.23282504081726,6.43823504447937,5.613889932632446,4.502424001693726,8.620937824249268,2.681770086288452,17.911280870437622,5.60794997215271,5.736661195755005,6.183773994445801,13.809961080551147,9.306771993637085,4250.392081022263],"solution":null,"a":null,"iter":61,"G":null,"thermo_feasible":false,"scip_tol":1.0e-6,"termination":"INFEASIBLE"}