{"objective_value":0.3998801249453589,"time_limit":1800,"thermo_feasible":false,"dual_bound":0.3998801249453589,"solution":[0.0,7.997602498907179e-7,0.0,7.99760249890718e-7,0.00017914629597551995,0.0,0.0,0.399880124945359,-0.0,-0.0,0.0,-0.0,-0.0,-0.0,-0.0,-0.0,-0.0,-0.0,-0.0,-0.0,-0.0,-0.0,-0.0,-0.0,0.0,-0.0,0.0,-0.0,-0.0,-0.0,-0.0,-0.0,-0.0,-0.0,-0.0,-0.0,-0.0,-0.0020813760503415324,0.0,0.0,-0.0,-0.0,-0.0,-0.0,-0.0,-0.0,-0.0,-0.0,-0.0020813760503405935,-0.0,-0.0,-0.0,-0.0,-0.0,-0.0,-0.0,-0.0,43.59825487376036,-9.997003123633975e-6,-0.0,0.0,0.0,-0.0,-0.0,-0.0,-0.0,-0.0,-0.0,0.0,0.0,-0.0,-0.0,-0.0,-0.0,-0.0,-0.00028351500858625955,-0.0,-0.0,-0.0,-0.0,-0.0,-0.0,-0.0,-0.0,-0.0,-0.0,-0.0,-0.0,-0.0,-0.0,-0.0,-0.0,-0.0,-0.0,-0.0,-0.0,-0.0,-0.0,-0.0,-0.0,-10.0,-0.0,-0.0,-0.0,-0.0,-0.0,-0.0,-0.0,-0.0,-0.0,-0.0,-0.0,-0.0,-0.0,-0.0,-0.0,-0.0,-0.0,-0.0,-0.0,-0.0,-0.0,-0.0,-0.0,-0.0,-0.0,-0.0,-0.0,-0.0,-0.0,-0.0,-0.0,-0.0,0.0,-0.0,-0.0,-0.0,0.0,-0.0,0.0,-0.0,-0.0,-0.0,-0.0,-0.0,3.6698726548370924,-0.0,54.148376185018655,-0.0,-0.0,-0.0,-0.0,-0.0,-0.006422474686747412,-0.0,0.0,0.0,-0.0,0.0,0.0,0.0,-0.0,0.0,-0.0,-0.0,-0.0,0.0,0.0,-0.0,-0.0,-0.0,-0.0,0.0,0.0,0.0,-0.0,0.0,-0.0,-0.0,-0.0,-0.0,-0.0,-0.0,-0.0,-0.0,0.0,-0.0,-0.0,0.0,-0.07805380122845948,0.0,-0.0,-0.0,2.6020852139652106e-18,-0.0,-0.0,-0.0,-0.0,-0.0,-0.0,-0.0,7.99760249890718e-7,-0.0,-0.0,-0.0,-0.0,0.0,0.0,0.0,-0.0,-0.0,-0.0,-0.0,-0.0,-0.00346896008390099,-0.0,-0.0,-0.0,-0.0,-0.0,0.0,0.0,0.0,-0.0,-0.000276317166337243,-0.0,-5.158453611795131e-5,-0.0,-0.0,-0.0,-0.0,-0.0,-0.0,-0.0,-0.000910926924625532,-0.0,-0.0,-0.0,-0.0,-4.315894592011115,-0.00012916128035735095,0.0,0.0,-0.0,-0.0,-0.0,-0.0,-0.0,-0.0,-0.0,0.0,-0.0,-0.0,0.0,-42.74418070595861,-0.0,-0.0,-0.0,-0.0,-0.0,-0.0,-0.0,-0.0,-0.0,-0.0,-0.0,-0.0,-0.0,-0.0,-0.0,-0.0,-0.0,-0.0,-0.0,-0.0,0.0,-0.0,-0.0,-0.0,-0.0,-0.38573676480590857,-0.0,-0.0,-0.0,-0.0,-0.0,-0.0,-0.0,-0.0,-0.0,-0.0,-0.0,-0.0,-0.0,-0.0,-0.0001363591226063674,-0.0,-0.0,-0.0,0.0,0.0,0.0,0.0,-0.0,-0.0,-0.0,-0.0,-0.0,0.0,0.0,0.0,0.0,0.0,-0.0,-0.0,-0.0,0.0,-0.0,0.0,0.0,0.0,-0.0,-0.0,-0.0,0.0,-0.0,-0.0,-0.0,-0.0,-0.0,-0.0,-0.0,-0.0,0.0,0.0,0.0,0.0,0.0,0.0,0.0,0.0,0.0,0.0,0.0,0.0,-0.0,-0.10076459304460621,-0.0,-0.0,-0.0,0.0,0.0,0.0,0.0,0.0,0.0,-0.0,-0.0,-0.0,-0.0,0.0,0.0,-0.0,-8.917326786281507e-5,0.0,-0.0,0.0,-0.0,0.0,0.0,0.0,0.0,0.0,0.0,0.0,0.0,0.0,0.0,0.0,0.0,0.0,0.0,0.0,0.060153167435280486,0.0,0.0,0.0,0.0,0.0,0.0,0.0,0.0,0.11828134191783765,0.11828134191783765,0.0,0.0,0.0,0.1161767728202502,0.2328713904023047,0.0,0.34960279695585417,0.0,0.0,0.0,0.0,0.0,0.0,0.0,0.0,0.0,0.0,0.0,0.0,0.0,0.0,7.997602498907179e-7,0.0,0.0,0.0,0.0,0.0,0.0,-0.1423093388655544,0.015560135421873813,0.0,0.0,-0.1423093388655544,-0.1423093388655544,-0.08215617143027393,0.0,0.05103590058652629,-0.08215617143027391,0.0,-0.05103590058652629,-0.05103590058652629,0.0,0.0,0.0,0.0,0.0,0.0,0.11828134191783765,0.031120270843747626,0.0,0.0,0.0,0.0,14.394328654008872,0.060153167435280486,0.0,0.0,14.394328654008872,-0.11828134191783765,0.0,0.0,0.0,0.0,0.0,0.0,0.0,0.0,0.030076583717640243,0.0,0.0,0.0,0.1423093388655544,0.0,0.0,0.0,0.1423093388655544,0.1423093388655544,0.0,0.08215617143027393,0.0,0.08215617143027391,0.0,0.0,0.0,0.0,0.0,0.05103590058652629,0.05103590058652629,0.0,0.0,0.0,0.0,0.0,0.0,0.0,0.0,0.0,0.0,0.0,0.0,0.27173533986561926,0.0,0.0,-998.6356901893521,999.6842014692866,0.0,0.0,0.0,0.0,0.0,0.0,0.0,0.0,0.0,0.0,0.00017994605622541224,0.0,0.060153167435280486,0.0,0.0,-0.0,0.0,0.0,0.0,0.0,-0.0,0.0,0.09902991306259323,0.0,0.0,0.0,0.0,-0.0,0.11957895292318096,0.1788847743737022,0.11957895292318096,-0.0,0.0,0.060153167435280486,-0.0,0.0,0.0,0.0,0.0,0.0,0.0,0.0,0.0,0.0,0.0,0.0,0.0,0.0,0.0,7.99760249890718e-7,0.0,0.0,0.0,0.0,0.0,0.0,0.060153167435280486,0.0,0.0,0.0,0.0,0.0,0.022730385942269046,0.0,0.0,0.0,0.022730385942269046,0.0,7.99760249890718e-7,0.0,0.060153167435280486,0.0,0.0,0.0,0.0,0.0,0.0,0.0,0.025517950293263144,0.030076583717640243,0.0,0.0,0.0,0.0,0.0,-0.11828134191783765,0.0,0.0,0.030076583717640243,0.0,0.0,0.00017914629597551995,0.21676861765077565,0.1788847743737022,-0.1788847743737022,0.0,0.0,0.0,13.964648262512211,0.0,0.0,0.0,0.0,0.0,0.0,0.0,0.0,0.011111868911981636,0.0,0.0,0.0,0.0,0.0001783465357256301,0.0,0.0,0.0,0.0,0.016667803367972456,0.0,-1000.0,0.0,0.0,0.0,0.0,0.0,0.0,0.0,-0.0,0.0,0.0,0.0,0.0,0.0,0.0,0.0,0.0,0.0,0.0,0.0,0.0,0.0,-0.0,0.0,-0.0,0.0,0.0,0.0,0.0,0.0,0.0,0.0,0.0,0.11828134191783765,0.0,0.11828134191783765,0.0,0.0,0.0,0.0,0.0,0.060153167435280486,-0.4275022444560846,0.0,0.0,0.0,0.0,0.060153167435280486,0.0,0.0,0.0,0.031120270843747626,0.0,0.060153167435280486,0.09639310351870353,0.0,0.0,0.0,0.0,0.0,0.0,999.9979186239497,0.0020813760503415324,0.0,0.0,-1000.0,0.00023033095196854647,0.060153167435280486,0.13227834593130006,0.4275022444560846,0.0,0.0,0.0,0.0,0.0,-1.1695421975914813,0.0,0.0,0.0,0.0,0.0,0.25055968784913774,0.0,0.0,0.0,-0.0,0.0,0.0,0.0,0.0,0.0,0.0,0.0,0.0,0.0,0.0,-0.0,0.0,0.0,0.0,0.0,0.0,0.0,0.0,0.0,0.0,0.0,0.0009553136184944628,0.0,0.0,3.15,0.03788384327707343,0.0,0.0,4.8785375243333796e-5,4.8785375243333796e-5,4.8785375243333796e-5,0.09902991306259323,-0.0,0.0,0.0,0.0,0.0,0.0,0.0,0.0,0.0,0.12922566105746713,0.0,0.0,7.99760249890718e-7,0.0,0.0,0.0,0.0,0.152045220267599,8.917326786281507e-5,0.0,0.0,0.0,0.0,0.0,0.0,0.060153167435280486,0.0,0.0,0.0,0.0,0.060153167435280486,0.0,0.0,0.0,0.0,0.0,0.0,0.0,0.0,0.0,0.031120270843747626,0.0,0.060153167435280486,0.0,0.0,0.0,0.0010406880251702967,0.0020813760503405935,0.0,0.0,0.0,0.0,0.0,0.0,-43.59825487376036,-43.59825487376036,0.06154594991046515,0.0,0.0,9.997003123633975e-6,9.997003123633975e-6,0.0,0.0,0.0,0.0,0.0,0.0,0.0,0.0,0.0,0.0,0.0,0.34960279695585417,0.0,0.1161767728202502,0.0,0.0,0.0,0.0,6.817025983917702,0.0,0.0,0.0,0.0,0.0,9.757075048666759e-5,0.0,8.917326786281507e-5,0.0,0.0,0.0,0.0,0.0,0.0,0.0,0.0,0.14833513246835603,0.14833513246835603,0.010463263349320264,0.0,0.0,0.0,0.0,0.0,14.394328654008872,0.0,0.0,0.0,0.0,0.0,0.0,0.0,0.0,0.06419075705685376,0.0,0.0,0.0,0.0,0.0,0.0,0.13227834593130006,-0.13227834593130006,0.00028351500858625955,0.0,0.0,0.0001783465357256301,0.0,0.00017914629597551995,-0.0,0.0,0.00028351500858625955,0.0,-0.0,0.0,0.0,0.0,0.0,0.0,0.152045220267599,0.0,0.152045220267599,0.0,0.0,0.0,0.0,0.0,0.0,0.09902991306259323,0.0,0.0,85.48497162809807,0.0,0.0,0.0,0.0,0.00011116667473480979,-0.0,0.0,0.0,0.0009553136184944625,-8.673617379884035e-19,0.0,0.0,0.0,0.0,0.0,0.0,0.0,0.0,0.0,0.0,0.0,0.0,0.0,0.0,0.010463263349320264,0.0,0.0,0.0,0.0,0.0,0.0,1000.0,0.00023033095196854647,0.0,0.0,0.00023033095196854647,0.0,0.0,0.0,0.0,0.0,0.0009553136184944628,0.001044486886357278,-0.0,8.917326786281504e-5,7.99760249890718e-7,0.0,0.0,0.0723403140032402,0.0,18.330265948660177,0.0,0.0,0.0,0.060153167435280486,0.0,0.0,0.0,0.0,0.0,0.0,0.0,7.99760249890718e-7,0.0,0.0,0.060153167435280486,0.0,0.0,0.0,0.0,0.060153167435280486,0.0,0.0,0.0,0.0,0.0,0.0,0.0,6.817025983917702,0.0,0.0,0.0,0.0,0.0,0.0,0.0,0.0,0.0,0.0,0.0,0.0,0.0,0.0,0.0,0.0,0.0,0.0,0.0,0.0,0.0,0.0,0.0,0.0,0.0,0.031120270843747626,0.0,1000.0,0.0,0.1423093388655544,0.1423093388655544,0.0,0.0,0.1423093388655544,0.0,0.08215617143027393,0.05103590058652629,0.0,0.08215617143027391,0.0,0.05103590058652629,0.0,0.05103590058652629,0.0,0.0,0.0,0.060153167435280486,0.0,0.0,0.0,0.0,0.0,0.0,0.0,0.0,0.0,0.0,0.0,0.0,0.0,0.0,0.0,0.0,0.0,0.0,0.0,0.0,0.0,0.0,0.0,0.0,0.0,0.0,0.0,0.006422474686747412,0.0,0.0,0.0,0.0,0.006422474686747412,0.0,0.0,0.0,0.0,0.005555934455990818,0.0,0.0,2.835288644325626,0.0,0.0,0.0,0.0,0.0,0.0,0.0,0.0,0.0,0.0,0.0,8.917326786281507e-5,0.0,0.0,0.0,0.0,0.0,0.0,0.0,0.0,0.0,0.0,0.0,0.0,0.0,0.0,0.0,0.0,-0.0,0.0,0.0,0.0,0.0,0.0,0.0,0.13722326355637438,0.0,0.0,0.0,0.0,0.0,71.38777749985097,0.14833513246835603,0.0,0.0,0.0,0.0,0.0,0.0,0.0,0.0,0.0,0.0,0.0,0.0,0.0,0.0,0.0,0.0,0.0,0.0,0.0,0.0,0.0,0.0,0.0,0.0,0.0,0.0005350396071768903,0.0,0.0,0.0,0.0,0.0,14.38139333172693,0.0,0.0,0.0,0.0,0.0,0.001561132007786682,0.0,0.0,0.02551795029326314,0.03778387324583709,0.0,0.003122264015573364,0.0,0.0,