{"objective_value":0.9145918468954919,"time_limit":1800,"thermo_feasible":false,"dual_bound":0.9145918468954919,"solution":[0.0,0.0,0.0,-0.0,-0.0,-0.0,-0.0,-0.0,-0.014689259652988496,0.0,-0.0,0.0,-0.0,0.00020395398185769475,-0.0,0.00020578316555148573,-0.0,0.0,-0.0,-0.0,-0.0,1.8291836937909837e-6,-0.0,0.0,-0.0,0.0,0.0004097371474091805,0.0,0.0,0.914591846895492,-0.0,-0.0,-0.0,-0.0,0.0,-0.0,-0.0,-0.0,-0.0,-0.0,-0.0,-0.0,-0.0,-0.0,-0.0,-0.0,-0.0,-0.0,-0.0,-0.0,-0.0,-0.0,-0.0,-0.0,-0.0,-0.0,-0.0,-0.0,-0.0,-0.0,0.0,-0.0,0.0,0.0,-0.0,-0.0,-0.0,-0.0,-0.0,-0.0,-0.0,-0.0,-0.0,-0.0,-0.0,-0.0,-0.0,-0.0,-0.0,-0.0,-0.0,-0.0,-0.004760450563139784,-0.0,0.0,-0.0,-0.0,-0.0,-0.0,-0.0,-0.0,-0.0,-0.0,0.0,0.0,-0.0,-0.0,-0.0,-0.0,0.0,-0.0,-0.0,-0.004760450563091036,0.0,-0.0,0.0,-0.0,0.0,-0.0,-0.1785219263710718,0.0,-0.0,23.185435583310632,-2.2864796172387303e-5,0.0,0.0,0.0,0.0,-0.0,-0.0,-0.0,-0.0,-0.0,-0.0,-0.0,0.0,0.0,-0.0,-0.0,-0.000648445619448904,-0.0,-0.0,-0.0,-0.0,-0.0,-0.0,-0.0,-0.0,-0.0,-0.0,0.0,-0.0,-0.0,-0.0,-0.0,-0.0,-0.0,-0.0,-0.0,-0.0,-0.0,-0.0,-0.0,-0.0,-0.0,-0.0,-0.0,-0.0,-0.0,-0.0,-0.0,-0.0,1.8291836937909837e-6,-0.0,-0.14076574574753206,-0.0,-0.0,-0.0,-0.0,-0.0,-0.0,-0.007934084271818393,0.0,0.0,-0.0,-0.0,-0.0,-0.0,-0.0,-0.0006319829662047849,-0.0,-0.0,-0.00011798234824951845,0.0,-0.0,-0.0,0.0,-0.0020834402272279402,-9.731213350531648,-0.0,-0.0,-0.0,-0.0,-0.0,-0.0,-0.0,-0.0,-0.00029541316654724394,0.0,-0.0,-0.0,-0.0,-0.0,-0.0,-0.0,0.0,0.0,-0.08990346395783402,-0.0,-0.0,-0.0,-21.583125543047696,-0.0,-0.0,-0.0,-0.0,-0.0,-0.0,-0.0,-0.0,-0.0,-0.0,-0.0,-0.0,-0.0,-0.0,-0.0,-0.0,-0.0,-0.0,-0.0,0.0,-0.8822436478376403,-0.0,-0.0,-0.0,-0.0,-0.0,-0.0,-0.0,-0.0,-0.0,-0.0,-0.0,-0.0,-0.0,-0.0,-0.0,-0.0,-0.0,-0.0,-0.0,-0.0,-0.0,0.0,-0.0,-0.0,-0.0,-0.0,-0.0,-0.0,-0.0,-0.0,-0.0,-0.0,-0.0,-0.0,-0.0,0.0,-0.0,-0.0,-0.0,-0.0,-0.0,0.0,0.0,0.0,-0.0,-0.0,0.0,-0.0,-0.0,-0.0,-0.0,0.0,0.0,0.0,0.0,-0.0,-0.0,0.0,0.0,-0.0,-0.0,-0.00031187581979136276,0.0,0.0,0.0,0.0,0.0,0.0,0.0,0.0,-0.0,0.0,0.0,-0.0,0.0,0.0,-0.0,1000.0,0.0,-0.0,0.0,0.0,0.0,0.0,0.0,0.0,0.0,-0.0,0.0,0.0,0.0,0.0,0.0,0.0,0.0,0.0,0.0,0.0,0.0,0.0,0.0,0.0,0.0,-0.0,0.0,0.0,0.0,0.0,0.0,0.0,-0.0,0.07117719589279478,0.0,0.0,0.0,0.0,0.0,-0.0,0.0,0.0,0.0,0.0,0.0,0.0,0.0,0.0,0.0,0.0,0.0,0.0,0.0,0.0,0.0,0.0,0.0,0.0,0.0,0.07117719589279478,0.0,0.0,0.0,0.0,-0.0,0.0,0.0,0.0,0.0,0.0,0.0,0.0,0.0,0.0,0.0,0.0,-0.0,0.0,0.0,0.0,0.0,0.0,0.0,0.0,0.0,0.0,0.0,-0.0,0.0,0.0,0.0,0.0,0.0,0.0,0.0,0.0,0.00020578316555148573,0.0,0.0,0.0,-10.0,0.03558859794639739,0.0,0.0,0.0,0.0,-0.0,0.0,0.0,0.0,0.0,0.0,0.0,0.11672752823557786,0.13758022234479506,0.0,0.0,0.07117719589279478,0.0,-0.0,0.0,0.0,0.0,0.0,-0.0,0.0,0.0,0.0,0.0,0.0,0.0,0.0,-0.0,0.0,0.0,0.07118268344386536,0.0,0.0,0.0,1000.0,0.0,0.0,-0.0,0.0,0.0,0.0,0.0,0.0,0.32548494647316767,0.32548494647316767,0.32548494647316767,0.32548494647316767,0.32548494647316767,0.2543077505803729,0.2543077505803729,0.27052895157691137,0.27052895157691137,0.2657154546867004,0.39205351404932287,-0.0,0.7995992993933356,-0.0,0.0,0.0,0.0,0.0,0.0,0.0,-0.0,0.0,0.0,0.0,0.0,0.0,-997.1601100021405,999.418278428747,0.0,0.0,0.0,0.0,0.0,-0.32548494647316767,0.0,0.0,-0.32548494647316767,0.0006155203129606662,-0.32548494647316767,0.0,-0.32548494647316767,0.0,-0.0,0.0,0.0,-0.32548494647316767,-0.2543077505803729,-0.11672752823557786,0.0,0.0,0.0,0.0,0.0,-0.0,0.0,0.0,0.27052895157691137,0.0,0.08593596452600138,-0.0,0.2734968021145505,0.4091390043357137,0.2734968021145505,0.0,6.661068076067794,6.661068076067794,-0.27052895157691137,0.0,0.0,-0.0,-0.0,0.0,0.0,0.0,0.0,-0.0,0.0,-0.0,0.05836376411778893,0.06879011117239753,0.0,-0.0,-0.0,0.0,0.0,0.0,0.0,0.0,0.0,0.0,-0.0,0.0,0.0,0.0,0.0,0.0,0.0,0.0,0.0,0.0,0.0,-0.0,0.0,0.0,-1000.0,0.0,0.0,0.0,0.05836376411778893,-0.0,0.06879011117239753,0.0,-0.0,0.0,0.0,0.0,0.0,-0.27052895157691137,-0.0,0.0,0.0004097371474091805,0.49578560672688354,0.0,0.0,-0.0,0.0,0.0,0.0,0.0,-0.0,0.4091390043357137,-0.4091390043357137,5.678318100965782,0.0,0.0,0.0,0.0,0.0,0.0,-0.0,0.0,0.025414678241531933,-0.0,0.0,0.0,0.0,0.0,-0.0,-0.0,0.0381220173622979,0.0,-0.0,-0.0,-0.0,-0.0,0.0,0.0,1.8291836937909837e-6,-0.0,0.0,0.00020395398185769475,0.0,0.0,0.0,0.0,0.0,0.0,0.0,0.0,0.0,0.0,0.0,0.0,0.0,0.05198814435308044,0.05198814435308044,0.0,0.0,8.534574182347114,0.0,1000.0,0.0,1.8291836937909837e-6,0.0,0.0,0.0,-0.0,0.0,0.0,0.0,-1000.0,0.27052895157691137,0.0,0.0,0.0,0.05836376411778893,0.06879011117239753,0.27052895157691137,0.0,0.0,0.0,0.0,0.0,0.0,0.0,-0.8370024475641129,47.036628208404935,0.0,0.0,0.0,0.0,0.0,0.0,0.0,0.0,0.0,0.0,-0.0,0.0,0.22046693765339279,0.0,0.00040790796371538944,0.0,0.0,0.0,0.0,0.0,-0.0,0.0,0.0,0.0,0.0005268049036573075,0.302542409993805,0.8370024475641129,0.0,0.0,1.8291836937909837e-6,0.0,0.0,-2.5341702957960592,0.0,0.0,0.0,0.0,0.0,0.0,0.0,0.0,0.0,-0.0,0.0,0.0,0.0,0.0,999.9952395494369,0.0,0.0,0.0,-0.0,0.0,3.15,0.08664660239118513,47.022840862898306,0.004760450563139784,0.0,0.0,-1000.0,0.0,0.0,0.0,0.0,0.0,0.0,-0.0,0.0,0.0,0.00011158020532125,0.00011158020532125,0.00011158020532125,0.0,-0.0,0.5730713615707164,0.0,0.08593596452600138,0.0,0.0,0.0,-0.0,0.0,0.0,-0.0,0.0,0.0,0.0,0.0,-0.0,0.0,0.0,-0.0,0.0,0.0,0.0,0.0,-0.0,0.0,0.0,0.0021849599222333303,0.0,0.0,0.0,0.0,0.0,0.0,0.0,0.0,0.0,0.0,0.0,0.0,0.0,0.14681485622289883,0.0,0.0,0.0,0.0,0.0,0.0,0.0,0.29576436981645177,0.34795646815138986,0.00020395398185769475,0.0,0.0,0.002380225281545518,0.004760450563091036,0.0,0.0,0.0,0.0,0.0,0.0,0.0,0.0,-23.185435583310632,0.0,0.0,-0.0,0.0,0.0,-23.144551498564972,0.0,0.0,0.0,2.2864796172387303e-5,2.2864796172387303e-5,0.0,0.0,0.0,0.0008158159274307789,1.8291836937909837e-6,0.0,0.0,0.0,0.0,0.0,0.0,0.0,0.000648445619448904,0.0,0.0,0.0,0.0,0.0,0.0,0.0,0.0,0.0,0.000648445619448904,0.0,0.0,0.0,0.0,0.0,0.0002231604106425,0.0,0.00020395398185769475,0.0,0.0,0.0,0.0,0.34795646815138986,0.0,0.0,0.0,0.0,0.0,0.0,0.0,0.7995992993933356,0.0,0.2657154546867004,2.394930631503456,0.0,0.0,1000.0,0.0,0.0,0.0,0.0,-1000.0,0.0,-0.0,0.0,0.0,0.0,1000.0,0.0,6.661068076067794,0.3392669310140359,0.3392669310140359,0.023931210265867444,0.0,0.0,0.0,0.0,-0.0,0.0,0.0,-0.13758022234479506,0.0,0.0,0.0,0.0,0.0,0.0,0.0,0.0,0.0,0.0,0.0,0.0,0.0,0.302542409993805,0.0,-0.302542409993805,0.0,0.0,0.0,0.0,0.00040790796371538944,0.0,0.0,0.0004097371474091805,-0.0,0.0,0.0,0.0,0.0,0.0,0.0005268049036573075,0.0005268049036573075,0.0,0.0,0.34795646815138986,0.34795646815138986,0.0,0.0,0.0,-0.0,0.0,0.0,0.0,0.0,0.0,0.0,0.0,0.0,0.0,0.0,0.00025425653343694675,0.0,0.0,0.023931210265867444,0.0010924799611166651,0.0,0.0,0.0,0.0,0.0,0.0,0.0,0.0,0.0,0.0,0.0,0.0,0.0,0.32548494647316767,0.0,0.32548494647316767,0.0,0.32548494647316767,0.0021849599222333303,0.0025928678859487198,0.32548494647316767,0.0,0.32548494647316767,0.08593596452600138,0.2543077505803729,0.2543077505803729,0.00020395398185769475,0.0,0.0,0.0,0.0,0.0,0.0,0.0,0.0,0.0,0.0,0.0,0.0,0.0,0.0,0.0,0.0,0.0,0.0,0.0,0.0,1.8291836937909837e-6,0.0,0.0,15.715602356863897,0.0,0.0,0.0,0.0,0.0,0.0,0.0,0.0,0.0,0.0,1.8291836937909837e-6,0.0,0.0,0.0,0.0,0.0,0.0,0.0,0.0,0.0,2.394930631503456,0.0,0.0,0.0,0.0,0.0,0.0,0.0,0.0,0.0,0.0,0.0,0.0,0.0,0.0,0.0,0.0,0.0,0.0,6.10274031207215,0.0,0.0,0.0,0.0,0.0,0.302542409993805,0.0,0.0,0.00020395398185769475,0.040884084745658245,0.0,0.0,0.07117719589279478,0.0,0.0,0.11672752823557786,0.0,0.0,0.0,0.13758022234479506,0.0,0.0,42.85595568101546,0.0,0.0,0.0,0.0,0.0,0.0,0.0,0.0,0.0,0.0,0.0,0.014689259652988496,0.0,0.014689259652988496,0.0,0.0,0.0,0.0,0.0,0.0,0.0,0.0,0.0,0.0,0.0,0.0,0.0,0.0,0.9995985861051934,0.0,0.0,0.0,0.0,0.0,0.0,0.0,0.0,0.0,0.00357056657028,0.0,0.0,-0.0,0.00714113314056,0.0,0.0,0.0,0.0,0.0,0.0,0.0,0.00020395398185769472,0.0,0.0,0.0,0.0,0.0,0.0,0.0,0.0,0.0,0.0,-0.0,0.0,0.0,0.0,0.0,0.1654542380624745,0.040884084745658245,0.0,37.13614163335845,0.0,0.0,0.0,0.0,0.0,0.0,0.0,0.0,0.0,0.0,0.0,0.0,0.0,0.0,0.0,0.0,0.0,0.0,0.0,0.0,0.0,0.0,0.0,0.0,0.03925245289079669,0.0,0.0,0.0,0.0,6.63148285899293,0.0,0.0,0.0,0.0,0.0,0.0,0.0,0.0,0.0,0.0,0.0,0.0,0.08641795442946125,0.0,0.0,0.0,0.0,