{"objective_value":0.8938577495747096,"time_limit":1800,"thermo_feasible":false,"dual_bound":0.8938577495747096,"solution":[-0.0,-0.0,-0.0,-0.0,-0.0,-0.0,-0.0,-0.0,0.0001993302781551603,-0.0,0.00020111799365430972,0.0,-0.0,1.7877154991494192e-6,-0.0,0.0004004482718094893,-0.0,-0.0,0.0,0.0,0.0,-0.0,0.8938577495747098,-0.0,-0.0,-0.0,-0.0,0.0,-0.0,0.0,-0.0,0.0,-0.0,-0.0,-0.0,-0.0,-0.0,-1000.0,999.9856437506841,-0.0,-0.0,-0.0,-0.0,-0.0,-0.0,-0.0,-0.0,-0.0,-0.0,-0.0,0.0,-0.0,0.0,0.0,-0.0,0.0,-0.0,0.0,0.0,-0.0,-0.0,-0.0,-0.0,0.0,-0.0,0.0,-0.0,-0.0,-0.0,-0.0,-0.0,-0.0,-0.0,-0.0,-0.0,-0.0,0.0,-0.0,0.0,-0.0,-0.0,-0.0,-0.0,-0.0,-0.0,-0.0,-0.0,-0.0,-0.0,-0.0,-0.0,-0.0,0.0,-0.0,-0.0,-0.0,-0.0,-0.0,-0.0,-0.0,-0.0,-0.0,-0.0,-0.0,-0.0,-0.0,-0.0,-0.0,-0.0,-10.0,-0.0,-0.0,-0.0,0.0,-0.0,-0.0,-0.17447477571273634,-0.0,-0.0,-0.0,0.0,-0.0,-0.0,-0.0,-0.0,-0.0,-0.0,-0.0,-0.0,-0.0,-0.0,-0.0,0.0,-0.0,0.0,-0.0,-0.0,-0.0,-0.0,-0.0,-0.0,-0.0,-0.0,-0.0,-0.0,0.000597990834465466,-0.0,-0.0,-0.0,0.0,-0.0,-0.0,-0.0,-0.0,-0.0,-0.0,-0.0,-0.0,-0.0,-0.0,-0.0,-0.0,-991.7761457976655,-0.0,-0.0,-0.0,-0.0,1.7877154991494192e-6,546.9088163838331,-0.0,-0.0,-0.0,0.0,-0.0,-0.0,-0.0,0.0,-0.0,-0.0,-0.007754215977560607,0.0,0.0,-0.0,-0.0,0.0,-0.0,-0.0,0.0,-0.0,-0.0,-0.0,-0.0,0.0,-0.0,-0.0,-0.0,-0.0,-0.0,-0.0,-0.0006176557049561244,-0.0,-0.00011530764969513755,-0.0,-0.0,-0.0,-0.0,0.0,-0.0,-0.0,-0.0,-0.0,-0.002036207953531198,-0.0,-0.0,-0.0,-9.65236402624085,-0.00028871605311263127,-0.0,0.0,-0.0,-0.22543986302023747,-0.0,-0.0,-0.0,-0.0,-0.0,-0.0,-0.0,-0.0,-0.0,-0.0,-0.0,0.0,-0.0,-0.0,-0.0,-0.0,-0.0,-0.0,0.0,-271.40788674656295,-0.0,-0.0,-0.0,-0.0,-0.0,-0.0,-0.0,-0.0,-0.0,-0.004652529586564924,-0.0,-0.0,-0.0,-0.0,-0.0,-0.0,-0.0,0.0,-0.8622428948307501,-0.0,-0.0,-0.0,-0.0,-0.0,0.0,-0.0,-0.0,-0.0,-0.0,-0.0,-0.0,-0.0,-0.0,-0.0,-0.0,-0.0,-0.0,-0.0,-0.0,-0.0,-0.0,-0.0,-0.0,-0.0,-0.0,-0.0,-0.0,-0.0,-0.0,-0.0,-0.0,-0.0,0.0,-0.0,0.0,0.0,0.0,-0.0,-0.000304805492604976,0.0,0.0,0.0,0.0,0.0,-0.0,0.0,0.0,0.0,0.0,0.0,0.0,0.0,0.0,0.0,0.0,0.0,0.0,0.0,0.0,-0.0,0.0,0.0,1000.0,0.0,0.0,0.0,0.0,0.0,0.0,-0.0,0.0,0.0,-0.0,-0.0046525295865363645,0.0,0.0,0.0,-0.0,0.0,0.0,23.319603332414506,0.0,0.0,-2.2346443739367746e-5,0.0,0.0,0.0,0.0,0.0,0.0,0.0,0.0,0.0,0.0,0.0,0.0,0.0,0.0,0.0,0.0,0.0,0.0,0.0,0.0,0.0,0.0,0.0,0.0,0.0,0.0,0.0,0.0,0.0,0.0,0.0,0.06956358550290223,0.0,0.0,0.0,0.0,0.0,0.0,0.0,0.0,0.0,0.0,0.0,0.0,0.0,0.0,0.0,0.0,0.0,0.0,0.0,0.06956358550290223,0.0,0.0,0.0,0.0,0.0,0.0,0.0,0.0,-0.0,0.0,0.0,0.0,0.0,0.0,0.0,0.0,0.0,-0.0,0.0,0.0,0.0,-0.0,0.0,0.0,0.0,0.0,0.0,0.0,0.0,0.0,0.0,0.0,0.0,0.0,0.0,0.0,-0.0,0.00020111799365430972,0.0,0.0,0.034781792751451115,-0.0006337451444484694,0.0,-0.0,0.0,0.11408127686272107,0.13446123355302445,0.0,-0.0,0.0,0.0,-0.0,0.06956358550290223,0.0,0.0,0.0,1000.0,0.0,0.31810609591864775,0.31810609591864775,0.31810609591864775,0.0,0.0,0.0,0.31810609591864775,0.0,0.31810609591864775,-0.0,0.24854251041574552,0.24854251041574552,-0.0,0.0,0.0,-0.0,6.58783115061966,-0.26439597146220256,0.0,0.0,0.0,0.0,0.0,0.0,0.0,0.0,0.06956894864939966,1000.0,0.0,0.0,0.0,0.06723061677651222,0.0,0.0,0.0,0.0,0.0,0.0,996.891679396758,0.0,0.0,0.0,-0.0,-991.7761457976655,991.7761457976655,0.0,0.0,0.0,0.0,0.26439597146220256,0.0,0.000597990834465466,0.000597990834465466,0.26439597146220256,-0.0,0.25969159812619086,-996.3709393244418,0.7814721208629318,0.0,0.0,0.0,0.0,0.0,-0.055270800086449634,999.2932937167423,0.0,0.0,0.0,0.0,0.0,0.0,-0.0,0.0,0.0,0.0,0.0,0.0006015662654637918,0.0,0.0,0.0,0.0,-0.31810609591864775,-0.31810609591864775,0.0,-0.31810609591864775,-0.0,-0.31810609591864775,0.0,0.0,0.0,0.0,-0.31810609591864775,-0.24854251041574552,-0.11408127686272107,0.0,0.22156230810258237,0.2672965398599461,0.0,0.4004616796760872,0.26439597146220256,-0.0,0.0,-0.0,0.0,0.2672965398599461,0.0,6.58783115061966,-0.0,-0.0,0.0,0.0,-0.0,0.0,-0.0,-0.0,0.0,-0.0,0.0,-0.0,0.0,-0.0,0.0,0.0,0.0,0.0,0.0,0.0,0.0,0.0,0.0,-0.26439597146220256,0.0,0.0004004482718094893,0.48514397515529606,0.4004616796760872,-0.4004616796760872,0.0,0.0,5.626762449138929,-0.0,0.0,0.0,0.0,0.024838519145182036,0.0,0.057040638431360535,0.06723061677651222,0.0,-0.0,0.0,0.037257778717773055,0.0,0.0,0.0,-1000.0,0.0,0.0,0.0,0.0,0.0,0.0,0.0,0.06723061677651222,0.0,-0.0,0.0,0.0,0.0,-0.0,0.0,0.0,0.0,0.0,0.0,0.0,-2.6148923544643523,-0.0,0.0,0.0,0.0,0.0,-0.0,0.0,0.0,0.0,0.0,0.00039866055631032057,0.0,0.0,0.0,0.0,0.0,0.0,0.0,0.0,0.0,-0.0,0.0,0.0,0.0,-0.0,-0.0,0.0,0.0,0.0,0.0,-0.0,0.0,-0.0,0.0,0.0,0.0,0.0,0.0,0.0,1.7877154991494192e-6,0.0,0.0,0.0001993302781551603,1000.0,0.0,0.0,0.0,-1000.0,0.26439597146220256,0.26439597146220256,0.0,0.0,0.0,0.0,0.0,0.0,0.0,0.05080955605907522,0.05080955605907522,0.0,0.0,0.0,0.0,1.7877154991494192e-6,-0.9556018674843323,0.0,0.0,0.0,0.0,0.0,0.0,-0.0,0.0,0.0,0.0,0.0,0.2154688798237316,0.0,0.0,0.0,0.0,0.0,0.0,0.0,0.0,0.0,0.0,0.0,0.0,0.0,0.0,0.0,0.0005148620637549506,0.29568367427056613,0.9556018674843323,0.002135426163733982,0.0,0.0,0.0,0.0,0.0,0.0,0.0,0.0,0.0,0.0,0.0,0.0,0.0,0.0,0.2890592944884679,0.0,0.0,0.0,0.0,0.0,0.3406661716601638,0.0001993302781551603,0.0,0.0,0.0,0.0,0.0,-0.0,0.0,0.0,0.0,0.0,0.0,0.0,0.00021810129089622915,0.0,0.0,0.0001993302781551603,0.0,0.0,0.0,0.0,0.0,0.0,0.0,0.0,0.0,0.0,0.0,0.0,0.0,0.0,0.0,0.0,0.0,0.0,1000.0,0.0,3.15,0.0,0.0,0.0,0.0,0.0,-1000.0,0.0,0.0,0.0023262647932681822,0.0046525295865363645,1000.0,0.0,0.0,0.08468229547920887,0.0,0.0,0.0,-23.319603332414506,-23.319603332414506,6.58783115061966,0.0,0.0,-0.0,0.0,0.0,-0.13446123355302445,0.0,0.14348651525048028,0.0,0.0,2.2346443739367746e-5,2.2346443739367746e-5,0.0,-0.0,0.0,46.7116875141215,0.0,0.0,0.0006337451444484694,0.0,0.0006337451444484694,0.0,0.0,0.29568367427056613,42.51969071137014,0.0,0.0,0.0,0.0,0.0,0.0,0.0,0.0,0.0,1000.0,0.0,0.0,0.1617033361868128,0.0,0.0,0.0,0.0,0.0,0.22156230810258237,0.0,0.0,0.0,0.0,0.0,0.13757454009479314,0.0,-1000.0,0.0,0.0,0.0,0.0,0.00010905064544811457,0.0,0.0,0.0,0.0,0.0,0.7814721208629318,0.25969159812619086,0.0,0.0,0.0,0.0,0.0,0.0,0.0,0.0,0.012419259572591018,0.00010905064544811457,0.0,0.0,0.30673711920180696,0.0,0.331575638346989,0.331575638346989,0.02398667270983732,0.000597990834465466,0.331575638346989,0.0,0.0,0.0,0.00010905064544811457,0.0,0.0,0.0,-0.0,0.000597990834465466,0.0,0.0,0.0,0.057040638431360535,0.06723061677651222,0.0,0.0,0.29568367427056613,0.0,0.0,0.22156230810258237,-0.29568367427056613,0.0,0.00039866055631032057,0.0,0.0007973211126206411,1.7877154991494192e-6,0.0,0.000597990834465466,0.0004004482718094893,-0.0,0.0,0.0,0.0,0.0,0.0,0.0,0.0,0.0,0.3406661716601638,0.3406661716601638,0.0,0.0,0.0,0.0,0.0,0.0,0.0,0.0,0.0,0.0,0.0,0.3406661716601638,0.0,0.0,0.0002484924543817692,0.001067713081866991,0.0,0.0,0.0,0.0,0.0,0.0,0.0,0.0,0.0,0.0,0.0,1.7877154991494192e-6,0.0,0.0,0.0,0.0,-0.0,0.000597990834465466,0.000597990834465466,0.0,0.0,0.0,0.0,0.0,0.0,0.0,0.0,0.0,0.0005148620637549506,0.023388681875371856,0.0,0.0,0.0,0.0005148620637549506,0.0,0.0,0.0,0.0,0.0,0.0,0.0,0.0,0.0,0.0,0.0,0.0,0.002135426163733982,0.0025340867200443025,1.7877154991494192e-6,0.0,15.43829214941368,0.0,0.0,0.0001993302781551603,0.0,0.0,0.0,1.7877154991494192e-6,0.0,0.0,0.0,0.0,0.0,0.0,0.0,0.0,0.0,0.0,0.0,0.0,0.0,0.0,0.0,0.0,999.9953474704134,0.0,0.0,0.0,0.0,0.0,0.0,0.0,0.0,0.0,0.0,0.0,0.0,0.0,0.0,0.0,0.0,0.004652529586564924,0.0,0.0,0.0,0.0,0.0,0.0,0.0,0.06956358550290223,0.0,0.0,0.0,0.0,0.0,0.11408127686272107,0.0,0.0,0.0,0.0,0.0,0.0,0.0,0.13446123355302445,0.0,0.0,0.0,0.0,0.0,0.0,0.0,0.0,0.31810609591864775,0.31810609591864775,0.31810609591864775,0.0,0.31810609591864775,-1000.0,0.31810609591864775,0.24854251041574552,0.0,0.0,0.0,0.0,0.24854251041574552,0.0,0.0,0.0,0.0,0.0,0.0,0.9769373581089312,0.0,0.0,0.0,0.0,0.0,0.0,0.0,0.0,0.0,8.345467496340529,0.0,0.0,0.0,0.0,0.0,0.0,0.0,0.0,0.0001993302781551603,0.0,0.0,0.0,0.0,1000.0,0.014356249315919415,0.0,0.0,0.0,0.0,0.0,0.0,0.0,0.0,0.0,0.0,0.0,0.0,0.0,-0.0,0.0,0.0,0.0,0.0,0.0,0.0,0.0,0.0,0.0,0.0,-999.9856437506841,0.0,0.0,0.0,0.0,0.0,0.0,0.0,0.0,0.0,0.0,0.0,0.0,0.0,0.0,0.0,0.0,0.0,0.0,0.0,0.0,0.0,0.0,0.0,