{"objective_value":0.8940890261582204,"time_limit":1800,"thermo_feasible":false,"dual_bound":0.8940890261582204,"solution":[0.00019938185283328318,0.0002011700308855996,0.0,1.788178052316441e-6,0.00040055188371887485,0.0,0.0,0.8940890261582205,-0.0,-0.0,-0.0,-0.0,-0.0,-0.0,-0.0,-0.0,-0.0,-0.0,-0.0,-0.0,-0.0,-0.0,-0.004653733381132952,-0.0,-0.0,-0.0,-0.0,-0.0,-0.0,-0.0,-0.0,-0.0,-0.0,-0.0,-0.0,-0.0,-0.0,-0.0,-0.0,-0.0,-0.0,-10.0,-0.0,-0.0,-0.0,-0.004653733381153538,0.0,-0.0,23.32267371031569,-2.2352225653955515e-5,0.0,0.0,0.0,0.0,-0.0,-0.0,-0.0,-0.0,-0.0,-0.0,-0.0,-0.0,-0.0,-0.0,-0.0,-0.0,-0.0006339091195461783,-0.0,-0.0,-0.0,-0.0,-0.0,-0.0,-0.0,-0.0,-0.0,-0.0,-0.0,-0.0,-0.0,-0.0,-0.0,-0.0,-0.0,-0.0,-0.0,-0.0,-0.0,-0.0,-0.0,-0.0,-0.0,-0.0,-991.7799994147852,-0.0,-0.0,-0.0,-0.0,-0.0,546.9072236101567,-0.0,-0.0,-0.0,0.0,-0.0,-0.0,-0.0,0.0,-0.0,0.0,-0.0,-0.0,-0.0,-0.0,-0.0,-0.0,-0.0,0.0,-0.0,-0.0,-0.0,0.0,0.0,-0.0,-0.0,-0.0,0.0,-0.0,-0.0,-0.0,-0.0,-0.0,-0.0,0.0,-0.0,-0.0,-0.17451991928290156,-0.0,-1000.0,0.0,999.9856400361509,-0.0,0.0,-0.0,-0.0,-0.0,0.0,0.0,0.0,0.0,-0.0,-0.0,0.0,0.0,0.0,-0.0,0.0,0.0,-0.0,-0.0,-0.0,-0.0,-0.0,-0.0,-0.0,0.0,-0.0,-0.0,-0.0,-0.0,-0.0,-0.0,-0.0,-0.0,-0.0,0.0,-0.0,-0.0,-0.0,-0.0,-0.0,-0.0,-0.0,-0.0,-0.0,-0.0,-0.0,-0.0,-0.0,-0.0,1.788178052316441e-6,-0.0,-0.0,-0.0,-0.0,-0.0,-0.0,-0.007756222301922564,0.0,-0.0,-0.0,-0.0,-0.0006178155170753303,-0.0,-0.0,-0.0,-0.0,-0.00011533748437441045,-0.0,-0.0,-0.0,-0.0,-0.0,-0.0,0.0,-0.0,-0.0020367348015884355,-0.0,-9.650674458154548,-0.0002887907554491052,-0.0,-0.0,-0.0,-0.0,-0.0,-0.0,0.0,-0.0,-0.0,-0.0,0.0,0.0,-271.40866805060284,-0.0,-0.0,-0.0,-0.0,-0.0,-0.0,-0.0,-0.0,-0.0,-0.0,-0.0003048843579199532,-0.0,0.0,-0.0,-0.0,-0.0,-0.0,0.0,0.0,-0.0,0.0,0.0,-0.0,0.0,-0.8624659913917607,-0.0,-0.0,-0.0,-0.0,0.0,0.0,0.0,0.0,0.0,-0.0,-0.0,-1000.0,0.0,-0.0,-0.0,-0.0,-0.0,0.0,0.0,-0.0,0.0,-0.0,-0.0,-0.0,0.0,0.0,-0.0,0.0,0.0,0.0,0.0,-0.0,-0.0,-0.0,-0.0,0.0,-0.0,-0.0,-0.0,0.0,0.0,0.0,0.0,0.0,-0.0,-0.0,0.0,0.0,0.0,0.0,-0.0,-0.0,0.0,-0.0,0.0,0.0,-0.0,-0.0,-0.0,0.0,0.0,-0.2254981932873648,-0.0,-0.0,-0.0,-0.0,-0.0,-0.0,0.0,0.0,0.0,0.0,0.0,0.0,0.0,0.0,-0.0,-0.0,-0.0,0.0,-0.0,0.0,0.0,0.0,-0.0,-0.0,-0.0,-0.0,0.0,0.0,-0.0,-0.0,-0.0,-0.0,0.0,-0.0,-0.0,-0.0,-0.0,-0.0,-0.0,0.0,-0.0,-0.0,0.0,0.0,0.0,0.0,0.0,0.0,0.0,-0.0,0.0,0.0,0.0,0.0,0.0,0.0,0.0,0.0,-0.0,0.0,0.0,0.0,0.0,0.0,0.0,0.0,0.0,0.0,0.0,0.0,0.0,0.0,0.0,0.0,0.0,0.0,-1.734723475976807e-18,0.0,0.0,0.0,0.0,0.0002011700308855996,0.0,0.0,-0.0,0.03479079218586868,0.0,0.0,0.0,0.0,0.0,-0.0,0.11411079423052137,0.13449602402692878,0.0,0.0,0.0,0.0,0.0,0.0,0.0,0.0,0.06958158437173736,0.0,0.0,0.0,0.0,0.0,0.0,-0.0,0.0,0.0,0.0,0.0,0.0,0.0,0.0,0.0,-0.0,0.0,0.0,0.0,0.0,-0.0,0.0,0.0,0.06958158437173736,0.0,0.0,0.0,0.0,0.0,0.3181884026291875,0.3181884026291875,0.3181884026291875,0.3181884026291875,0.0,0.0,0.3181884026291875,0.0,0.24860681825745015,0.0,-0.0,0.0,0.0,0.24860681825745015,0.0,0.0,0.0,0.0,0.06958158437173736,-0.0,0.0,0.0,0.0,0.0,0.0,0.0,0.0,-0.0,0.06958694890589429,0.0,0.0,0.0,0.0,0.0,0.0,0.0,0.0,0.26446438122539234,0.0,0.0,0.26446438122539234,0.0,0.2597587906807216,0.5208748085031515,0.7816743188103211,0.0,0.0,0.0,0.0006017219146044869,0.0,0.0,0.0,-0.0,0.0,0.0,0.0,0.0,0.0,0.0,0.0,0.0,0.0,0.0,0.0,0.0,0.0,0.0,-0.3181884026291875,-0.3181884026291875,0.0,0.22161963509189045,-0.3181884026291875,-0.0,-0.3181884026291875,-0.3181884026291875,0.26736570011513555,0.399967149495635,0.26736570011513555,-0.24860681825745015,-0.11411079423052137,0.0,0.0,-0.0,0.0,0.26446438122539234,-0.0,0.0,0.0,0.0,0.0,-0.0,0.0,-0.0,0.0,6.5881110938452085,6.5881110938452085,-0.0,0.0,-0.26446438122539234,-0.0,0.0,0.0,0.0,0.0,0.0,0.0,0.057055397115260684,0.0,-0.0,0.0,0.0,0.0,0.0,0.0,0.0,0.0,0.0,0.0,0.0,0.0,0.0,0.0,0.0,0.0,0.0,0.0,0.0,0.057055397115260684,0.06724801201346439,0.0,0.0,-0.26446438122539234,0.0,0.00040055188371887485,0.4846713556558125,0.0,0.0,0.0,0.0,0.399967149495635,1000.0,0.0,-997.6548438243044,0.0,-0.399967149495635,5.6273918711906,0.0,0.0,-1000.0,0.0,0.0,0.0,0.02484494585888463,0.0,0.0,0.03726741878832694,0.0,0.0,0.0,0.0,0.0,0.0,0.0,-0.5197840198912385,0.0,-1000.0,0.0,0.0,0.0,1000.0,0.26446438122539234,0.26446438122539234,0.0,0.0,1000.0,0.0,0.0,-0.0,0.0,0.00010907886119130288,0.0,0.22161963509189045,0.0,-0.9558491197291257,0.0,0.0,0.0,0.0,0.0,1.788178052316441e-6,0.0,0.0,0.0,0.0,0.0,0.0,0.0,0.0,0.0,0.0,0.2155246302005699,0.0,0.0,0.0,0.0,0.0,0.0,999.9953462666189,0.004653733381132952,0.0,0.0,0.0005149952790671763,0.29576017940800853,0.9558491197291257,0.0,-1000.0,0.0,0.0,0.0,0.0,0.0,-2.614970785653504,0.0,0.0,0.0,0.0,0.0,0.0,-0.0,0.0,0.5602245606334009,0.0,0.0,0.0,0.0,-0.0,0.0,0.0,0.0,0.0,0.0,-0.0,0.0,0.0,0.0,0.0,0.0,0.0,0.0,3.15,0.0847042061601775,46.71384492755614,0.0,0.0,0.00010907886119130288,0.0,0.0,0.0,0.0,0.00010907886119130288,-0.0,0.0,0.0,0.002135978683491989,0.0,0.0,0.0,-0.0,0.0,0.0,0.0,0.0,0.0,0.0,0.0,0.0,0.0,0.0,0.0,0.0,0.28913408563515,0.34015617000189496,0.0,0.0,0.00019938185283328318,0.0,0.0,0.0,0.0,0.0,0.0,0.0,0.0,0.0,0.0,0.0,0.0,0.0,0.0,-0.0,0.0,0.0,-1000.0,0.0,1000.0,0.0,6.5881110938452085,0.0,0.0,-0.0,0.0,0.002326866690576769,0.004653733381153538,0.0,0.0,0.0,0.0,0.0,-0.13449602402692878,0.0,-0.0,-23.32267371031569,-23.32267371031569,0.0,0.0,0.14352364092404835,0.0,-0.0,0.0,0.0,2.2352225653955515e-5,-0.0,2.2352225653955515e-5,0.0,0.0006339091195461783,0.0006339091195461783,0.0,0.0,0.0,0.0,0.0,0.0,0.0,0.0,0.0,0.0,-0.0,0.0,0.0,0.0,0.0,0.0,0.0,0.0,0.0,0.0,0.0,0.00021815772238260577,0.0,0.00019938185283328318,0.22161963509189045,0.0,0.0,0.0,0.0,0.0,0.0,0.0,0.0,0.13761013610503786,0.0,0.0,0.0,0.0,0.0,0.0,0.0,0.0,1000.0,1.788178052316441e-6,0.0,0.29576017940800853,42.521176711047495,0.0,0.0,0.0,0.0,-0.0,0.0,0.0,0.012422472929442317,0.0,1.734723475976807e-18,0.00019938185283328318,0.0,0.3068164843054811,0.3316614301643657,0.0,0.16174517527715293,0.0,0.0,0.0,0.0,0.0,0.0,0.0,0.0,0.0,0.0,0.0,0.0,0.0,0.0,0.057055397115260684,0.06724801201346439,0.0,0.0,0.0,0.0,0.0,0.0,0.0,0.0,0.00039876370566656636,0.0007975274113331327,1.788178052316441e-6,0.0,0.0,0.0,0.0,0.0,0.0,0.00040055188371887485,-0.0,0.0,0.0,0.34015617000189496,0.34015617000189496,0.0,0.0,0.0,0.0,0.0,0.0,0.0,0.0,0.0,0.0,0.0,0.0,0.34015617000189496,0.0,0.0,0.0,0.0,0.0,0.0002485567492719853,0.0010679893417459944,0.0,0.7816743188103211,0.2597587906807216,0.0,0.0,0.0,0.0,0.0,0.0,0.05082270251391172,0.0,0.0,0.0,0.0,0.0,0.0,0.0,0.0,0.0,0.05082270251391172,0.3316614301643657,0.3316614301643657,0.023394733458456,0.0,0.0,0.0,0.0,0.0,0.0,0.0,0.0005149952790671763,0.0005149952790671763,0.0,0.0,0.0,0.0,0.0,0.0,0.0,0.0,0.29576017940800853,0.0,-0.0,0.0,0.0,-0.0,1.788178052316441e-6,0.0,0.0,-0.29576017940800853,0.0,0.0,0.0,0.0,0.023394733458456,0.0,0.0,0.0,0.0,0.0,0.0,0.0,0.0,0.0,0.0,0.0,0.0,0.0,0.0,0.0,0.0,0.0,0.0,0.0,0.0,0.0,0.0,0.002135978683491989,0.002534742389158555,-0.0,0.00019938185283328318,0.0,0.0,0.0,0.0,0.0,0.0,0.0,0.0,0.0,0.0,0.0,0.0,0.0,0.0,0.0,0.0,0.0,0.0,0.0,0.0,0.0,0.06958158437173736,0.0,0.0,0.11411079423052137,0.0,0.3181884026291875,0.3181884026291875,0.13449602402692878,0.3181884026291875,0.0,0.0,0.0,0.0,0.0,0.3181884026291875,0.3181884026291875,0.24860681825745015,0.24860681825745015,-0.0,0.0,0.0,0.0,0.0,0.057055397115260684,0.0,0.0,0.0,0.0,0.0,0.0,0.0,0.0,0.0,1.788178052316441e-6,0.0,0.0,0.0,0.0,0.0,1.9543802613889925,0.0,15.439665768111738,0.0,0.0,0.0,0.0,0.0,0.0,1.788178052316441e-6,0.0,0.0,8.345798880356163,0.0,0.0,0.0,0.0,0.0,0.0,0.0,0.0,0.0,0.0,0.0,0.00019938185283328318,0.0,0.0,0.0,0.0,0.0,0.0,0.0,0.0,0.0,0.0,0.0,0.0,0.0,0.0,0.0,0.0,1000.0,0.0,0.0,0.014359963849127178,0.0,0.0,0.0,0.0,0.0,0.0,0.0,0.0,0.0,0.0,0.0,0.0,0.0,0.0,0.0,0.0,0.0,0.0,0.0,0.0,0.0,0.0,0.0,0.0,0.0,-999.9856400361509,0.0,0.0,0.0,0.0,0.0,0.0,0.0,0.0,0.0,0.0,0.0,0.0,0.0,0.0,0.0,0.0,0.0,0.0,0.0,0.0,0.0,249.99641000903773,0.08448068390363794,0.0,0.0,0.0,0.0034905235581216927,0.003190109645332531,0.00039876370566656636,0.0,0.0,0.0,0.006981047116243385,0.0,0.0,0.0,0.0,0.0,0.0,0.00019938185283328318,0.0,0.0,0.0,0.06724801201346439,0.0,0.0,