{"objective_value":0.982645075301115,"time_limit":1800,"thermo_feasible":false,"dual_bound":0.982645075301115,"solution":[-0.0,0.0,-0.0,-0.0,-0.005114667616942304,19.68992684247712,-2.4566126882527876e-5,0.0,0.0,-0.0,0.0002191298517921486,0.0002210951419427508,0.0,1.96529015060223e-6,0.0,0.0,0.00044022499373491675,-0.0,0.0,-0.0,-0.0,0.0,-0.0,0.9826450753011151,-0.0,-0.0,-0.0006966953583884905,-0.0,-0.0,0.0,-0.0,-0.0,-0.0,-0.0,-0.0,-0.0,-0.0,-0.0,-0.0,-0.0,-0.0,-0.0,-0.0,-0.0,-0.0,-0.0,-0.0,-0.0,-0.0,-0.0,-0.0,-0.0,-0.0,8.126832540256146e-14,-0.0,-0.0,-0.0,-0.0,-0.0,-0.0,-0.0,-0.0,-0.0,-0.0,-0.0,-0.0,-0.0,-0.0,0.0,-0.0,-0.0,-0.0,-0.0,-0.0,0.0,0.0,-0.0,-0.0,-0.0,-0.0,-0.0,-0.0,0.0,-0.0,-0.0,-0.0,-0.0,-0.0,-0.0,-0.0,-0.0,-0.0,-0.0,-0.0,-0.015782262554411206,0.0,-0.0,-0.0,-0.0,-0.0,-0.0,0.0,-0.0,0.0,0.0,-0.0,0.0,-0.0,-0.0,-0.0,0.0,-0.0,0.0,0.0,0.0,0.0,-0.0,-0.0,-0.0,3.469446951953614e-18,-0.0,-0.0,-0.0,-0.0,-0.0,-0.0,-0.0,-0.0,-0.0,-0.0,-0.0,-0.0,-0.0,-0.0,0.0,-0.0,-0.0,-0.0,-0.0,-0.0,-0.0,0.0,-0.0,0.0,-0.0,-0.0,-0.0,-0.0,-0.0,-0.0,-0.0,-0.0,-0.0,-0.0,-0.0,-0.0,-0.0,-0.0,-0.0,-0.0051146676169423035,-0.0,-0.0,-0.0,-0.0,-0.0,-0.0,-0.0,-0.0,-0.0,-0.0,-0.0,-0.0,-0.0,-0.0,-0.0,-0.0,-10.0,-0.0,-0.0,-0.0,-0.0,-0.0,-0.0,-0.0,-0.0,-0.0,0.0,-0.0,0.0,-17.590291913793937,9.018377488564687,-0.0,-0.0,-0.0,-0.0,-0.0,-0.0,-0.0,-0.0,-0.0003350819706776802,-0.0,-0.0,-0.0,0.0,-0.0,45.61832603754411,-0.0,-0.0,0.0,0.0,0.0,0.0,-0.9478899016335807,-0.0,0.0,-0.0,0.0,0.0,-0.0,-0.0,-0.0,-0.0,-0.0,-0.0,0.0,0.0,0.0,-1000.0,0.0,0.0,-0.0,-0.0,0.0,0.0,-0.0,-0.0,-0.0,-0.0,0.0,0.0,0.0,0.0,0.0,-0.0,-0.0,-0.0,0.0,0.0,0.0,0.0,0.0,-0.0,0.0,-0.0,-0.0,-0.0,0.0,0.0,0.0,0.0,0.0,-0.0,-0.0,0.0,0.0,-0.0,0.0,-0.0,-0.0,0.0,0.0,0.0,-0.0,-0.0,0.0,-0.2478329144416922,-0.0,-0.0,-0.0,-0.0,-0.0,-0.0,-0.0,-0.0,-0.0,-0.0,-0.0,-0.0,-0.0,-0.0,-0.0,0.0,0.0,0.0,0.0,0.0,0.0,0.0,-0.0,-0.0,-0.0,0.0,-0.0,0.0,-0.0,0.0,0.0,-0.0,-0.0,-0.0,-0.0,-0.0,-0.0,0.0,0.0,0.0,0.0,-0.0,-0.0,-0.0,0.0,0.0,-0.0,0.0,0.0,0.0,0.0,0.0,-0.0,-0.0,-0.0,-0.0,-0.0,-0.0,-0.0,-0.0,0.0,0.0,-0.0,-0.0,-0.0,-0.0,-0.0,0.0,0.0,-0.0,-0.0,0.0,0.0,0.0,0.0,-0.0,0.0,0.0,0.0,0.0,0.0,-0.0,0.0,0.0,0.0,0.0,0.0,0.0,0.0,-0.19180544018325052,0.0,0.0,0.0,-0.0,0.0,0.0,0.0,0.0,0.0,-0.0,0.0,0.0,0.0002210951419427508,-0.0,0.0,0.0,0.03823668517011699,0.0,0.0,0.0,0.0,0.0,0.0,0.0,0.0,0.1254130256705307,0.14781733338739608,0.0,0.0,-0.0,0.0,0.0,0.07647337034023398,0.0,0.0,0.0,0.0,0.0,0.0,0.0,0.0,0.0,0.0,0.0,0.0,0.0,0.0,0.0,0.0,0.0,0.0,0.0,0.07647337034023398,0.0,0.0,0.0,0.34970372939816075,0.34970372939816075,0.34970372939816075,0.34970372939816075,0.0,0.0,0.0,0.0,0.34970372939816075,-0.0,0.2732303590579268,0.2732303590579268,0.0,0.0,0.0,-0.0,0.0,0.0,0.0,-0.0,0.0,-0.0,0.0,0.0,0.0,0.0,0.0,0.0,0.0,0.07647337034023398,0.0,0.0,0.0,0.07647926621068579,1000.0,-0.0,0.0,0.0,0.0,0.0,0.0,0.0,0.0,0.0,-0.0,0.0,0.0,0.0,0.0,0.0,0.0,-0.0,0.0,0.0,0.0,0.29065855211346736,0.29065855211346736,0.0,-0.0,0.2854868910821575,-996.012431197653,0.8590961273384284,0.0,-0.0,0.0,0.0,0.0,0.0,-0.0,0.0,0.0,0.0,-0.0,0.0,0.0,-0.0,0.0,0.0,0.0,0.0,0.0006613201356776636,0.24357020010503597,0.2938472353832833,0.0,0.0,0.0,-0.34970372939816075,0.4395823438561164,0.2938472353832833,0.0,-0.34970372939816075,-0.0,-0.34970372939816075,-0.34970372939816075,-0.0,0.0,0.0,-0.34970372939816075,0.0,-0.2732303590579268,-0.0,-0.1254130256705307,0.0,-0.0,0.0,0.0,-0.0,0.29065855211346736,-0.0,0.0,0.0,0.0,0.0,0.0,4.85235975375499,0.0,4.85235975375499,-0.29065855211346736,0.0,0.0,0.0,0.0,0.0,0.0,0.0,0.0,0.06270651283526535,0.07390866669369804,0.0,1.96529015060223e-6,0.0,0.06270651283526535,0.0,0.0,-0.0,0.0,0.07390866669369804,0.0,0.0,996.5848966350416,-0.0,0.0,0.0,-0.29065855211346736,0.0,0.00044022499373491675,0.5326761729999934,0.4395823438561164,-0.4395823438561164,3.7964850195072097,0.0,0.0,0.0,0.0,0.0,0.0,0.0,0.0,-0.0,0.0,0.0,0.0,0.0,0.0,999.1629927513097,-1000.0,0.02730574135246738,0.0,0.0,-0.0,0.0,0.0,0.0,0.0,0.040958612028701075,0.0,-0.571266610396755,0.0,-0.008524446028237171,0.0,0.0,-0.0,0.0,0.0,0.0,0.0,0.0,0.0,0.0,0.0,0.0,0.0,0.0,-0.0,0.0,0.0,0.0,-0.0,0.0,-0.0,0.0,0.0,0.0,0.0,0.0,-0.0,-0.0006790077470330704,0.0,0.0,-0.0,1000.0,0.0,0.0,-1000.0,0.29065855211346736,0.0,0.0,-0.0,-0.0,-0.0,-0.0,0.29065855211346736,0.0,0.0,0.0,0.0,-0.00012676121471384382,1.96529015060223e-6,0.0,0.0002191298517921486,0.0,0.0,0.0,-1.0505222665226144,0.0,0.0,0.0,0.0,0.0,-0.0,0.0,0.0,0.0,0.055856494015341276,0.055856494015341276,0.0,0.0,0.0,0.23687150862671022,0.0,0.0,0.0,0.0,1.96529015060223e-6,0.0,0.0,0.0,-0.0,0.0,0.0,0.0,0.0,0.0005660035633715255,0.3250540776842323,1.0505222665226144,0.0,0.0,-0.0,0.0,-0.00223846548153595,0.06270651283526535,0.07390866669369804,0.0,-2.873973496376506,0.0,0.0,0.0,0.0,0.0,0.0,0.0,0.0,-0.0,0.0,0.0,0.0,-10.606536320427233,0.0,0.0,0.0,0.0,0.0,0.0,0.0,-0.00031739435932226013,0.00043825970358429725,0.0,-0.0,0.0,0.0,0.0,3.15,0.09309382914387702,0.0,0.0,0.0,55.861087608683455,0.0,0.0,0.0,0.0,0.31777169503117575,0.00011988269918673603,0.00011988269918673603,0.00011988269918673603,0.24357020010503597,0.0,0.0,1.96529015060223e-6,0.0,0.0,0.0,0.0,0.0,0.0,0.0,0.0,0.0,0.37384731889830913,0.0002191298517921486,0.0,0.0,0.0,0.0051146676169423035,0.0,0.0,0.0,-0.0051146676169423035,0.0,0.0,0.0,0.0,0.0,0.0,0.0,0.0,0.0,0.0,0.0,0.0,0.0,0.0,0.0,0.0,0.0,0.0,0.0,0.6157126297976996,1000.0,0.0,0.0,0.0,0.0,0.0,0.0,0.0,0.0,0.0,0.0,0.0,0.0,0.0,0.002557333808471152,0.0,0.0,0.0,0.0,0.0,0.0,0.0,0.005114667616942304,0.0,0.0,0.0,-1000.0,0.0,0.0,0.0,0.0,0.0,0.0023475390848943633,-19.68992684247712,-19.68992684247712,0.0,0.0,0.0,0.0,0.0,0.0,0.0,0.0,0.0,2.4566126882527876e-5,2.4566126882527876e-5,0.0,0.0,0.0,0.0,0.0,0.0,0.0,1000.0,0.0,0.0,0.0,0.0,0.0,0.0,0.0,0.0,0.0,4.85235975375499,0.0,0.0,0.0,0.0,0.0,0.0,0.0,0.0,0.0,0.0,0.00023976539837347206,0.0002191298517921486,0.0,0.0,0.0,0.0,0.0,0.0,0.01365287067623369,-3.469446951953614e-18,0.0,0.0,0.0,0.0,0.0,-0.0,0.3372054666854059,0.3645112080378733,0.0,0.0,0.3250540776842323,0.0,0.0,0.0,0.0,0.0,0.0,0.0,0.06270651283526535,0.07390866669369804,0.0,-0.3250540776842323,0.0,0.00043825970358429725,0.0,0.00044022499373491675,0.0,0.0,0.0,0.0,0.0,0.0008765194071685945,0.0,0.0,0.37384731889830913,0.37384731889830913,1.96529015060223e-6,0.0,0.0,0.0,-0.14781733338739608,0.0,0.0,0.0,0.0,0.0,0.0,0.0,0.0,0.0,0.0,0.00027317533093371,-0.0,0.0,0.0,0.0,0.0,0.0,0.0,0.0,0.0,0.15773910071271144,0.37384731889830913,0.0,0.0,0.0,0.0,0.0,0.0,0.0,0.0,0.0,0.0,0.8590961273384284,0.0,0.2854868910821575,-0.0,-8.126832540256146e-14,0.0,0.0,0.0,0.0,0.0,-8.126832540256146e-14,0.0,0.0,0.0,0.0,0.0005660035633715255,0.0,0.0005660035633715255,0.0,0.0,0.0,0.3645112080378733,0.3645112080378733,0.025711891040328966,0.0,0.0,0.0,0.0,0.0,0.0006966953583884905,0.0,0.0,0.0006966953583884905,0.0,0.0,0.0,0.0,0.0,0.0,0.0,0.0023475390848943633,0.0027857987884786603,0.025711891040328966,0.0,0.0,0.0,0.0002191298517921486,0.0,0.0,0.0,0.0,0.0,0.0,0.0,-0.0,0.0,0.0,0.0,0.0,0.0,0.0,0.0,0.0,0.0,0.0,0.0,0.0,8.126832540256146e-14,0.0,0.0,0.0,0.0,0.0,0.0,0.0,0.0,0.0,0.0,0.0,0.0,0.0,0.0,0.0,0.0,0.0,0.0,0.0,0.0,0.0,0.0,0.0,0.0,0.0,0.0,0.07647337034023398,0.0,0.0,0.0,0.0,0.0,0.0,0.1254130256705307,0.14781733338739608,0.0,0.0,0.0,0.0,0.0,0.0,0.0,0.34970372939816075,0.0,0.0,0.0,0.0,0.34970372939816075,0.34970372939816075,0.34970372939816075,0.0,0.24357020010503597,0.34970372939816075,0.2732303590579268,0.2732303590579268,0.0,0.0,0.0,0.0,0.0,0.15123988618466985,0.0,0.0,0.0,0.0,0.0,0.0,0.0,0.0,0.0,0.0,1.96529015060223e-6,0.0,2.1479540436499542,0.0,0.0,14.524770082116877,0.0,0.0,0.0,0.0,0.0,0.0,0.0,0.0,7.7746008978934515,1.96529015060223e-6,0.0,0.0,0.0,0.0,0.0,0.0,0.0,0.0,0.0,0.00021912985179214862,0.0,0.0,0.0,0.0,0.0,0.0,0.0,0.0,0.0,0.0,0.0,0.0,0.0,0.0,0.0,0.0,0.0,35.172253945284545,0.0,0.015782262554411206,0.015782262554411206,0.0,0.0,0.0,0.0,0.0,0.0,0.0,0.0,0.0,0.0,0.0,0.0,0.0,0.0,0.0,0.0,0.0,0.0,0.0,0.0,0.0,0.0,0.0,0.0,0.0,0.0,0.0,0.0,0.0,0.0,0.0,-0.0,0.0,0.0,0.0,0.0,0.0,0.0,0.0,0.0,0.0,0.0008765194071685944,0.0,0.0,4.820573150860077,0.0,0.0,0.0,0.0,0.0,0.0,