{"cuts":24,"times_sub_problem":[0.022511005401611328,0.005827903747558594,0.005606889724731445,0.005414009094238281,0.005399942398071289,0.0048351287841796875,0.004022121429443359],"objective_values":[0.0,0.0,0.0,0.0,0.0,0.0,0.0],"multiple_mis":5,"time":0.015857934951782227,"max_density":5,"objective_value":null,"μ":null,"time_limit":1800,"x":null,"times_mis_problem":[3.0786049365997314,0.10100293159484863,0.08921289443969727,0.06357216835021973,0.07665085792541504,0.06511998176574707,0.10725998878479004],"dual_bounds":[0.0,0.0,0.0,0.0,0.0,0.0,0.0],"times_master_problem":[1.4294471740722656,0.011384963989257812,0.011148929595947266,0.010022878646850586,0.061090946197509766,0.06124997138977051,0.06591296195983887,0.015733003616333008],"max_cuts":null,"solution":null,"a":null,"iter":7,"G":null,"thermo_feasible":false,"scip_tol":1.0e-6,"termination":"INFEASIBLE"}