{"cuts":5,"times_sub_problem":[0.02142500877380371,0.004673004150390625],"objective_values":[0.0,0.0],"multiple_mis":21,"time":0.026354074478149414,"max_density":10,"objective_value":null,"μ":null,"time_limit":1800,"x":null,"times_mis_problem":[3.2012228965759277,0.14426398277282715],"dual_bounds":[0.0,0.0],"times_master_problem":[2.9256019592285156,0.710151195526123,0.026237010955810547],"max_cuts":null,"solution":null,"a":null,"iter":2,"G":null,"thermo_feasible":false,"scip_tol":1.0e-6,"termination":"INFEASIBLE"}