{"cuts":16,"times_sub_problem":[0.02909088134765625,0.0055599212646484375],"objective_values":[0.0,0.0],"time":0.0715789794921875,"objective_value":null,"μ":null,"time_limit":1800,"x":null,"times_mis_problem":[3.8177359104156494,0.2403559684753418],"dual_bounds":[0.0,0.0],"times_master_problem":[4.1233811378479,1.1840541362762451,0.03325390815734863],"solution":null,"a":null,"iter":2,"G":null,"thermo_feasible":false,"scip_tol":1.0e-6,"termination":"INFEASIBLE"}