{"cuts":4,"times_sub_problem":[0.024155855178833008,0.0041408538818359375],"objective_values":[0.0,0.0],"multiple_mis":21,"time":0.02677607536315918,"max_density":5,"objective_value":null,"μ":null,"time_limit":1800,"x":null,"times_mis_problem":[3.2463719844818115,0.1601271629333496],"dual_bounds":[0.0,0.0],"times_master_problem":[2.9404098987579346,0.6979780197143555,0.026647090911865234],"max_cuts":null,"solution":null,"a":null,"iter":2,"G":null,"thermo_feasible":false,"scip_tol":1.0e-6,"termination":"INFEASIBLE"}