{"cuts":6,"times_sub_problem":[0.0028100013732910156,0.0032548904418945312,0.003345966339111328,0.003123044967651367,0.0025649070739746094,0.023270845413208008],"objective_values":[0.0,0.0,0.0,0.0,0.0,0.0],"time":0.009567975997924805,"objective_value":null,"μ":null,"time_limit":1800,"x":null,"times_mis_problem":[0.16324090957641602,0.017657041549682617,0.014549970626831055,0.020262956619262695,0.02676105499267578,0.027615070343017578],"dual_bounds":[0.0,0.0,0.0,0.0,0.0,0.0],"times_master_problem":[0.013220071792602539,0.005193948745727539,0.0062808990478515625,0.03686094284057617,0.03682208061218262,0.037344932556152344,0.009419918060302734],"solution":null,"a":null,"iter":6,"G":null,"thermo_feasible":false,"scip_tol":1.0e-6,"termination":"INFEASIBLE"}