{"cuts":10,"times_sub_problem":[0.02187800407409668,0.00422215461730957],"objective_values":[0.0,0.0],"time":0.0667428970336914,"objective_value":null,"μ":null,"time_limit":1800,"x":null,"times_mis_problem":[2.6753878593444824,0.1410541534423828],"dual_bounds":[0.0,0.0],"times_master_problem":[2.9616858959198,0.7846949100494385,0.03583788871765137],"solution":null,"a":null,"iter":2,"G":null,"thermo_feasible":false,"scip_tol":1.0e-6,"termination":"INFEASIBLE"}