{"cuts":5,"times_sub_problem":[0.0793919563293457,0.004941225051879883,0.004806041717529297,0.004363059997558594,0.004479885101318359],"objective_values":[0.0,0.0,0.0,0.0,0.0],"time":0.05081582069396973,"objective_value":null,"μ":null,"time_limit":1800,"x":null,"times_mis_problem":[5.185604810714722,0.06098508834838867,0.05019187927246094,0.08594107627868652,0.04215884208679199],"dual_bounds":[0.0,0.0,0.0,0.0,0.0],"times_master_problem":[5.793623924255371,0.9317479133605957,1.036444902420044,0.9974958896636963,1.0343050956726074,0.043565988540649414],"solution":null,"a":null,"iter":5,"G":null,"thermo_feasible":false,"scip_tol":1.0e-6,"termination":"INFEASIBLE"}