{"cuts":145,"times_sub_problem":[0.0058710575103759766,0.010831832885742188,0.011906862258911133,0.010741949081420898,0.012547969818115234,0.01029205322265625,0.010415077209472656,0.013665914535522461,0.015121936798095703,0.010216951370239258,0.008413076400756836,0.011268854141235352,0.011897087097167969,0.016844987869262695,0.011672019958496094,0.007256031036376953,0.01131892204284668,0.00519108772277832,0.0056879520416259766,0.01118779182434082,0.014075040817260742,0.01013803482055664,0.01087498664855957,0.016438961029052734,0.009422779083251953,0.012199163436889648,0.011533021926879883,0.013298988342285156,0.013141870498657227,0.013936996459960938,0.011506080627441406,0.01049494743347168,0.004393815994262695,0.004136085510253906],"objective_values":[0.0,0.0,0.0,0.0,0.0,0.0,0.0,0.0,0.0,0.0,0.0,0.0,0.0,0.0,0.0,0.0,0.0,0.0,0.0,0.0,0.0,0.0,0.0,0.0,0.0,0.0,0.0,0.0,0.0,0.0,0.0,0.0,0.0,0.0],"time":0.03692197799682617,"objective_value":null,"μ":null,"time_limit":1800,"x":null,"times_mis_problem":[0.03901410102844238,0.11811494827270508,0.05410313606262207,0.06762504577636719,0.056896209716796875,0.04822993278503418,0.06618499755859375,0.06014704704284668,0.06370306015014648,0.05061793327331543,0.05330491065979004,0.06273102760314941,0.06525707244873047,0.06564712524414062,0.08241605758666992,0.046939849853515625,0.048423051834106445,0.08490800857543945,0.07821893692016602,0.057723045349121094,0.06460094451904297,0.05423688888549805,0.06371498107910156,0.09294414520263672,0.0587468147277832,0.05477309226989746,0.05112099647521973,0.11266613006591797,0.05823707580566406,0.05879092216491699,0.0652461051940918,0.0673370361328125,0.04546809196472168,0.041864871978759766],"dual_bounds":[0.0,0.0,0.0,0.0,0.0,0.0,0.0,0.0,0.0,0.0,0.0,0.0,0.0,0.0,0.0,0.0,0.0,0.0,0.0,0.0,0.0,0.0,0.0,0.0,0.0,0.0,0.0,0.0,0.0,0.0,0.0,0.0,0.0,0.0],"times_master_problem":[0.025322914123535156,0.012372016906738281,0.01329803466796875,0.013368844985961914,0.015390872955322266,0.013355016708374023,0.015917062759399414,0.017173051834106445,0.015725135803222656,0.01713395118713379,0.05721306800842285,0.01845097541809082,0.06878304481506348,0.023905038833618164,0.024046897888183594,0.020740032196044922,0.023108959197998047,0.021536827087402344,0.024550199508666992,0.02315497398376465,0.02182602882385254,0.02628612518310547,0.023765087127685547,0.0781409740447998,0.024832963943481445,0.02498602867126465,0.11562490463256836,0.11969614028930664,0.12125086784362793,0.12015795707702637,0.028003931045532227,0.14119482040405273,0.12709999084472656,0.1207129955291748,0.03673386573791504],"solution":null,"a":null,"iter":34,"G":null,"thermo_feasible":false,"scip_tol":1.0e-6,"termination":"INFEASIBLE"}