{"cuts":8,"times_sub_problem":[0.021917104721069336,0.00391697883605957],"objective_values":[0.0,0.0],"time":0.056668996810913086,"objective_value":null,"μ":null,"time_limit":1800,"x":null,"times_mis_problem":[2.5806620121002197,0.10410094261169434],"dual_bounds":[0.0,0.0],"times_master_problem":[2.8400588035583496,0.743527889251709,0.027092933654785156],"solution":null,"a":null,"iter":2,"G":null,"thermo_feasible":false,"scip_tol":1.0e-6,"termination":"INFEASIBLE"}