{"cuts":18,"times_sub_problem":[0.021736860275268555,0.005485057830810547,0.005426168441772461,0.0040531158447265625],"objective_values":[0.0,0.0,0.0,0.0],"multiple_mis":5,"time":0.013298988342285156,"max_density":10,"objective_value":null,"μ":null,"time_limit":1800,"x":null,"times_mis_problem":[3.0910990238189697,0.1194911003112793,0.06380581855773926,0.07710695266723633],"dual_bounds":[0.0,0.0,0.0,0.0],"times_master_problem":[1.4362168312072754,0.010947942733764648,0.07134509086608887,0.010590076446533203,0.013183116912841797],"max_cuts":null,"solution":null,"a":null,"iter":4,"G":null,"thermo_feasible":false,"scip_tol":1.0e-6,"termination":"INFEASIBLE"}