{"cuts":8,"times_sub_problem":[0.022175073623657227,0.0044209957122802734],"objective_values":[0.0,0.0],"multiple_mis":21,"time":0.027712106704711914,"max_density":15,"objective_value":null,"μ":null,"time_limit":1800,"x":null,"times_mis_problem":[3.1514551639556885,0.1420760154724121],"dual_bounds":[0.0,0.0],"times_master_problem":[2.8976521492004395,0.6788711547851562,0.027580976486206055],"max_cuts":null,"solution":null,"a":null,"iter":2,"G":null,"thermo_feasible":false,"scip_tol":1.0e-6,"termination":"INFEASIBLE"}