{"cuts":6,"times_sub_problem":[0.02696990966796875,0.004987001419067383,0.005013942718505859],"objective_values":[0.0,0.0,0.0],"time":0.06054210662841797,"objective_value":null,"μ":null,"time_limit":1800,"x":null,"times_mis_problem":[2.876438856124878,0.09504389762878418,0.09155893325805664],"dual_bounds":[0.0,0.0,0.0],"times_master_problem":[3.2367701530456543,0.774683952331543,0.8032999038696289,0.02766895294189453],"solution":null,"a":null,"iter":3,"G":null,"thermo_feasible":false,"scip_tol":1.0e-6,"termination":"INFEASIBLE"}