{"objective_value":0.982478438666008,"time_limit":1800,"thermo_feasible":false,"dual_bound":0.982478438666008,"solution":[0.0,-0.0,0.0,0.0,0.0,0.0002190926918225198,0.982478438666008,0.00022105764869985185,0.0,0.0,-0.0,1.9649568773320157e-6,-0.0,0.00044015034052236057,-0.0,-0.0,-0.0,-0.0006965772130141997,-0.0,-0.0,-0.0,-0.0,-0.0,-0.0,-0.0,-0.0,0.0,-0.0,-0.0,-0.0,-0.0,-0.0,-0.0,-0.0,-0.0,-0.0,-0.0,-0.0,-0.0,-0.0,-0.0,-0.0,-0.0,-0.0,-0.0,-0.0,-990.956980584336,-0.0,545.6099797201163,-0.0,-0.0,0.0,0.0,0.0,-0.0,-0.0,-0.0,-0.0,-0.0,-0.0,-0.0,0.0,-0.0,-0.0,-0.0,-0.0,-0.0,-0.0,0.0,-0.0,-0.0,-0.0,-0.0,-0.0,0.0,0.0,-0.0,-0.0,-0.0,-0.0,-0.0,-0.0,-0.0,-0.0,0.0,-0.0,-1000.0,999.9842204137966,-0.0,0.0,-0.1917729138785341,-0.0,0.0,-0.0,-0.0,0.0,-0.0,0.0,-0.0,0.0,0.0,-0.0,-0.0,-0.0,-0.0,0.0,0.0,-0.0,0.0,-0.0,-0.0,-0.0,-0.0,0.0,0.0,-0.0,-0.0,-0.0,-0.0,-0.0,-0.0,-0.0,-0.0,-0.0,-0.0,-0.0,0.0,-0.0,-0.0,-0.0,-0.0,-0.0,-0.0,-0.0,-0.0,-0.0,-0.0,-0.0,-0.0,-0.0,-0.0,-0.0,-0.0,-0.0,-0.0,1.9649568773320157e-6,-0.0,-0.0,-0.0,-0.0,-0.0,-0.0,-0.0,-0.0,-0.0,-0.00852300045542762,-0.0,0.0,-0.0,-0.0,-0.0,-0.0,-0.0,-0.0,-0.0006788926011182116,-0.0,-0.0,-0.0,-10.0,-0.0,-0.00012673971858791504,-0.0,-0.0,-0.0,-0.0,-0.0,-0.0,-0.0,-0.0,-0.0,-0.0,-0.0,-10.611576699826283,-0.0,-0.00031734053568912055,0.0,-0.0,-0.0,-0.0,-0.0,-0.0,-0.0,-0.0,0.0,0.0,-0.0,-0.0,-0.0,-0.0,-267.57038428126964,-0.0,-0.0,-0.0,-0.0,-0.0,-0.0,0.0,0.0,-0.0,0.0,-0.9477291587689133,-0.0,-0.0,0.0,0.0,-0.0,-0.0,-0.0,-0.0,0.0,0.0,0.0,0.0,0.0,0.0,-0.0,-0.0,-0.0,-0.0,-0.0,0.0,-0.0,0.0,-0.0,0.0,-0.0,-0.0,-0.0,0.0,-0.0,0.0,-0.0,-0.0,-0.0,0.0,0.0,0.0,0.0,0.0,0.0,0.0,0.0,0.0,0.0,0.0,0.0,0.0,0.0,0.0,-0.0,-0.0,-0.0,-0.0,-0.0,-0.0,-0.0,-0.0,-0.0,0.0,0.0,0.0,-0.0,-0.0,-0.24779088701595356,-0.0,-0.0,0.0,0.0,0.0,0.0,0.0,-0.0,-0.0,-0.0,-0.0,-0.0,0.0,0.0,0.0,0.0,0.0,0.0,-0.0,-0.0,-0.0,-0.0,-0.0,0.0,0.0,0.0,0.0,-0.0,-0.0,0.0,-0.0,0.0,-0.0,-0.0,-0.0,0.0,-0.0,-0.0,-0.0,0.0,0.0,0.0,0.0,0.0,-0.0,-0.0,0.0,-0.0,0.0,0.0,-0.0,-0.0,-0.0,-0.0,-0.0,0.0,0.0,-0.0,0.0,-0.0,-0.0,-0.0,-0.0,-0.0,-0.0,0.0,0.0,-0.0,0.0,-0.0,-0.0,-0.0,0.0,0.0,-0.0,-0.0,-0.0,0.0,0.0,1.4576452812765943e-17,-0.0,-1.4576452812765943e-17,0.0,0.0,-1.4576452812765943e-17,-0.0,-0.0,-0.0003350251475851087,0.0,0.0,0.0,-0.0,0.0,0.0,0.0,0.0,-0.0,0.0,-0.0,0.0,0.0,0.0,0.0,0.0,0.0,-0.0,0.0,0.0,0.0,0.0,0.0,0.0,0.0,0.0,0.0,0.00022105764869985185,0.0,0.0,0.0,0.0,1.4576452812765943e-17,-1.4576452812765943e-17,0.03823020100537171,0.0,0.0,0.0,0.12539175817006526,0.0764604020107434,-1.4576452812765943e-17,0.0,0.0,0.14779226657165026,0.0,0.0,-0.0,0.0,0.0,0.0,0.07646040201074339,0.0,0.0,0.0,0.0,0.0,0.0,0.0,1.4576452812765943e-17,-1.4576452812765943e-17,0.0764604020107434,0.0,0.0,-1.4576452812765943e-17,-0.0,0.0,0.0,0.0,0.0,0.0,0.0,0.0,-0.0,0.0,0.0,0.0,-0.0,0.0,0.0,0.34964442675245894,0.34964442675245894,0.34964442675245894,0.34964442675245894,0.34964442675245894,0.27318402474171555,0.0,0.0,0.0,0.0,0.0,0.27318402474171555,-0.0,-0.0,0.0,0.0,-0.0,0.0,0.0,0.0,0.0,-0.0,0.0,0.0,0.2906092623298958,0.2906092623298958,0.0,0.0,-0.0,0.0764662968813754,0.2854384783071966,0.5723683588842878,0.858950442094092,0.0,0.0,0.0,0.0,0.0,0.0,0.0,-0.0,0.0,0.0,0.0,0.0,0.0,0.0,0.0,-0.0,0.0,0.0,-0.0,-0.34964442675245894,0.0,0.0,-0.0,-996.6442584346337,999.2232279844297,0.0,0.0,0.0,0.0006612079892222203,-0.34964442675245894,-0.34964442675245894,-1000.0,-0.34964442675245894,-998.4752386571985,-0.12539175817006526,0.0,0.0,0.0,-0.0,0.0,0.2906092623298958,0.0,0.0,-0.0,0.0,0.0,0.0,0.0,4.855698960895075,0.0,0.0,0.0,0.0,4.855698960895075,-0.2906092623298958,0.0,-0.0,0.2435288955490204,0.2937974048633535,0.440165077698938,0.2937974048633535,0.0,0.0,0.0,0.06269587908503263,0.0,0.07389613328582513,-0.0,0.0,-0.0,0.0,0.0,0.0,-0.0,0.0,0.0,0.0,0.0,-0.0,0.0,0.0,-0.0,0.0,-0.0,0.0,0.0,0.0,-0.0,0.0,0.0006572780754675841,0.0006572780754675841,0.0,0.0,0.0,0.0,0.0,0.0,0.0,0.0,-0.0,0.0,0.0,0.04095166628047655,0.0,0.0,-0.0,-1000.0,0.0,0.0,0.06269587908503263,0.0,-0.0,0.0,0.07389613328582513,0.0,1000.0,-1000.0,0.0,-0.005113800273306879,-0.2906092623298958,0.0,0.00044015034052236057,0.5332431200212783,0.440165077698938,0.0,0.0,0.0,0.0,-0.440165077698938,-0.0,3.7993460034688913,0.0,0.0,-0.0,0.0,0.0,0.0,0.0,-0.0,0.0,0.0,0.027301110853651035,0.0,0.0,-0.0,0.0,0.0,0.0,-0.0,0.0,0.0,0.0,0.0,0.0,0.0,0.0,0.06269587908503263,0.07389613328582513,0.0,0.0,0.0,0.0,-0.0,0.0,0.0,0.0,-0.0,0.0,0.0,0.0,0.0,-0.0,0.0,-0.0,0.0,-0.0,0.0,0.0,-0.0,-0.0,-0.0,0.0004381853836450396,-0.005113800273256572,0.0,0.0,0.0,1.9649568773320157e-6,0.0,0.0,0.0,0.0,0.0,0.0,0.0,0.0002190926918225198,0.0,0.0,0.0,0.0,0.0,0.0,0.0,0.0,0.0,0.0,-0.0,0.0,0.0,0.0,0.05584702188909189,0.05584702188909189,0.0,19.67084581296051,0.0,0.0,1.9649568773320157e-6,0.0,0.0,0.0,1000.0,0.0,0.0,0.0,-2.4561960966650205e-5,-1000.0,0.2906092623298958,0.2906092623298958,0.3249989551185221,0.0,0.0,0.0,1.0503441192953011,0.0,0.0,0.0,0.0,0.0,-1.0503441192953011,0.0,0.0,0.0,0.0,0.0,0.002238085883281154,0.0,-2.8763814928352325,0.0,0.0,0.0,0.0,-0.0,0.0,0.0,0.23683134003263456,0.0,0.0,0.0,0.0,0.0,0.0,0.0,0.0,0.0005659075806712947,0.0,0.0,-0.0,0.0,0.0,3.15,0.0,0.09307804232234027,0.0,55.800466003492275,0.0,0.0,0.0,0.0,0.002556900136628286,0.005113800273256572,0.0,0.0,0.0,0.0,0.00011986236951725298,0.00011986236951725298,0.0,0.6156082174484179,0.0,-19.67084581296051,0.00011986236951725298,0.2435288955490204,0.0,-19.67084581296051,0.0,0.0,0.0,0.0,1.9649568773320157e-6,0.0,0.0,0.0,0.0,2.4561960966650205e-5,2.4561960966650205e-5,0.0,0.0,0.0,0.0,0.0,0.0,0.0,0.0,0.0,0.0,0.0,0.0,0.0,0.0,0.0,0.0,0.0,999.9948861997267,0.005113800273306879,0.0,0.0,0.0,0.0,-1000.0,0.0,0.0,0.00023972473903450595,0.0,0.0,0.0,0.0002190926918225198,0.0,0.0,0.0,0.0,0.15771235136686096,0.0,0.0,0.0,0.0,0.0,-0.0,0.0,0.0006965772130141997,0.0,1000.0,0.0,0.0,0.0,0.0006965772130141997,0.0,0.0,-1000.0,0.0,0.0,0.0,1000.0,0.0,0.0,0.0,0.0,4.855698960895075,0.0,0.0,0.0,0.0,0.0,0.0,0.0,0.0,0.0,0.2435288955490204,-0.0,0.0,0.0,0.0,0.0,-0.14779226657165026,0.15121423897352393,0.0,0.0,0.0,0.0,0.0,0.36444939434471696,0.0,0.0,-0.0,0.0,0.0,0.0,0.0,35.14032988591631,0.0,0.0,0.0,0.0,0.0,0.06269587908503263,0.07389613328582513,0.0,-0.0,0.0,0.0,0.0,0.0,0.0008763707672900793,0.0,0.17773526194687386,0.0,1.9649568773320157e-6,0.0,0.0,0.0,0.0,0.0,0.0,0.0,0.0,0.0,0.0,0.0,0.0,0.0,0.0,0.0,-1000.0,0.0,0.0,0.0,0.0,0.0,0.0,0.0,0.0,0.0,0.0,0.0023471409899730932,0.0,0.0,0.013650555426825518,0.3744412000659504,0.0,0.0,0.0,0.0,0.0,0.0,0.0,0.0,0.0,0.858950442094092,0.3371482834910659,0.2854384783071966,0.0,0.0,0.0,0.0,0.0,0.0,0.0,0.0,0.0,0.3744412000659504,0.3744412000659504,0.0,0.36444939434471696,0.0,0.0,0.0,0.36444939434471696,0.026364808901602352,0.0,0.0,0.0,0.0006572780754675841,0.0,0.0,0.0,0.0,0.0,0.0,0.00027312900594915024,0.0023471409899730932,0.0,-0.0,0.0006572780754675841,0.0,0.3249989551185221,0.0,0.0,-0.3249989551185221,0.0,0.0,0.0,0.0,0.0004381853836450396,0.0006572780754675841,0.00044015034052236057,0.0,0.0,0.0,0.0,0.0,0.0006572780754675841,0.0006572780754675841,0.0,0.0,0.0,0.0,0.0,0.0,0.3177178074095684,0.0005659075806712947,0.0005659075806712947,0.0,0.0,0.0,0.0,0.0,0.3744412000659504,0.0,-0.0,0.0,0.0,1.4576452812765943e-17,0.0,0.0002190926918225198,0.0,0.0,0.0,-1.4576452812765943e-17,0.0,0.0,0.0,0.0,0.0,0.025707530826134768,0.0,0.0,0.0,0.0,0.0,0.0,0.0,0.0,0.0,0.0,0.0,0.0,0.0,0.0,0.0,0.0023471409899730932,0.002785326373618133,0.0,0.0,0.0,0.0,0.0,0.0,0.0002190926918225198,1.4576452812765943e-17,0.0,0.0,0.0,0.0,0.0,0.0,0.0,0.0,0.0,0.0,0.0,0.0,0.0,0.0,0.0,0.34964442675245894,0.0,0.0,0.0,0.0,0.0,0.34964442675245894,0.0,0.34964442675245894,0.0,0.34964442675245894,0.34964442675245894,0.0,0.0,0.0,0.0,0.0,0.0,0.27318402474171555,0.27318402474171555,0.0,0.07646040201074339,0.0,0.0,0.0,0.0,0.0,0.0,0.0,0.0,0.0,0.12539175817006526,0.14779226657165026,0.0,0.0,0.0,0.0,1.9649568773320157e-6,0.0,14.58586870895474,0.0,0.0,0.0,0.0,0.0,0.0,0.0,0.0,0.0,1.9649568773320157e-6,0.0,0.0,0.0,0.0,0.0,0.0,0.0,0.0,0.0,1000.0,0.0,0.0,0.0,0.0,0.0,0.0,0.0,0.0,0.0,0.0,0.0,0.015779586203414755,0.0,0.0,