{"objective_value":0.9824784386660201,"time_limit":1800,"thermo_feasible":false,"dual_bound":0.9824784386660201,"solution":[-0.0,-0.0,-0.0,-0.0,-0.0,-0.0,-0.0,0.00021909269182252255,-0.0,-0.005113800273306879,-0.0,0.00022105764869985458,0.0,-0.0,-0.0,1.9649568773320403e-6,-0.0,-0.0,0.00044015034052236057,-0.0,-0.0,0.0,-0.005113800273256636,0.0,0.0,-0.0,-0.0,-0.0,0.9824784386660201,-0.0,-0.0,19.670845812960653,-2.456196096665051e-5,-0.0,-0.0,-0.0,-0.0,-0.0,-10.0,-0.0,-0.0,0.0,0.0,0.0,0.0,-0.0,-0.0,-0.0,-0.0,-0.0006965772130142084,-0.0,-0.0,-0.0,-0.0,-0.0,-0.0,-0.0,-0.0,-0.0,-0.0,-0.0,-0.0,-0.0,-0.0,-0.0,-0.0,-0.0,-0.0,-0.0,-0.0,-0.0,-0.0,-0.0,-0.0,-0.0,-0.0,-0.0,-0.0,-0.0,-0.0,-0.0,-0.0,0.0,-0.0,-0.0,9.027239829460541,-0.0,-0.0,-0.0,-0.0,-0.0,-0.0,45.617869513217755,-0.0,-0.0,-0.0,-0.0,0.0,0.0,-0.0,0.0,-0.0,-0.0,-0.0,0.0,-0.0,0.0,-0.0,-0.0,0.0,0.0,-0.0,-0.0,-0.0,-0.0,-0.0,-0.0,-0.0,-0.0,-0.0,-0.0,-0.0,-0.0,-0.0,-0.0,-0.0,-0.01577958620341495,0.0,-0.0,-0.0,0.0,-0.0,-0.0,-0.0,-0.1917729138785365,0.0,0.0,0.0,3.469446951953614e-18,-0.0,0.0,-0.0,0.0,0.0,-0.0,-0.0,0.0,-0.0,-0.0,-0.0,0.0,0.0,-0.0,-0.0,-0.0,-0.0,-0.0,-0.0,-0.0,-0.0,-0.0,-0.0,-0.0,0.0,-0.0,-0.0,-0.0,-0.0,-0.0,-0.0,-0.0,-0.0,-0.0,-0.0,-0.0,-0.0,-0.0,-0.0,-0.0,-0.0,-0.0,-0.0,-0.0,-0.0,1.9649568773320403e-6,-0.0,-0.0,-0.0,-0.0,-0.0,-0.0,-0.0,-0.008523000455427726,-0.00067889260111822,0.0,-0.0,-0.0,-0.0,-0.00012673971858791658,-0.0,-0.0,-0.0,-0.0,-0.0,-0.0,-10.61157669982608,-0.0003173405356891245,-0.0,-0.0,-0.0,-0.0,0.0,-0.0,-0.0,-0.0,-0.0,-0.0,-0.0,-0.0,-0.0,-0.0,0.0,0.0,-17.5743291778204,-0.0,-0.0,-0.0,-0.0,-0.0,-0.0,-0.0,-0.0,-0.0,-0.0,-0.0,-0.0,-0.00033502514758511294,0.0,-0.0,-0.0,0.0,-0.0,0.0,0.0,-0.0,-0.0,0.0,-0.0,0.0,-0.0,0.0,0.0,-0.0,-0.9477291587686665,0.0,0.0,-0.0,0.0,0.0,0.0,-0.0,-0.0,-0.0,0.0,-0.0,0.0,0.0,0.0,-0.0,-0.0,-0.0,0.0,-0.0,0.0,-0.0,0.0,-0.0,-0.0,-0.0,-0.0,0.0,0.0,-0.0,0.0,-0.0,0.0,-0.0,0.0,0.0,0.0,0.0,-0.0,-0.0,-0.0,0.0,0.0,0.0,-0.0,-0.0,-0.0,0.0,0.0,0.0,-0.0,0.0,-0.0,0.0,-0.0,-0.0,-0.0,-0.0,-0.0,-0.0,-0.0,-0.0,-0.0,-0.0,-0.24779088701595778,-0.0,0.0,-0.0,-0.0,-0.0,-0.0,-0.0,-0.0,3.469446951953614e-18,0.0,0.0,0.0,0.0,0.0,0.0,-0.0,-0.0,0.0,0.0,-0.0,-0.0,-0.0,-0.0,0.0,0.0,0.0,-0.0,0.0,-0.0,-0.0,0.0,-0.0,-0.0,-0.0,0.0,0.0,0.0,0.0,0.0,0.0,0.0,-0.0,-0.0,-0.0,-0.0,0.0,0.0,0.0,-0.0,-0.0,-0.0,-0.0,0.0,0.0,0.0,0.0,0.0,-0.0,-0.0,0.0,0.0,-0.0,-0.0,0.0,0.0,0.0,0.0,0.0,-0.0,0.0,0.0,0.0,0.0,0.0,0.0,0.0,0.0,-0.0,0.0,0.0,0.0,0.0,0.0,0.0,-0.0,0.0,-0.0,0.0,-0.0,0.0,0.0,-0.0,0.0,0.0,0.0,0.0,-0.0,0.0,0.0,0.0,0.0,0.0,0.0,0.0,0.0,0.0,0.0,0.0,0.0,-0.0,0.0,0.0,0.0,0.0,0.0,0.0,0.0,0.07646040201074437,0.0,-0.0,0.0,0.0,0.0,0.00022105764869985458,0.0,0.0,0.0,0.0,0.0,0.03823020100537219,0.0,0.0,0.0,0.0,0.0,0.0,0.12539175817006684,-0.0,0.1477922665716521,0.0,0.0,0.07646040201074437,0.0,0.07646040201074437,0.0,0.0,-0.0,0.0,0.0,-0.0,0.0,0.0,0.0,0.0,0.0,0.0,-0.0,0.07646629688137635,0.0,0.0,0.0,0.0,0.0,0.0,0.0,0.0,0.0,1000.0,0.0,0.0,0.0,0.0,0.3496444267524633,0.0,0.3496444267524633,0.3496444267524633,0.3496444267524633,0.0,0.0,0.0,0.3496444267524633,0.2906092623298995,0.27318402474171893,0.0,0.27318402474171893,0.2906092623298995,0.2854384783072002,-0.0,0.5723683588842963,0.0,0.8589504420941036,0.0,0.0,0.0,0.0,0.0,0.0,-0.4401650776988792,3.7993460034689077,0.0,0.0,0.0,0.0,0.0,0.0,0.0,0.0,0.0,0.0,0.0,0.0,-0.3496444267524633,0.027301110853651375,0.0,-0.3496444267524633,0.0,-0.3496444267524633,-0.3496444267524633,-0.3496444267524633,-0.27318402474171893,-0.12539175817006684,0.0,0.04095166628047706,0.0,-1000.0,0.0,0.0,0.0,0.2906092623298995,0.0,0.0,0.0,0.0,-0.0,0.0,4.855698960895101,0.0,0.0,-1000.0,1000.0,4.855698960895101,-0.2906092623298995,0.0,0.0,0.0,0.0,0.0,0.0,0.0,0.0,0.0,0.0,-0.0,0.0,0.06269587908503342,0.0,0.0,0.0,0.4401650776988792,0.0,0.0,0.0,0.0,0.0,0.0,0.0,0.0006572780754674974,0.0,0.0,0.0,0.0,0.0,0.0,0.055847021889092595,0.055847021889092595,0.0006572780754674974,0.0,0.0,0.0,0.0,0.0,0.0,1.9649568773320403e-6,0.0,0.0,0.0,-0.0,0.0,0.0,0.0,-0.0,-0.0,0.0,0.0,0.0,0.06269587908503342,0.0,0.0,0.0,-0.0,-0.0,-0.0,0.0,0.0,0.0,0.0,-0.0,0.0,0.0,0.0,0.0,1000.0,0.0,0.0,0.0,1.9649568773320403e-6,0.0,0.00021909269182252255,0.0,0.0,0.0,0.00043818538364504505,-997.4203692422149,0.0,0.0,0.0,0.0,0.0,0.0,0.0,0.0,0.0,0.0,0.0,0.0,0.0,0.0,0.0,0.0,0.0,0.0,0.0,0.2368313400326375,0.0,0.0,0.0,0.0,0.0,0.0,0.0,0.0,0.0,0.0,1000.0,1000.0,0.0,0.0,0.0,0.0005659075806724633,0.0,0.32499895511852617,-1000.0,1.0503441192953145,0.0,-1000.0,0.2906092623298995,0.2906092623298995,0.0,0.0,0.0,0.0022380858832812046,0.0,0.0,0.0,0.0,-2.8763814928351406,0.0,0.0,0.0,-1.0503441192953145,0.0,0.0,0.0,0.0,0.0,-0.0,0.0,0.0,0.0,0.0,0.0,0.0,0.0,0.0,-0.0,0.0,0.0,999.9948861997267,3.15,0.005113800273306879,0.09307804232234143,0.0,55.800466003492176,0.0,0.0,-1000.0,0.0,0.0,0.0,0.0,0.0,0.0,0.00011986236951725445,0.0,0.0,0.00011986236951725445,0.0006612079892222168,0.00011986236951725445,0.24352889554902457,0.0,0.6156082174484256,0.0,0.0,0.0,0.0,0.24352889554902457,0.0,0.0,1.9649568773320403e-6,0.0,0.0,0.29379740486329287,0.0,0.0,0.0,0.0,0.0,0.0,0.0,0.0,0.0,0.0,0.0,0.0,0.0,0.0,0.4401650776988792,0.0,0.0,0.0,0.0,0.0,0.0,0.29379740486329287,0.0,0.0,0.0023471409899731227,0.0,0.0,0.0,0.0,0.0,0.0,0.0,0.0,0.0,0.0,0.0,0.002556900136628318,0.005113800273256636,0.0,0.0,0.0,-0.0,0.0,0.0,0.0,0.0,-19.670845812960653,0.31771780740957223,0.0,0.3744412000659549,-19.670845812960653,0.0,0.00021909269182252255,0.0,0.0,0.0,2.456196096665051e-5,0.0,0.0,0.0,2.456196096665051e-5,0.0,0.0,0.0,0.0,0.0,0.0,0.0,0.0,0.0,0.0,0.0,0.0,0.0,0.0,0.0,0.0,0.0,0.0,4.855698960895101,0.0,0.0,0.0,0.0,0.0,0.0,0.0,0.0,0.0,0.0,-0.0,0.0,0.0,0.0002397247390345089,0.00021909269182252255,0.0,0.0,0.0,-0.1477922665716521,0.0,0.0,0.0,0.15771235136686287,0.0,0.0,0.0,0.0,-0.0,0.0,0.0,1000.0,0.0,0.0,0.0,0.0,0.0006965772130142084,0.0,0.0006965772130142084,0.0,-1000.0,0.0,0.0,1000.0,0.0,-0.0,0.0,0.0,0.0,0.0,0.0,0.0,0.0,0.0,0.0,0.0,0.0,0.0,0.0,0.0,0.0,0.0,0.0,0.013650555426825688,0.24352889554902457,0.0,0.0,0.15121423897352587,0.0,0.0,0.0,0.0,0.0,0.0,0.0,0.0,0.0,0.33714828349107023,0.3644493943447216,0.0,-0.0,0.0,0.0,0.0,0.0,0.0,0.0,0.06269587908503342,0.07389613328582605,0.0,35.14032988591623,0.0,0.0,0.0,0.0,0.06269587908503342,0.0,-0.0,0.0,0.07389613328582605,0.0,0.17773526194687725,0.0008763707672900901,1.9649568773320403e-6,0.0,0.0,0.0,0.0,0.0,0.0,0.0,0.0,-1000.0,0.0,0.0,0.0,0.0,0.0,0.0,0.0,0.0,0.0,0.0,0.0,0.0,0.0,-0.2906092623298995,0.0,0.0,0.0,0.0,0.0,0.3744412000659549,0.0,0.0,-0.0,0.0006572780754674974,0.0,0.0,0.0,0.0,0.0,0.32499895511852617,-0.0,0.0,0.00044015034052236057,0.0,-0.32499895511852617,0.8589504420941036,0.2854384783072002,0.0,0.8639495696701605,0.5332431200212207,0.0,0.0,0.00043818538364504505,0.0006572780754674974,0.00044015034052236057,0.0,-0.0,0.0,0.0,0.0,0.3744412000659549,0.3744412000659549,0.0,0.0,0.0,0.0,0.0,0.0,0.00027312900594915365,0.0,0.0,0.0,0.0,0.3644493943447216,0.3644493943447216,0.026364808901602584,0.0006572780754674974,0.0023471409899731227,0.0,0.0,0.0,0.0,1.9649568773320403e-6,0.0,0.0,0.0,0.0,0.0,0.0,0.0,0.0,0.0,0.0,0.0,0.0,0.8639495696701605,0.0,0.0006572780754674974,0.0006572780754674974,0.0,0.0,0.0,0.0,0.0,0.0,0.0,0.0005659075806724633,0.0,0.0,0.0,0.0005659075806724633,0.0,0.0,0.0,0.0,0.0,-0.0,0.0,-0.0,0.0,0.0,0.0,0.0,-0.0,0.07646040201074437,0.0,0.0,0.12539175817006684,0.0,0.0,0.0,0.0,0.1477922665716521,0.025707530826135087,0.0,0.0023471409899731227,0.0,0.0,0.0,0.0,0.0,0.0,0.002785326373618168,0.0,0.0,0.0,0.00021909269182252255,0.0,0.0,0.0,0.0,0.0,0.0,0.0,0.0,0.0,0.0,0.0,0.0,0.0,0.0,0.0,0.0,0.0,0.0,0.0,0.0,0.0,0.0,2.1475897942956674,0.0,0.0,0.01577958620341495,0.01577958620341495,0.0,0.0,0.0,0.0,0.0,0.0,0.0,0.0,0.0,0.0,0.0,6.919561748018453,0.0,0.0,0.0,0.0,0.0,0.0,0.0,0.0,0.0,0.00021909269182252252,0.0,0.0,0.0,0.0,0.0,0.0,0.0,0.0,0.0,0.0,0.0,0.0,0.0,0.007671191649104285,0.0,0.0,0.0,0.0,0.0,0.0,0.0,0.0,0.0,0.0,0.00021909269182252252,0.0,0.0,0.0,0.0,0.0,0.0,0.0,-0.0,0.0,0.0,0.0,0.0,0.0,0.0,0.0,0.0,0.0,31.01467037117786,0.0,0.0,0.0,0.0,0.0,0.0,0.0,0.0,0.0,0.0,0.0,0.0,