{"objective_value":0.9824784386659231,"time_limit":1800,"thermo_feasible":false,"dual_bound":0.9824784386659231,"solution":[-0.0,-0.0,-0.0,-0.0,-0.0,-0.0,-0.0,0.00021909269182250084,-0.0,-0.0,-0.0,0.00022105764869983268,-0.0,-0.0,0.0,-0.0,-0.0,1.964956877331846e-6,-0.0,-0.0,-0.0,0.0004401503405223328,-0.0,0.0,-0.0,0.0,-0.0,-0.0,0.9824784386659231,-0.0,-0.0,-0.0,-0.0,-0.0,-0.0,-0.0,-0.0,-0.0,-0.0,-0.0,-0.0,-0.0,-0.0,-0.0,-0.0,-0.0,-0.0,-0.0,-0.0,-0.0,-0.0,0.0,-0.0,-0.0,-0.0,0.0,-0.0,-0.0,-0.0,-0.0,-0.0,0.0,-0.0,0.0,0.0,-0.0,-0.0,-0.0,0.0,-0.0,-0.0,-0.0,-0.0,-0.0,-0.0,-0.0,-1000.0,999.9842204137966,-0.0,-0.0,-0.0,0.0,-0.0,-0.0,0.0,0.0,0.0,-0.0,-0.0,-0.0,0.0,-0.0,0.0,-0.0,-990.9569805843352,0.0,0.0,-0.0,0.0,0.0,0.0,-0.0,-0.0,-0.0,-0.0,-0.0,-0.0,-0.0,-0.0,-0.0,-0.0,0.0,-0.0,-0.0,-0.0,-0.0,-0.0,-0.0,-0.0,-0.005113800273306879,-0.0,-0.0,-0.0,-0.0,-0.0,-0.0,545.6099797201191,-0.0,-0.0,-0.0,-0.0,-0.0,-0.0,-0.0,-0.0,-0.0,-0.0,-0.0,-0.0,-0.00511380027325613,0.0,-0.0,-0.0,19.67084581295932,-0.0,-0.0,-0.0,-0.0,-0.0,-0.0,-2.4561960966648077e-5,0.0,0.0,0.0,-10.0,0.0,-0.0,0.0,-0.0,-0.0,-0.0,-0.0,-0.0,-0.0,-0.0,0.0,-0.0006965772130141395,-0.0,-0.0,-0.0,0.0,-0.0,-0.0,-0.0,-0.0,-0.0,-0.0,-0.0,-0.0,-0.0,-0.0,-0.0,-0.0,-0.0,-0.0,-0.0,-0.0,-0.0,-0.0,-0.0,-0.0,-0.0,-0.0,-0.0,-0.0,-0.0,-0.0,-0.0,-0.0,-0.0,-0.0,-0.0,-0.0,-0.0,-0.0,-0.0,-0.0,0.0,0.0,-0.0,0.0,-0.0,-0.0,-0.0,0.0,-0.0,0.0,0.0,-0.0,-0.0,0.0,0.0,0.0,0.0,-0.0,-0.0,-0.0,0.0,0.0,-0.0,-0.0,-0.0,-0.0,0.0,0.0,-0.0,0.0,-0.0,-0.0,-0.24779088701593252,-0.0,0.0,0.0,-0.0,-0.0,-0.0,-0.0,0.0,0.0,0.0,0.0,0.0,-0.0,-0.0,-0.0,-0.0,-0.0,0.0,0.0,-0.0,-0.0,-0.0,-0.0,-0.0,0.0,0.0,0.0,-0.0,0.0,-0.0,-0.0,0.0,0.0,0.0,0.0,-0.0,-0.0,-0.0,0.0,-0.0,0.0,0.0,-0.0,-0.0,0.0,-0.0,-0.0,-0.0,0.0,0.0,0.0,0.0,0.0,-0.0,-0.0,-0.0,0.0,-0.19177291387851755,0.0,-0.0,-0.0,0.0,-0.0,0.0,-3.469446951953614e-18,0.0,-0.0,-0.0,-0.0,-0.0,-0.0,0.0,0.0,0.0,-0.0,-0.0,-0.0,-0.0,-0.0,-0.0,-0.0,0.0,0.0,0.0,0.0,0.0,0.0,0.0,-0.00033502514758507976,0.0,0.0,-0.0,0.0,0.0,0.0,0.0,0.0,0.0,-0.0,0.0,0.0,0.0,0.0,0.0,0.0,0.0,0.0,0.0,0.0,0.0,0.0,0.0,0.0,0.0,0.0,0.0,-0.0,0.0,-0.0,0.0,0.0,0.0,-0.0,0.0,0.0,0.0,0.00022105764869983268,0.0,0.0,0.0,-0.0,0.0,0.0382302010053684,0.0,0.0,0.0,-0.0,0.0,0.0,0.0,0.0,0.0,0.0,0.0,0.12539175817005443,0.14779226657163747,0.0,0.0,0.0764604020107368,0.0764604020107368,0.0,0.0,0.0,-0.0,0.0,0.0,0.0,0.0,0.0,0.0,0.0,0.0,0.0,-0.0,0.0,0.0,0.0,0.0,0.0,0.0,-0.0,0.0,0.0,0.0,0.0,0.0,0.0764604020107368,0.0,0.0,0.0,0.3496444267524287,0.3496444267524287,0.3496444267524287,-0.0,0.3496444267524287,0.3496444267524287,0.0,0.0,0.0,-0.0,0.0,0.0,0.2731840247416919,0.2731840247416919,0.0,0.0,0.0,0.0,-0.0,0.0,0.0,0.0,0.0,0.0,0.0,0.0,0.0,0.0,0.0,0.0,0.0,-0.0,0.0,0.0,0.0764662968813688,0.0,0.0,0.0,-0.0,0.0,0.28543847830717195,0.0,-0.0,0.0,-996.0111395039728,0.858950442094018,0.0,1.964956877331846e-6,0.0,0.0,0.0,0.0,0.0,0.0,0.0,0.2906092623298707,0.0,0.2906092623298707,-0.0,0.0,0.0,0.0006612079892221628,0.0,-0.0,0.0,-0.3496444267524287,-0.3496444267524287,0.0,1000.0,-1000.0,-0.3496444267524287,-0.0,-0.3496444267524287,0.0,0.0,-0.0,-0.0,0.0,-0.3496444267524287,-0.2731840247416919,-0.12539175817005443,0.0,0.0,0.0,0.0,0.0,0.2906092623298707,0.24352889554899976,0.0,-0.008523000455426883,-0.0,0.0,4.855698960894814,0.29379740486379663,0.44016507769936836,0.29379740486379663,0.0,4.855698960894814,-0.2906092623298707,-0.0,0.0,0.0,0.0,0.0,0.0,0.0,-0.0,0.0,0.0,0.07389613328581873,-0.0,0.0,0.0,0.0,0.0,-0.0,-0.0,0.0,0.0,996.583507862857,0.0,0.0,0.0,-0.0006788926011181528,-990.9569805843352,0.0,0.0,0.0,990.9569805843352,0.0,-0.0,0.0,0.0,0.0,0.0,0.0,-0.00012673971858790406,0.0,0.0006572780754673665,0.0006572780754673665,0.06269587908502722,0.0,0.0,0.0,0.07389613328581873,0.0,0.0,-1000.0,-0.2906092623298707,-0.0,0.0,999.2232279844293,0.0,0.0,0.0004401503405223328,0.5332431200217006,0.0,-0.0,0.44016507769936836,-0.44016507769936836,-0.0,3.799346003468725,0.0,0.0,1000.0,-1000.0,0.0,-0.0,0.0,0.027301110853648676,0.0,0.0,0.0,0.0,0.0,0.0,0.0,0.04095166628047302,0.0,-0.0,-10.611576699827705,0.0,0.0,0.0,-1000.0,0.0,0.0,0.0,0.0,0.0,-0.0003173405356890932,0.0,0.0,0.0,0.0,0.0,0.0,0.0,0.0,0.0,0.0,-0.0,-0.0,0.0,0.0,0.0,0.0,0.0,-0.0,0.0,0.0004381853836450017,0.0,0.0,-0.0,0.0,0.0,0.0,0.0,0.0,0.0,-0.0,-0.0,-0.0,-0.0,-0.0,0.0,0.0,0.0,0.0,0.0,0.0,0.0,0.0,0.0,0.0,1.964956877331846e-6,0.0,0.0,0.00021909269182250084,0.0,0.0,0.0,0.0,0.0,0.0,0.0,-1000.0,0.0,-267.5703842812698,0.0,0.0,0.0,1000.0,0.05584702188908707,0.2906092623298707,0.05584702188908707,-0.0,0.0,1.964956877331846e-6,0.2906092623298707,-0.0,0.0,0.0,0.0,0.0,0.0,0.0,0.0,0.0,0.0,-1.0503441192952105,0.0,0.0,0.0,0.0,0.0,0.0,-0.0,0.0,0.0,0.07389613328581873,0.0,0.0,0.0,-0.0,0.2368313400326141,0.0,-0.0,0.0,0.0,-2.876381492835921,0.0,0.0,0.0,0.0,0.0,-0.0,0.0,-0.0,0.000565907580671654,0.3249989551184941,1.0503441192952105,0.0,0.0,0.0,0.0022380858832809834,0.0,0.0,0.0,0.0,-0.0,0.0,-0.0,0.0,3.15,-0.0,0.09307804232233223,55.80046600349255,0.0,0.0,0.0,0.0,-0.0,0.0,0.0,0.0,0.0,0.0,0.00011986236951724261,0.0,0.00011986236951724261,0.00011986236951724261,0.24352889554899976,0.0,0.0,0.0,0.0,0.0,0.0,0.0,1.964956877331846e-6,0.0,0.0,0.0,0.0,0.0,0.0,-0.9477291587697936,0.0,0.0,0.0023471409899728903,0.0,-0.0,0.0,0.0,0.0,0.0,0.0,0.0,-0.0,999.9948861997267,0.005113800273306879,0.0,0.0,0.0,0.0,0.0,0.0,0.0,0.0,-1000.0,0.0,0.0,0.31771780740954086,0.0,0.37444120006591786,0.00021909269182250084,0.0,0.0,0.0,0.0,0.0,0.0,0.0,0.0,0.0,0.6156082174483648,0.0,0.0,0.0,0.0,0.0,0.0,0.0,0.0,0.0,-0.0,0.0,-0.0,0.0,0.0,0.0,0.0,0.0,-19.67084581295932,0.0,0.0,0.0,0.0,0.0,0.0,-19.67084581295932,0.0,0.0,0.0,0.0,0.24352889554899976,0.0,0.0,0.0,0.0,0.002556900136628065,0.0,0.15121423897351086,0.0,0.0,0.0,0.0,0.00511380027325613,0.0,0.0,0.0,0.0,0.0,0.0,0.0006965772130141395,2.4561960966648077e-5,0.06269587908502722,35.14032988591665,0.0,2.4561960966648077e-5,0.0,0.0,-0.0,0.07389613328581873,0.0,0.0,0.0,0.0,0.0,0.1777352619468589,0.0,0.0,0.0,0.0,0.0,0.0008763707672900034,1.964956877331846e-6,0.0,0.0,0.0,0.0,0.0,-1000.0,0.0,0.0,0.0,0.0,0.0,0.0,0.0,0.0,0.0,0.0,0.0,0.0,0.0,0.0,0.0,0.0,0.0,0.0,0.013650555426824338,0.0,0.37444120006591786,0.0,0.0,0.0,0.0,0.0,0.0,0.0,0.0,0.0,0.33714828349103687,0.36444939434468554,0.858950442094018,0.0,0.28543847830717195,0.0,-0.0,0.8639495696692774,0.0,0.0,0.0,0.0,0.0,0.0,0.0,0.0,0.0,0.36444939434468554,0.0,0.0,0.0,0.36444939434468554,0.0,0.02636480890159991,0.0006572780754673665,0.0,0.0,0.0,0.0,0.0,0.0,0.0,-0.0,0.00027312900594912666,0.0023471409899728903,0.0,0.0006572780754673665,0.0,0.0,0.3249989551184941,0.0,0.0,0.0,0.0,0.0,0.0,-0.3249989551184941,0.0004381853836450017,0.0,0.0,0.0006572780754673665,0.0006572780754673665,0.0,0.0006572780754673665,0.0,0.0004401503405223328,-0.0,0.0,0.0,0.0,0.0,0.37444120006591786,0.37444120006591786,0.0,0.0,0.000565907580671654,0.0,0.00023972473903448522,0.000565907580671654,0.0,-0.0,0.0,0.00021909269182250084,0.0,0.0,0.0,-0.0,0.0,0.0,0.0,0.0,0.0,0.0,0.0,0.0,0.0,0.0,0.0,0.0,0.0,0.0,0.0,0.025707530826132544,0.0,0.0,0.0,0.0,0.0,0.0,0.0,0.0,0.0,0.0,0.0,0.0,0.0,0.0,0.0,0.0,0.0,0.0,0.0023471409899728903,0.0027853263736178917,-0.0,0.0,0.3496444267524287,0.00021909269182250084,0.3496444267524287,0.0,0.3496444267524287,0.0,0.0,0.0,0.3496444267524287,0.0,0.3496444267524287,0.2731840247416919,0.2731840247416919,0.0,0.0,0.0,0.0,0.0,-0.0,0.0,0.0,0.0,0.0,0.0,0.0,0.0,1.964956877331846e-6,0.0,0.0,0.0,0.0,0.0,0.0,0.0,14.585868708953637,0.0,0.0,0.0764604020107368,0.0,0.0,0.0,0.0,0.12539175817005443,0.14779226657163747,0.0,1.964956877331846e-6,0.0,0.0,0.0,0.0,0.0,0.0,0.0,0.0,0.0,0.0,0.0,0.0,0.0,0.0,0.0,0.0,0.8639495696692774,0.0,0.0,0.0,0.0,0.0,0.0,0.0,0.0,0.0,0.0,0.0,0.0,0.0,0.0,0.0,0.0,2.1475897942954547,-0.0,0.0,0.0,0.0,0.0,0.0,0.0,0.0,0.0,0.0,0.0,0.0,0.0,6.9195617480191,0.0,0.0,0.0,-999.9842204137966,0.0,0.0,0.0,4.855698960894814,0.0,0.0,0.0,0.0,0.00021909269182250084,0.0,0.0,0.0,0.0,0.0,0.0,0.0,0.0,0.0,0.0,0.0,0.0,0.0,0.0,0.0,0.0,0.0,0.0,0.0,0.0,0.0,1000.0,0.015779586203413392,0.0,0.0,0.0,0.0,0.0,0.0,0.0,0.0,0.0,0.0,0.0,0.0,0.0,0.0,0.0,0.0,