{"objective_value":0.9824784386660521,"time_limit":1800,"thermo_feasible":false,"dual_bound":0.9824784386660521,"solution":[0.00044015034052238833,-0.0,-0.0,0.00021909269182252962,0.0,0.0,0.9824784386660521,-0.0,-0.0,-0.0,-0.0,-0.0,0.0002210576486998617,-0.0,0.0,-0.0,-0.0,1.9649568773321042e-6,-0.0,-0.0,-0.0,-0.0,-0.0,-0.0,-0.0,-0.0,-0.0,-0.0,-0.000696577213014231,-0.0,-0.0,-0.0,-0.0,-0.0,-0.0,-0.0,-0.0,-0.0,-0.0,-0.0,-0.0,-0.0,-0.0,-0.0,-0.0,-0.0,-0.0,-0.0,-0.0,-0.0,-0.0,-0.0,-0.0,-0.0,-0.0,-0.0,-0.0,-0.0,-0.0,-0.0,-0.0,-0.0,-0.0,-0.0,-0.0,-0.0,-0.0,0.0,-0.0,-0.0,-0.0,-0.0,-0.0,0.0,-0.0,-0.0,-0.0,-0.0,0.0,0.0,0.0,-0.0,-0.0,0.0,-0.0,-0.0,-0.0,-0.0,-0.0,-0.0,-0.0,-0.0,-0.0,-0.0,-0.0,-1000.0,999.9842204137966,-0.0,-0.0,-0.0,-0.0,0.0,-0.0,-0.0,0.0,0.0,-0.0,-0.0,-0.0,0.0,0.0,-0.0,0.0,0.0,0.0,0.0,0.0,-0.0,-0.0,-0.0,-0.0,-0.0,-0.0,-0.0,-0.0,-0.0,-0.0,-0.0,-0.005113800273256801,-0.0,-0.0,-0.0,-0.0,0.0,-0.0,-0.0,-0.0,-0.0,-0.0,-0.0,-0.0,-0.0,-0.0,-0.0,-0.0,-0.0,-0.005113800273256802,0.0,-0.0,19.67084581296111,-0.0,-0.0,-0.0,-0.0,-0.0,-0.0,-0.0,-2.4561960966651303e-5,0.0,0.0,-0.0,-0.0,-0.0,-0.0,-0.0,0.0,0.0,-0.0,-0.0,-0.0,-0.0,-0.0,-0.0,-0.0,-10.0,-0.0,-990.9569805843361,-0.0,-0.0,-0.0,-0.0,545.609979720115,-0.0,-0.0,-0.0,-0.0,-0.0,-0.0,-0.0,-0.0,-0.0,-0.0,-0.0,-0.0,-0.0,-0.0,0.0,-0.9477291587681886,0.0,0.0,0.0,-0.0,0.0,-0.0,-0.0,-0.0,0.0,0.0,0.0,0.0,0.0,-0.0,-0.0,-0.0,0.0,-0.0,0.0,0.0,0.0,0.0,0.0,-0.0,-0.0,-0.0,-0.0,-0.0,-0.0,0.0,0.0,-0.0,0.0,-0.0,0.0,0.0,0.0,0.0,0.0,-0.0,-0.0,-0.0,0.0,-0.0,0.0,-0.0,0.0,-0.0,-0.0,-0.0,-0.0,0.0,0.0,0.0,0.0,0.0,0.0,-0.0,-0.0,-0.24779088701596422,-0.0,-0.0,0.0,0.0,-0.0,0.0,-0.0,-0.0,-0.0,-0.0,-0.0,-0.0,0.0,0.0,0.0,-0.0,0.0,-0.0,-0.0,-0.0,-0.0,-0.0,0.0,0.0,0.0,0.0,0.0,0.0,0.0,0.0,-0.0,-0.0,-0.0,-0.0,-0.0,-0.0,-0.0,0.0,0.0,0.0,-0.0,0.0,0.0,-0.0,-0.0,-0.0,-0.0,0.0,0.0,0.0,0.0,-0.0,-0.0,0.0,-0.0,0.0,-0.0,0.0,0.0,0.0,0.0,0.0,-0.0,-0.0,-0.0,-0.0,-0.0,-0.0,-0.0,0.0,0.0,0.0,-0.0,-0.0,-0.0,-0.0,-0.0,0.0,-0.0,0.0,0.0,-0.0,-0.0,-0.0003350251475851238,0.0,0.0,0.0,0.0,0.0,0.0,-0.0,0.0,0.0,0.0,-0.0,0.0,-0.0,-0.0,-0.19177291387854267,0.0,-3.469446951953614e-18,0.0,-0.0,0.0,0.0,0.0002210576486998617,0.0,0.0,0.0,0.0,0.0,0.0,-0.0,0.038230201005373415,0.0,1.2056010149048786e-17,1.2056010149048786e-17,0.0,0.0,-0.0,0.1253917581700709,0.0,0.0,0.0,0.0,0.0,0.0,0.0,0.14779226657165687,0.0,0.0,0.07646040201074683,0.0,0.0,0.0,0.0,0.0,0.0,0.0,0.0,0.0,0.0,0.0,0.0,0.0,-0.0,0.0,0.0,0.07646040201074683,0.0,0.0,0.0,0.0,0.0,0.3496444267524746,0.0,0.0,1.2056010149048786e-17,1.2056010149048786e-17,0.3496444267524746,0.3496444267524746,0.3496444267524746,0.3496444267524746,0.27318402474172776,0.0,0.0,0.0,0.0,0.0,0.07646040201074683,0.27318402474172776,-0.0,0.0,0.0,0.0,0.0,0.0,0.0,0.0,0.0,0.0,0.0,0.0,0.0,1.2056010149048786e-17,0.0,0.07646629688137885,1000.0,0.0,0.0,-0.0,0.0,0.0,0.0,0.0,0.0,0.0,0.0,0.0,0.0,-0.0,0.0,0.0,0.0,0.0,0.0,0.0,0.29060926232990886,0.29060926232990886,0.0,-0.0,0.2854384783072094,-0.0,-0.0,0.5723683588843131,0.8589504420941297,0.0,0.0,0.0,0.0,0.0,0.0,0.0,0.0,0.24352889554903087,0.29379740486321165,0.0,-0.0,0.0,0.0,0.4401650776987177,0.29379740486321165,0.0,0.0,-0.0,0.0,-0.3496444267524746,-0.0,0.0,0.0,-0.3496444267524746,-0.3496444267524746,0.0,-0.3496444267524746,-0.0,-0.3496444267524746,-0.0,0.0,-0.0,0.0,-0.27318402474172776,-0.1253917581700709,0.0,0.0,0.29060926232990886,0.0,0.0,0.0,0.0,0.0,-0.0,0.0,-0.0,0.0,0.0,0.0,0.0,4.85569896089519,4.85569896089519,-0.29060926232990886,0.0,0.0,0.0,-0.0,0.0,0.06269587908503545,0.0,0.06269587908503545,0.07389613328582843,0.0,0.0,0.07389613328582843,0.0,0.0,0.0,0.0,-0.29060926232990886,0.0,0.00044015034052238833,0.0,0.0,0.0,0.5332431200210621,0.4401650776987177,0.0,-0.0,0.0,0.0,-0.4401650776987177,3.79934600346896,0.0006572780754681689,0.0,-0.0,0.0,0.0,0.0006572780754681689,0.0,0.0,0.0,0.027301110853652253,0.0,0.0,1000.0,-997.4210304502044,0.0,0.0,0.04095166628047838,0.0,-0.0,0.0,0.0006612079892222663,0.0,-1000.0,0.0,0.0,0.0,-0.0,0.0,0.0,0.0,0.0,-0.0,0.0,-0.0,0.0,0.0,-0.0,0.0,0.0,1.9649568773321042e-6,-0.0,0.0,0.0,0.0,-0.0,-0.0,0.0,-0.0,0.0,0.0,0.0,0.0,0.0,0.0,-0.0,0.0,0.0,0.0,0.0,-0.0,0.0,0.0,0.0,0.0,0.0,0.0,-0.008523000455428004,0.0,0.0,-0.0,0.0,0.0,0.0,-1000.0,0.0,0.0,-0.0,-0.0,-0.0,0.0,1000.0,-0.0,0.29060926232990886,0.0,0.29060926232990886,0.0,0.0,0.0,1.9649568773321042e-6,0.0,0.0,0.0,0.00021909269182252962,0.0,-0.0,-1.0503441192953482,0.0,0.0,0.0,0.0,-0.0,0.0,0.0,0.0,0.0,0.0,0.0,0.23683134003264514,0.0,0.0,0.0,0.0558470218890944,0.0558470218890944,0.0,0.0,0.0,-0.000678892601118242,0.0,0.0,1.9649568773321042e-6,0.0,0.0005659075806709138,0.0,-0.0,0.0,0.3249989551185366,1.0503441192953482,0.0,0.0,0.0,-0.00012673971858792073,0.0,0.0,0.0,0.0,0.0022380858832812545,0.06269587908503545,-0.0,0.07389613328582843,0.0,0.0,0.0,0.0,0.0,-2.876381492834965,0.0,0.0,0.0,0.0,-0.0,0.0,0.0,0.0,0.0,-0.0,0.0,0.0,0.0,0.0,0.0,0.0,-0.0,-0.0,0.0,0.0004381853836450593,0.0,0.0,0.0,3.15,0.09307804232234443,0.0,0.0,-0.0,0.0,55.800466003491934,-10.611576699825562,0.0,0.0,0.0,-0.0003173405356891348,0.0,0.00011986236951725836,0.00011986236951725836,0.0,0.0,0.0,0.00011986236951725836,0.0,0.24352889554903087,0.0,0.0,0.0,0.0,0.31771780740958255,0.0,0.37444120006596765,1.9649568773321042e-6,-0.0,0.0,0.0,0.00021909269182252962,0.0,0.0,0.0,0.0,0.0,0.0,0.0,0.0,0.0,0.0,0.0,0.0,0.0,-0.0,0.0,0.0,0.0,0.005113800273256801,0.0,0.0,-0.005113800273256801,0.0,-0.0,0.0,0.0,0.0,0.0,0.0,0.0,0.0,0.0,0.0,0.0,0.0,0.0,0.0,0.0,0.0,0.0,0.6156082174484454,0.0,0.0,0.0,0.002556900136628401,0.0,0.005113800273256802,0.0,0.0,0.0,0.0,0.0,0.0,0.0,0.0,0.0,0.0,-19.67084581296111,0.0,0.0,0.0,-19.67084581296111,0.0,0.0,2.4561960966651303e-5,0.0,0.0,0.0,0.0,0.0,0.0023471409899731986,2.4561960966651303e-5,0.0,0.0,0.0,-267.57038428126947,0.0,0.0,0.0,0.0,0.0,0.0,0.0,0.0,0.0,0.0,-0.0,0.0,0.0,0.0,0.0,0.0002397247390345167,-1000.0,35.14032988591605,0.00021909269182252962,0.0,0.0,0.0,0.0,0.0,0.0,0.0,0.0,0.0,1000.0,0.0,-0.0,0.17773526194688138,0.0,0.0,1000.0,0.0,0.0,0.0,0.0,0.0,-1000.0,0.8589504420941297,0.0,1000.0,0.0,4.85569896089519,0.0,0.0,-1000.0,0.0,0.0,0.0,0.0,0.0,0.0,0.0,0.0,0.0,0.0,0.0,0.0,-0.0,0.0,0.0,-0.14779226657165687,0.0,0.0,0.013650555426826127,0.0,0.0,0.0,0.1577123513668679,0.0,0.2854384783072094,-0.0,0.0,0.33714828349108106,0.36444939434473334,0.0,0.0,0.000696577213014231,0.000696577213014231,0.0,0.0,0.0,0.0,0.0,0.06269587908503545,0.0,0.0,0.863949569670441,0.0,0.0,0.0,0.07389613328582843,0.0,0.0,0.0,0.0008763707672901186,0.0,0.0,1.9649568773321042e-6,0.0,0.0,0.0,0.0,0.0,0.0,0.24352889554903087,0.0,0.0,0.0,0.0,0.0,0.0,0.1512142389735307,0.0,0.0,0.0,0.0,0.0,0.0,0.0,0.0,0.0,0.0,0.0,0.0,0.0,0.0,0.37444120006596765,0.0,0.0,-0.0,0.0,0.0,-0.0,0.0,0.0,0.0,0.0,0.0,0.0,0.0,0.0,0.025707530826135916,0.0,0.0,0.0,0.0,0.0,1.9649568773321042e-6,0.0,0.0,0.0,0.0,0.0,14.585868708955292,0.36444939434473334,0.0,0.0,0.0023471409899731986,0.36444939434473334,0.002785326373618258,-0.0,0.0,0.0,0.00021909269182252962,0.0,0.0,1.9649568773321042e-6,0.0,0.0,0.026364808901604087,0.0,0.0,0.0,0.0,0.0,0.0,0.0,0.0,0.0,0.0,0.0,0.0,0.0,0.0,0.0,0.863949569670441,0.0,0.0,0.0,0.0,0.0,0.0,0.0006572780754681689,0.0,0.0,0.0,0.0,0.0,0.0,0.0,0.0,1.2056010149048786e-17,0.0,0.0,1.2056010149048786e-17,0.0,0.0,0.0,0.0,0.0,0.0,0.07646040201074683,0.0,0.0,0.1253917581700709,0.0,0.0,0.14779226657165687,0.0,0.0,0.0,0.0,0.0,0.0,0.0,0.0,0.0,0.0,0.3496444267524746,0.0,0.3496444267524746,0.3496444267524746,0.0,0.0,0.0,0.3496444267524746,0.3496444267524746,0.27318402474172776,0.27318402474172776,0.0,-0.0,0.0,0.0,0.0,0.0,0.0,0.0,0.0,0.0,0.0,0.0006572780754681689,0.0,0.0,0.0,0.0,0.0,0.0,0.0,0.0,0.3249989551185366,0.0,0.0,0.0,0.0,6.919561748018236,0.0,0.0,0.0,0.0,0.0,0.0,0.0,0.0,0.0,0.0,0.0,0.0,0.00021909269182252962,1000.0,0.0,0.015779586203415463,0.0,0.0,0.0,0.0,0.0,0.0,0.0,0.0,0.0,-0.3249989551185366,0.0,0.0,0.0,0.0,0.00021909269182252962,0.0,0.0,-0.0,0.0,0.0,0.0,0.0,0.0,0.0,0.0,-999.9842204137966,0.0,0.0,0.0,0.0,0.0,0.0,0.0,0.0,0.0,0.0,0.0,0.0,0.0,0.0,0.0,0.0,0.0,0.0,0.0,0.0,0.0,0.0,0.0,0.0,0.0,0.0,0.0,0.0,0.0,