{"objective_value":0.9824784386659307,"time_limit":1800,"thermo_feasible":false,"dual_bound":0.9824784386659307,"solution":[-0.0,-0.0,-0.0,-0.0,-0.0,-0.0,-0.0,-0.0,-0.0,-0.0,-0.0,0.00021909269182250247,0.00022105764869983434,0.0,-0.0,1.964956877331861e-6,0.00044015034052233694,0.0,-0.0,0.0,0.9824784386659308,-0.0,0.0,-0.0,0.0,-0.0,-0.0,-0.0,0.0,-0.0,-0.0,-0.0,-0.0,-0.0,-0.0,-0.015779586203413506,0.0,-0.0,-0.0,-0.0,-0.0,-0.0,-0.0,-0.0,-0.0,-0.0,-0.0,0.0,-0.0,-0.0,0.0,-0.0,0.0,0.0,-0.0,-0.0,-0.0,-0.0,-0.0,0.0,0.0,-0.0,0.0,-0.0,-0.0,0.0,-0.0,-0.0,-0.0,-0.0,-0.0,-0.0,-0.0,0.0,-0.0,-0.0,0.0,-0.0,-0.0,-0.191772913878519,-1.0408340855860843e-17,-0.0,-0.0,-0.0,-0.0,-0.0,-0.0,-0.0,-0.0,-0.0,-0.0,-0.0,-0.0,0.0,-0.0,0.0,-0.0,-0.0,-0.0,-0.0,-0.0,-0.0,-0.0,-0.0,-0.0,-0.0,-0.0,-0.0,-0.0,-0.0,-0.0,-0.0,-0.0,-0.0,-0.0,-0.0,-0.0,0.0,-10.0,-0.0,-0.0,-0.0,-0.0,-0.0,-0.0,-0.0,-0.0,-0.0,-0.0,-0.0,-0.0,-0.0,1.964956877331861e-6,-0.0,-0.0,-0.0,-0.0,-0.0,-0.0,-0.0,-0.0,-0.0,-0.0,-0.0,-0.0,-0.008523000455426947,0.0,-0.0,-0.0,-0.0,-0.0,-0.0,-0.000678892601118158,-0.0,-0.00012673971858790503,-0.0,-0.0,-0.0,-0.0,-0.0,-0.0,-0.0,9.027239829461678,-0.0,-0.0,-0.0,-0.0,-0.0,-10.611576699827586,-0.00031734053568909556,45.617869513220604,-0.0,-0.0,0.0,-0.0,-0.0,-0.0,0.0,0.0,-0.0,-0.0,0.0,0.0,-17.5743291778206,-0.0,-0.0,-0.0,0.0,-0.0,-0.0,-0.0,-0.0,-0.0,-0.0,-0.0,-0.0,-0.0,-0.0,-0.0,-0.0,-0.0,-0.0,-0.0,-0.0,-0.0,-0.0,0.0,-0.9477291587696498,-0.0,-0.0,-0.0,-0.0,-0.0,-0.0,-0.0,-0.0,-0.0,-0.0,-0.0,-0.0,-0.0,-0.0,-0.0,-0.0,-0.0,-0.0,-0.24779088701593383,0.0,-0.0,-0.0,-0.0,-0.0,-0.0,-0.0,-0.0,0.0,-0.0,-0.0,-0.0,-0.0,-0.0,-0.0,-0.0,-0.0,-0.0,0.0,-0.0,-0.0,-0.0,-0.0,-0.0,-0.0,-0.0,-0.0,-0.0,-0.0,-0.0,0.0,0.0,-0.0,-0.0,0.0,0.0,-0.0,-0.0,-0.0,0.0,0.0,-0.0,-0.0,0.0,-0.0,-0.0,0.0,0.0,0.0,0.0,-0.0,-0.0,0.0,-0.0,0.0,-0.0,-0.0,-0.0,-0.0,0.0,0.0,-0.0,-0.005113800273256168,-0.0,0.0,0.0,0.0,0.0,-0.0,-0.0,-0.0,-0.0,0.0,-0.0,-0.0,0.0,-0.0,0.0,0.0,0.0,-0.0,-0.0,-0.0,-0.0,0.0,-0.0003350251475850823,-0.0,0.0,0.0,0.0,-0.0,0.0,0.0,0.0,0.0,0.0,0.0,-0.0,0.0,0.0,0.0,0.0,0.0,0.0,0.0,0.0,0.0,0.0,-0.0,0.0,0.0,0.0,-0.0,-0.0,0.0,0.0,0.0,0.0,0.0,0.0,0.0,-0.005113800273256169,0.0,0.0,0.0,0.0,0.0,-0.0,0.0,0.0,19.670845812959417,0.0,0.0,0.0,0.0,0.0,0.0,-2.4561960966648264e-5,0.0,0.0,0.0,0.0,0.0,0.0,0.0,-0.34964442675243124,0.0,0.0,0.0,0.0,0.0,0.0,0.0,0.0,0.0,0.0,0.0,0.0,0.0,0.0,0.0,0.0,-0.0,0.07646040201073735,0.0,0.0,0.0,0.0,0.0,1000.0,-0.34964442675243124,0.0,0.34964442675243124,0.0,0.0,0.0,0.0764662968813693,0.0,-0.0,0.0,-0.0,0.0,0.0,0.29060926232987294,1000.0,0.34964442675243124,0.12539175817005532,-0.0,0.0,0.34964442675243124,0.34964442675243124,0.0,0.34964442675243124,-0.0,0.2731840247416939,0.0,0.0,0.2731840247416939,0.0,0.0,0.0,0.0,0.0,0.07646040201073735,0.0,0.0,-0.0006965772130141448,0.0,0.0,0.29060926232987294,0.0,0.858950442094024,0.2854384783071741,0.0,-996.0111395039727,0.0,0.0,-0.0,0.0,0.0,0.0,0.0,-0.0,0.00022105764869983434,0.0,-0.34964442675243124,0.038230201005368676,-0.0,0.0,0.0,0.1477922665716386,0.0,0.0,0.0,-0.0,0.0,0.0,0.0,0.0,0.07646040201073735,0.0,0.0,-0.0,0.0,996.583507862857,0.0,-0.34964442675243124,-1000.0,-0.0,0.0,-0.34964442675243124,-0.2731840247416939,-0.12539175817005532,0.0,-0.0,0.0,0.00044015034052233694,-0.0,0.0,0.0,0.29060926232987294,0.0,-0.29060926232987294,0.0,0.0,0.0,0.0,0.0,4.855698960894838,4.855698960894838,0.0,-0.0,0.0,0.0,0.0,0.0,0.0,0.0,0.0006572780754674567,0.0,0.06269587908502769,-0.0,0.0738961332858193,0.0006572780754674567,999.2232279844293,0.0,0.0,-0.0,-1000.0,0.0,0.0,-0.29060926232987294,0.5332431200216653,0.44016507769933233,0.0,-0.44016507769933233,0.0006612079892221712,-0.0,0.0,0.0,3.79934600346874,0.0,0.0,-0.0,-0.0,0.0,-0.0,0.0,0.0,0.0,0.02730111085364888,-0.0,0.0,0.04095166628047332,0.0,0.0,0.0,0.0,-1000.0,0.0,0.0,0.243528895549001,-0.0,0.44016507769933233,-0.0,0.0,1000.0,0.0,0.2937974048637594,0.2937974048637594,0.0,0.0,-0.0,0.0,0.0,-0.0,-0.0,0.0,-0.0,-0.0,0.0,0.0,0.0,0.0,0.0,-0.0,0.0,0.0,0.0,-0.0,0.0,0.0,-0.0,0.0,0.0,-0.0,-0.0,0.0,0.0,0.0,0.0,0.0,0.0,0.0,0.0,0.0,0.0,3.15,0.0,-0.0,0.0,0.0,0.0,0.0,0.0,0.0,0.0,0.0,0.0,0.0,-1000.0,0.0,0.29060926232987294,-0.0,0.29060926232987294,-0.0,-0.0,-0.0,0.0,0.0,-0.0,0.0,-1.0503441192952183,0.0,0.0,0.0,0.0,0.2368313400326158,-0.0,-0.0,0.0,0.0,1.964956877331861e-6,0.0,0.0,0.00021909269182250247,0.0,-0.0,0.0,0.0005659075806710712,0.0,0.0,0.05584702188908749,1.0503441192952183,0.0,0.3249989551184966,0.0,0.0,0.0,0.0,0.0,1.964956877331861e-6,0.05584702188908749,0.0,0.0,0.0,0.0,0.0,0.002238085883281,0.0,-2.876381492835863,0.0,0.0,0.0,0.0,0.0,-0.0,0.0,0.0,0.0,0.0,0.0,0.0,0.0,0.0,-0.0,0.0,0.09307804232233292,0.0,0.0,55.8004660034925,0.0,0.0,0.0,0.00011986236951724354,0.0,0.0,0.00043818538364500504,0.0,0.0,0.0,0.0,0.0,0.243528895549001,0.00011986236951724354,0.00011986236951724354,1000.0,0.0,0.0,0.0,0.0,0.0,0.0,0.0,0.0,0.0,0.0,0.0,0.0,0.0,0.0,-0.0,0.0,0.0,0.0,1000.0,0.0,-19.670845812959417,-1000.0,0.0006965772130141448,0.0,0.0,0.0,0.0,0.0,-0.0,0.0,0.0,0.0,0.0,0.0,0.0,0.0,0.0,0.0,0.0,0.0,0.0,0.0,0.0,0.0,0.0,0.0,0.0,0.0,0.0,0.0,0.0,0.0,0.0,0.0,0.3249989551184966,0.00044015034052233694,-1000.0,0.0,0.0,0.0,0.0,0.0006572780754674567,0.0,0.0,0.0,0.0,0.0,1.964956877331861e-6,0.0,0.00043818538364500504,0.0,0.0,0.01365055542682444,0.0,0.0,0.0,0.0,0.0,0.001173570494986454,0.0,0.0,0.0,0.0,0.0,0.0,0.0,0.0,0.3644493943446883,0.3644493943446883,0.0,0.0,0.0,0.0,0.3371482834910394,0.3644493943446883,0.0,0.0,0.0,0.0,0.0,-0.0,0.0,0.0,0.0,-0.005113800273256168,0.0,0.0006572780754674567,0.0,0.0,0.0005659075806710712,0.0,0.6156082174483695,0.0005659075806710712,0.0,0.0,0.0,0.0,0.0,0.0,0.0,0.0,0.0,0.0,0.0,0.025707530826132734,0.0,0.0,0.0,0.0,0.0,0.0,0.0,0.002347140989972908,0.0,0.0027853263736179125,0.0,0.0,0.0,0.00021909269182250247,0.0,0.0,0.0,0.0,0.0,0.0,0.0,0.0,1.964956877331861e-6,0.0,0.0,0.0,0.0,0.0,0.0,0.0,0.0,0.0,0.0,0.0,14.585868708953733,0.0,0.0,0.0,0.0,0.0,0.0,0.0,0.0,0.0,0.0,0.0,0.0,0.0,0.0,0.0,0.0,0.34964442675243124,0.34964442675243124,0.0,0.0,0.07646040201073735,0.0,0.0,0.12539175817005532,0.34964442675243124,0.34964442675243124,0.0,0.0,0.1477922665716386,0.0,0.0,2.1475897942954707,0.0,0.0,0.0,0.0,0.0,0.0,0.0,0.0,0.0,7.783511317688396,0.0,0.0,0.0,0.0,0.0,0.0,0.0,0.0,0.0,0.0,0.0,0.0,0.0,0.0,0.0,0.0,0.0,0.0,0.0,0.0,0.0,0.0,0.0,0.0,0.002347140989972908,0.00021909269182250252,0.0,0.0,0.0,0.0,0.0,0.0,0.0,0.0,0.0,0.0,0.0024100196100474763,0.0038355958245517917,0.0,0.09283242271266644,0.0,0.0,0.0,0.0,0.0,0.0,0.0,0.0,0.0,0.0,0.0,0.0,0.00021909269182250252,0.0,0.015779586203413506,0.0,0.0,0.0,0.0,0.0,0.0,0.0,0.0,0.0,0.0,16.273936144113094,0.0,0.0,0.0,0.0,0.0,0.0,0.0,0.0,-0.0,31.014670371178457,0.0,0.0,0.0,0.0,0.0,0.0006572780754674567,0.0,0.0,0.0,0.0,0.0,0.0,0.0,0.0,0.3177178074095433,0.0,0.0,0.0,0.0,0.0,0.007671191649103583,0.0,0.0,4.823917748361704,0.37444120006592074,0.0035054830691600403,0.0,0.0,0.0,0.0,0.21718177125929727,0.0,0.0,0.0,0.0,0.00021909269182250247,0.0,0.06269587908502769,0.0,0.0,-0.136592012370847,0.0,0.0,0.0,0.0,-0.0,0.0,0.0,0.0,0.0,0.0,0.0,0.0,0.0,-1000.0,0.0,0.0,0.0,0.21718177125929727,0.0,4.083680375306599,0.0,0.0,0.053647743904341016,0.0,-0.0,0.0,0.0,0.0,0.0,0.0,0.0,0.0,0.0,0.0,0.0,0.0,0.0,0.0,0.0,1000.0,-0.0,0.0,-1000.0,0.0,0.0,0.0,0.0,-0.0,-0.0,1000.0,0.0,0.0,-0.02730111085364888,0.0035054830691600403,0.0035054830691600403,0.0,0.0,0.0,0.0,0.0,0.0,0.0,0.0,0.0,0.0,0.0,0.0,0.0,0.0,1.0959355400029147,0.0,0.0,0.0,0.0,0.0,0.0,0.0,0.0,0.0,0.0,0.0,0.0,0.0,0.0,0.0,0.0,0.0,0.0,0.0,0.0,0.0,0.0,0.0,0.0,0.0006572780754674567,0.0,0.0,0.0,0.34964442675243124,0.2394457151579059,0.0,0.00027312900594912866,0.0,0.2394457151579059,4.083680375306599,0.34964442675243124,0.0,0.34964442675243124,0.34964442675243124,0.34964442675243124,0.2731840247416939,0.2731840247416939,0.0,0.0,0.0,0.0,0.0,0.44038417039115485,0.0,0.0,0.0,0.0,0.0,0.0,0.0,0.0,0.0,0.0,0.0,0.0,0.0006572780754674567,0.0,0.0,0.0,-0.68589472495053,0.0,0.0,0.0,0.0006572780754674567,0.0,0.0,-0.0,0.0,0.0,0.0,1000.0,0.00043818538364500504,0.0,-45.617869513220604,0.0,0.0,0.0,0.0,