{"objective_value":1.0426374979859514,"time_limit":1800,"thermo_feasible":false,"dual_bound":1.0426374979859514,"solution":[-0.0,0.27171133197515474,-0.0,-0.0,0.0,0.0,0.27171133197516895,0.0,0.0,0.22312442456902204,0.0,0.0,0.0,0.0,0.0,0.048586907406146906,0.0,0.0,0.0,0.0,0.0,0.0,0.0,0.22312442456902204,0.0,0.0,0.048586907406146906,0.0,0.0,0.0,0.0,0.0,0.0,0.0,0.0,0.0,0.09550559481550636,0.0,0.048586907406146906,0.0,0.01835041996455189,0.27171133197515474,0.27171133197515474,0.0,0.0,-0.0,-0.0,-0.0,0.0,0.0,0.0,-0.0,0.0,0.0,-0.0,0.0,0.0,0.0,-0.0,0.0,0.0,0.0,0.0,-0.0,0.0,0.0,0.0,0.0,-0.0,-0.0,-0.0,-0.0,-0.0,-0.0,0.0,-0.0,-0.0,0.27171133197516895,0.22312442456902204,0.0,0.048586907406146906,0.0,0.0,0.0,0.13804520473334492,0.048586907406146906,0.09550559481550636,0.0,0.0,0.0,0.0,0.0,0.048586907406146906,0.0,0.0,0.0,0.01835041996455189,0.0,0.0,0.27171133197515474,0.0,0.27171133197515474,-0.0,0.27171133197515474,0.0,0.0,-0.0,0.0,-0.0,0.0,0.0,0.0,0.0,0.0,0.0,0.0,0.0,0.0052131874899297576,0.0,0.0,0.0,-0.0,0.0,-0.0,0.0,0.3190470743836613,0.3190470743836613,0.0,-0.0,-996.8153784525746,-0.0,0.0,0.27171133197516895,0.0,0.22312442456902204,0.0,0.048586907406146906,0.22312442456902204,0.0,0.7319315235860131,0.048586907406146906,0.2074848620992043,0.0,0.0,-0.0,-0.0,0.09550559481550636,0.048586907406146906,0.0,0.01835041996455189,0.27171133197515474,0.27171133197515474,-0.0,-0.0,0.0,0.0,0.0,0.0,0.0,0.0,0.0,0.0,0.0,0.0,-0.0,0.0,0.0,0.0,0.0,0.0,0.0,-0.0,0.0,-0.0,0.0,0.0,0.18037628715154597,0.27171133197515474,0.3190470743836613,0.2064422245532942,0.0,0.2658725619385667,0.2064422245532942,0.0,0.0,-0.0,0.0,0.0,7.71987427269948,0.0,7.71987427269948,-0.0,-0.0,0.0,-0.3190470743836613,0.0,0.0,0.0,997.1769651368761,0.0,0.0,0.0,0.0,0.0,-0.0,0.0,0.0,-0.0,0.0,0.0,0.0,0.0072984624859016595,-36.518371181169165,36.518371181169165,0.0,0.0,-0.0,0.0,1000.0,0.0,0.0,0.0,0.0,0.0,0.0,-0.0,0.0,-0.0,0.0,0.0,0.0,0.0,1.7927109140362063,0.0,0.0,0.0,0.0,0.0,-0.0,0.04775279740775658,0.015118243720797508,0.0,0.009175209982276373,-0.3190470743836613,0.0,-0.0,-0.0,-0.28004200567988846,999.4609564135892,0.0,0.0,0.0,-0.0,0.0,0.0,0.0,-0.0,-0.8549627483484983,0.0,0.3586672992593183,0.2658725619385667,-0.2658725619385667,3.583731318187006,-0.0,-0.0,0.0,-0.0,-0.0,-0.0,0.0,0.02293802495569093,-0.0,0.0,0.0,0.0,0.21269804958913407,0.0,0.0,-0.0,0.0,0.0,-0.0,0.0,0.5056791865231389,0.0,0.8549627483484983,0.0,0.03440703743353639,0.0,0.0,-1000.0,0.0,0.0,0.0,0.0,0.0,0.0,0.0,0.0,0.0,989.592206257589,-992.2801257273005,0.0,0.0,0.0,0.0,0.0,0.0,0.0,-0.0,0.0,-0.0,0.0,0.0,-0.0,0.0,-0.0,6.8,0.09279473732074968,0.0,77.70854150102925,-0.0,-0.0,-0.0,-0.0,-0.0,-0.0,0.0,0.0,0.0,-0.0,0.0,0.18037628715154597,-0.0,0.0,0.0,0.0,0.0,0.0,0.0,0.0,0.0,0.0,0.0,0.0,-0.0,0.0,0.0,0.0,0.8247262609068002,0.0,0.0,-0.0,0.0,-0.0,-0.0,0.0,0.0,0.0,0.0,-0.0,0.0,0.0,0.0,0.0,0.0,0.00020852749959719027,0.0,0.0,0.0,0.0,0.0,0.0,0.0,-0.0,0.0,0.0,-0.0,0.0,0.0,-0.0,0.0,-22.99592873100862,-22.99592873100862,0.0,-0.0,0.0,0.0,0.0,-0.0,-0.0,-0.0,0.0,0.0,0.0,0.0,-0.0,0.2888105869420817,-0.0,0.35762466180915453,0.0,0.0,0.0,0.0,0.0,-0.0,0.0,0.0,0.0,0.0,0.0,0.0,0.0,0.0,0.0,0.0,0.0,0.0,0.0,0.0,0.0,0.0,0.0,0.0,-0.0,0.0,0.0,0.0,0.0,0.0,0.0,0.0,-0.0,7.719874272699481,0.0,0.0,-0.0,-0.0,0.0,0.001355428747381737,-0.0,0.00041705499919438054,0.0,0.0,0.0,0.0,0.1449266122200754,0.0,-0.0,0.0,-0.0,0.0,-0.0,-0.0,0.0,0.0,0.0,-0.0,0.0,0.0,0.0,-0.0,0.0,-0.0,0.0,0.06881407486707279,0.0,0.0,0.0,0.2074848620992043,0.09905056230866194,0.0,0.0,0.18037628715154597,0.0,-0.0,0.06881407486707279,0.0,0.0,0.0,0.0,-0.0,0.0,-0.0,0.0,0.0,43.66166691753046,0.0,0.0,0.0,0.0,-0.0,0.0,-0.0,0.0,0.0,-0.0,0.07204625111083374,-0.0,-0.0,0.0,0.0,-0.0,-0.0,0.0,0.35762466180915453,-0.0,0.0,0.0,0.0,0.0,0.0,-0.0,0.0,0.0,0.7319315235860131,0.0,0.0,0.0,0.0,0.2074848620992043,0.0,9.315868013069698,0.0,-0.0,0.0,0.0,0.0,-0.0,0.0,0.0,0.0,0.0,0.0,0.0,0.0,0.0,0.0,0.0,-0.0,0.2721283869743333,0.2721283869743333,-0.0,0.011469012477845465,-0.0,0.0,0.0,-0.0,0.1657793621797623,0.0,0.0,0.0,0.5056791865231389,0.0,0.24919036201864236,0.0,0.0,-0.5056791865231389,0.2721283869743333,-0.0,0.0,0.0,0.0,-0.0,0.0,0.0,0.0,0.0,0.04775279740775658,0.0,0.015118243720797508,0.0,0.0,0.35762466180915453,0.35762466180915453,0.009175209982276373,0.0,-0.0,0.0,-0.0,0.0,0.0,0.0,0.0,0.0,0.0,0.0,0.0,0.0,0.0,0.0,0.0,0.0,0.0,0.0,0.0,0.0,0.0,0.0,0.0,0.0,0.0,0.0,0.0,0.0,0.0,0.0,0.0,0.0,0.0,-0.0,0.0,-0.0,0.0,-0.0,-0.09905056230866538,0.0,-0.0,0.3190470743836613,0.3190470743836613,0.0,0.16577936217976627,-0.0,0.0,0.0,0.0,0.0,0.0,0.0,0.0,0.0,0.0,0.0,0.0,0.0,0.0,-0.0,0.0,0.0,0.0,16.46968815579661,0.0,0.0,0.0,0.0,0.0,0.0,0.0,0.22312442456902204,0.0,0.22312442456902204,0.0,0.0,0.048586907406146906,0.0,0.13804520473334492,0.0,0.0,0.0,0.0,-0.0,-0.0,-0.0,-0.0,9.315868013069698,0.048586907406146906,0.09550559481550636,0.0,0.0,-0.0,0.048586907406146906,0.0,0.0,-0.0,-0.0,0.0,0.0,0.04253960991782682,0.0,0.0,0.0,0.0,0.01835041996455189,0.0,0.27171133197515474,0.0,0.27171133197515474,0.0,0.0,0.0,0.0,0.0,0.0,0.0,0.0,0.27171133197515474,0.0,0.0,0.0,0.0,0.0,0.0,0.0,-0.0,0.0,0.0,0.0,-0.0,-0.0,-0.0,-0.0,0.0,0.0,0.0,-0.0,0.0,-0.0,-0.0,-0.0,0.0,0.0,0.0,-0.0,0.0,-0.0,-0.0,0.0,0.0,0.0,0.0,0.0,0.0,0.0,0.0,-0.0,0.0,0.0,-0.0,0.0,-0.0,0.037534949975272625,0.0,-0.0,996.9836497183272,0.0,0.0,0.0,0.0,0.0,-0.0,0.08841565982920868,0.0,0.024666164939077362,0.1480545247140051,-0.0,0.0,0.0,0.0,0.0,0.0,-0.0,-0.0,0.0,-0.0,0.0,-0.0,-0.0,-0.0,0.0,0.0,0.0,0.04775279740775658,0.015118243720797508,0.0,-0.0,0.0,0.009175209982276373,-0.0,0.0,0.0,0.08341099983887612,-0.0,-0.0,-0.0,-0.07746796610035744,-0.0,0.0,-0.0,-0.0,0.0,-0.0,0.0,0.0,-0.0,-0.0,-0.0,18.074307265149024,0.2658725619385667,0.0,0.0,-0.0,0.0,-0.0,0.0,0.0,-0.0,0.0,0.0,-0.0,-0.0,0.09988467230705414,0.0,-0.0,0.0,0.1991437621153167,0.0,0.1991437621153167,0.0,-0.0,0.0,0.0,0.8278541733529199,0.1522250747060241,0.0,0.0,-0.0,-0.0,0.0,0.0,-0.0,-0.0,-0.0010426374979859514,-0.024666164939077362,-0.0,1000.0,0.0,0.0,0.0,0.0,0.0,0.0,0.0,-0.0,0.0,0.0,10.456999999999994,0.0,10.456999999999994,-0.0,1000.0,0.0,-0.0,0.0,0.0,-0.0,2.17681856819954,-0.0,0.0,0.0,-0.0,-0.0,0.0,-0.0,-0.0,0.0,0.0,0.1991437621153167,-0.0,0.0,0.0,0.0,-0.0,-0.0019810112461733074,0.0019810112461733074,-1000.0,-0.0,2.3784423705654456,0.0,0.0,0.2658725619385667,-0.02293802495569093,0.0,0.0,0.0,0.0,-0.0,0.0072984624859016595,0.0,0.0072984624859016595,0.0,0.0061665412347693405,0.0,0.0,0.0,0.0072984624859016595,0.0,0.1522250747060241,0.0,0.0,0.0,-0.0,0.0,0.0,-0.0,0.0,-0.0,0.0,0.0,0.0,0.0,0.0,0.0,0.0,0.0,0.0,0.0,0.0,-0.0,-0.0,0.0,0.0,0.0,0.0,-0.0,0.0,0.0,0.0,-0.0,0.037534949975272625,-0.0,0.18037628715154597,0.0,0.21165541209114813,0.0,-0.0,0.0,0.0,0.0,0.0,0.0,0.0,0.0,0.0,0.0,-0.0,0.18037628715154597,0.0,0.0,0.0,0.0,-0.0,-4.336808689942018e-19,0.0,0.0,-0.0,0.0,0.0,0.0,0.0,-0.0,-0.0,0.0,0.0,0.0,0.0,0.0,0.0,0.0,0.0,-0.0,0.0,0.0,0.0,0.0,0.0,0.0,0.0,0.0,-0.0,-0.0,0.0,-48.271868855019534,-48.259535772549995,0.0,0.0,0.0,0.0,0.0,0.0,-0.0,-0.0,2.883309736881573,0.0,-0.0,-0.0,0.0,0.0,0.037534949975272625,0.0,0.0,0.09905056230866538,-0.0,0.0,-0.0,0.0,0.0,0.0,0.0,-8.734729556669215,4.703523991026671,0.0,-0.0,0.0,0.0,0.0,3.016350281672809,0.0,0.09279473732074968,0.0,0.0,0.09279473732074968,0.0,0.06881407486707279,0.0,-0.2074848620992043,-0.0,0.0,0.0,0.0,0.0,-0.0,-0.3586672992593183,0.1522250747060241,0.0,-0.0,-0.0,0.0,0.0,1000.0,1000.0,-0.0,0.0,0.09279473732074968,0.09279473732074968,0.0,0.0,0.0,0.0,0.0,0.0,0.0,0.0,-0.0,-0.0,-0.0,-0.0,0.0,0.0,0.0,0.0,0.0,-0.0,0.0,0.0,0.0,-0.0,0.39933016172861935,-0.39933016172861935,-0.39933016172861935,0.39933016172861935,-0.0,-0.0,-0.0,0.0,-0.0,-0.0,0.0,-0.0,-0.0,0.0,0.0,0.0,-0.0,-0.0,0.0,0.0,-0.582834361374165,0.0,0.2762989369662771,0.30653542440785486,0.09279473732074968,-0.7319315235860131,0.2074848620992043,0.27171133197515474,-0.0,1000.0,0.0,0.0,0.0,0.0,0.0,0.0052131874899297576,0.0052131874899297576,0.0,-0.0,0.0,-0.0,0.0,0.0,-0.0,-0.0,-0.0,0.0,0.0,0.0,0.0,-0.0,0.0,0.0,0.0,0.0,0.0,0.0,0.0,-0.0,-0.055259787393255426,-0.0,0.0,0.0,0.0,-0.0,0.0,0.0,0.0,0.0,