{"objective_value":0.11796638932239967,"time_limit":1800,"thermo_feasible":false,"dual_bound":0.11796638932239967,"solution":[-0.0,-0.0,-0.0,-0.0,-0.0,-0.0,0.0,0.0,-0.0,0.0,0.0,-0.0,-0.0,-0.0,-0.0,-0.0,0.0,0.0,-0.0,-0.0,-0.0,0.0,-0.0,-0.0,-0.0,-0.0004069840431622788,0.0,0.0,0.0,0.0,-0.0,-0.0,-0.0,0.0,-0.0,-0.0,0.0,-0.0,-0.0,-0.0,-0.0,0.0,0.0,0.0,-0.0,0.0,0.0,-0.0,0.0,-0.0,-0.0,-0.0,-0.0,-0.0,-0.0,-0.0,-0.0,0.0,-1.7,-0.0,-0.0,-0.0,-0.0,-0.0,-0.0,-0.0,-0.0,0.0,-0.0,0.0,-0.0,0.0,-0.0,0.0,-0.0,0.0,-0.0,0.0,0.0,0.0,-0.0,-0.0,0.0,-0.0,-0.0,0.0,-0.00037808227777829084,0.0,0.0,-0.0,0.0,0.0,0.0,0.0,-0.0,0.0,0.0,-0.0,0.0,-0.0,-0.0,-0.0,0.0,0.0,-0.0,0.0,-0.0,0.0,-0.0,-0.0,-0.0,-0.0,-0.0,-0.0,-0.020091563563833823,-0.0,5.980675626954024,0.0,0.0,0.0,-0.0,-0.0,0.0,-0.0,-0.0,0.0,-0.0,-0.0,0.0,0.0,-0.0,-6.776263578034403e-21,-0.0,-0.0,-0.0,-0.0,-0.0,0.0,-0.0,0.0,-0.0,-0.0,-0.0,-0.0,-0.0,-0.0,-0.0,7.869819466992165,-0.0,-0.0,0.0,0.767664744952475,0.0,0.0,-0.0,0.0,0.0,0.0,-0.0,0.0,0.0,-0.0,-0.0,-0.0,-0.0,-0.0,-0.0,0.0,0.0,-0.0,0.0,-0.0,0.0,-0.0,-0.0,-0.0,-0.0,0.0,0.0,3.1379059559758315e-5,0.0,0.0,0.000932878206765025,0.0,-0.0,0.0,-0.0,-0.0,-0.0,0.0,-0.08332107637508276,-0.0,0.0,1.5836747984079855,-0.0,-0.0,0.0,0.0,0.0,0.0,0.0,0.0,0.0,0.0,0.0033002277076834537,0.0033002277076834537,0.0033002277076834537,0.0033002277076834537,0.0033002277076834537,0.002538636698218041,0.0,0.0,0.0,0.0033002277076834537,0.12007751582571335,-0.0,0.0,0.02276999043339891,0.0,0.0,0.0,0.0,4.3293664881321536e-5,0.0,0.0,-0.0,0.0,-0.0,0.0,0.0,0.0,0.0,0.05038462454349012,0.002021000181871351,0.0,0.0,0.0,0.0,0.0,-0.0,-0.0,1.9715697449757648,0.0033002277076834537,-0.0,0.0033002277076834537,0.0,0.0,0.0,-0.02276999043339891,0.0,-0.0,0.0,0.0,-0.0,-0.0,0.05038462454349012,-0.0,0.0,0.0,0.0,0.020091563563833823,0.0,0.0,-0.0,0.0,0.05038462454349012,0.0,0.0,0.0,0.002021000181871351,0.0,0.0,-0.0,0.0,-0.0,0.0,4.3293664881321536e-5,0.0,0.0,-0.0,-0.0,0.0,0.0,0.0,4.3293664881321536e-5,0.18483504727784833,-0.011998833323538561,0.0,0.0,0.0,0.0,3.1379059559758315e-5,0.0064098217302219086,0.0,-0.0,0.0,0.05038462454349012,0.0,0.0064098217302219086,0.0,0.0,0.0,0.0,0.0,0.0,0.0,0.0,0.021487577815071605,0.02156118884200878,0.02156118884200878,0.0,0.0,0.02276999043339891,0.02276999043339891,0.0,0.012693183491090205,0.0,-0.02276999043339891,0.0,0.0,-0.0,0.0,0.0,0.0,0.0,0.0,0.031130032511895233,1.8563371087595224,-0.0,0.021487577815071605,9.0,0.11796638932239967,-0.9449636273845203,0.0,0.0,0.012010983861638767,0.0,0.0,4.3293664881321536e-5,0.0,0.041577135950290445,-0.08507358505485633,0.0,0.0,-5.980675626954024,0.0,0.0,0.0,0.0,0.0,0.0,0.0,-0.0,0.0,0.0,0.0,0.0,0.0,-5.705899229532305,-0.1305191928101962,0.0,0.01745749205665396,0.0,0.0,0.0,-0.0,0.014388950337599704,0.1305191928101962,0.0,-0.0,-0.0,0.002042470064728033,0.0,999997.0778441342,-999997.3255316737,-0.0,0.009642454696823628,0.0,0.0,0.0,18.771540152105416,0.0,0.0,0.0,-0.1810531628025615,0.0,0.0,0.0,0.0,0.040312890155922286,-0.0,0.0,0.0,-0.0,0.0,0.0067605358056774,0.0,0.0,-0.0,0.0,1.9715697449757648,-0.0,0.0,11.3953237449974,0.0,0.0,0.0,0.0,0.008237357033604528,-0.00037808227777829084,11.3953237449974,0.044786765470974294,0.0,0.006722904527483557,0.0,0.0,0.0,0.0,-0.0,0.037158940770998614,0.0,-0.0,-0.0,0.0,0.0,0.0,0.0024537008979059133,0.00660611780205438,0.0002196534169183082,0.0,0.0,0.0,0.0,0.0,0.0338283957012593,0.040312890155922286,0.06356453735692455,0.0,-3.1379059559758315e-5,0.0,0.0,0.0,0.0,0.0,0.0,0.0,0.0,0.0,5.898319466119983e-5,0.0,0.0,0.038373640681851354,0.05038462454349012,0.0,0.0,0.0,0.0,0.0,0.0,0.0,0.0,3.1379059559758315e-5,-0.0,0.0,0.0,0.0,0.0020523792414311095,0.0020523792414311095,0.0,0.08543066931533523,0.012693183491090205,0.0,0.0,0.0,0.0,-0.0,0.05038462454349012,0.05038462454349012,0.018950356713528925,0.0,0.0,0.0,0.00277598507353471,4.3293664881321536e-5,3.1379059559758315e-5,0.0,-0.0,0.0,-0.0,3.1379059559758315e-5,4.3293664881321536e-5,-0.0,3.0558197682720407,0.0,0.0,4.3293664881321536e-5,-0.014388950337599704,0.014388950337599704,0.0,-999998.9896961078,0.0,0.0,999998.9971532351,0.0,0.0,0.0,0.0,0.0,0.0004069840431622788,0.040312890155922286,0.0,0.0,0.0,0.0,0.040312890155922286,-7.869819466992165,0.0,0.0,0.0,0.0,0.0,0.4543378752312981,0.0,0.0,0.0,0.0,0.0,0.0,0.0,0.0,0.0,0.0008895845418837034,0.0,999999.0,0.0,0.0,0.0,0.0385719421823023,3.1379059559758315e-5,0.0,0.0,0.05437660715816012,0.0,0.0,0.0,0.0,0.06946450835249504,0.0,0.0,0.0,0.0,0.018950356713528925,0.0,0.0,0.0,0.0,0.0,0.1925387243661583,0.0,0.0,0.0,0.0,0.0,0.021487577815071605,0.0,0.0,0.0,0.0,0.0,0.018950356713528925,0.0,0.0,0.029682113049355592,0.0,0.0,0.0,0.0,0.0,3.1379059559758315e-5,0.0,-0.012010983861638767,0.0,0.0,0.0,0.0,2.1646832440660764e-5,0.021487577815071605,0.0,0.0,0.0385719421823023,0.0,0.0,-0.0,0.0,2.1646832440660764e-5,0.0696518389787355,0.0,0.0,4.329366488132153e-5,0.0,0.0,0.0,0.0,0.0,-6.776263578034403e-21,5.898319466119984e-5,0.0,0.0,0.00956884366988645,0.0,0.0,0.0,-0.031130032511895233,0.0,0.0,0.0,0.0,-0.002021000181871351,0.0002196534169183082,3.1379059559758315e-5,0.0,0.0,0.00270131234909363,0.0,0.0,4.3293664881321536e-5,0.0,0.0,0.0,-0.0020523792414311095,0.0,0.0,0.0,0.0,0.0,0.0,0.0,0.0,0.0,0.0033002277076834537,0.0033002277076834537,3.1379059559758315e-5,0.0,0.0,0.0002196534169183082,0.0,0.009642454696823628,0.0,0.0002196534169183082,0.0,0.0,0.009642454696823628,0.0,0.0,0.0,0.0,0.0,0.0,0.0,0.0,-0.0,0.0,0.0033002277076834537,0.0,0.0,0.0,-2.1646832440660764e-5,0.0,0.0033002277076834537,0.0,0.08332107637508276,4.3293664881321536e-5,0.0,0.0,0.0,0.0,-0.08013456826670608,0.021979143759381536,0.05815542450732458,0.0,0.0,0.0,0.0033002277076834537,0.009642454696823628,0.0,0.0,0.0033002277076834537,0.0,0.0,0.0,0.0,0.0,1.9715697449757648,0.0,0.009642454696823628,0.009642454696823628,0.0064098217302219086,-0.044786765470974294,0.00956884366988645,0.012947047160912007,0.0,0.0,0.0,0.0033002277076834537,0.0,0.0,0.0,0.0033002277076834537,0.0,0.0,0.0,8.257647252567976e-7,0.047723184833987464,0.002538636698218041,0.047723184833987464,0.0,7.077983359343981e-7,1.7694958398359946e-6,0.0,-0.047723184833987464,-0.047723184833987464,-0.08543066931533523,0.044786765470974294,0.00025952605650927924,0.0,0.0,0.0,0.0,0.0002538636698218041,0.0,0.0,0.0,-0.0,0.0,2.9409448651314225,0.0,0.0,0.0,0.0,0.0002196534169183082,0.0,0.0,0.0,1.178565347731305,0.0,0.0,0.0,0.0,0.0,0.0,0.0,-1.2194342134801037,0.013368659036350268,0.0,5.705899229532305,0.0,0.0,2.123395007803194e-6,-0.0,-0.0,0.0,0.0,0.0,0.0,0.0,0.0,0.0,0.0,0.047723184833987464,0.0,-0.011998833323538561,0.0,-0.0,0.0,0.0,0.0,0.0036333647911299095,0.0,0.0,0.0,0.0,0.0,0.0,-0.0,0.0,0.0,0.0,0.0,0.0,0.0,0.0,0.0,0.0,0.0,0.0,0.05355048853373186,0.0,0.0,0.05355048853373186,0.0024537008979059133,0.013368659036350268,0.0,0.0,0.0,0.0,0.0,0.0,-3.1379059559758315e-5,0.0,0.0,0.0,0.0,9.538986636237878,999999.0,0.00013566134772076497,0.02276999043339891,0.0,0.0,0.0,0.0,0.0,0.0,-0.0,0.002042470064728033,0.0,0.0,0.0002196534169183082,0.0002196534169183082,0.0,0.002050255846423306,0.0,0.061484671946781325,0.00270131234909363,0.0,0.0020523792414311095,0.0,0.0,0.0,0.0,0.0,0.028997082226556923,0.0799103141606042,0.012010983861638767,0.0,3.1379059559758315e-5,0.0,0.0,0.0,1.6703178869506443,0.0,0.0,0.0,3.1379059559758315e-5,0.0,0.0,3.1379059559758315e-5,-0.020754888570993675,999999.0,0.0,0.0,0.0,0.9449636273845203,0.0,0.0,-0.05038462454349012,0.0,0.0,-0.0,0.0,0.0,0.0,0.002042470064728033,0.0,0.020091563563833823,0.0,0.0,0.1810531628025615,0.0,0.0,0.002042470064728033,0.0,0.0,0.0,3.1379059559758315e-5,0.0,0.0,0.0,0.0,0.0,0.0,0.0,0.0,0.0,0.0,0.0,0.002042470064728033,0.0,0.0,0.0,0.3075311810137439,0.0,0.0,0.0,0.0,0.0,0.0,0.02276999043339891,-3.1379059559758315e-5,0.0,0.0,0.0,0.0,0.0,-0.002021000181871351,0.013073507130265623,0.0027326914086533882,-0.0,-0.04807114636035662,-0.04807114636035662,0.020091563563833823,0.020754888570993675,0.0,0.0,0.021487577815071605,0.0064098217302219086,0.0,0.0,0.0,0.0,0.0,0.0,0.021487577815071605,0.009642454696823628,0.021487577815071605,