{"objective_value":1.360224986987766,"time_limit":1800,"thermo_feasible":false,"dual_bound":1.360224986987766,"solution":[0.004123650427065108,0.07868403119236597,0.004123650427065108,0.07868403119236597,0.07868403119236597,0.004123650427065108,0.004123650427065108,0.02431160860477845,0.02431160860477845,0.02431160860477845,0.02431160860477845,0.07868403119236597,0.004123650427065108,0.004123650427065108,0.07868403119236597,0.0033347781714525913,0.004123650427065108,0.07868403119236597,0.0,0.011020306358707372,0.02431160860477845,0.02431160860477845,0.013697690983810684,0.02431160860477845,0.028722121670232,-0.0,0.0033347781714525913,0.028722121670232,0.0033347781714525913,0.006812987662100584,0.0012669766529557279,0.028722121670232,0.0033347781714525913,0.013697690983810684,0.0,0.010781254160036948,0.003968266497924548,0.011024387033668297,0.011024387033668297,0.009251320088540562,0.0,0.07868403119236597,0.004123650427065108,0.07868403119236597,0.004123650427065108,0.07868403119236597,0.004123650427065108,0.07868403119236597,0.07868403119236597,0.013697690983810684,0.004279034356200942,0.013697690983810684,0.006812987662100584,0.0012669766529557279,0.004123650427065108,0.6840482870656674,0.0012242024882889895,0.02431160860477845,0.02431160860477845,0.02431160860477845,0.02431160860477845,0.004123650427065108,0.006812987662100584,0.0012669766529557279,0.006812987662100584,0.0012669766529557279,0.004279034356200942,0.004279034356200942,0.004279034356200942,0.07868403119236597,0.004123650427065108,0.0,0.07868403119236597,0.004123650427065108,0.07868403119236597,0.004123650427065108,0.07868403119236597,0.011079708310008481,0.0,-0.0,0.0,-2.219751512958899,0.0,0.0,2.219751512958899,0.02431160860477845,0.02431160860477845,0.02431160860477845,0.02431160860477845,0.0,0.0006066603441965571,0.927044619349819,0.07868403119236597,0.004123650427065108,0.07868403119236597,0.004123650427065108,0.07868403119236597,0.3741351984391102,0.07868403119236597,0.004123650427065108,0.0,0.07868403119236597,0.0067144928001850795,0.0067144928001850795,0.004123650427065108,0.0,0.004123650427065108,0.4402166374520892,0.07868403119236597,0.02431160860477845,-0.0,0.011024387033668329,0.02431160860477845,1.2806609848160964,0.02431160860477845,0.02431160860477845,-1.1102230246251565e-16,0.0,0.0,0.9270446193498189,0.0,0.0,0.0,0.0,0.011020306358707332,0.011020306358707372,0.011020306358707372,-0.9270446193498189,0.010781254160036948,0.0,0.32836407554119557,0.003968266497924548,0.0,0.011024387033668297,0.0,0.011024387033668297,0.009251320088540562,0.0,-0.011024387033668329,0.04525468531708298,0.05906979829145549,0.02431160860477845,0.0,0.02431160860477845,-0.3741351984391102,0.0,0.0,-0.0,0.011020306358707332,-0.011020306358707372,2.720449973975532e-6,-0.0,0.0,-0.0,0.45811467005470474,-0.010781254160036948,0.003968266497924548,0.011024387033668297,0.0,-0.011024387033668297,0.011020306358707332,0.0,0.0,0.0,0.0,0.0,0.0,-0.0,3.835524195858996,0.0,0.3762221879677479,3.835524195858996,2.7862711226288415,-0.0,-0.3741351984391102,-0.0,-0.0,0.0006066603441965571,0.16923593715232685,-0.0,0.0,0.0,0.0,0.07618952758393185,0.0,0.0,0.0,0.0,0.02086575112815437,0.0,-0.0,0.1046716825724649,0.0,-0.0,-0.0,-0.7444405097676343,0.0,2.720449973975532e-6,-0.9898845483760903,0.0,0.0,0.5762354581148126,0.0,0.0,0.4903261746048032,0.0,0.0,8.326672684688674e-17,0.0,0.0,0.0,2.720449973975532e-6,0.0,0.0004060348665574411,0.0,0.0,0.0,0.6801835910138492,0.0006066603441965571,0.0006066603441965571,0.0,0.0,0.04525468531708298,0.0,-992.6757517783535,0.0,0.0,-0.04525468531708298,0.0,0.0,0.12488080872681763,0.12488080872681763,0.0,0.0,0.0,0.12488080872681763,2.720449973975532e-6,999.5637091615823,0.0,0.0,0.0,0.0,0.0,2.1275434326297744,0.0,0.0,0.0,0.0,0.0,0.0,-0.0,0.0,0.0,999.9561726165713,0.0,0.0,-0.0,0.0,0.0,0.1055170344513319,0.33025921685991666,-0.0,0.0,2.1275434326297744,0.0,0.0,0.0,0.0,0.0,0.0,0.0,-3.9681097555211267,0.26875546829183306,0.2972378414392025,0.0,0.26875546829183306,0.0,-0.0,0.0,0.0,0.0,0.0,0.0,0.0,0.0,-0.0,0.0,0.02086575112815437,0.0,0.33769376515450245,0.08194956891602737,0.0,0.0,24.390235098329985,0.0,0.37622052667963046,0.0,0.0,-0.0,0.0,0.33769376515450245,0.0,2.720449973975532e-6,1.360224986987766,0.0,0.0,0.0,0.1046716825724649,0.0,1.360224986987766,1.360224986987766,1.360224986987766,1.360224986987766,1.360224986987766,1.360224986987766,0.0,0.0,0.0,0.11015121919744389,0.0,0.028538658835512296,0.0,0.0,0.24526380729917757,0.0,0.0,0.4551400255867343,0.0,0.0,0.0004060348665574411,28.16737396292524,0.04676248555144932,0.0,0.0,-1000.0,0.0,0.0,0.0,0.0,0.0006066603441965571,0.0,0.0,0.6524010658968874,-0.0,2.720449973975532e-6,0.0,0.0,0.0,999.9532375144486,-2.2756564032305323e-6,-0.0,0.2877274297835432,0.0,-999.9123288637417,0.0,0.2592371953389089,0.0,0.2877274297835432,0.2877274297835432,0.0,0.0,-0.0,0.0,0.07004628094074107,0.0,0.0,0.0,0.0,0.0039036328816025112,0.0,0.006735834135563418,0.4903261746048032,0.4903261746048032,0.4903261746048032,6.777547701831047e-6,0.0,-13.131540537861923,0.0,0.0,0.0,0.0008120697331148822,0.0,2.720449973975532e-6,0.0,0.0,0.0,0.0,0.0,0.0006066603441965437,0.0,0.0,-0.0,0.0006066603441965437,0.0,3.835524195858996,0.0,0.0,0.2877274297835432,0.0,0.004657439803587414,0.0,0.03251351710170201,0.16362895731342345,0.0,0.0,0.020504227494822263,0.02050558771980925,-0.0,0.0,0.927044619349819,0.4402166374520892,0.0,-0.33025921685991666,0.0,0.4903261746048032,0.4903261746048032,0.04736914589564588,0.0012242024882889895,0.0006066603441965571,0.0067144928001850795,0.0,0.0,0.0,-0.0,2.720449973975532e-6,0.0006066603441965571,-0.0,0.0,0.0,0.0,0.0,0.0,0.33025921685991666,0.0,0.0,0.0,0.0,0.1055170344513319,-8.326672684688674e-17,0.0,0.0,0.0,-0.0,0.0,0.32836407554119557,0.0,0.0,0.0,-0.0,0.0,-0.0,0.0,0.0,0.0,0.0,-0.0,-0.0,0.0,-0.0,0.0,0.0,0.0,-0.0,-0.0,0.0,0.0,0.0,0.0,4.336808689942018e-19,0.0,0.0,-0.0,-0.0,-0.0,0.1055170344513319,-0.0,-0.0,45.991164073685326,0.0,0.0,0.0,0.0,0.0,-10.000000000000004,0.0,0.0,0.0,0.0,-0.0,0.0,-0.0,-0.2525801778337584,0.0,-0.0,0.0,0.0,-0.0,0.0,-0.0,0.0,0.0,0.0,0.0,-0.0,-0.0,0.0,-0.1111181039925941,0.0,-0.0,-5.551115123125783e-17,0.0,-0.0,0.0,0.0,0.0,-0.006735834135563418,13.131540537861923,0.0,0.0,0.0,0.0,-0.0,-0.0,-0.0,0.0,0.0,0.0,-0.24526380729917757,0.0,-0.0,0.04676248555144932,0.0,0.0,-0.0,0.0,0.0,0.0,-0.0,-0.011225936817610034,-0.00089502804143795,0.0,0.0,-0.0,-0.0,-9.521574908914363e-6,0.0,0.0,0.0,-2.7061676116121607,-0.009970449154620326,-0.010103751203345127,-0.00011495805455038162,-0.0,0.04676248555144932,0.0,-0.04676248555144932,-0.0,-10.0,0.0,0.0,0.0,-14.08368698146262,0.0,-0.0,0.0,0.0,0.0,0.0,-0.0,-0.0,-0.0,-0.0,0.0,0.0,-3.4602433636640875,-0.0,0.0,-0.0,-0.0,0.0,0.0,0.0,0.0,-0.0,-0.0,0.0,0.0,0.0,-0.0,-10.0,-0.0,0.011020306358707332,0.0,-0.0,-0.0,-0.0,-0.0,0.0,-0.0,-0.0,0.0,0.0,0.0,-0.0,-0.0,-0.005612288296311523,0.011020306358707372,0.0,0.0,-0.0,-0.0,0.011020306358707372,0.0,-0.0,-0.0,-0.0,-0.0,0.003968266497924548,-0.0006066603441965436,-0.0,-0.0,0.0,-0.0,-0.0,0.0,0.011024387033668329,0.0,0.0,-0.0,0.011024387033668297,-0.0,0.011024387033668297,-0.00044071289578403625,0.022758437487278255,-0.0,0.0,0.20704068212932777,0.0,0.0,2.720449973975532e-6,14.254101517655503,0.0,4.0806749609633e-6,0.0,2.7861878328790297,0.0,0.0,-0.004114732408698338,0.0,0.0,0.0,0.0,7.929372201528968,2.219751512958899,0.0,0.0,0.0,0.0,0.0,0.0018247649438688804,0.009970449154620326,0.0,0.0,0.0,0.0,0.0,0.010103751203345127,0.0,0.0,0.0006066603441965437,0.0,0.0,0.0,0.0,0.01669235630636999,0.0,0.0,0.0,15.720076057407125,0.0,0.0,0.3762804935584068,0.0006066603441965571,0.0,0.0,0.0,0.0,0.0,0.0,0.0,0.0,0.0001617234964195819,0.0,0.0,-0.0,0.0,0.0,0.0,0.0,-0.0,0.0,2.248043835994681e-5,5.931306396593052e-5,0.0,0.0,0.0001617234964195819,0.0,0.43141516913215455,0.0,0.0,0.0006066603441965571,0.0,0.0067144928001850795,0.0,-1.1591291991296837,0.0067144928001850795,0.0,0.0,0.0,1.0974325631575332,0.09878886156337693,0.0,0.0,0.0,0.0,0.0,0.0,0.0,3.6250591060392514,0.43141516913215455,0.00485328275357235,