{"objective_value":0.9824784386660088,"time_limit":1800,"thermo_feasible":false,"dual_bound":0.9824784386660088,"solution":[-0.0,-0.0,-0.0,0.0,-0.0,-0.0,-0.0,-0.0,-0.0,-0.0,-0.0,-0.0,-0.0,0.00021909269182251998,-0.0,0.000221057648699852,-0.0,0.0,1.964956877332018e-6,0.00044015034052238833,-0.0,0.0,0.0,0.0,0.9824784386660088,-0.0,0.0,-0.0,-0.0,0.0,-0.0,0.0,0.0,0.0,-0.0,-0.0,-0.0,-0.0,-0.0,-0.0,-0.0,0.0,0.0,0.0,0.0,0.0,-0.0,-0.0,-0.0,-0.0,-0.0,-0.0,-0.0,-0.0,-0.0,-0.0,-0.0,-0.0,-0.0,-0.0,-0.0,0.0,-0.0,-0.0,-0.0,-0.0,-0.0,-0.0,-0.0,-0.0,-0.0,-0.0,-0.0,-0.0,-0.0,-0.0,-0.0,-0.0,-0.0,-0.0,-0.0,-0.0,-0.0,-0.0,-0.0,-0.0,-0.0,-0.0,-0.0,-0.0,-0.0,-0.0,-0.0,-0.0,-0.0,-0.0,-0.0,-0.0,-0.0,-0.0,-0.0,-0.0,-0.0,0.0,-10.0,-0.0,-0.0,-0.0,-0.0,-0.0,-0.0,-0.0,-0.0,-0.0,-0.0,-0.0,-0.0,-0.0,0.0,0.0,-0.0,-0.0,-0.0,-0.0,-0.0,-0.0,-0.0,-0.0,-0.0,-0.0,-0.005113800273306879,-0.0,-0.0,-0.0,-0.0,-0.0,-0.0,-0.0,-0.0,-0.0,-0.0,-0.0,-0.0,-0.0,-0.0,-0.0,-0.0,-0.0,-0.0,1.964956877332018e-6,-0.0,9.027239829460655,-0.0,45.61786951321803,-0.0,-0.0,-0.0,-0.0,0.0,0.0,-0.0,-0.0,0.0,-0.0,-0.0,-0.0,-0.0,-0.008523000455427627,0.0,-0.0,-0.0,-0.0,-0.0,-0.0,-0.0,-0.0006788926011182121,-0.0,-0.0,-0.0,-0.00012673971858791512,-0.0,-0.0,-0.0,-0.0,-0.0,-0.0,-10.611576699826268,-0.0,-0.0,0.0,-0.0,-0.0,-0.0003173405356891209,-0.0,0.0,-0.0,-0.0,-0.19177291387853426,0.0,-0.0,-0.0,-0.0,-0.005113800273256576,0.0,0.0,0.0,-17.57432917782043,-0.0,-0.0,-0.0,-0.0,-0.0,-0.247790887015954,-0.0,-0.0,-0.0,19.670845812960508,-0.0,-0.0,-0.0,-2.4561960966650225e-5,-0.0,-0.0,0.0,-0.9477291587687979,-0.0,-0.0,-0.0,-0.0,-0.0,-0.0,-0.0,-0.0,-0.0,-0.0,-0.0,-0.0,0.0,-0.0,-0.0,-0.0,-0.0,-0.0,-0.0,0.0,-0.0,-0.0,-0.0,-0.0,-0.0,-0.0,0.0,-0.0,-0.0,-0.0,0.0,-0.0,-0.0,-0.0,0.0,-0.0,-0.0,-0.0,-0.0,-0.0,0.0,-0.0,-0.0,-0.0,-0.0,-0.0,-0.0,-0.0,-0.0,-0.0,-0.0,-0.0,-0.0,-0.0,-0.0,-0.0,-0.0,-0.0,-0.0,-0.0,-0.0,-0.0,-0.0,-0.0,-0.0,-0.0,-0.0,-0.0,-0.0,-0.0006965772130142002,-0.0,-0.0,-0.0,-0.00033502514758510904,0.0,0.0,0.0,0.0,0.0,0.0,0.0,0.0,0.0,-0.0,0.0,0.0,0.0,0.0,0.0,0.0,0.0,0.0,0.0,0.0,-0.0,0.0,0.0,0.0,0.0,0.0,0.0,-0.0,0.0,0.0,0.0,0.0,0.0,0.0,0.0,0.0,0.0,0.0,0.0,0.0,0.0,0.0,-0.0,0.0,0.0,0.0,0.0,0.0,0.0,0.0,0.0,0.0,0.0,-0.0,0.0,0.0,0.0,0.0,0.0,-0.0,0.0,0.0,0.0,0.0,0.0,0.0,0.0,0.0,0.0,0.0,-0.0,0.0,0.0,0.0,0.0,0.0,0.0,-0.0,0.0,-0.0,0.0,0.0,-0.0,0.0,0.0,-0.0,0.0,0.0,0.0,0.0,0.0,0.07646040201074349,0.0,0.0,0.0,0.0,0.0,0.0,0.0,0.0,0.0,0.0,-0.0,0.0,0.0,0.0,0.0,0.0,0.0,0.0,-0.0,0.0,0.0,0.0,-0.0,0.0,0.0,0.0,0.0,0.0,0.0,-0.0,0.0,0.0,0.0,0.0,0.0,0.000221057648699852,0.0,0.0,0.07646040201074349,0.0,0.0,0.0,0.0,-0.0,0.03823020100537174,0.0,0.0,0.0,0.0,0.0,0.0,0.1253917581700654,0.14779226657165037,0.0,-0.0,0.0,0.0,-0.0,0.07646040201074349,0.0,0.0,-0.0,0.0,0.0,0.0,0.0,0.0,0.0,0.0,0.0,0.0,0.0,0.0,0.0,0.2906092623298961,0.2906092623298961,0.0,0.0,0.0,0.0,0.0,0.2854384783071969,-996.0111395039729,-0.0,0.8589504420940928,0.0,0.3496444267524592,0.3496444267524592,0.3496444267524592,0.3496444267524592,0.0,-0.0,0.0,0.0,0.3496444267524592,0.27318402474171577,0.27318402474171577,-0.0,0.0,0.0,0.0,0.0,0.0,0.0,0.0,-0.3496444267524592,0.0,-0.0,0.0,-0.3496444267524592,-0.3496444267524592,-0.3496444267524592,0.0,0.0,0.0,0.07646629688137546,0.0,-0.3496444267524592,-0.27318402474171577,0.0,0.0,0.0,0.0,-0.0,-0.0,-0.0,-0.1253917581700654,-0.0,0.0,0.0,0.2906092623298961,0.0,0.000661207989222228,0.0,0.0,0.0,0.0,-0.0,0.0,0.0,-0.0,0.0,0.0,4.855698960895074,4.855698960895074,-0.2906092623298961,0.0,0.0,0.0,-0.015779586203414766,0.24352889554902085,0.0,0.0,0.2937974048633501,0.0,0.0,0.0,0.4401650776989347,0.2937974048633501,0.0,0.0,-0.0,-0.0,0.0,0.0,0.0,-0.0,0.0,-0.0,0.0,0.0,996.5835078628572,0.0,0.0,-1000.0,1000.0,0.0,0.0,0.0006572780754674831,0.0,0.0,0.0,0.0,0.0006572780754674831,0.0,0.0,0.0,0.0,0.0,0.0,0.0,-0.06075057177645249,0.0,999.2232279844297,0.0,0.0,0.0,0.0,0.0,0.0,0.0,0.0626958790850327,0.07389613328582519,0.0,0.0,0.0,0.0,-0.2906092623298961,0.0,0.0,1000.0,0.0,0.0,0.00044015034052238833,0.533243120021275,0.4401650776989347,0.0,0.0,-1000.0,0.2906092623298961,-0.4401650776989347,3.7993460034688917,0.2906092623298961,0.0,0.0,0.0,0.0,0.0,0.0,0.0,0.027301110853651053,0.0,0.0,0.04095166628047658,0.0,0.0,-1.050344119295302,0.0,0.0,0.0,0.0,999.0130827237481,0.0,0.0,0.0,0.0,0.0,0.0,0.23683134003263479,0.0,0.0,1000.0,-1000.0,0.0,0.0,0.0,0.0,0.0,0.0,0.0,0.0,0.0,0.0,0.000565907580671548,0.3249989551185224,0.0,0.0,0.0,1.050344119295302,0.0,0.0,0.0,0.0,0.0,0.0,0.0022380858832811556,0.0,-0.0,0.0,0.0,0.0,0.0,0.0,-2.876381492835227,0.0,0.0,0.0,0.0,0.0,999.9948861997267,0.005113800273306879,-0.0,0.0,0.0,0.0,0.0,0.0,0.0,0.0,-1000.0,0.0,0.0,-0.0,-0.0,0.0,3.15,0.09307804232234035,55.80046600349226,0.0,0.0,0.0,0.0,0.0,0.0,0.0,-0.0,0.0,0.6156082174484185,0.0,0.0,0.0,-0.0,0.00011986236951725306,0.00011986236951725306,0.0,0.0,0.0,0.0,0.0,0.0,0.00011986236951725306,0.24352889554902085,0.0,0.0,1.964956877332018e-6,0.0,0.0,0.0,-0.0,0.0,0.0,0.0,0.0,0.0,0.0,0.0,0.0,0.0,0.0,0.0023471409899730954,0.0,0.0,0.0,1.964956877332018e-6,0.0,0.0,0.0,0.0,0.0,0.0,0.0,0.0,0.0,0.0,0.0,0.0,0.002556900136628288,0.005113800273256576,0.0,0.0,0.0,0.0,0.0,0.0,0.31771780740956856,0.37444120006595055,0.00021909269182251998,0.0,-19.670845812960508,0.00021909269182251998,-19.670845812960508,0.0,0.0,0.0,0.0,0.0,0.0,0.0,2.4561960966650225e-5,2.4561960966650225e-5,0.0,0.0,0.0,0.0,0.0,0.0,0.0,0.0,0.0,0.0,0.0,0.0,0.0,0.0,0.0,0.0,0.0,0.0,0.0,0.1577123513668611,0.0,0.0,0.0,0.0,-0.0,0.0,0.0,0.0,0.0,0.00023972473903450612,0.0006965772130142002,0.0006965772130142002,0.0,0.0,0.00021909269182251998,0.0,0.0,0.0,0.0,0.0,-0.0,0.0,0.0,0.0,0.0,0.0,0.0,0.0,0.0,0.0,1000.0,0.0,0.0,0.055847021889091936,0.0,0.0,0.0,-1000.0,0.0,0.0,1000.0,0.055847021889091936,0.0,4.855698960895074,0.24352889554902085,0.0,0.15121423897352407,0.0,0.0,0.0,0.0,0.0,0.0,0.0,-0.0,0.0,0.0,0.0,0.0,0.0,0.0,35.140329885916294,0.0,0.0,-0.14779226657165037,1.964956877332018e-6,0.0,0.0,0.0,0.0,1000.0,0.0,0.0008763707672900799,0.0,1.964956877332018e-6,0.0,0.0,0.17773526194687425,0.0,0.0,0.0,0.0,0.0,0.0,0.0,0.0,0.0,0.0,0.0,0.0,-1000.0,0.0,0.0,0.0,0.0,0.0,0.0,0.0,0.0,0.0,0.0,0.0,0.37444120006595055,0.0,0.0,0.0,0.0,0.0,0.0,0.0,0.0,0.013650555426825526,0.0,0.0,0.0,0.3371482834910662,0.0,0.8589504420940928,0.2854384783071969,0.8639495696700612,0.0,0.36444939434471724,0.0,0.0,-0.0,0.0,0.0,0.0,0.0,0.0,0.0,0.0,0.0,0.0,0.0626958790850327,0.0,0.07389613328582519,0.0,0.36444939434471724,0.0,0.36444939434471724,0.0,0.02636480890160227,0.0006572780754674831,0.0,0.0,0.0,0.0,0.0,0.0,0.0,0.0,-0.0,0.0006572780754674831,0.0,0.0,0.0006572780754674831,0.0006572780754674831,0.0,0.0,0.0,0.3249989551185224,0.0,-0.3249989551185224,0.0,0.00043818538364503995,0.0,0.0,0.000565907580671548,0.000565907580671548,0.0006572780754674831,0.00044015034052238833,0.0,0.0,-0.0,0.0,-0.0,0.0,0.0,0.37444120006595055,0.37444120006595055,-0.0,0.0,0.0,0.0,0.0,0.0,0.0,0.0,0.0,0.0,0.0,0.0,0.0,0.025707530826134785,0.0,0.0,0.0,0.0002731290059491504,0.0011735704949865475,0.0,0.0,0.0,0.0,0.0,0.0,0.0,0.0,0.0,0.0,0.0,0.0,0.0023471409899730954,0.0027853263736181354,0.3496444267524592,0.3496444267524592,0.3496444267524592,-0.0,0.3496444267524592,0.0,0.3496444267524592,0.27318402474171577,0.27318402474171577,0.0,0.00021909269182251998,0.0,0.0,0.0,0.0,0.0,0.0,0.0,0.0,0.0,0.0,0.0,0.0,0.0,0.00043818538364503995,0.0,0.0,0.0,0.0,1.964956877332018e-6,0.0,0.0,0.0,0.0,0.0,14.585868708954747,0.0,0.0,0.0,0.0,0.0,0.0,0.0,0.0,0.0,1.964956877332018e-6,0.0,0.0,0.0,0.0,0.0,0.0,0.0,0.0,0.0,0.0,0.0,0.0,0.0,0.0,0.0,0.8639495696700612,0.0,0.0,0.0,0.0,0.0,0.0,0.0,0.0,0.0,0.0,0.0,0.0,0.0,0.0,6.919561748018525,0.0,0.0,0.0,0.0,0.0,0.0,0.0,0.0,0.0,0.07646040201074349,0.00021909269182251998,0.0,0.0,0.0,0.0,0.1253917581700654,0.14779226657165037,0.0,0.0,0.0,0.0,0.0,0.0,0.0,0.0,0.0,0.0,0.0,0.0,0.0,0.0,0.0,0.0,0.015779586203414766,0.015779586203414766,0.0,0.0,0.0,0.0,0.0,0.0,0.0,0.0,0.0,0.0,0.0,0.0,0.0,0.0,0.0,0.0,0.0,0.0,0.0,0.0,0.0,2.147589794295642,0.0,0.0,0.0,0.0,0.0,0.0,0.0,0.0,0.0,0.0,0.0,0.0,0.0,0.007671191649104196,0.0,0.0,0.0,0.0,0.0,0.0,