{"objective_value":0.9824784386827992,"time_limit":1800,"thermo_feasible":false,"dual_bound":0.9824784386827992,"solution":[-0.0,-0.0,-0.0,0.0,-0.0,-0.0,-0.0,-3.913536161803677e-15,-0.0,-0.0,-0.0,-0.0,-0.0,0.00021909269182629476,-0.0,0.00022105764870361533,-0.0,0.0,1.9649568773655985e-6,0.0004401503405233598,-0.0,0.0,0.0,0.0,0.9824784386827993,-0.0,0.0,-0.0,-0.0,0.0,-0.0,0.0,0.0,0.0,-0.0,-0.0,-0.0,-0.0,-0.0,-0.0,-0.0,0.0,0.0,0.0,0.0,0.0,-0.0,-0.0,-0.0,-0.0,-0.0,-0.0,-0.0,-0.0,-0.0,-0.0,-0.0,-0.0,-0.0,-0.0,-0.0,0.0,-0.0,-0.0,-0.0,-0.0,-0.0,-0.0,-0.0,-0.0,-0.0,-0.0,-0.0,-0.0,-0.0,-0.0,-0.0,-0.0,-0.0,-0.0,-0.0,-0.0,-0.0,-0.0,-0.0,-0.0,-0.0,-0.0,-0.0,-0.0,-0.0,-0.0,-0.0,-0.0,-0.0,-0.0,-0.0,-0.0,-0.0,-0.0,-0.0,-0.0,-0.0,0.0,-10.0,-0.0,-0.0,-0.0,-0.0,-0.0,-0.0,-0.0,-0.0,-0.0,-0.0,-0.0,-0.0,-0.0,0.0,0.0,-0.0,-0.0,-0.0,-0.0,-0.0,-0.0,-0.0,-0.0,-0.0,-0.0,-0.005113800273343971,-0.0,-0.0,-0.0,-0.0,-0.0,-0.0,-0.0,-0.0,-0.0,-0.0,-0.0,-0.0,-0.0,-0.0,-0.0,-0.0,-0.0,-0.0,1.9649568773655985e-6,-0.0,0.0,-0.0,50.13148942726692,-0.0,-0.0,-0.0,-0.0,0.0,0.0,-0.0,-0.0,0.0,-0.0,-0.0,-0.0,-0.0,-0.008523000455575414,0.0,-0.0,-0.0,-0.0,-0.0,-0.0,-0.0,-0.0006788926011298143,-0.0,-0.0,-0.0,-0.0001267397185900811,-0.0,-0.0,-0.0,-0.0,-0.0,-0.0,-10.611576699564266,-0.0,-0.0,0.0,-0.0,-0.0,-0.00031734053569454416,-0.0,0.0,-0.0,-0.0,-0.19177291388183448,2.473715676742927e-15,-0.0,-0.0,-0.0,-0.00511380027334397,0.0,0.0,0.0,-19.831139135064014,-0.0,-0.0,-0.0,-0.0,-0.0,-0.24779088702060115,-0.0,-0.0,-0.0,19.67084581318263,-0.0,-0.0,-0.0,-2.4561960967069984e-5,-0.0,-0.0,0.0,-0.9477291585073749,-0.0,-0.0,-0.0,-0.0,-0.0,-0.0,-0.0,-0.0,-0.0,-0.0,-0.0,-0.0,0.0,-0.0,-0.0,-0.0,-0.0,-0.0,-0.0,0.0,-0.0,-0.0,-0.0,-0.0,-0.0,-0.0,0.0,-0.0,-0.0,-0.0,0.0,-0.0,-0.0,-0.0,0.0,-0.0,-0.0,-0.0,-0.0,-0.0,0.0,-0.0,-0.0,-0.0,-0.0,-0.0,-0.0,-0.0,-0.0,-0.0,-0.0,-0.0,-0.0,-0.0,-0.0,-0.0,-0.0,-0.0,-0.0,-0.0,-0.0,-0.0,-0.0,-0.0,-0.0,-0.0,-0.0,-0.0,-0.0,-0.0006965772130261047,-0.0,-0.0,-0.0,-0.00033502514759083454,0.0,0.0,0.0,0.0,0.0,0.0,0.0,0.0,0.0,-0.0,0.0,0.0,0.0,0.0,0.0,0.0,0.0,0.0,0.0,0.0,-0.0,0.0,0.0,0.0,0.0,0.0,0.0,-0.0,0.0,0.0,0.0,0.0,0.0,0.0,0.0,0.0,0.0,0.0,0.0,0.0,0.0,0.0,-0.0,0.0,0.0,0.0,0.0,0.0,0.0,0.0,0.0,0.0,0.0,-0.0,0.0,0.0,0.0,0.0,0.0,-0.0,0.0,0.0,0.0,0.0,0.0,0.0,0.0,0.0,0.0,0.0,-0.0,0.0,0.0,0.0,0.0,0.0,0.0,-0.0,0.0,-0.0,0.0,0.0,-0.0,0.0,0.0,-0.0,0.0,0.0,0.0,0.0,0.0,0.07646040201206006,0.0,0.0,0.0,0.0,0.0,0.0,0.0,0.0,0.0,0.0,-0.0,0.0,0.0,0.0,0.0,0.0,0.0,0.0,-0.0,0.0,0.0,0.0,-0.0,0.0,0.0,0.0,0.0,0.0,0.0,-0.0,0.0,0.0,0.0,0.0,0.0,0.00022105764870361533,0.0,0.0,0.07646040201206006,0.0,0.0,0.0,0.0,-0.0,0.03823020100603003,0.0,0.0,0.0,0.0,0.0,0.0,0.12539175817221349,0.14779226657418576,0.0,-0.0,0.0,0.0,-0.0,0.07646040201206006,0.0,0.0,-0.0,0.0,0.0,0.0,0.0,0.0,0.0,0.0,0.0,0.0,0.0,0.0,0.0,0.2906092623348968,0.2906092623348968,0.0,0.0,0.0,0.0,0.0,0.28543847831201674,0.5723683588944368,-0.0,0.858950442109176,0.0,0.3496444267583456,0.3496444267583456,0.3496444267583456,0.3496444267583456,0.0,-0.0,0.0,0.0,0.3496444267583456,0.2731840247463424,0.2731840247463424,-0.0,0.0,0.0,0.0,0.0,0.0,0.0,0.0,-0.3496444267583456,0.0,-0.0,0.0,-0.3496444267583456,-0.3496444267583456,-0.3496444267583456,0.0,0.0,0.0,0.07646629688269968,1000.0,-0.3496444267583456,-0.2731840247463424,0.0,0.0,0.0,0.0,-0.0,-0.0,-0.0,-0.12539175817221349,-0.0,0.0,0.0,0.2906092623348968,0.0,0.000661207989231638,0.0,0.0,0.0,0.0,-0.0,0.0,0.0,-0.0,0.0,0.0,4.85569896094004,4.85569896094004,-0.2906092623348968,0.0,0.0,0.0,-9.043019415334873,0.24352889555359525,0.0,0.0,0.2937974047797455,0.0,9.02723982913119,0.0,0.440165077617816,0.2937974047797455,0.0,0.0,-0.0,-0.0,0.0,0.0,0.0,-0.0,0.0,-0.0,0.0,0.0,0.0,0.0,0.0,-0.005113800273344182,0.005113800273344182,0.0,0.0,0.0006572780755533802,0.0,0.0,0.0,0.0,0.0006572780755533802,0.0,0.0,0.0,0.0,0.0,0.0,0.0,-996.6442584348412,0.0,999.2232279845047,0.0,0.0,0.0,0.0,0.0,0.0,0.0,0.06269587908610674,0.07389613328709288,0.0,0.0,0.0,0.0,-0.2906092623348968,0.0,0.0,1000.0,0.0,0.0,0.0004401503405233598,0.5332431199417401,0.440165077617816,0.0,0.0,-1000.0,0.2906092623348968,-0.440165077617816,3.7993460034977034,0.2906092623348968,0.0,0.0,0.0,0.0,0.0,0.0,0.0,0.027301110854125454,0.0,0.0,0.04095166628117397,0.0,0.0,-1.05034411931274,0.0,0.0,0.0,0.0,999.0130827237315,0.0,0.0,0.0,0.0,0.0,0.0,0.23683134003670148,0.0,0.0,-0.0,0.0,0.0,0.0,0.0,0.0,0.0,0.0,0.0,0.0,0.0,0.0,0.0005659075810626746,0.32499895512421517,0.0,0.0,0.0,1.05034411931274,0.0,0.0,0.0,0.0,0.0,0.0,0.0022380858833193074,0.0,-0.0,0.0,0.0,0.0,0.0,0.0,-2.8763814927075835,0.0,0.0,0.0,0.0,0.0,0.0,0.005113800273343971,-0.0,0.0,0.0,0.0,0.0,0.0,0.0,0.0,-0.005113800273343971,0.0,0.0,-0.0,-0.0,0.0,3.15,0.09307804232392414,55.80046600347444,0.0,0.0,0.0,0.0,0.0,0.0,0.0,-0.0,0.0,0.615608217459112,0.0,0.0,0.0,-0.0,0.00011986236951930151,0.00011986236951930151,0.0,0.0,0.0,0.0,0.0,0.0,0.00011986236951930151,0.24352889555359525,0.0,0.0,1.9649568773655985e-6,0.0,0.0,0.0,-0.0,0.0,0.0,0.0,0.0,0.0,0.0,0.0,0.0,0.0,0.0,0.002347140990012875,0.0,0.0,0.0,1.9649568773655985e-6,0.0,0.0,0.0,0.0,0.0,0.0,0.0,0.0,0.0,0.0,0.0,0.0,0.002556900136671985,0.00511380027334397,0.0,0.0,0.0,0.0,0.0,0.0,0.31771780741496514,0.3744412000723998,0.00021909269182622266,0.0,-19.67084581318263,0.00021909269182629476,-19.67084581318263,0.0,0.0,0.0,0.0,0.0,0.0,0.0,2.4561960967069984e-5,2.4561960967069984e-5,0.0,0.0,0.0,0.0,0.0,0.0,0.0,0.0,0.0,0.0,0.0,0.0,0.0,0.0,0.0,0.0,0.0,0.0,0.0,0.1577123513695824,0.0,0.0,0.0,0.0,-0.0,0.0,0.0,0.0,0.0,0.00023972473903860302,0.0006965772130261047,0.0006965772130261047,0.0,0.0,0.00021909269182629476,0.0,0.0,0.0,0.0,0.0,-0.0,0.0,0.0,0.0,0.0,0.0,0.0,0.0,0.0,0.0,1000.0,0.0,0.0,0.05584702189005952,0.0,0.0,0.0,-1000.0,0.0,0.0,1000.0,0.05584702189005952,0.0,4.85569896094004,0.24352889555359525,0.0,0.1512142389761948,0.0,0.0,0.0,0.0,0.0,0.0,0.0,-0.0,0.0,0.0,0.0,0.0,0.0,0.0,35.14032988583772,0.0,0.0,-0.14779226657418576,1.9649568773655985e-6,0.0,0.0,0.0,0.0,1000.0,0.0,0.000876370767305057,0.0,1.9649568773655985e-6,0.0,0.0,0.17773526195031764,0.0,0.0,0.0,0.0,0.0,0.0,0.0,0.0,0.0,0.0,0.0,0.0,-1000.0,0.0,0.0,0.0,0.0,0.0,0.0,0.0,0.0,0.0,0.0,0.0,0.3744412000723998,0.0,0.0,0.0,0.0,0.0,0.0,0.0,0.0,0.013650555427062727,3.913536161803677e-15,0.0,0.0,0.33714828349684467,0.0,0.858950442109176,0.28543847831201674,0.0,0.0,0.3644493943509133,0.0,0.0,-0.0,0.0,0.0,0.0,0.0,0.0,0.0,0.0,0.0,0.0,0.06269587908610674,0.0,0.07389613328709288,0.0,0.3644493943509133,0.0,0.3644493943509133,0.0,0.026364808902133108,0.0006572780755533802,0.0,0.0,0.0,0.0,0.0,0.0,0.0,0.0,-0.0,0.0006572780755533802,0.0,0.0,0.0006572780755533802,0.0006572780755533802,0.0,0.0,0.0,0.32499895512421517,0.0,-0.32499895512421517,0.0,0.0004381853836525285,0.0,0.0,0.0005659075810626746,0.0005659075810626746,0.0006572780755533802,0.0004401503405233598,0.0,0.0,-0.0,0.0,-0.0,0.0,0.0,0.3744412000723998,0.3744412000723998,-0.0,0.0,0.0,0.0,0.0,0.0,0.0,0.0,0.0,0.0,0.0,0.0,0.0,0.025707530826579728,0.0,0.0,0.0,0.0002731290059537766,0.002347140990012875,0.0,0.0,0.0,0.0,0.0,0.0,0.0,0.0,0.0,0.0,0.0,0.0,0.002347140990012875,0.0027853263736661305,0.3496444267583456,0.3496444267583456,0.3496444267583456,-0.0,0.3496444267583456,0.0,0.3496444267583456,0.2731840247463424,0.2731840247463424,0.0,0.00021909269182629476,0.0,0.0,0.0,0.0,0.0,0.0,0.0,0.0,0.0,0.0,0.0,0.0,0.0,0.0004381853836525285,0.0,0.0,0.0,0.0,1.9649568773655985e-6,0.0,0.0,0.0,0.0,0.0,14.585868709159612,0.0,0.0,0.0,0.0,0.0,0.0,0.0,0.0,0.0,1.9649568773655985e-6,0.0,0.0,0.0,0.0,0.0,0.0,0.0,0.0,0.0,0.0,0.0,0.0,0.0,0.0,0.0,0.0,0.0,0.0,0.0,0.0,0.0,0.0,0.0,0.0,0.0,0.0,0.0,0.0,0.0,0.0,0.0,7.783511317726152,0.0,0.0,0.0,0.0,0.0,0.0,0.0,0.0,0.07646040201206006,0.00021909269182629476,0.0,0.0,0.0,0.0,0.12539175817221349,0.14779226657418576,0.0,0.0,0.0,0.0,0.0,0.0,0.0,0.0,0.0,0.0,0.0,0.0,0.0,0.0,0.0,0.0,9.043019415334873,0.01577958620368297,0.0,0.0,0.0,0.0,0.0,0.0,0.0,0.0,0.0,0.0,0.0,0.0,0.0,0.0,0.0,0.0,0.0,0.0,0.0,0.0,0.0,2.147589794331907,0.0,0.0,0.0,0.0,0.0,0.0,0.0,0.0,-9.02723982913119,0.0,0.0,0.0,0.0,