{"cuts":1,"times_sub_problem":[0.33361387252807617],"objective_values":[350.52062934618516],"time":1800.1656019687653,"objective_value":null,"μ":null,"time_limit":1800,"x":null,"times_mis_problem":[12.238236904144287],"dual_bounds":[350.52062934618516],"times_master_problem":[1349.1031761169434,1800.164186000824],"solution":null,"a":null,"iter":1,"G":null,"thermo_feasible":false,"scip_tol":1.0e-8,"termination":"INFEASIBLE"}