{"objective_value":0.4778336607607236,"time_limit":1800,"thermo_feasible":false,"dual_bound":0.4778336607607236,"solution":[0.0020785764243091477,0.0031178646364637213,0.1055759138440996,0.1055759138440996,0.1055759138440996,0.0,0.0,0.0,0.0,0.0,0.1055759138440996,0.09830089635901759,0.007275017485082016,0.09785316621888479,0.007275017485082016,0.08106448054805676,0.007275017485082016,-0.0,-0.0,0.0,0.0,0.0,0.0,0.0,0.0,0.0020785764243091477,0.0,0.0,0.0,0.0,0.0,0.0,-0.0,0.0,-0.0,-0.0,-0.0,-0.0,-0.0,0.0,0.0,0.0,0.0,0.0,0.0,0.0,0.0,0.0,-0.0,0.0,0.0031178646364637213,0.0,0.0,0.1055759138440996,0.0,0.1055759138440996,0.0,0.0,0.0,0.0,0.0,-0.0,0.0,-0.0,-0.0,0.0,0.1055759138440996,0.0,0.0,0.0,0.7265436920183764,0.0,0.0,0.1055759138440996,0.0,0.0,0.0,0.0,-0.0,0.09830089635901759,-0.0,0.0,0.0,0.0,0.0,-0.0,0.0,0.0,0.0,0.0,0.0,0.0,-0.0,0.0,0.08257204574775685,0.0,0.007275017485082016,0.0,0.0,0.08257204574775685,0.041744026437717574,0.09785316621888479,0.14175461163493697,0.23467701230843183,0.0,0.0,0.0,0.0,0.007275017485082016,0.0,0.08106448054805676,-0.0,0.007275017485082016,-0.0,0.0,-0.0,0.0,0.0,0.0,0.0,0.0,-0.0,0.0,0.0,0.0,0.0020785764243091477,0.0,-0.0,0.0,0.0,0.0,-0.0,0.0031178646364637213,-0.0,0.1055759138440996,0.09830089635901759,0.0,0.0,0.0,0.0,0.007275017485082016,0.08257204574775685,0.1055759138440996,0.0960622456583536,0.1055759138440996,0.007275017485082016,0.0,0.08106448054805676,0.007275017485082016,0.0,0.0,3.442956618864898,3.442956618864898,0.0,0.9981620246402048,-0.08257204574775685,-0.0,0.0,0.0,-0.0,0.0,0.003344835625325065,0.0,-0.0,0.003557949438024348,0.0,1000.0,0.0,0.0,0.0,-1000.0,-0.0,-0.0,-0.0,-0.0,0.0,0.0238916830380362,-0.0,0.0,0.0238916830380362,-0.0,-0.0,0.0,0.0582871056069145,0.12014028382407893,0.0,0.2146395355780842,0.12014028382407893,0.0,0.0,0.0,-0.0,0.0,0.0,0.0,0.0,-0.0,0.0,-0.0,-0.0,0.0,0.0,-0.0,-0.0,0.0,0.0,-0.0,0.0,0.0,0.0,0.0,0.0,-0.0,-0.0,-0.0,-0.0,0.0,0.0,0.0,0.0017909205605311936,0.0,0.0,0.0,-0.0,0.0,-0.0,-0.0,0.0,0.007275017485082017,0.0,0.0,-0.0,0.0,0.0,0.0,0.0,0.0394929520618738,0.0020785764243091477,0.0,0.0,-0.0,0.0,0.0010392882121545738,0.0015589323182318606,-0.08257204574775685,0.00021311381269928273,0.04199536694327772,0.04199536694327772,0.0,0.0,0.0,0.24672272106254148,0.2146395355780842,0.0,0.001343190420398395,4.778336607607236e-6,-0.2146395355780842,2.971215337278873,0.0,0.0,-0.0,-0.0,-0.0,-0.0,-0.0,0.0,0.0,0.02360689417622279,-0.0,0.0,0.0,0.0,0.0,0.04721378835244558,0.0,0.0,-0.42843091640833314,0.0,0.0,0.0,0.0,0.0,0.0,0.0,-0.0,0.0,0.0,0.0,0.0,0.0,0.0,0.0,-0.0,0.0,0.06250303199580645,0.0,0.06250303199580645,0.0,0.0,0.0,0.0,0.0,0.0,0.13029998311918095,0.0,-0.0,-0.431352869243885,0.0,-0.0,-0.0,-0.0,0.0,0.0,0.0,0.0,0.0,0.0,0.0,0.0,0.0,0.0,-0.0,-0.0,-0.0,2.8192185984791523e-5,0.0,0.18116967681010682,0.431352869243885,0.0013044858938767757,0.0,0.0,0.0,0.0,0.0,0.0,0.0,0.0,0.0,0.0,0.0,-1.3201550152804262,-0.0,0.0,-0.0,0.0,0.0,0.0,0.0,0.1514125855862328,0.0,-0.0,0.0,0.0,0.0,0.0,-0.0,-0.0,0.0,8.39,-0.0,0.03208318548445726,0.0,37.03840483689062,0.0,0.0,0.0,-0.0,-0.0,-0.0,0.0582871056069145,-0.0,0.0,0.0,0.0,0.0,0.0,0.0,0.0,0.0,0.0,0.0,-0.0,0.0,-0.0,0.0,0.0,3.442956618864898,0.0022634980510235474,0.0,4.682769875455091e-5,0.0,-0.0022634980510235474,0.000254207507524705,0.0,1.337934250130026e-5,6.68967125065013e-6,0.0,0.0,0.0,0.0,1.0034506875975194e-5,0.0,0.0011317490255117737,0.0022634980510235474,0.0,0.0,0.0,0.0,0.0,0.0,-0.0,0.0,0.0,-11.516121291819845,-11.106002872626497,0.0,-0.0,0.0,0.0,0.0,0.0,0.001508998700682365,0.0,0.0,0.0004477301401327984,0.0,0.0,0.0,0.0,-0.0,0.09339832299961254,0.0,0.0,0.0,0.0,0.0,0.0,0.0,0.0,0.14879931329553236,0.17240620747175517,-0.0,0.0,0.0,0.0,0.0,0.0,0.0,0.006632809045019604,0.0,0.0,0.0,0.0,0.0,0.0,0.03600667767296357,0.0018950882985770297,0.0009475441492885149,0.0,0.0,0.0014213162239327722,0.0,0.001508998700682365,9.556673215214472e-6,0.0,0.0,0.001508998700682365,-0.0,-0.0,0.0,0.0,0.0,0.0,0.0,0.0,-0.0,-0.0,-0.0,0.0,0.0,0.00021311381269928273,0.0,0.0238916830380362,0.0238916830380362,0.0,0.0,0.0,0.1514125855862328,0.0,0.0,0.0,2.8192185984791523e-5,0.0,0.0,0.0,0.0,-0.0,-0.0,0.0,0.0,0.0,-0.0,0.23467701230843183,0.041744026437717574,-0.0,-0.0,0.0,0.0,-0.0,-0.0,0.0,0.0,0.17240620747175517,0.17240620747175517,0.012489138391303034,0.0,-0.0,0.0,0.0,0.0,0.03638082142933923,0.0238916830380362,0.0,0.0,-0.0,0.0238916830380362,0.0,0.18116967681010682,0.0,0.0,-0.18116967681010682,0.0,0.0,0.0,4.778336607607236e-6,0.0238916830380362,0.0,0.00021311381269928273,-0.0,-0.0,0.1514125855862328,0.1514125855862328,0.0,0.0582871056069145,0.09830089635901759,0.0,0.0,0.0,0.09830089635901759,-0.0,0.0,0.0,0.007275017485082016,0.0,0.0,0.0,0.0960622456583536,0.0,0.050041607956827536,0.0,0.0,0.007275017485082016,0.003344835625325065,0.0,-0.0,0.0,0.08106448054805676,0.0,0.007275017485082016,0.0,0.0,0.0020785764243091477,0.0,0.0031178646364637213,0.0,0.0,0.0,0.0,0.0,0.0,0.1055759138440996,0.0,0.1055759138440996,0.0,-0.0,0.0,-0.0,-0.0,0.1055759138440996,0.0,0.0,-0.0,0.0,-0.0,0.0,0.0,0.0,-0.0,-0.0,0.0,-0.0,0.0,0.0004477301401327984,0.0,0.0004477301401327984,0.0,0.0,0.0,0.0,23.294230178828865,0.0,7.1505721604454004,0.0,0.0,0.0,0.0,0.0,0.0,-0.0,-0.0,0.0,0.0,0.0,-0.0,-0.0,0.0,0.0,0.0,0.0,-0.0,0.0,-0.0,0.048274817996164676,-0.0,-0.0,0.0,0.0,0.0,0.0,0.0,0.0,0.0,0.0,0.0,0.0,0.0,0.0,0.0,0.0,-0.0022634980510235474,-0.0,-0.0,0.0,0.0,0.0,0.0,0.0,0.0,-0.0,0.0,0.0,0.0,0.0,-0.0,0.0,0.0,0.0,0.0,0.0,-0.0,-0.0,-0.0022634980510235474,-0.0,11.516121291819845,-0.0,-0.001508998700682365,0.0,-0.0,0.0,-0.0,0.0,0.0,0.0,0.0,0.0,-0.0,0.0,-0.001508998700682365,0.0,0.0,0.0,0.0,0.0,0.0,0.0,0.0,0.0,0.0,0.0,0.0,0.0,0.0,0.0,0.0,0.0,0.0,0.0,0.0,-0.0,-0.0,-0.0,0.0,0.0,0.0,0.0,0.0,0.0,0.0,0.0,0.0,0.0,-0.0,0.0,0.0,0.0,0.0,0.0,0.0,-0.0,0.0,0.0,0.0,0.0,0.0,-0.0,0.0,0.0,0.0,0.0,0.0,-0.0,-0.0,-0.0,0.0,0.0,0.0,0.0,0.0,0.0,-0.0,-0.0,-0.0,-0.0,-0.0,-0.0037724967517059125,0.0,-0.0,-0.0,-0.0,-0.0,-0.0,-0.0035020428997153434,0.0,0.0,-0.0,-0.001508998700682365,-0.0,-0.0,-0.001508998700682365,-0.0,-0.0,0.0,0.0,0.0,-0.0,-0.0,-0.0,0.0,0.0,-0.0,0.0,-0.0,0.0,-5.2657912102105096,-0.0,-0.0,-0.0,-0.0,-0.0,0.0,-0.0,-0.0,-0.0,-0.0,-11.647115089414433,-0.0,-0.0,-0.0,-0.0,-0.0,-0.0,-0.0,-0.0,-0.0,-0.0,-0.0,-0.0,-0.0,-0.0,-0.0,-0.0,-0.0,-0.0,-0.0,-0.0,-0.0,-0.0,0.0,-0.0,-0.4237541194536116,-0.0,-0.0,-0.0,-0.0,-0.0,-0.0,-0.0,-0.0,-0.0,-0.0,-0.001508998700682365,-0.0,-0.0,-0.0,-0.0,0.0,-0.0,-0.0,-0.0,-0.0,0.0,0.0,0.0,-0.0,-0.0,-0.0,0.0,0.0,0.0,-0.0,-0.0,-0.0,-0.0,0.0,0.0,0.0,-0.0,-0.0,0.0,0.0,0.0,0.0,-0.0,0.0,-0.0,-0.0,0.0,-0.0582871056069145,0.0,0.0,0.0,0.0,0.0,0.0,-0.0,-0.0,0.0,-0.0,0.0,-0.0,0.0,0.0,-0.0,-0.0,-0.0,-0.0,0.0,-5.0,0.0,-0.0,-0.0,0.0,-0.0,0.0,-0.0,-0.0,-0.0,-0.0,-0.0,0.0,0.0,0.0,0.0,0.0,-0.0,-0.0,-0.0,0.0,-0.0,0.0,-0.0,-0.0,-0.0,-0.0,0.0,0.0,0.0,-0.0,-0.0,-0.0,-0.0,0.0,4.1296449810713804,-0.0,-0.0,-0.0,0.0,0.0,0.0,-0.0,0.0,-0.0,0.0,0.0,0.0,-0.0,-0.0,-0.0,0.0,0.41011841919334674,0.0,0.0035020428997153434,0.0035020428997153434,0.0,0.0,-0.0,0.0,0.0,0.0,0.0,0.0,0.0,0.0,0.0,-0.0,-0.0,0.01164098364345275,-0.0,0.0,0.0,0.0,0.0,-0.0,0.0,0.0008524552507971309,0.0,0.0,-0.0,0.0,0.0,0.0,0.0,0.007275017485082017,-0.0,-0.0,0.0,0.0,-0.0,0.0394929520618738,0.0020785764243091477,0.0,-0.0,0.0,0.0,0.0,0.0010392882121545738,0.0015589323182318606,0.0,-0.0,0.0,0.0,-0.0,0.0,0.0,0.0,-0.0,0.0,-0.06171006703577403,0.0,0.0,0.0,0.0,0.0,0.0,0.0,4.778336607607236e-6,0.0,0.0,0.0,-0.0,0.0,0.0,0.0,0.0,0.0,0.41011841919334674,-0.0,0.41011841919334674,19.70653201011561,0.0,0.0,0.0,0.0,-0.0,0.0,0.12278939363934391,0.12278939363934391,0.0,0.0,0.0,0.0,0.0,1.1712327784986236,0.0,0.0,0.38286756552016266,0.0,0.0,24.689182285019108,0.0,0.0,0.0,3.3684967551758604,0.0,0.0,0.0,0.0,0.048109248632711175,-0.0,0.0,0.0,4.050891960221163,0.0,0.0,0.0,0.0,0.0,8.369635969704804,0.2146395355780842,0.0,0.0,0.0,0.0,0.0,0.0,0.0004477301401327984,0.0,0.0,0.0,0.0,0.0,0.014417675046133316,0.0,0.0,0.0,0.048109248632711175,0.0,0.0,0.0,0.0,0.9308935575456392,0.12658243723846255,0.0,0.0,0.0,0.0,0.0,-0.0,0.0,0.0,0.0,0.0,0.0,-0.0,0.0,0.0,