{"objective_value":3.3333333333333334e-8,"dual_bounds":[4.536585911792125e-8,5.552147924848325e-8,2.3038592591242594e-8,2.3529405691809473e-8,2.826086956521739e-8,7.203527160985309e-9,4.9695507367914904e-8,1.0885605326254237e-8,1.818181818181818e-8,1.9999993128294623e-8,6.375773714885204e-8,0.0,3.720167583650069e-8,0.0,1.0e-7,3.3333333333333334e-8,7.468813584996086e-8,3.3333333333333334e-8,2.2727272727272725e-8,3.3333333333333334e-8,3.3470390965324e-8,3.3333333333333334e-8,1.5e-8,3.3333333333333334e-8,4.388350544452022e-8,3.3333333333333334e-8,4.9202993332688974e-8,3.3333333333333334e-8,7.640921304002072e-8,3.3333333333333334e-8,6.784915041773128e-8,3.3333333333333334e-8,1.707317073170732e-8,3.3333333333333334e-8,2.0588235294117647e-8,3.3333333333333334e-8,1.0e-7,3.3333333333333334e-8,3.7639666732030494e-8,3.3333333333333334e-8,3.6956522910326304e-8,3.3333333333333334e-8,4.9999999363730976e-8,3.3333333333333334e-8,5.11627911285353e-8,3.3333333333333334e-8,7.280796509276838e-8,3.3333333333333334e-8,1.5e-8,3.3333333333333334e-8,1.8604651162790698e-8,3.3333333333333334e-8,2.978723331152069e-8,3.3333333333333334e-8,3.845781509430851e-8,3.427434684356357e-8,6.58584176991163e-8,3.3333333333333334e-8,1.6666666666666664e-8,2.691571642261582e-8,5.0e-8,2.5e-8,4.6549391853772925e-8,3.3333333333333334e-8,3.5407097808544255e-8,3.3333333333333334e-8,4.931473296749403e-8,4.627860624077475e-8,4.482758620689654e-8,3.3333333333333334e-8,6.00541567980105e-8,3.3333333333333334e-8,6.060502646877971e-8,3.3333333333333334e-8,5.7071222590009184e-8,3.3333333333333334e-8,5.063882344210915e-8,3.3333333333333334e-8,1.3636363636363636e-8,3.3333333333333334e-8,1.0e-7,3.3333333333333334e-8,4.394253793165173e-8,3.3333333333333334e-8,3.6327149305569104e-8,9.324992514791632e-9,5.0e-8,3.3333333333333334e-8,3.53324351872885e-8,3.3333333333333334e-8,4.7619047619047613e-8,3.3333333333333334e-8,4.419907875940048e-8,3.3333333333333334e-8,4.127075657765421e-8,3.3333333333333334e-8,5.886578705602705e-8,3.3333333333333334e-8,2.4072815567295744e-8,3.3333333333333334e-8,6.514806299653084e-8,3.3333333333333334e-8,2.574538764273022e-8,3.3333333333333334e-8,5.568181603441024e-8,3.3333333333333334e-8,5.079746954474853e-8,3.3333333333333334e-8,6.231529644808079e-8,3.3333333333333334e-8,4.166666666666666e-8,3.3333333333333334e-8,2.3076923076923076e-8,3.3333333333333334e-8,4.807692307692308e-9,3.3333333333333334e-8,3.698939894375207e-8,3.3333333333333334e-8,6.521260620574231e-8,3.3333333333333334e-8,5.604640548200515e-8,3.3333333333333334e-8,7.273663382775919e-8,3.3333333333333334e-8,3.952835034088186e-8,3.3333333333333334e-8,5.727456552920093e-8,3.3333333333333334e-8,5.2828105893287126e-8,3.3333333333333334e-8,1.0e-7,3.3333333333333334e-8,4.584756505662641e-8,3.3333333333333334e-8,4.5303933057568285e-8,3.3333333333333334e-8,3.3333333333333334e-8,3.3333333333333334e-8,5.0e-8,3.3333333333333334e-8,1.0e-7,3.3333333333333334e-8,2.6315789473684208e-8,3.3333333333333334e-8],"time_limit":1800,"iter":144,"thermo_feasible":false,"objective_values":[4.536585911792125e-8,5.552147924848325e-8,2.3038592591242594e-8,2.3529405691809473e-8,2.826086956521739e-8,7.203527160985309e-9,4.9695507367914904e-8,1.0885605326254237e-8,1.818181818181818e-8,1.9999993128294623e-8,6.375773714885204e-8,0.0,3.720167583650069e-8,0.0,1.0e-7,3.3333333333333334e-8,7.468813584996086e-8,3.3333333333333334e-8,2.2727272727272725e-8,3.3333333333333334e-8,3.3470390965324e-8,3.3333333333333334e-8,1.5e-8,3.3333333333333334e-8,4.388350544452022e-8,3.3333333333333334e-8,4.9202993332688974e-8,3.3333333333333334e-8,7.640921304002072e-8,3.3333333333333334e-8,6.784915041773128e-8,3.3333333333333334e-8,1.707317073170732e-8,3.3333333333333334e-8,2.0588235294117647e-8,3.3333333333333334e-8,1.0e-7,3.3333333333333334e-8,3.7639666732030494e-8,3.3333333333333334e-8,3.6956522910326304e-8,3.3333333333333334e-8,4.9999999363730976e-8,3.3333333333333334e-8,5.11627911285353e-8,3.3333333333333334e-8,7.280796509276838e-8,3.3333333333333334e-8,1.5e-8,3.3333333333333334e-8,1.8604651162790698e-8,3.3333333333333334e-8,2.978723331152069e-8,3.3333333333333334e-8,3.845781509430851e-8,3.427434684356357e-8,6.58584176991163e-8,3.3333333333333334e-8,1.6666666666666664e-8,2.691571642261582e-8,5.0e-8,2.5e-8,4.6549391853772925e-8,3.3333333333333334e-8,3.5407097808544255e-8,3.3333333333333334e-8,4.931473296749403e-8,4.627860624077475e-8,4.482758620689654e-8,3.3333333333333334e-8,6.00541567980105e-8,3.3333333333333334e-8,6.060502646877971e-8,3.3333333333333334e-8,5.7071222590009184e-8,3.3333333333333334e-8,5.063882344210915e-8,3.3333333333333334e-8,1.3636363636363636e-8,3.3333333333333334e-8,1.0e-7,3.3333333333333334e-8,4.394253793165173e-8,3.3333333333333334e-8,3.6327149305569104e-8,9.324992514791632e-9,5.0e-8,3.3333333333333334e-8,3.53324351872885e-8,3.3333333333333334e-8,4.7619047619047613e-8,3.3333333333333334e-8,4.419907875940048e-8,3.3333333333333334e-8,4.127075657765421e-8,3.3333333333333334e-8,5.886578705602705e-8,3.3333333333333334e-8,2.4072815567295744e-8,3.3333333333333334e-8,6.514806299653084e-8,3.3333333333333334e-8,2.574538764273022e-8,3.3333333333333334e-8,5.568181603441024e-8,3.3333333333333334e-8,5.079746954474853e-8,3.3333333333333334e-8,6.231529644808079e-8,3.3333333333333334e-8,4.166666666666666e-8,3.3333333333333334e-8,2.3076923076923076e-8,3.3333333333333334e-8,4.807692307692308e-9,3.3333333333333334e-8,3.698939894375207e-8,3.3333333333333334e-8,6.521260620574231e-8,3.3333333333333334e-8,5.604640548200515e-8,3.3333333333333334e-8,7.273663382775919e-8,3.3333333333333334e-8,3.952835034088186e-8,3.3333333333333334e-8,5.727456552920093e-8,3.3333333333333334e-8,5.2828105893287126e-8,3.3333333333333334e-8,1.0e-7,3.3333333333333334e-8,4.584756505662641e-8,3.3333333333333334e-8,4.5303933057568285e-8,3.3333333333333334e-8,3.3333333333333334e-8,3.3333333333333334e-8,5.0e-8,3.3333333333333334e-8,1.0e-7,3.3333333333333334e-8,2.6315789473684208e-8,3.3333333333333334e-8],